09-13-2026 00:26:57 RAM 3096/7620MB (lfb 7x4MB) SWAP 908/12002MB (cached 10MB) CPU [21%@1728,82%@1728,12%@1728,13%@1728,12%@729,12%@729] GR3D_FREQ 0% cpu@50.312C soc2@48.468C soc0@48.937C gpu@49.375C tj@50.312C soc1@49.656C VDD_IN 5842mW/5842mW VDD_CPU_GPU_CV 1626mW/1626mW VDD_SOC 1470mW/1470mW
09-13-2026 00:26:58 RAM 3141/7620MB (lfb 7x4MB) SWAP 908/12002MB (cached 10MB) CPU [5%@1728,90%@1728,0%@1728,0%@1728,0%@729,0%@729] GR3D_FREQ 0% cpu@50.5C soc2@48.531C soc0@49.031C gpu@49.312C tj@50.375C soc1@49.656C VDD_IN 5723mW/5783mW VDD_CPU_GPU_CV 1468mW/1547mW VDD_SOC 1470mW/1470mW
09-13-2026 00:26:58 RAM 3164/7620MB (lfb 7x4MB) SWAP 908/12002MB (cached 10MB) CPU [50%@1728,38%@1728,0%@1728,0%@1728,0%@729,0%@729] GR3D_FREQ 0% cpu@50.843C soc2@48.593C soc0@49.125C gpu@49.562C tj@50.843C soc1@49.625C VDD_IN 5643mW/5736mW VDD_CPU_GPU_CV 1391mW/1495mW VDD_SOC 1470mW/1470mW
09-13-2026 00:26:59 RAM 3174/7620MB (lfb 7x4MB) SWAP 908/12002MB (cached 10MB) CPU [10%@1728,88%@1728,0%@1728,0%@1728,0%@729,0%@729] GR3D_FREQ 0% cpu@50.437C soc2@48.468C soc0@49.031C gpu@49.562C tj@50.437C soc1@49.625C VDD_IN 5723mW/5733mW VDD_CPU_GPU_CV 1428mW/1478mW VDD_SOC 1470mW/1470mW
09-13-2026 00:26:59 RAM 3193/7620MB (lfb 7x4MB) SWAP 907/12002MB (cached 10MB) CPU [3%@1728,93%@1728,0%@1728,0%@1728,3%@729,0%@729] GR3D_FREQ 0% cpu@50.5C soc2@48.468C soc0@49.093C gpu@49.687C tj@50.5C soc1@49.75C VDD_IN 5683mW/5723mW VDD_CPU_GPU_CV 1430mW/1469mW VDD_SOC 1470mW/1470mW
09-13-2026 00:27:00 RAM 3203/7620MB (lfb 7x4MB) SWAP 907/12002MB (cached 10MB) CPU [2%@1728,84%@1728,0%@1728,0%@1728,0%@729,0%@729] GR3D_FREQ 0% cpu@50.437C soc2@48.593C soc0@49.031C gpu@49.5C tj@50.437C soc1@49.718C VDD_IN 5603mW/5703mW VDD_CPU_GPU_CV 1311mW/1442mW VDD_SOC 1510mW/1477mW
09-13-2026 00:27:00 RAM 3223/7620MB (lfb 7x4MB) SWAP 907/12002MB (cached 10MB) CPU [2%@1728,92%@1728,0%@1728,0%@1728,0%@729,0%@729] GR3D_FREQ 0% cpu@50.437C soc2@48.593C soc0@49.031C gpu@49.406C tj@50.437C soc1@49.687C VDD_IN 5683mW/5700mW VDD_CPU_GPU_CV 1388mW/1435mW VDD_SOC 1470mW/1476mW
09-13-2026 00:27:01 RAM 3254/7620MB (lfb 7x4MB) SWAP 907/12002MB (cached 10MB) CPU [3%@1728,48%@1728,42%@1728,0%@1728,0%@729,0%@729] GR3D_FREQ 0% cpu@50.937C soc2@48.531C soc0@49.187C gpu@49.375C tj@50.937C soc1@49.625C VDD_IN 5683mW/5698mW VDD_CPU_GPU_CV 1388mW/1429mW VDD_SOC 1470mW/1475mW
09-13-2026 00:27:01 RAM 3261/7620MB (lfb 7x4MB) SWAP 907/12002MB (cached 10MB) CPU [4%@729,0%@729,76%@729,0%@729,0%@729,0%@729] GR3D_FREQ 0% cpu@50.718C soc2@48.5C soc0@49.093C gpu@49.531C tj@50.718C soc1@49.687C VDD_IN 5524mW/5679mW VDD_CPU_GPU_CV 1309mW/1415mW VDD_SOC 1470mW/1474mW
09-13-2026 00:27:02 RAM 3269/7620MB (lfb 7x4MB) SWAP 907/12002MB (cached 10MB) CPU [55%@1728,36%@1728,0%@1728,0%@1728,0%@729,0%@729] GR3D_FREQ 0% cpu@50.906C soc2@48.687C soc0@49.093C gpu@49.406C tj@50.906C soc1@49.75C VDD_IN 5643mW/5675mW VDD_CPU_GPU_CV 1428mW/1417mW VDD_SOC 1470mW/1474mW
09-13-2026 00:27:02 RAM 3264/7620MB (lfb 7x4MB) SWAP 907/12002MB (cached 10MB) CPU [19%@1728,70%@1728,0%@1728,1%@1728,0%@729,0%@729] GR3D_FREQ 0% cpu@50.406C soc2@48.625C soc0@49.093C gpu@49.75C tj@50.406C soc1@49.718C VDD_IN 5643mW/5672mW VDD_CPU_GPU_CV 1388mW/1414mW VDD_SOC 1470mW/1474mW
09-13-2026 00:27:03 RAM 3278/7620MB (lfb 7x4MB) SWAP 907/12002MB (cached 10MB) CPU [1%@1728,98%@1728,1%@1728,0%@1728,0%@729,0%@729] GR3D_FREQ 0% cpu@50.468C soc2@48.562C soc0@49.281C gpu@49.468C tj@50.468C soc1@49.687C VDD_IN 5723mW/5676mW VDD_CPU_GPU_CV 1388mW/1412mW VDD_SOC 1510mW/1477mW
09-13-2026 00:27:03 RAM 3307/7620MB (lfb 7x4MB) SWAP 907/12002MB (cached 10MB) CPU [0%@1728,57%@1728,0%@1728,46%@1728,37%@1728,0%@1728] GR3D_FREQ 0% cpu@50.906C soc2@48.562C soc0@49.218C gpu@49.75C tj@50.906C soc1@49.687C VDD_IN 5961mW/5698mW VDD_CPU_GPU_CV 1626mW/1428mW VDD_SOC 1510mW/1479mW
09-13-2026 00:27:04 RAM 3450/7620MB (lfb 3x4MB) SWAP 907/12002MB (cached 10MB) CPU [14%@1728,12%@1728,10%@1728,100%@1728,98%@1728,15%@1728] GR3D_FREQ 0% cpu@51.25C soc2@48.625C soc0@49.156C gpu@49.625C tj@51.25C soc1@49.718C VDD_IN 6478mW/5754mW VDD_CPU_GPU_CV 1984mW/1468mW VDD_SOC 1547mW/1484mW
09-13-2026 00:27:04 RAM 3504/7620MB (lfb 2x2MB) SWAP 907/12002MB (cached 10MB) CPU [12%@1728,15%@1728,14%@1728,100%@1728,100%@1728,15%@1728] GR3D_FREQ 0% cpu@51.062C soc2@48.718C soc0@49.125C gpu@49.593C tj@51.062C soc1@49.937C VDD_IN 6597mW/5810mW VDD_CPU_GPU_CV 2099mW/1510mW VDD_SOC 1547mW/1488mW
09-13-2026 00:27:05 RAM 3521/7620MB (lfb 2x2MB) SWAP 907/12002MB (cached 10MB) CPU [2%@1728,0%@1728,0%@1728,100%@1728,58%@1728,28%@1728] GR3D_FREQ 0% cpu@51.093C soc2@48.781C soc0@49.218C gpu@49.687C tj@50.906C soc1@49.781C VDD_IN 6478mW/5852mW VDD_CPU_GPU_CV 2063mW/1545mW VDD_SOC 1507mW/1489mW
09-13-2026 00:27:05 RAM 3549/7620MB (lfb 2x2MB) SWAP 907/12002MB (cached 10MB) CPU [5%@1728,0%@1728,1%@1728,100%@1728,0%@960,71%@960] GR3D_FREQ 0% cpu@51.125C soc2@48.781C soc0@49.343C gpu@49.656C tj@51.125C soc1@49.812C VDD_IN 6359mW/5882mW VDD_CPU_GPU_CV 1944mW/1568mW VDD_SOC 1507mW/1490mW
09-13-2026 00:27:06 RAM 3590/7620MB (lfb 2x2MB) SWAP 907/12002MB (cached 10MB) CPU [3%@1728,0%@1728,0%@1728,100%@1728,1%@1267,80%@1267] GR3D_FREQ 0% cpu@50.968C soc2@48.781C soc0@49.343C gpu@49.531C tj@50.968C soc1@49.781C VDD_IN 6319mW/5906mW VDD_CPU_GPU_CV 1864mW/1585mW VDD_SOC 1550mW/1494mW
09-13-2026 00:27:06 RAM 3625/7620MB (lfb 2x2MB) SWAP 907/12002MB (cached 10MB) CPU [1%@1728,2%@1728,0%@1728,100%@1728,0%@1728,88%@1728] GR3D_FREQ 0% cpu@51.031C soc2@48.75C soc0@49.281C gpu@49.687C tj@51.031C soc1@49.968C VDD_IN 6518mW/5938mW VDD_CPU_GPU_CV 1904mW/1601mW VDD_SOC 1587mW/1499mW
09-13-2026 00:27:07 RAM 3671/7620MB (lfb 2x2MB) SWAP 907/12002MB (cached 10MB) CPU [5%@1728,3%@1728,1%@1728,31%@1728,1%@1728,92%@1728] GR3D_FREQ 0% cpu@50.687C soc2@48.625C soc0@49.218C gpu@49.593C tj@50.687C soc1@49.937C VDD_IN 6080mW/5945mW VDD_CPU_GPU_CV 1626mW/1603mW VDD_SOC 1510mW/1499mW
09-13-2026 00:27:07 RAM 3691/7620MB (lfb 2x2MB) SWAP 907/12002MB (cached 10MB) CPU [3%@729,0%@729,0%@729,0%@729,0%@1728,91%@1728] GR3D_FREQ 0% cpu@50.562C soc2@48.718C soc0@49.25C gpu@49.593C tj@50.562C soc1@49.937C VDD_IN 5842mW/5940mW VDD_CPU_GPU_CV 1507mW/1598mW VDD_SOC 1510mW/1500mW
09-13-2026 00:27:08 RAM 3704/7620MB (lfb 2x2MB) SWAP 907/12002MB (cached 10MB) CPU [0%@1728,0%@1728,0%@1728,0%@1728,0%@1728,92%@1728] GR3D_FREQ 0% cpu@50.531C soc2@48.75C soc0@49.25C gpu@49.593C tj@50.531C soc1@49.812C VDD_IN 5802mW/5934mW VDD_CPU_GPU_CV 1349mW/1587mW VDD_SOC 1510mW/1500mW
09-13-2026 00:27:08 RAM 3738/7620MB (lfb 76x1MB) SWAP 907/12002MB (cached 10MB) CPU [7%@1728,18%@1728,2%@1728,2%@1728,3%@1190,61%@1190] GR3D_FREQ 0% cpu@50.75C soc2@48.687C soc0@49.406C gpu@49.812C tj@50.75C soc1@49.75C VDD_IN 5603mW/5920mW VDD_CPU_GPU_CV 1232mW/1571mW VDD_SOC 1510mW/1501mW
09-13-2026 00:27:09 RAM 3756/7620MB (lfb 76x1MB) SWAP 907/12002MB (cached 10MB) CPU [13%@1728,82%@1728,11%@1728,10%@1728,11%@729,11%@729] GR3D_FREQ 0% cpu@50.781C soc2@48.718C soc0@49.343C gpu@49.562C tj@50.781C soc1@49.843C VDD_IN 5683mW/5910mW VDD_CPU_GPU_CV 1388mW/1564mW VDD_SOC 1470mW/1499mW
09-13-2026 00:27:09 RAM 3770/7620MB (lfb 2x2MB) SWAP 907/12002MB (cached 10MB) CPU [6%@1267,76%@1267,0%@1267,0%@1267,0%@729,0%@729] GR3D_FREQ 0% cpu@50.562C soc2@48.781C soc0@49.25C gpu@49.781C tj@50.562C soc1@50.031C VDD_IN 5564mW/5896mW VDD_CPU_GPU_CV 1309mW/1554mW VDD_SOC 1470mW/1498mW
09-13-2026 00:27:10 RAM 3792/7620MB (lfb 1x2MB) SWAP 907/12002MB (cached 10MB) CPU [4%@1728,86%@1728,0%@1728,0%@1728,0%@729,0%@729] GR3D_FREQ 0% cpu@50.562C soc2@48.906C soc0@49.281C gpu@49.781C tj@50.562C soc1@49.968C VDD_IN 5603mW/5885mW VDD_CPU_GPU_CV 1349mW/1546mW VDD_SOC 1470mW/1497mW
09-13-2026 00:27:10 RAM 3799/7620MB (lfb 1x2MB) SWAP 907/12002MB (cached 10MB) CPU [0%@1728,95%@1728,0%@1728,0%@1728,0%@729,0%@729] GR3D_FREQ 0% cpu@50.812C soc2@48.906C soc0@49.312C gpu@49.656C tj@50.75C soc1@49.906C VDD_IN 5643mW/5876mW VDD_CPU_GPU_CV 1428mW/1541mW VDD_SOC 1470mW/1496mW
09-13-2026 00:27:11 RAM 3863/7620MB (lfb 77x1MB) SWAP 907/12002MB (cached 10MB) CPU [15%@1728,94%@1728,15%@1728,15%@1728,2%@729,0%@729] GR3D_FREQ 0% cpu@51.187C soc2@48.906C soc0@49.437C gpu@49.75C tj@51.187C soc1@49.906C VDD_IN 5921mW/5877mW VDD_CPU_GPU_CV 1626mW/1544mW VDD_SOC 1470mW/1495mW
09-13-2026 00:27:11 RAM 3873/7620MB (lfb 77x1MB) SWAP 907/12002MB (cached 10MB) CPU [11%@1574,88%@1728,6%@1728,11%@1728,10%@729,9%@729] GR3D_FREQ 28% cpu@50.843C soc2@48.875C soc0@49.406C gpu@49.718C tj@50.843C soc1@50C VDD_IN 6041mW/5883mW VDD_CPU_GPU_CV 1626mW/1547mW VDD_SOC 1550mW/1497mW
09-13-2026 00:27:12 RAM 4066/7620MB (lfb 77x1MB) SWAP 907/12002MB (cached 10MB) CPU [12%@1728,46%@1728,45%@1728,33%@1728,11%@729,26%@729] GR3D_FREQ 8% cpu@50.75C soc2@48.718C soc0@49.406C gpu@49.812C tj@50.75C soc1@49.906C VDD_IN 5921mW/5884mW VDD_CPU_GPU_CV 1309mW/1539mW VDD_SOC 1629mW/1501mW
09-13-2026 00:27:12 RAM 4089/7620MB (lfb 77x1MB) SWAP 907/12002MB (cached 10MB) CPU [3%@1728,7%@1728,90%@1728,0%@1728,11%@729,8%@729] GR3D_FREQ 0% cpu@50.812C soc2@48.812C soc0@49.312C gpu@49.718C tj@50.812C soc1@50.125C VDD_IN 5842mW/5883mW VDD_CPU_GPU_CV 1190mW/1528mW VDD_SOC 1589mW/1504mW
09-13-2026 00:27:13 RAM 4226/7620MB (lfb 64x1MB) SWAP 907/12002MB (cached 10MB) CPU [6%@729,26%@729,54%@729,12%@729,18%@729,41%@729] GR3D_FREQ 36% cpu@50.5C soc2@48.906C soc0@49.375C gpu@49.75C tj@50.5C soc1@50.062C VDD_IN 5882mW/5883mW VDD_CPU_GPU_CV 1230mW/1519mW VDD_SOC 1629mW/1508mW
09-13-2026 00:27:13 RAM 4421/7620MB (lfb 64x1MB) SWAP 907/12002MB (cached 10MB) CPU [11%@1728,26%@1728,29%@1728,36%@1728,36%@1113,52%@1113] GR3D_FREQ 0% cpu@50.375C soc2@48.843C soc0@49.312C gpu@49.75C tj@50.375C soc1@50.031C VDD_IN 5762mW/5879mW VDD_CPU_GPU_CV 1111mW/1506mW VDD_SOC 1629mW/1512mW
09-13-2026 00:27:14 RAM 4465/7620MB (lfb 42x1MB) SWAP 907/12002MB (cached 10MB) CPU [1%@729,2%@1728,0%@1728,4%@1728,96%@1728,1%@1728] GR3D_FREQ 0% cpu@50.875C soc2@48.781C soc0@49.5C gpu@49.75C tj@50.875C soc1@50C VDD_IN 5762mW/5876mW VDD_CPU_GPU_CV 1150mW/1496mW VDD_SOC 1589mW/1514mW
09-13-2026 00:27:14 RAM 4479/7620MB (lfb 23x1MB) SWAP 907/12002MB (cached 10MB) CPU [44%@1728,36%@1728,22%@1728,60%@1728,19%@729,44%@729] GR3D_FREQ 75% cpu@50.937C soc2@48.875C soc0@49.5C gpu@49.75C tj@50.937C soc1@50C VDD_IN 6001mW/5879mW VDD_CPU_GPU_CV 1269mW/1489mW VDD_SOC 1629mW/1517mW
09-13-2026 00:27:15 RAM 4515/7620MB (lfb 16x1MB) SWAP 907/12002MB (cached 10MB) CPU [23%@1728,0%@1728,22%@1728,70%@1728,20%@729,23%@729] GR3D_FREQ 0% cpu@50.875C soc2@48.812C soc0@49.5C gpu@49.75C tj@50.875C soc1@50.031C VDD_IN 5842mW/5878mW VDD_CPU_GPU_CV 1190mW/1481mW VDD_SOC 1629mW/1520mW
09-13-2026 00:27:15 RAM 4573/7620MB (lfb 215x512kB) SWAP 907/12002MB (cached 10MB) CPU [18%@1728,5%@1728,13%@1728,80%@1728,16%@1728,17%@1728] GR3D_FREQ 57% cpu@50.968C soc2@48.843C soc0@49.437C gpu@49.843C tj@50.968C soc1@50.187C VDD_IN 6001mW/5882mW VDD_CPU_GPU_CV 1309mW/1476mW VDD_SOC 1629mW/1523mW
09-13-2026 00:27:16 RAM 4683/7620MB (lfb 210x512kB) SWAP 907/12002MB (cached 10MB) CPU [28%@729,38%@729,12%@729,66%@729,42%@729,42%@729] GR3D_FREQ 38% cpu@50.593C soc2@48.875C soc0@49.312C gpu@49.75C tj@50.593C soc1@50.156C VDD_IN 5961mW/5884mW VDD_CPU_GPU_CV 1269mW/1471mW VDD_SOC 1629mW/1526mW
09-13-2026 00:27:16 RAM 4713/7620MB (lfb 211x512kB) SWAP 907/12002MB (cached 10MB) CPU [10%@1728,9%@1728,0%@1728,88%@1728,11%@729,4%@729] GR3D_FREQ 0% cpu@51.093C soc2@48.968C soc0@49.468C gpu@49.75C tj@51.093C soc1@50.093C VDD_IN 5842mW/5883mW VDD_CPU_GPU_CV 1190mW/1464mW VDD_SOC 1589mW/1528mW
09-13-2026 00:27:17 RAM 4909/7620MB (lfb 211x512kB) SWAP 907/12002MB (cached 10MB) CPU [12%@729,23%@729,21%@729,70%@729,32%@729,41%@729] GR3D_FREQ 74% cpu@50.968C soc2@48.906C soc0@49.437C gpu@49.781C tj@50.968C soc1@50.062C VDD_IN 6001mW/5886mW VDD_CPU_GPU_CV 1309mW/1460mW VDD_SOC 1629mW/1530mW
09-13-2026 00:27:17 RAM 5107/7620MB (lfb 181x512kB) SWAP 907/12002MB (cached 10MB) CPU [12%@729,42%@729,54%@729,39%@729,41%@883,37%@883] GR3D_FREQ 33% cpu@50.812C soc2@48.906C soc0@49.562C gpu@49.781C tj@50.812C soc1@50.125C VDD_IN 6001mW/5888mW VDD_CPU_GPU_CV 1269mW/1455mW VDD_SOC 1629mW/1533mW
09-13-2026 00:27:18 RAM 5108/7620MB (lfb 181x512kB) SWAP 907/12002MB (cached 10MB) CPU [0%@1728,1%@1728,98%@1728,0%@1728,6%@729,0%@729] GR3D_FREQ 0% cpu@51.062C soc2@48.843C soc0@49.5C gpu@49.843C tj@51.062C soc1@50.093C VDD_IN 5802mW/5886mW VDD_CPU_GPU_CV 1190mW/1449mW VDD_SOC 1589mW/1534mW
09-13-2026 00:27:18 RAM 5398/7620MB (lfb 90x512kB) SWAP 907/12002MB (cached 10MB) CPU [16%@729,33%@806,64%@806,32%@806,43%@883,36%@883] GR3D_FREQ 16% cpu@50.812C soc2@48.937C soc0@49.468C gpu@49.781C tj@50.812C soc1@50.125C VDD_IN 6041mW/5890mW VDD_CPU_GPU_CV 1309mW/1446mW VDD_SOC 1629mW/1536mW
09-13-2026 00:27:19 RAM 5508/7620MB (lfb 47x512kB) SWAP 907/12002MB (cached 10MB) CPU [8%@1728,26%@1728,75%@1728,21%@1728,28%@729,26%@729] GR3D_FREQ 0% cpu@51.125C soc2@48.906C soc0@49.5C gpu@50.093C tj@51.281C soc1@50.218C VDD_IN 5882mW/5890mW VDD_CPU_GPU_CV 1190mW/1440mW VDD_SOC 1629mW/1538mW
09-13-2026 00:27:19 RAM 5544/7620MB (lfb 3x1MB) SWAP 907/12002MB (cached 10MB) CPU [13%@1728,5%@1728,89%@1728,3%@1728,0%@729,3%@729] GR3D_FREQ 10% cpu@50.812C soc2@49C soc0@49.5C gpu@49.812C tj@50.812C soc1@50.187C VDD_IN 5762mW/5887mW VDD_CPU_GPU_CV 1190mW/1434mW VDD_SOC 1589mW/1540mW
09-13-2026 00:27:20 RAM 5741/7620MB (lfb 3647x32kB) SWAP 907/12002MB (cached 10MB) CPU [15%@883,38%@883,69%@883,34%@883,50%@1190,37%@1190] GR3D_FREQ 21% cpu@50.875C soc2@48.968C soc0@49.468C gpu@49.812C tj@50.843C soc1@50.187C VDD_IN 5842mW/5886mW VDD_CPU_GPU_CV 1190mW/1429mW VDD_SOC 1629mW/1541mW
09-13-2026 00:27:20 RAM 5922/7620MB (lfb 4327x32kB) SWAP 907/12002MB (cached 10MB) CPU [6%@1728,18%@1728,78%@1728,18%@1728,34%@729,22%@729] GR3D_FREQ 0% cpu@51.093C soc2@49C soc0@49.5C gpu@49.812C tj@51.093C soc1@50.187C VDD_IN 5882mW/5886mW VDD_CPU_GPU_CV 1230mW/1425mW VDD_SOC 1629mW/1543mW
09-13-2026 00:27:21 RAM 6054/7620MB (lfb 4063x32kB) SWAP 908/12002MB (cached 10MB) CPU [18%@1497,13%@1497,92%@1497,17%@1497,16%@1728,24%@1728] GR3D_FREQ 0% cpu@51.593C soc2@49.062C soc0@49.625C gpu@49.843C tj@51.593C soc1@50.093C VDD_IN 6279mW/5894mW VDD_CPU_GPU_CV 1587mW/1428mW VDD_SOC 1629mW/1545mW
09-13-2026 00:27:21 RAM 6285/7620MB (lfb 9x128kB) SWAP 908/12002MB (cached 10MB) CPU [11%@1728,21%@1728,66%@1728,29%@1728,23%@729,32%@729] GR3D_FREQ 0% cpu@51C soc2@49.062C soc0@49.625C gpu@49.812C tj@51C soc1@50.125C VDD_IN 6001mW/5896mW VDD_CPU_GPU_CV 1388mW/1427mW VDD_SOC 1589mW/1546mW
09-13-2026 00:27:22 RAM 6292/7620MB (lfb 1x1MB) SWAP 908/12002MB (cached 10MB) CPU [1%@1728,0%@1728,0%@1728,100%@1728,10%@806,0%@806] GR3D_FREQ 4% cpu@51.093C soc2@48.968C soc0@49.593C gpu@49.843C tj@51.093C soc1@50.343C VDD_IN 5882mW/5896mW VDD_CPU_GPU_CV 1269mW/1424mW VDD_SOC 1589mW/1547mW
09-13-2026 00:27:22 RAM 6319/7620MB (lfb 51x256kB) SWAP 908/12002MB (cached 10MB) CPU [3%@1728,0%@1728,0%@1728,90%@1728,18%@729,0%@729] GR3D_FREQ 0% cpu@51C soc2@49C soc0@49.531C gpu@50.281C tj@51C soc1@50.281C VDD_IN 5842mW/5895mW VDD_CPU_GPU_CV 1428mW/1424mW VDD_SOC 1510mW/1546mW
09-13-2026 00:27:23 RAM 6329/7620MB (lfb 51x256kB) SWAP 908/12002MB (cached 10MB) CPU [0%@1728,0%@1728,0%@1728,94%@1728,0%@729,0%@729] GR3D_FREQ 0% cpu@51.093C soc2@49.031C soc0@49.531C gpu@50.156C tj@51.093C soc1@50.187C VDD_IN 5723mW/5892mW VDD_CPU_GPU_CV 1468mW/1425mW VDD_SOC 1470mW/1545mW
09-13-2026 00:27:23 RAM 6329/7620MB (lfb 55x256kB) SWAP 908/12002MB (cached 10MB) CPU [13%@1728,10%@1728,16%@1728,41%@1728,15%@729,20%@729] GR3D_FREQ 0% cpu@50.875C soc2@49C soc0@49.625C gpu@50.218C tj@50.875C soc1@50.187C VDD_IN 5365mW/5882mW VDD_CPU_GPU_CV 1112mW/1419mW VDD_SOC 1470mW/1543mW
09-13-2026 00:27:24 RAM 6338/7620MB (lfb 36x256kB) SWAP 908/12002MB (cached 10MB) CPU [12%@1728,10%@1728,7%@1728,6%@1728,10%@729,62%@729] GR3D_FREQ 0% cpu@51.312C soc2@49.031C soc0@49.687C gpu@50C tj@51.312C soc1@50.187C VDD_IN 5325mW/5871mW VDD_CPU_GPU_CV 1033mW/1412mW VDD_SOC 1470mW/1542mW
09-13-2026 00:27:24 RAM 6407/7620MB (lfb 37x256kB) SWAP 909/12002MB (cached 10MB) CPU [23%@1497,54%@1497,3%@1497,7%@1497,32%@1420,4%@1420] GR3D_FREQ 0% cpu@51.062C soc2@49.062C soc0@49.593C gpu@49.875C tj@51.062C soc1@50.187C VDD_IN 5564mW/5866mW VDD_CPU_GPU_CV 1230mW/1409mW VDD_SOC 1510mW/1541mW
09-13-2026 00:27:25 RAM 6482/7620MB (lfb 1426x32kB) SWAP 910/12002MB (cached 10MB) CPU [13%@1728,0%@1728,53%@1728,10%@1728,40%@1728,5%@1728] GR3D_FREQ 3% cpu@50.687C soc2@49.031C soc0@49.718C gpu@50.062C tj@50.906C soc1@50.343C VDD_IN 5723mW/5863mW VDD_CPU_GPU_CV 1269mW/1406mW VDD_SOC 1550mW/1542mW
09-13-2026 00:27:25 RAM 6547/7620MB (lfb 13x64kB) SWAP 910/12002MB (cached 9MB) CPU [24%@729,6%@729,3%@729,0%@729,0%@1574,78%@1574] GR3D_FREQ 10% cpu@50.875C soc2@49.125C soc0@49.562C gpu@49.875C tj@50.875C soc1@50.406C VDD_IN 5802mW/5862mW VDD_CPU_GPU_CV 1349mW/1405mW VDD_SOC 1550mW/1542mW
09-13-2026 00:27:26 RAM 6672/7620MB (lfb 9x64kB) SWAP 911/12002MB (cached 9MB) CPU [50%@1728,1%@1728,0%@1728,0%@1728,0%@1190,80%@1190] GR3D_FREQ 25% cpu@51.218C soc2@49.25C soc0@49.562C gpu@50.5C tj@50.968C soc1@50.312C VDD_IN 8121mW/5901mW VDD_CPU_GPU_CV 2847mW/1430mW VDD_SOC 1861mW/1547mW
09-13-2026 00:27:26 RAM 6780/7620MB (lfb 5x64kB) SWAP 919/12002MB (cached 9MB) CPU [46%@1728,1%@1728,2%@1728,0%@1728,0%@1728,96%@1728] GR3D_FREQ 44% cpu@51.406C soc2@49.562C soc0@49.718C gpu@51.062C tj@51.406C soc1@50.312C VDD_IN 9888mW/5969mW VDD_CPU_GPU_CV 4139mW/1476mW VDD_SOC 2013mW/1555mW
09-13-2026 00:27:27 RAM 6781/7620MB (lfb 3x1MB) SWAP 919/12002MB (cached 9MB) CPU [2%@883,1%@883,1%@883,13%@883,0%@1728,100%@1728] GR3D_FREQ 49% cpu@51.687C soc2@49.5C soc0@50C gpu@50.875C tj@51.687C soc1@50.375C VDD_IN 8834mW/6016mW VDD_CPU_GPU_CV 3474mW/1509mW VDD_SOC 1858mW/1560mW
09-13-2026 00:27:28 RAM 6782/7620MB (lfb 3x1MB) SWAP 919/12002MB (cached 9MB) CPU [3%@1728,0%@1728,0%@1728,30%@1728,0%@1728,98%@1728] GR3D_FREQ 56% cpu@51.5C soc2@49.5C soc0@49.937C gpu@51C tj@51.5C soc1@50.468C VDD_IN 8477mW/6057mW VDD_CPU_GPU_CV 3238mW/1538mW VDD_SOC 1822mW/1564mW
09-13-2026 00:27:28 RAM 6782/7620MB (lfb 3x1MB) SWAP 919/12002MB (cached 9MB) CPU [3%@1728,0%@1728,0%@1728,0%@1728,0%@1728,86%@1728] GR3D_FREQ 99% cpu@51.687C soc2@49.718C soc0@49.906C gpu@52.062C tj@52.062C soc1@50.656C VDD_IN 10819mW/6134mW VDD_CPU_GPU_CV 4683mW/1588mW VDD_SOC 2168mW/1574mW
09-13-2026 00:27:29 RAM 6788/7620MB (lfb 3x1MB) SWAP 919/12002MB (cached 9MB) CPU [10%@1267,2%@1267,3%@1267,10%@1267,5%@1728,96%@1728] GR3D_FREQ 35% cpu@51.812C soc2@49.812C soc0@50C gpu@51.406C tj@51.812C soc1@50.593C VDD_IN 10424mW/6202mW VDD_CPU_GPU_CV 4565mW/1636mW VDD_SOC 2053mW/1582mW
09-13-2026 00:27:29 RAM 6789/7620MB (lfb 3x1MB) SWAP 919/12002MB (cached 9MB) CPU [21%@729,23%@729,16%@729,13%@729,44%@1728,100%@1728] GR3D_FREQ 48% cpu@51.656C soc2@49.937C soc0@49.968C gpu@51.218C tj@51.656C soc1@50.656C VDD_IN 9294mW/6250mW VDD_CPU_GPU_CV 3863mW/1670mW VDD_SOC 1898mW/1587mW
09-13-2026 00:27:30 RAM 6789/7620MB (lfb 3x1MB) SWAP 919/12002MB (cached 9MB) CPU [0%@1728,0%@1728,0%@1728,1%@1728,1%@1728,98%@1728] GR3D_FREQ 59% cpu@51.718C soc2@49.875C soc0@50.062C gpu@51.218C tj@51.718C soc1@50.593C VDD_IN 8517mW/6285mW VDD_CPU_GPU_CV 3316mW/1696mW VDD_SOC 1819mW/1590mW
09-13-2026 00:27:30 RAM 6873/7620MB (lfb 3x512kB) SWAP 919/12002MB (cached 9MB) CPU [6%@1113,1%@1113,0%@1113,0%@1113,0%@1728,86%@1728] GR3D_FREQ 99% cpu@52.156C soc2@50.218C soc0@50.312C gpu@52.718C tj@52.718C soc1@50.656C VDD_IN 13557mW/6395mW VDD_CPU_GPU_CV 6266mW/1765mW VDD_SOC 2672mW/1607mW
09-13-2026 00:27:31 RAM 6941/7620MB (lfb 10x256kB) SWAP 919/12002MB (cached 9MB) CPU [21%@729,5%@729,1%@729,0%@729,0%@1728,80%@1728] GR3D_FREQ 35% cpu@52.156C soc2@50.218C soc0@50.343C gpu@51.687C tj@52.156C soc1@50.75C VDD_IN 11590mW/6473mW VDD_CPU_GPU_CV 4912mW/1812mW VDD_SOC 2597mW/1621mW
09-13-2026 00:27:31 RAM 6942/7620MB (lfb 9x512kB) SWAP 919/12002MB (cached 9MB) CPU [3%@1728,7%@1728,0%@1728,34%@1728,0%@1728,98%@1728] GR3D_FREQ 46% cpu@52.156C soc2@50C soc0@50.312C gpu@51.5C tj@52.156C soc1@51C VDD_IN 9729mW/6520mW VDD_CPU_GPU_CV 4021mW/1844mW VDD_SOC 2092mW/1628mW
09-13-2026 00:27:32 RAM 6943/7620MB (lfb 9x512kB) SWAP 919/12002MB (cached 9MB) CPU [0%@1728,1%@1728,0%@1728,0%@1728,0%@1728,100%@1728] GR3D_FREQ 53% cpu@51.906C soc2@49.968C soc0@50.312C gpu@51.406C tj@51.906C soc1@51C VDD_IN 8820mW/6554mW VDD_CPU_GPU_CV 3474mW/1868mW VDD_SOC 1898mW/1632mW
09-13-2026 00:27:32 RAM 6944/7620MB (lfb 9x512kB) SWAP 919/12002MB (cached 9MB) CPU [0%@1728,0%@1728,0%@1728,0%@1728,0%@1728,86%@1728] GR3D_FREQ 99% cpu@52.5C soc2@50.593C soc0@50.343C gpu@53.156C tj@53.156C soc1@51.062C VDD_IN 13596mW/6654mW VDD_CPU_GPU_CV 6306mW/1931mW VDD_SOC 2750mW/1648mW
09-13-2026 00:27:33 RAM 6944/7620MB (lfb 9x512kB) SWAP 919/12002MB (cached 9MB) CPU [0%@729,0%@729,0%@729,3%@729,0%@1728,74%@1728] GR3D_FREQ 34% cpu@52.468C soc2@50.531C soc0@50.843C gpu@52.125C tj@52.468C soc1@51.062C VDD_IN 12437mW/6736mW VDD_CPU_GPU_CV 5217mW/1978mW VDD_SOC 3109mW/1669mW
09-13-2026 00:27:33 RAM 6944/7620MB (lfb 9x512kB) SWAP 919/12002MB (cached 9MB) CPU [0%@729,0%@729,0%@729,0%@729,0%@1728,100%@1728] GR3D_FREQ 45% cpu@52.312C soc2@50.5C soc0@50.781C gpu@51.812C tj@52.312C soc1@51.156C VDD_IN 9808mW/6779mW VDD_CPU_GPU_CV 3942mW/2005mW VDD_SOC 2211mW/1676mW
09-13-2026 00:27:34 RAM 6944/7620MB (lfb 9x512kB) SWAP 919/12002MB (cached 9MB) CPU [0%@1728,0%@1728,0%@1728,0%@1728,0%@1728,98%@1728] GR3D_FREQ 53% cpu@52.406C soc2@50.375C soc0@50.687C gpu@51.625C tj@52.406C soc1@51.093C VDD_IN 8859mW/6807mW VDD_CPU_GPU_CV 3474mW/2025mW VDD_SOC 1938mW/1680mW
09-13-2026 00:27:34 RAM 6943/7620MB (lfb 9x512kB) SWAP 919/12002MB (cached 9MB) CPU [0%@729,0%@729,1%@729,1%@729,0%@1728,70%@1728] GR3D_FREQ 99% cpu@52.906C soc2@50.812C soc0@50.843C gpu@53.968C tj@53.968C soc1@51.375C VDD_IN 15457mW/6924mW VDD_CPU_GPU_CV 7105mW/2094mW VDD_SOC 3407mW/1703mW
09-13-2026 00:27:35 RAM 6943/7620MB (lfb 9x512kB) SWAP 919/12002MB (cached 9MB) CPU [0%@729,0%@729,0%@729,0%@729,0%@1728,94%@1728] GR3D_FREQ 33% cpu@52.5C soc2@50.718C soc0@50.781C gpu@52.156C tj@52.5C soc1@51.531C VDD_IN 12024mW/6992mW VDD_CPU_GPU_CV 4864mW/2131mW VDD_SOC 3109mW/1722mW
09-13-2026 00:27:35 RAM 6944/7620MB (lfb 9x512kB) SWAP 919/12002MB (cached 9MB) CPU [0%@1728,0%@1728,0%@1728,0%@1728,0%@1728,98%@1728] GR3D_FREQ 46% cpu@52.343C soc2@50.656C soc0@50.781C gpu@52.312C tj@52.343C soc1@51.406C VDD_IN 9611mW/7026mW VDD_CPU_GPU_CV 3824mW/2153mW VDD_SOC 2211mW/1728mW
09-13-2026 00:27:36 RAM 6944/7620MB (lfb 9x512kB) SWAP 919/12002MB (cached 9MB) CPU [1%@729,0%@729,0%@729,1%@729,0%@1728,100%@1728] GR3D_FREQ 99% cpu@52.312C soc2@50.593C soc0@50.875C gpu@52C tj@52.312C soc1@51.375C VDD_IN 8899mW/7051mW VDD_CPU_GPU_CV 3474mW/2170mW VDD_SOC 1977mW/1732mW
09-13-2026 00:27:36 RAM 6944/7620MB (lfb 9x512kB) SWAP 919/12002MB (cached 9MB) CPU [2%@729,17%@729,0%@729,1%@729,0%@1728,62%@1728] GR3D_FREQ 31% cpu@52.937C soc2@51.062C soc0@51.125C gpu@53.343C tj@53.343C soc1@51.531C VDD_IN 15143mW/7154mW VDD_CPU_GPU_CV 6792mW/2229mW VDD_SOC 3485mW/1754mW
09-13-2026 00:27:37 RAM 6944/7620MB (lfb 9x512kB) SWAP 919/12002MB (cached 9MB) CPU [1%@1728,0%@1728,0%@1728,0%@1728,0%@1728,100%@1728] GR3D_FREQ 39% cpu@52.843C soc2@50.968C soc0@51.031C gpu@52.375C tj@52.843C soc1@51.562C VDD_IN 11314mW/7207mW VDD_CPU_GPU_CV 4558mW/2259mW VDD_SOC 2838mW/1768mW
09-13-2026 00:27:37 RAM 6944/7620MB (lfb 9x512kB) SWAP 919/12002MB (cached 9MB) CPU [1%@729,0%@729,0%@729,0%@729,0%@1728,98%@1728] GR3D_FREQ 53% cpu@52.687C soc2@50.812C soc0@51.093C gpu@52.437C tj@52.687C soc1@51.5C VDD_IN 9373mW/7234mW VDD_CPU_GPU_CV 3705mW/2277mW VDD_SOC 2132mW/1772mW
09-13-2026 00:27:38 RAM 6944/7620MB (lfb 9x512kB) SWAP 919/12002MB (cached 9MB) CPU [1%@729,0%@729,0%@729,0%@1728,0%@1728,88%@1728] GR3D_FREQ 99% cpu@52.625C soc2@50.875C soc0@51.031C gpu@52.968C tj@52.968C soc1@51.687C VDD_IN 10424mW/7274mW VDD_CPU_GPU_CV 4447mW/2304mW VDD_SOC 2171mW/1777mW
09-13-2026 00:27:38 RAM 6944/7620MB (lfb 9x512kB) SWAP 919/12002MB (cached 9MB) CPU [0%@1728,0%@1728,0%@1728,0%@1728,0%@1728,100%@1728] GR3D_FREQ 37% cpu@52.656C soc2@51C soc0@51.093C gpu@52.75C tj@52.75C soc1@51.687C VDD_IN 10859mW/7317mW VDD_CPU_GPU_CV 4794mW/2334mW VDD_SOC 2326mW/1784mW
09-13-2026 00:27:39 RAM 6944/7620MB (lfb 9x512kB) SWAP 919/12002MB (cached 9MB) CPU [0%@1728,1%@1728,0%@1728,0%@1728,0%@1728,98%@1728] GR3D_FREQ 48% cpu@52.875C soc2@50.968C soc0@51.125C gpu@52.343C tj@52.875C soc1@51.687C VDD_IN 9096mW/7339mW VDD_CPU_GPU_CV 3705mW/2351mW VDD_SOC 1938mW/1786mW
09-13-2026 00:27:39 RAM 6944/7620MB (lfb 9x512kB) SWAP 919/12002MB (cached 9MB) CPU [1%@729,0%@729,2%@729,0%@729,1%@1728,98%@1728] GR3D_FREQ 50% cpu@52.937C soc2@50.937C soc0@51.25C gpu@52.343C tj@52.937C soc1@51.718C VDD_IN 8517mW/7353mW VDD_CPU_GPU_CV 3316mW/2362mW VDD_SOC 1819mW/1786mW
09-13-2026 00:27:40 RAM 6944/7620MB (lfb 9x512kB) SWAP 919/12002MB (cached 9MB) CPU [0%@729,0%@729,1%@1728,0%@1728,0%@1728,88%@1728] GR3D_FREQ 99% cpu@53.375C soc2@51.312C soc0@51.281C gpu@53.843C tj@53.843C soc1@51.75C VDD_IN 13303mW/7423mW VDD_CPU_GPU_CV 6188mW/2407mW VDD_SOC 2632mW/1796mW
09-13-2026 00:27:40 RAM 6944/7620MB (lfb 9x512kB) SWAP 919/12002MB (cached 9MB) CPU [3%@1728,3%@1728,0%@1728,1%@1728,0%@1728,74%@1728] GR3D_FREQ 34% cpu@53.125C soc2@51.281C soc0@51.437C gpu@53.031C tj@53.125C soc1@51.843C VDD_IN 12240mW/7479mW VDD_CPU_GPU_CV 5139mW/2439mW VDD_SOC 2991mW/1810mW
09-13-2026 00:27:41 RAM 6945/7620MB (lfb 9x512kB) SWAP 919/12002MB (cached 9MB) CPU [1%@1728,3%@1728,1%@1728,0%@1728,1%@1728,100%@1728] GR3D_FREQ 45% cpu@53.031C soc2@51.218C soc0@51.468C gpu@52.625C tj@53.031C soc1@52.031C VDD_IN 9729mW/7505mW VDD_CPU_GPU_CV 3942mW/2456mW VDD_SOC 2171mW/1814mW
09-13-2026 00:27:41 RAM 6945/7620MB (lfb 9x512kB) SWAP 919/12002MB (cached 9MB) CPU [0%@1728,0%@1728,0%@1728,0%@1728,0%@1728,98%@1728] GR3D_FREQ 54% cpu@52.906C soc2@51.187C soc0@51.343C gpu@52.656C tj@52.906C soc1@52.031C VDD_IN 8820mW/7520mW VDD_CPU_GPU_CV 3474mW/2468mW VDD_SOC 1938mW/1816mW
09-13-2026 00:27:42 RAM 6945/7620MB (lfb 9x512kB) SWAP 919/12002MB (cached 9MB) CPU [0%@1728,3%@1728,0%@1728,1%@1728,0%@1728,70%@1728] GR3D_FREQ 99% cpu@53.5C soc2@51.781C soc0@51.531C gpu@54.531C tj@54.531C soc1@52C VDD_IN 15143mW/7605mW VDD_CPU_GPU_CV 7027mW/2519mW VDD_SOC 3172mW/1831mW
09-13-2026 00:27:42 RAM 6943/7620MB (lfb 9x512kB) SWAP 919/12002MB (cached 9MB) CPU [0%@1190,0%@1190,0%@1190,28%@1190,0%@1728,94%@1728] GR3D_FREQ 34% cpu@53.656C soc2@51.687C soc0@51.937C gpu@53.187C tj@53.656C soc1@52.156C VDD_IN 12063mW/7655mW VDD_CPU_GPU_CV 4982mW/2546mW VDD_SOC 3030mW/1844mW
09-13-2026 00:27:43 RAM 6942/7620MB (lfb 9x512kB) SWAP 919/12002MB (cached 9MB) CPU [0%@1728,0%@1728,0%@1728,7%@1728,0%@1728,100%@1728] GR3D_FREQ 44% cpu@53.375C soc2@51.437C soc0@51.718C gpu@52.843C tj@53.375C soc1@52.156C VDD_IN 9650mW/7677mW VDD_CPU_GPU_CV 3902mW/2561mW VDD_SOC 2211mW/1848mW
09-13-2026 00:27:43 RAM 6942/7620MB (lfb 9x512kB) SWAP 919/12002MB (cached 9MB) CPU [0%@729,1%@729,0%@729,0%@729,0%@1728,98%@1728] GR3D_FREQ 28% cpu@53.187C soc2@51.375C soc0@51.687C gpu@52.968C tj@53.187C soc1@52.125C VDD_IN 8820mW/7689mW VDD_CPU_GPU_CV 3435mW/2571mW VDD_SOC 1938mW/1849mW
09-13-2026 00:27:44 RAM 6942/7620MB (lfb 9x512kB) SWAP 919/12002MB (cached 9MB) CPU [1%@1728,0%@1728,0%@1728,0%@1728,0%@1728,88%@1728] GR3D_FREQ 33% cpu@53.343C soc2@51.656C soc0@51.75C gpu@53.218C tj@53.343C soc1@52.187C VDD_IN 11590mW/7731mW VDD_CPU_GPU_CV 5296mW/2600mW VDD_SOC 2483mW/1856mW
09-13-2026 00:27:44 RAM 6942/7620MB (lfb 9x512kB) SWAP 919/12002MB (cached 9MB) CPU [0%@729,0%@729,0%@729,0%@729,0%@1728,98%@1728] GR3D_FREQ 43% cpu@53.218C soc2@51.531C soc0@51.656C gpu@52.937C tj@53.218C soc1@52.406C VDD_IN 9334mW/7748mW VDD_CPU_GPU_CV 3863mW/2613mW VDD_SOC 1977mW/1857mW
09-13-2026 00:27:45 RAM 6942/7620MB (lfb 9x512kB) SWAP 919/12002MB (cached 9MB) CPU [0%@729,0%@729,1%@729,0%@729,0%@1728,100%@1728] GR3D_FREQ 50% cpu@53.562C soc2@51.562C soc0@51.656C gpu@52.812C tj@53.218C soc1@52.343C VDD_IN 8596mW/7757mW VDD_CPU_GPU_CV 3356mW/2621mW VDD_SOC 1858mW/1857mW
09-13-2026 00:27:45 RAM 6942/7620MB (lfb 9x512kB) SWAP 919/12002MB (cached 9MB) CPU [1%@729,1%@729,0%@729,0%@729,0%@1728,84%@1728] GR3D_FREQ 99% cpu@53.562C soc2@51.781C soc0@51.718C gpu@54.156C tj@54.156C soc1@52.281C VDD_IN 11984mW/7801mW VDD_CPU_GPU_CV 5374mW/2650mW VDD_SOC 2361mW/1863mW
09-13-2026 00:27:46 RAM 6942/7620MB (lfb 9x512kB) SWAP 919/12002MB (cached 9MB) CPU [0%@729,0%@729,0%@729,0%@729,0%@1728,75%@1728] GR3D_FREQ 29% cpu@53.843C soc2@51.937C soc0@52.062C gpu@53.593C tj@53.843C soc1@52.5C VDD_IN 12910mW/7854mW VDD_CPU_GPU_CV 5522mW/2680mW VDD_SOC 3143mW/1876mW
09-13-2026 00:27:46 RAM 6942/7620MB (lfb 9x512kB) SWAP 919/12002MB (cached 9MB) CPU [0%@1728,0%@1728,0%@1728,0%@1728,0%@1728,98%@1728] GR3D_FREQ 48% cpu@53.718C soc2@51.906C soc0@51.937C gpu@53.093C tj@53.718C soc1@52.437C VDD_IN 9990mW/7876mW VDD_CPU_GPU_CV 4054mW/2694mW VDD_SOC 2250mW/1880mW
09-13-2026 00:27:47 RAM 6942/7620MB (lfb 9x512kB) SWAP 919/12002MB (cached 9MB) CPU [1%@1728,0%@1728,0%@1728,0%@1728,0%@1728,98%@1728] GR3D_FREQ 53% cpu@53.593C soc2@51.718C soc0@51.968C gpu@53.031C tj@53.593C soc1@52.5C VDD_IN 8938mW/7886mW VDD_CPU_GPU_CV 3514mW/2702mW VDD_SOC 1938mW/1880mW
09-13-2026 00:27:47 RAM 6942/7620MB (lfb 9x512kB) SWAP 919/12002MB (cached 9MB) CPU [0%@729,1%@729,0%@729,0%@729,0%@1728,88%@1728] GR3D_FREQ 26% cpu@53.75C soc2@52.093C soc0@52.031C gpu@54.031C tj@54.031C soc1@52.718C VDD_IN 12967mW/7937mW VDD_CPU_GPU_CV 6306mW/2738mW VDD_SOC 2632mW/1888mW
09-13-2026 00:27:48 RAM 6942/7620MB (lfb 9x512kB) SWAP 919/12002MB (cached 9MB) CPU [0%@729,0%@729,0%@729,0%@729,0%@1728,100%@1728] GR3D_FREQ 36% cpu@53.718C soc2@51.937C soc0@52.062C gpu@53.187C tj@53.562C soc1@52.625C VDD_IN 9832mW/7956mW VDD_CPU_GPU_CV 4250mW/2753mW VDD_SOC 2053mW/1889mW
09-13-2026 00:27:48 RAM 6943/7620MB (lfb 9x512kB) SWAP 919/12002MB (cached 9MB) CPU [0%@729,0%@729,7%@729,0%@729,0%@1728,98%@1728] GR3D_FREQ 50% cpu@53.781C soc2@51.937C soc0@51.968C gpu@53.062C tj@53.781C soc1@52.593C VDD_IN 8780mW/7964mW VDD_CPU_GPU_CV 3514mW/2760mW VDD_SOC 1858mW/1889mW
09-13-2026 00:27:49 RAM 6943/7620MB (lfb 9x512kB) SWAP 919/12002MB (cached 9MB) CPU [0%@729,0%@729,1%@729,1%@729,0%@1728,96%@1728] GR3D_FREQ 99% cpu@53.656C soc2@51.937C soc0@52.187C gpu@53.875C tj@53.875C soc1@52.656C VDD_IN 9373mW/7978mW VDD_CPU_GPU_CV 3824mW/2771mW VDD_SOC 1974mW/1890mW
09-13-2026 00:27:49 RAM 6943/7620MB (lfb 9x512kB) SWAP 919/12002MB (cached 9MB) CPU [0%@1728,1%@1728,0%@1728,1%@1728,0%@1728,66%@1728] GR3D_FREQ 30% cpu@54.093C soc2@52.312C soc0@52.406C gpu@54.031C tj@54.093C soc1@52.718C VDD_IN 14382mW/8039mW VDD_CPU_GPU_CV 6373mW/2805mW VDD_SOC 3256mW/1903mW
09-13-2026 00:27:50 RAM 6943/7620MB (lfb 9x512kB) SWAP 919/12002MB (cached 9MB) CPU [0%@1728,0%@1728,0%@1728,0%@1728,0%@1728,100%@1728] GR3D_FREQ 39% cpu@53.906C soc2@52.187C soc0@52.343C gpu@53.562C tj@53.906C soc1@53C VDD_IN 10701mW/8065mW VDD_CPU_GPU_CV 4408mW/2821mW VDD_SOC 2483mW/1909mW
09-13-2026 00:27:50 RAM 6943/7620MB (lfb 9x512kB) SWAP 919/12002MB (cached 9MB) CPU [0%@729,0%@729,0%@729,0%@729,0%@1728,98%@1728] GR3D_FREQ 53% cpu@53.781C soc2@52.031C soc0@52.218C gpu@53.25C tj@53.781C soc1@52.812C VDD_IN 9176mW/8075mW VDD_CPU_GPU_CV 3666mW/2829mW VDD_SOC 2017mW/1910mW
09-13-2026 00:27:51 RAM 6943/7620MB (lfb 9x512kB) SWAP 918/12002MB (cached 9MB) CPU [1%@1728,1%@1728,2%@1728,10%@1728,0%@1728,84%@1728] GR3D_FREQ 99% cpu@53.75C soc2@52.25C soc0@52.25C gpu@54.562C tj@54.562C soc1@52.843C VDD_IN 10148mW/8094mW VDD_CPU_GPU_CV 4250mW/2842mW VDD_SOC 2132mW/1912mW
09-13-2026 00:27:51 RAM 6943/7620MB (lfb 9x512kB) SWAP 918/12002MB (cached 9MB) CPU [0%@729,0%@729,0%@729,0%@729,0%@1728,80%@1728] GR3D_FREQ 28% cpu@54.375C soc2@52.468C soc0@52.437C gpu@53.968C tj@54.375C soc1@52.937C VDD_IN 12673mW/8137mW VDD_CPU_GPU_CV 5414mW/2866mW VDD_SOC 3025mW/1922mW
09-13-2026 00:27:52 RAM 6943/7620MB (lfb 9x512kB) SWAP 918/12002MB (cached 9MB) CPU [3%@729,3%@729,1%@729,2%@729,0%@1728,98%@1728] GR3D_FREQ 44% cpu@54.187C soc2@52.281C soc0@52.531C gpu@53.843C tj@54.187C soc1@52.906C VDD_IN 9832mW/8152mW VDD_CPU_GPU_CV 4021mW/2876mW VDD_SOC 2171mW/1924mW
09-13-2026 00:27:52 RAM 6943/7620MB (lfb 9x512kB) SWAP 918/12002MB (cached 9MB) CPU [0%@1728,0%@1728,0%@1728,0%@1728,0%@1728,100%@1728] GR3D_FREQ 52% cpu@54.062C soc2@52.187C soc0@52.437C gpu@53.468C tj@54.062C soc1@52.968C VDD_IN 8820mW/8158mW VDD_CPU_GPU_CV 3435mW/2881mW VDD_SOC 1938mW/1924mW
09-13-2026 00:27:53 RAM 6943/7620MB (lfb 9x512kB) SWAP 918/12002MB (cached 9MB) CPU [0%@729,0%@729,0%@729,0%@729,0%@1728,98%@1728] GR3D_FREQ 99% cpu@53.968C soc2@52.093C soc0@52.468C gpu@53.75C tj@53.968C soc1@53.156C VDD_IN 8438mW/8161mW VDD_CPU_GPU_CV 3198mW/2884mW VDD_SOC 1858mW/1924mW
09-13-2026 00:27:53 RAM 6943/7620MB (lfb 9x512kB) SWAP 918/12002MB (cached 9MB) CPU [0%@1728,0%@1728,0%@1728,0%@1728,0%@1728,84%@1728] GR3D_FREQ 32% cpu@54.093C soc2@52.406C soc0@52.437C gpu@53.937C tj@54.093C soc1@53.093C VDD_IN 11393mW/8190mW VDD_CPU_GPU_CV 5226mW/2905mW VDD_SOC 2168mW/1926mW
09-13-2026 00:27:54 RAM 6943/7620MB (lfb 9x512kB) SWAP 918/12002MB (cached 9MB) CPU [0%@1728,0%@1728,1%@1728,1%@1728,0%@1728,98%@1728] GR3D_FREQ 42% cpu@54.343C soc2@52.437C soc0@52.5C gpu@53.937C tj@54.125C soc1@53.125C VDD_IN 9294mW/8200mW VDD_CPU_GPU_CV 3863mW/2914mW VDD_SOC 1898mW/1926mW
09-13-2026 00:27:54 RAM 6943/7620MB (lfb 9x512kB) SWAP 918/12002MB (cached 9MB) CPU [1%@1728,0%@1728,0%@1728,0%@1728,0%@1728,98%@1728] GR3D_FREQ 50% cpu@54.218C soc2@52.437C soc0@52.5C gpu@53.562C tj@54.062C soc1@53.125C VDD_IN 8582mW/8203mW VDD_CPU_GPU_CV 3356mW/2917mW VDD_SOC 1819mW/1925mW
09-13-2026 00:27:55 RAM 6943/7620MB (lfb 9x512kB) SWAP 918/12002MB (cached 9MB) CPU [0%@1728,0%@1728,0%@1728,0%@1728,0%@1728,100%@1728] GR3D_FREQ 1% cpu@54.187C soc2@52.406C soc0@52.625C gpu@53.593C tj@54.187C soc1@53.125C VDD_IN 8200mW/8203mW VDD_CPU_GPU_CV 3040mW/2918mW VDD_SOC 1782mW/1924mW
09-13-2026 00:27:55 RAM 6943/7620MB (lfb 9x512kB) SWAP 918/12002MB (cached 9MB) CPU [1%@729,0%@729,0%@729,0%@1728,0%@1728,64%@1728] GR3D_FREQ 28% cpu@54.593C soc2@52.875C soc0@52.781C gpu@54.656C tj@54.656C soc1@53.281C VDD_IN 13557mW/8249mW VDD_CPU_GPU_CV 6071mW/2946mW VDD_SOC 2785mW/1931mW
09-13-2026 00:27:56 RAM 6943/7620MB (lfb 9x512kB) SWAP 918/12002MB (cached 9MB) CPU [1%@729,0%@729,0%@729,0%@729,0%@1728,98%@1728] GR3D_FREQ 39% cpu@54.406C soc2@52.562C soc0@52.812C gpu@54C tj@54.406C soc1@53.468C VDD_IN 10187mW/8266mW VDD_CPU_GPU_CV 4329mW/2957mW VDD_SOC 2132mW/1933mW
09-13-2026 00:27:56 RAM 6943/7620MB (lfb 9x512kB) SWAP 918/12002MB (cached 9MB) CPU [1%@1728,0%@1728,0%@1728,0%@1728,0%@1728,100%@1728] GR3D_FREQ 47% cpu@54.281C soc2@52.531C soc0@52.718C gpu@53.812C tj@54.281C soc1@53.468C VDD_IN 8938mW/8271mW VDD_CPU_GPU_CV 3593mW/2963mW VDD_SOC 1898mW/1932mW
09-13-2026 00:27:57 RAM 6943/7620MB (lfb 9x512kB) SWAP 918/12002MB (cached 9MB) CPU [1%@729,0%@729,0%@729,3%@729,0%@1728,98%@1728] GR3D_FREQ 51% cpu@54.218C soc2@52.562C soc0@52.718C gpu@53.875C tj@54.218C soc1@53.312C VDD_IN 8557mW/8274mW VDD_CPU_GPU_CV 3277mW/2966mW VDD_SOC 1819mW/1931mW
09-13-2026 00:27:57 RAM 6943/7620MB (lfb 9x512kB) SWAP 918/12002MB (cached 9MB) CPU [0%@1728,0%@1728,0%@1728,0%@1728,0%@1728,84%@1728] GR3D_FREQ 31% cpu@54.687C soc2@52.937C soc0@52.781C gpu@54.812C tj@54.812C soc1@53.375C VDD_IN 12574mW/8310mW VDD_CPU_GPU_CV 6277mW/2993mW VDD_SOC 2361mW/1935mW
09-13-2026 00:27:58 RAM 6943/7620MB (lfb 9x512kB) SWAP 918/12002MB (cached 9MB) CPU [0%@1728,0%@1728,0%@1728,0%@1728,0%@1728,100%@1728] GR3D_FREQ 42% cpu@54.5C soc2@52.718C soc0@52.968C gpu@54.125C tj@54.5C soc1@53.437C VDD_IN 9674mW/8321mW VDD_CPU_GPU_CV 4257mW/3004mW VDD_SOC 1934mW/1935mW
09-13-2026 00:27:58 RAM 6943/7620MB (lfb 9x512kB) SWAP 918/12002MB (cached 9MB) CPU [0%@1728,0%@1728,1%@1728,0%@1728,0%@1728,98%@1728] GR3D_FREQ 47% cpu@54.5C soc2@52.656C soc0@52.937C gpu@53.906C tj@54.5C soc1@53.468C VDD_IN 8701mW/8324mW VDD_CPU_GPU_CV 3474mW/3007mW VDD_SOC 1779mW/1934mW
09-13-2026 00:27:59 RAM 6943/7620MB (lfb 9x512kB) SWAP 918/12002MB (cached 9MB) CPU [0%@1728,0%@1728,1%@1728,0%@1728,0%@1728,98%@1728] GR3D_FREQ 58% cpu@54.406C soc2@52.593C soc0@52.906C gpu@53.937C tj@54.406C soc1@53.5C VDD_IN 8358mW/8324mW VDD_CPU_GPU_CV 3198mW/3009mW VDD_SOC 1740mW/1932mW
09-13-2026 00:27:59 RAM 6943/7620MB (lfb 9x512kB) SWAP 918/12002MB (cached 9MB) CPU [0%@729,1%@1728,0%@1728,0%@1728,0%@1728,86%@1728] GR3D_FREQ 99% cpu@54.718C soc2@52.968C soc0@52.968C gpu@55.25C tj@55.25C soc1@53.625C VDD_IN 12634mW/8359mW VDD_CPU_GPU_CV 5688mW/3031mW VDD_SOC 2357mW/1936mW
09-13-2026 00:28:00 RAM 6943/7620MB (lfb 9x512kB) SWAP 918/12002MB (cached 9MB) CPU [1%@729,1%@729,1%@729,0%@729,0%@1728,78%@1728] GR3D_FREQ 40% cpu@54.468C soc2@53.062C soc0@53.062C gpu@54.406C tj@54.468C soc1@53.656C VDD_IN 10898mW/8379mW VDD_CPU_GPU_CV 4676mW/3044mW VDD_SOC 2247mW/1938mW
09-13-2026 00:28:00 RAM 6943/7620MB (lfb 9x512kB) SWAP 918/12002MB (cached 9MB) CPU [0%@729,0%@729,0%@729,0%@729,0%@1728,100%@1728] GR3D_FREQ 45% cpu@54.468C soc2@52.937C soc0@53.031C gpu@54.125C tj@54.468C soc1@53.593C VDD_IN 9136mW/8385mW VDD_CPU_GPU_CV 3745mW/3049mW VDD_SOC 1898mW/1938mW
09-13-2026 00:28:01 RAM 6943/7620MB (lfb 9x512kB) SWAP 918/12002MB (cached 9MB) CPU [0%@1728,0%@1728,0%@1728,0%@1728,0%@1728,98%@1728] GR3D_FREQ 48% cpu@54.625C soc2@52.812C soc0@53.093C gpu@54.125C tj@54.625C soc1@53.656C VDD_IN 8557mW/8387mW VDD_CPU_GPU_CV 3356mW/3052mW VDD_SOC 1779mW/1936mW
09-13-2026 00:28:01 RAM 6943/7620MB (lfb 9x512kB) SWAP 918/12002MB (cached 9MB) CPU [0%@729,0%@729,0%@729,0%@729,0%@1728,87%@1728] GR3D_FREQ 99% cpu@55.031C soc2@53.062C soc0@53.156C gpu@55.312C tj@55.312C soc1@53.593C VDD_IN 11038mW/8407mW VDD_CPU_GPU_CV 4872mW/3066mW VDD_SOC 2168mW/1938mW
09-13-2026 00:28:02 RAM 6943/7620MB (lfb 9x512kB) SWAP 918/12002MB (cached 9MB) CPU [0%@1728,0%@1728,0%@1728,0%@1728,0%@1728,78%@1728] GR3D_FREQ 35% cpu@54.843C soc2@53.218C soc0@53.281C gpu@54.687C tj@54.843C soc1@53.625C VDD_IN 11866mW/8434mW VDD_CPU_GPU_CV 5178mW/3082mW VDD_SOC 2519mW/1943mW
09-13-2026 00:28:02 RAM 6943/7620MB (lfb 9x512kB) SWAP 918/12002MB (cached 9MB) CPU [1%@1728,0%@1728,0%@1728,0%@1728,0%@1728,100%@1728] GR3D_FREQ 45% cpu@54.75C soc2@53.093C soc0@53.187C gpu@54.375C tj@54.75C soc1@53.687C VDD_IN 9492mW/8442mW VDD_CPU_GPU_CV 3902mW/3089mW VDD_SOC 1974mW/1943mW
09-13-2026 00:28:03 RAM 6945/7620MB (lfb 9x512kB) SWAP 918/12002MB (cached 9MB) CPU [1%@729,3%@729,1%@729,4%@729,0%@1728,98%@1728] GR3D_FREQ 50% cpu@54.718C soc2@53.031C soc0@53.187C gpu@54.218C tj@54.718C soc1@53.906C VDD_IN 8740mW/8445mW VDD_CPU_GPU_CV 3435mW/3091mW VDD_SOC 1819mW/1942mW
09-13-2026 00:28:03 RAM 6948/7620MB (lfb 9x512kB) SWAP 918/12002MB (cached 9MB) CPU [18%@729,19%@729,18%@729,28%@729,54%@1728,100%@1728] GR3D_FREQ 99% cpu@55.125C soc2@53.156C soc0@53.156C gpu@54.25C tj@55.125C soc1@53.843C VDD_IN 8780mW/8447mW VDD_CPU_GPU_CV 3553mW/3095mW VDD_SOC 1819mW/1941mW
09-13-2026 00:28:04 RAM 6952/7620MB (lfb 9x512kB) SWAP 918/12002MB (cached 9MB) CPU [0%@729,1%@729,0%@729,5%@729,3%@1728,84%@1728] GR3D_FREQ 31% cpu@55.062C soc2@53.343C soc0@53.218C gpu@54.812C tj@54.812C soc1@53.843C VDD_IN 11196mW/8468mW VDD_CPU_GPU_CV 5217mW/3111mW VDD_SOC 2128mW/1943mW
09-13-2026 00:28:04 RAM 6952/7620MB (lfb 9x512kB) SWAP 918/12002MB (cached 9MB) CPU [0%@1728,0%@1728,1%@1728,0%@1728,0%@1728,100%@1728] GR3D_FREQ 39% cpu@54.968C soc2@53.25C soc0@53.406C gpu@54.375C tj@54.968C soc1@53.937C VDD_IN 9215mW/8473mW VDD_CPU_GPU_CV 3863mW/3116mW VDD_SOC 1858mW/1942mW
09-13-2026 00:28:05 RAM 6952/7620MB (lfb 9x512kB) SWAP 918/12002MB (cached 9MB) CPU [0%@1728,0%@1728,0%@1728,0%@1728,0%@1728,98%@1728] GR3D_FREQ 48% cpu@55.031C soc2@53.125C soc0@53.531C gpu@54.437C tj@55.031C soc1@53.875C VDD_IN 8517mW/8474mW VDD_CPU_GPU_CV 3356mW/3118mW VDD_SOC 1779mW/1941mW
09-13-2026 00:28:05 RAM 6952/7620MB (lfb 9x512kB) SWAP 918/12002MB (cached 9MB) CPU [1%@729,0%@729,1%@729,0%@729,0%@1728,98%@1728] GR3D_FREQ 0% cpu@54.875C soc2@53.062C soc0@53.375C gpu@54.093C tj@54.875C soc1@53.843C VDD_IN 8081mW/8471mW VDD_CPU_GPU_CV 3001mW/3117mW VDD_SOC 1743mW/1939mW
09-13-2026 00:28:06 RAM 6952/7620MB (lfb 9x512kB) SWAP 918/12002MB (cached 9MB) CPU [0%@729,0%@729,1%@729,0%@729,0%@1728,66%@1728] GR3D_FREQ 28% cpu@55.187C soc2@53.5C soc0@53.437C gpu@55.281C tj@55.281C soc1@54.093C VDD_IN 13321mW/8506mW VDD_CPU_GPU_CV 5992mW/3138mW VDD_SOC 2790mW/1945mW
09-13-2026 00:28:06 RAM 6952/7620MB (lfb 9x512kB) SWAP 918/12002MB (cached 9MB) CPU [1%@1728,1%@1728,0%@1728,0%@1728,0%@1728,100%@1728] GR3D_FREQ 37% cpu@54.937C soc2@53.468C soc0@53.406C gpu@54.625C tj@54.937C soc1@54.187C VDD_IN 9990mW/8517mW VDD_CPU_GPU_CV 4211mW/3146mW VDD_SOC 2092mW/1947mW
09-13-2026 00:28:07 RAM 6952/7620MB (lfb 9x512kB) SWAP 918/12002MB (cached 9MB) CPU [0%@729,0%@729,0%@1728,0%@1728,0%@1728,98%@1728] GR3D_FREQ 50% cpu@55.156C soc2@53.406C soc0@53.312C gpu@54.906C tj@55.156C soc1@54.125C VDD_IN 8859mW/8519mW VDD_CPU_GPU_CV 3553mW/3149mW VDD_SOC 1858mW/1946mW
09-13-2026 00:28:08 RAM 6952/7620MB (lfb 9x512kB) SWAP 918/12002MB (cached 9MB) CPU [0%@1728,0%@1728,1%@1728,0%@1728,0%@1728,100%@1728] GR3D_FREQ 51% cpu@55.093C soc2@53.343C soc0@53.437C gpu@54.5C tj@55.093C soc1@54.062C VDD_IN 8517mW/8519mW VDD_CPU_GPU_CV 3316mW/3150mW VDD_SOC 1779mW/1945mW
09-13-2026 00:28:08 RAM 6952/7620MB (lfb 9x512kB) SWAP 918/12002MB (cached 9MB) CPU [3%@729,0%@729,0%@729,1%@729,0%@1728,98%@1728] GR3D_FREQ 0% cpu@55.218C soc2@53.218C soc0@53.5C gpu@54.5C tj@55.218C soc1@54.062C VDD_IN 8121mW/8517mW VDD_CPU_GPU_CV 3001mW/3149mW VDD_SOC 1743mW/1943mW
09-13-2026 00:28:09 RAM 6952/7620MB (lfb 9x512kB) SWAP 918/12002MB (cached 9MB) CPU [0%@1728,0%@1728,1%@1728,0%@1728,0%@1728,65%@1728] GR3D_FREQ 30% cpu@55.437C soc2@53.812C soc0@53.656C gpu@55.5C tj@55.5C soc1@54.187C VDD_IN 13714mW/8553mW VDD_CPU_GPU_CV 6295mW/3171mW VDD_SOC 2785mW/1949mW
09-13-2026 00:28:09 RAM 6952/7620MB (lfb 9x512kB) SWAP 918/12002MB (cached 9MB) CPU [1%@729,0%@729,0%@729,0%@729,0%@1728,98%@1728] GR3D_FREQ 38% cpu@55.25C soc2@53.562C soc0@53.687C gpu@55.187C tj@55.25C soc1@54.468C VDD_IN 10227mW/8565mW VDD_CPU_GPU_CV 4368mW/3180mW VDD_SOC 2092mW/1950mW
09-13-2026 00:28:10 RAM 6952/7620MB (lfb 9x512kB) SWAP 918/12002MB (cached 9MB) CPU [0%@1728,0%@1728,0%@1728,0%@1728,0%@1728,100%@1728] GR3D_FREQ 51% cpu@55.093C soc2@53.468C soc0@53.656C gpu@54.687C tj@55.156C soc1@54.375C VDD_IN 8978mW/8568mW VDD_CPU_GPU_CV 3627mW/3183mW VDD_SOC 1858mW/1950mW
09-13-2026 00:28:10 RAM 6952/7620MB (lfb 9x512kB) SWAP 918/12002MB (cached 9MB) CPU [0%@1728,0%@1728,0%@1728,1%@1728,0%@1728,98%@1728] GR3D_FREQ 0% cpu@55.093C soc2@53.531C soc0@53.718C gpu@54.531C tj@55.093C soc1@54.281C VDD_IN 8358mW/8566mW VDD_CPU_GPU_CV 3198mW/3183mW VDD_SOC 1779mW/1948mW
09-13-2026 00:28:11 RAM 6953/7620MB (lfb 9x512kB) SWAP 918/12002MB (cached 9MB) CPU [0%@1728,1%@1728,0%@1728,5%@1728,2%@1728,67%@1728] GR3D_FREQ 28% cpu@55.812C soc2@53.968C soc0@53.718C gpu@55.625C tj@55.812C soc1@54.468C VDD_IN 13753mW/8602mW VDD_CPU_GPU_CV 6100mW/3203mW VDD_SOC 2942mW/1955mW
09-13-2026 00:28:11 RAM 6953/7620MB (lfb 9x512kB) SWAP 918/12002MB (cached 9MB) CPU [0%@1728,1%@1728,0%@1728,0%@1728,0%@1728,100%@1728] GR3D_FREQ 37% cpu@55.468C soc2@53.781C soc0@53.718C gpu@55.093C tj@55.468C soc1@54.312C VDD_IN 10266mW/8613mW VDD_CPU_GPU_CV 4290mW/3210mW VDD_SOC 2211mW/1957mW
09-13-2026 00:28:12 RAM 6953/7620MB (lfb 9x512kB) SWAP 918/12002MB (cached 9MB) CPU [0%@729,0%@729,0%@729,0%@729,0%@1728,98%@1728] GR3D_FREQ 50% cpu@55.531C soc2@53.687C soc0@53.875C gpu@54.906C tj@55.531C soc1@54.406C VDD_IN 8938mW/8615mW VDD_CPU_GPU_CV 3548mW/3212mW VDD_SOC 1898mW/1957mW
09-13-2026 00:28:12 RAM 6953/7620MB (lfb 9x512kB) SWAP 918/12002MB (cached 9MB) CPU [1%@1728,0%@1728,0%@1728,0%@1728,0%@1728,98%@1728] GR3D_FREQ 53% cpu@55.437C soc2@53.718C soc0@53.875C gpu@54.937C tj@55.437C soc1@54.437C VDD_IN 8503mW/8615mW VDD_CPU_GPU_CV 3316mW/3213mW VDD_SOC 1779mW/1955mW
09-13-2026 00:28:13 RAM 6953/7620MB (lfb 9x512kB) SWAP 918/12002MB (cached 9MB) CPU [0%@1728,0%@1728,0%@1728,0%@1728,0%@1728,100%@1728] GR3D_FREQ 1% cpu@55.281C soc2@53.625C soc0@53.781C gpu@54.562C tj@55.281C soc1@54.593C VDD_IN 8121mW/8611mW VDD_CPU_GPU_CV 3040mW/3212mW VDD_SOC 1743mW/1954mW
09-13-2026 00:28:13 RAM 6953/7620MB (lfb 9x512kB) SWAP 918/12002MB (cached 9MB) CPU [1%@1728,0%@1728,0%@1728,0%@1728,0%@1728,64%@1728] GR3D_FREQ 30% cpu@55.718C soc2@54.125C soc0@53.968C gpu@56.062C tj@56.062C soc1@54.625C VDD_IN 13753mW/8645mW VDD_CPU_GPU_CV 6295mW/3232mW VDD_SOC 2903mW/1960mW
09-13-2026 00:28:14 RAM 6953/7620MB (lfb 9x512kB) SWAP 918/12002MB (cached 9MB) CPU [0%@1728,1%@1728,0%@1728,0%@1728,0%@1728,98%@1728] GR3D_FREQ 38% cpu@55.718C soc2@54.031C soc0@53.906C gpu@55.281C tj@55.5C soc1@54.656C VDD_IN 10266mW/8656mW VDD_CPU_GPU_CV 4368mW/3240mW VDD_SOC 2132mW/1961mW
09-13-2026 00:28:14 RAM 6953/7620MB (lfb 9x512kB) SWAP 918/12002MB (cached 9MB) CPU [0%@1728,0%@1728,0%@1728,0%@1728,0%@1728,100%@1728] GR3D_FREQ 50% cpu@55.593C soc2@53.937C soc0@54.156C gpu@55.281C tj@55.593C soc1@54.625C VDD_IN 8978mW/8658mW VDD_CPU_GPU_CV 3627mW/3242mW VDD_SOC 1898mW/1961mW
09-13-2026 00:28:15 RAM 6953/7620MB (lfb 9x512kB) SWAP 918/12002MB (cached 9MB) CPU [0%@1728,1%@1728,1%@1728,1%@1728,0%@1728,98%@1728] GR3D_FREQ 0% cpu@55.75C soc2@53.906C soc0@54.093C gpu@54.718C tj@55.75C soc1@54.562C VDD_IN 8358mW/8656mW VDD_CPU_GPU_CV 3198mW/3242mW VDD_SOC 1779mW/1960mW
09-13-2026 00:28:15 RAM 6953/7620MB (lfb 9x512kB) SWAP 918/12002MB (cached 9MB) CPU [1%@1728,0%@1728,0%@1728,0%@1728,0%@1728,86%@1728] GR3D_FREQ 30% cpu@55.781C soc2@54.093C soc0@54.125C gpu@55.656C tj@55.781C soc1@54.593C VDD_IN 11551mW/8675mW VDD_CPU_GPU_CV 5304mW/3255mW VDD_SOC 2164mW/1961mW
09-13-2026 00:28:16 RAM 6953/7620MB (lfb 9x512kB) SWAP 918/12002MB (cached 9MB) CPU [0%@1728,0%@1728,0%@1728,1%@1728,0%@1728,98%@1728] GR3D_FREQ 41% cpu@55.593C soc2@54C soc0@54.187C gpu@55.562C tj@55.593C soc1@54.781C VDD_IN 9334mW/8679mW VDD_CPU_GPU_CV 3902mW/3260mW VDD_SOC 1855mW/1960mW
09-13-2026 00:28:16 RAM 6953/7620MB (lfb 9x512kB) SWAP 918/12002MB (cached 9MB) CPU [0%@729,1%@729,0%@729,0%@729,0%@1728,98%@1728] GR3D_FREQ 48% cpu@55.5C soc2@53.906C soc0@54.062C gpu@55.281C tj@55.562C soc1@54.843C VDD_IN 8557mW/8678mW VDD_CPU_GPU_CV 3356mW/3260mW VDD_SOC 1779mW/1959mW
09-13-2026 00:28:17 RAM 6953/7620MB (lfb 9x512kB) SWAP 918/12002MB (cached 9MB) CPU [0%@729,0%@729,0%@729,0%@729,0%@1728,100%@1728] GR3D_FREQ 34% cpu@55.406C soc2@53.937C soc0@54C gpu@55.156C tj@55.406C soc1@54.781C VDD_IN 8200mW/8675mW VDD_CPU_GPU_CV 3080mW/3259mW VDD_SOC 1740mW/1958mW
09-13-2026 00:28:17 RAM 6953/7620MB (lfb 9x512kB) SWAP 918/12002MB (cached 9MB) CPU [1%@729,3%@1728,0%@1728,0%@1728,0%@1728,62%@1728] GR3D_FREQ 80% cpu@55.937C soc2@54.375C soc0@54.312C gpu@56.718C tj@56.718C soc1@54.843C VDD_IN 13832mW/8708mW VDD_CPU_GPU_CV 6256mW/3278mW VDD_SOC 2785mW/1963mW
09-13-2026 00:28:18 RAM 6953/7620MB (lfb 9x512kB) SWAP 918/12002MB (cached 9MB) CPU [1%@729,0%@729,0%@729,0%@729,0%@1728,100%@1728] GR3D_FREQ 39% cpu@55.843C soc2@54.218C soc0@54.312C gpu@55.812C tj@55.843C soc1@54.843C VDD_IN 10306mW/8718mW VDD_CPU_GPU_CV 4368mW/3285mW VDD_SOC 2128mW/1964mW
09-13-2026 00:28:18 RAM 6953/7620MB (lfb 9x512kB) SWAP 918/12002MB (cached 9MB) CPU [0%@729,0%@729,0%@729,1%@729,0%@1728,98%@1728] GR3D_FREQ 50% cpu@55.937C soc2@54.093C soc0@54.281C gpu@55.437C tj@55.937C soc1@54.812C VDD_IN 8978mW/8719mW VDD_CPU_GPU_CV 3627mW/3287mW VDD_SOC 1858mW/1963mW
09-13-2026 00:28:19 RAM 6953/7620MB (lfb 9x512kB) SWAP 918/12002MB (cached 9MB) CPU [1%@1728,1%@1728,0%@1728,0%@1728,0%@1728,100%@1728] GR3D_FREQ 99% cpu@55.937C soc2@54.125C soc0@54.25C gpu@56.187C tj@56.187C soc1@54.843C VDD_IN 8978mW/8721mW VDD_CPU_GPU_CV 3587mW/3289mW VDD_SOC 1858mW/1963mW
09-13-2026 00:28:19 RAM 6953/7620MB (lfb 9x512kB) SWAP 918/12002MB (cached 9MB) CPU [0%@1728,0%@1728,0%@1728,0%@1728,0%@1728,65%@1728] GR3D_FREQ 30% cpu@56C soc2@54.531C soc0@54.406C gpu@56.218C tj@56.218C soc1@55.125C VDD_IN 13185mW/8748mW VDD_CPU_GPU_CV 5757mW/3304mW VDD_SOC 2907mW/1969mW
09-13-2026 00:28:20 RAM 6953/7620MB (lfb 9x512kB) SWAP 918/12002MB (cached 9MB) CPU [0%@729,0%@729,0%@729,0%@729,0%@1728,100%@1728] GR3D_FREQ 43% cpu@55.812C soc2@54.437C soc0@54.468C gpu@55.593C tj@55.812C soc1@55.031C VDD_IN 9990mW/8756mW VDD_CPU_GPU_CV 4132mW/3309mW VDD_SOC 2132mW/1970mW
09-13-2026 00:28:20 RAM 6953/7620MB (lfb 9x512kB) SWAP 918/12002MB (cached 9MB) CPU [1%@1728,1%@1728,0%@1728,1%@1728,0%@1728,98%@1728] GR3D_FREQ 53% cpu@55.781C soc2@54.312C soc0@54.343C gpu@55.531C tj@55.781C soc1@55.062C VDD_IN 8859mW/8756mW VDD_CPU_GPU_CV 3514mW/3310mW VDD_SOC 1858mW/1969mW
09-13-2026 00:28:21 RAM 6953/7620MB (lfb 9x512kB) SWAP 918/12002MB (cached 9MB) CPU [0%@729,0%@729,0%@729,0%@729,0%@1728,86%@1728] GR3D_FREQ 99% cpu@56.031C soc2@54.437C soc0@54.5C gpu@56.875C tj@56.875C soc1@55.031C VDD_IN 11117mW/8771mW VDD_CPU_GPU_CV 5108mW/3321mW VDD_SOC 2168mW/1970mW
09-13-2026 00:28:21 RAM 6953/7620MB (lfb 9x512kB) SWAP 918/12002MB (cached 9MB) CPU [0%@1728,0%@1728,1%@1728,0%@1728,0%@1728,97%@1728] GR3D_FREQ 38% cpu@56.281C soc2@54.531C soc0@54.562C gpu@55.843C tj@56.281C soc1@55.031C VDD_IN 10345mW/8780mW VDD_CPU_GPU_CV 4683mW/3329mW VDD_SOC 2089mW/1971mW
09-13-2026 00:28:22 RAM 6953/7620MB (lfb 9x512kB) SWAP 918/12002MB (cached 9MB) CPU [0%@729,0%@729,0%@729,1%@729,0%@1728,98%@1728] GR3D_FREQ 47% cpu@55.968C soc2@54.437C soc0@54.562C gpu@55.593C tj@56C soc1@55.125C VDD_IN 8938mW/8781mW VDD_CPU_GPU_CV 3666mW/3331mW VDD_SOC 1819mW/1970mW
09-13-2026 00:28:22 RAM 6952/7620MB (lfb 9x512kB) SWAP 918/12002MB (cached 9MB) CPU [0%@1728,0%@1728,0%@1728,0%@1728,0%@1728,100%@1728] GR3D_FREQ 51% cpu@55.906C soc2@54.375C soc0@54.437C gpu@55.562C tj@56.093C soc1@55.281C VDD_IN 8438mW/8779mW VDD_CPU_GPU_CV 3277mW/3331mW VDD_SOC 1779mW/1969mW
09-13-2026 00:28:23 RAM 6952/7620MB (lfb 9x512kB) SWAP 918/12002MB (cached 9MB) CPU [0%@1728,0%@1728,1%@1728,0%@1728,0%@1728,98%@1728] GR3D_FREQ 61% cpu@55.906C soc2@54.375C soc0@54.468C gpu@55.437C tj@55.906C soc1@55.218C VDD_IN 8240mW/8776mW VDD_CPU_GPU_CV 3119mW/3330mW VDD_SOC 1740mW/1967mW
09-13-2026 00:28:23 RAM 6952/7620MB (lfb 9x512kB) SWAP 918/12002MB (cached 9MB) CPU [0%@1728,0%@1728,0%@1728,0%@1728,0%@1728,98%@1728] GR3D_FREQ 59% cpu@56.062C soc2@54.406C soc0@54.375C gpu@55.531C tj@56.062C soc1@55.187C VDD_IN 8200mW/8772mW VDD_CPU_GPU_CV 3040mW/3328mW VDD_SOC 1740mW/1966mW
09-13-2026 00:28:24 RAM 6952/7620MB (lfb 9x512kB) SWAP 918/12002MB (cached 9MB) CPU [1%@729,0%@729,0%@729,0%@729,0%@1728,86%@1728] GR3D_FREQ 99% cpu@56.593C soc2@54.781C soc0@54.437C gpu@56.875C tj@56.875C soc1@55.062C VDD_IN 12024mW/8791mW VDD_CPU_GPU_CV 5335mW/3340mW VDD_SOC 2322mW/1968mW
09-13-2026 00:28:24 RAM 6952/7620MB (lfb 9x512kB) SWAP 918/12002MB (cached 9MB) CPU [0%@1728,0%@1728,0%@1728,0%@1728,0%@1728,76%@1728] GR3D_FREQ 33% cpu@56.343C soc2@54.718C soc0@54.75C gpu@56.062C tj@56.343C soc1@55.187C VDD_IN 11038mW/8804mW VDD_CPU_GPU_CV 4833mW/3348mW VDD_SOC 2207mW/1970mW
09-13-2026 00:28:25 RAM 6952/7620MB (lfb 9x512kB) SWAP 918/12002MB (cached 9MB) CPU [1%@1728,0%@1728,0%@1728,0%@1728,0%@1728,100%@1728] GR3D_FREQ 44% cpu@56.281C soc2@54.531C soc0@54.781C gpu@55.812C tj@56.281C soc1@55.187C VDD_IN 9215mW/8807mW VDD_CPU_GPU_CV 3824mW/3351mW VDD_SOC 1895mW/1969mW
09-13-2026 00:28:25 RAM 6952/7620MB (lfb 9x512kB) SWAP 918/12002MB (cached 9MB) CPU [0%@729,0%@729,0%@729,0%@729,0%@1728,98%@1728] GR3D_FREQ 49% cpu@56.125C soc2@54.5C soc0@54.656C gpu@55.718C tj@56.218C soc1@55.218C VDD_IN 8622mW/8806mW VDD_CPU_GPU_CV 3395mW/3351mW VDD_SOC 1819mW/1968mW
09-13-2026 00:28:26 RAM 6953/7620MB (lfb 9x512kB) SWAP 918/12002MB (cached 9MB) CPU [1%@729,0%@729,1%@729,3%@729,0%@1728,80%@1728] GR3D_FREQ 30% cpu@56.281C soc2@54.875C soc0@54.812C gpu@56.562C tj@56.562C soc1@55.343C VDD_IN 12162mW/8825mW VDD_CPU_GPU_CV 5757mW/3365mW VDD_SOC 2282mW/1970mW
09-13-2026 00:28:26 RAM 6953/7620MB (lfb 9x512kB) SWAP 918/12002MB (cached 9MB) CPU [0%@1728,0%@1728,1%@1728,1%@1728,0%@1728,100%@1728] GR3D_FREQ 42% cpu@56.218C soc2@54.843C soc0@54.75C gpu@55.968C tj@56.218C soc1@55.406C VDD_IN 9571mW/8829mW VDD_CPU_GPU_CV 4060mW/3369mW VDD_SOC 1895mW/1970mW
09-13-2026 00:28:27 RAM 6953/7620MB (lfb 9x512kB) SWAP 918/12002MB (cached 9MB) CPU [0%@1728,0%@1728,0%@1728,0%@1728,0%@1728,98%@1728] GR3D_FREQ 48% cpu@56.437C soc2@54.718C soc0@54.718C gpu@55.75C tj@56.437C soc1@55.437C VDD_IN 8661mW/8828mW VDD_CPU_GPU_CV 3435mW/3369mW VDD_SOC 1779mW/1969mW
09-13-2026 00:28:27 RAM 6953/7620MB (lfb 9x512kB) SWAP 918/12002MB (cached 9MB) CPU [0%@729,0%@729,0%@729,0%@729,0%@1728,100%@1728] GR3D_FREQ 55% cpu@56.343C soc2@54.687C soc0@54.718C gpu@55.843C tj@56.343C soc1@55.437C VDD_IN 8358mW/8825mW VDD_CPU_GPU_CV 3198mW/3368mW VDD_SOC 1779mW/1967mW
09-13-2026 00:28:28 RAM 6953/7620MB (lfb 9x512kB) SWAP 918/12002MB (cached 9MB) CPU [0%@729,0%@729,0%@729,1%@729,0%@1728,98%@1728] GR3D_FREQ 58% cpu@56.25C soc2@54.687C soc0@54.843C gpu@55.656C tj@56.25C soc1@55.343C VDD_IN 8240mW/8822mW VDD_CPU_GPU_CV 3080mW/3367mW VDD_SOC 1740mW/1966mW
09-13-2026 00:28:28 RAM 6953/7620MB (lfb 9x512kB) SWAP 918/12002MB (cached 9MB) CPU [0%@1728,0%@1728,0%@1728,1%@1728,0%@1728,98%@1728] GR3D_FREQ 60% cpu@56.25C soc2@54.687C soc0@54.843C gpu@55.593C tj@56.25C soc1@55.343C VDD_IN 8160mW/8818mW VDD_CPU_GPU_CV 3040mW/3365mW VDD_SOC 1740mW/1965mW
09-13-2026 00:28:29 RAM 6953/7620MB (lfb 9x512kB) SWAP 918/12002MB (cached 9MB) CPU [1%@1728,0%@1728,0%@1728,0%@1728,0%@1728,64%@1728] GR3D_FREQ 40% cpu@56.437C soc2@55.125C soc0@54.75C gpu@57C tj@57C soc1@55.718C VDD_IN 13596mW/8845mW VDD_CPU_GPU_CV 6139mW/3380mW VDD_SOC 2667mW/1969mW
09-13-2026 00:28:29 RAM 6953/7620MB (lfb 9x512kB) SWAP 918/12002MB (cached 9MB) CPU [0%@729,0%@729,1%@729,0%@1728,0%@1728,100%@1728] GR3D_FREQ 40% cpu@56.375C soc2@54.968C soc0@54.906C gpu@56.218C tj@56.375C soc1@55.562C VDD_IN 10187mW/8852mW VDD_CPU_GPU_CV 4329mW/3385mW VDD_SOC 2053mW/1969mW
09-13-2026 00:28:30 RAM 6953/7620MB (lfb 9x512kB) SWAP 918/12002MB (cached 9MB) CPU [3%@729,0%@729,0%@1728,0%@1728,0%@1728,98%@1728] GR3D_FREQ 54% cpu@56.281C soc2@54.937C soc0@54.843C gpu@55.906C tj@56.281C soc1@55.562C VDD_IN 8938mW/8853mW VDD_CPU_GPU_CV 3587mW/3386mW VDD_SOC 1858mW/1969mW
09-13-2026 00:28:30 RAM 6953/7620MB (lfb 9x512kB) SWAP 918/12002MB (cached 9MB) CPU [0%@729,0%@729,0%@729,0%@1728,0%@1728,100%@1728] GR3D_FREQ 99% cpu@56.468C soc2@54.812C soc0@54.781C gpu@56.406C tj@56.437C soc1@55.593C VDD_IN 8740mW/8852mW VDD_CPU_GPU_CV 3435mW/3387mW VDD_SOC 1819mW/1968mW
09-13-2026 00:28:31 RAM 6953/7620MB (lfb 9x512kB) SWAP 918/12002MB (cached 9MB) CPU [0%@729,0%@729,0%@729,0%@729,0%@1728,62%@1728] GR3D_FREQ 29% cpu@57C soc2@55.281C soc0@55.218C gpu@56.968C tj@57C soc1@55.718C VDD_IN 14045mW/8880mW VDD_CPU_GPU_CV 6413mW/3403mW VDD_SOC 3020mW/1974mW
09-13-2026 00:28:31 RAM 6953/7620MB (lfb 9x512kB) SWAP 918/12002MB (cached 9MB) CPU [0%@729,1%@729,0%@729,0%@729,0%@1728,98%@1728] GR3D_FREQ 38% cpu@56.812C soc2@55.062C soc0@55.187C gpu@56.437C tj@56.812C soc1@55.562C VDD_IN 10464mW/8888mW VDD_CPU_GPU_CV 4447mW/3408mW VDD_SOC 2286mW/1975mW
09-13-2026 00:28:32 RAM 6953/7620MB (lfb 9x512kB) SWAP 918/12002MB (cached 9MB) CPU [0%@1728,0%@1728,0%@1728,0%@1728,0%@1728,100%@1728] GR3D_FREQ 52% cpu@56.5C soc2@54.937C soc0@55.156C gpu@56.156C tj@56.687C soc1@55.625C VDD_IN 9096mW/8889mW VDD_CPU_GPU_CV 3666mW/3410mW VDD_SOC 1938mW/1975mW
09-13-2026 00:28:32 RAM 6953/7620MB (lfb 9x512kB) SWAP 918/12002MB (cached 9MB) CPU [0%@729,0%@729,3%@729,0%@1728,0%@1728,98%@1728] GR3D_FREQ 54% cpu@56.531C soc2@54.968C soc0@55.093C gpu@56.093C tj@56.531C soc1@55.75C VDD_IN 8622mW/8888mW VDD_CPU_GPU_CV 3356mW/3409mW VDD_SOC 1819mW/1974mW
09-13-2026 00:28:33 RAM 6953/7620MB (lfb 9x512kB) SWAP 918/12002MB (cached 9MB) CPU [0%@1728,0%@1728,0%@1728,0%@1728,0%@1728,100%@1728] GR3D_FREQ 54% cpu@56.531C soc2@54.968C soc0@55C gpu@56.125C tj@56.531C soc1@55.718C VDD_IN 8517mW/8886mW VDD_CPU_GPU_CV 3277mW/3409mW VDD_SOC 1779mW/1973mW
09-13-2026 00:28:33 RAM 6953/7620MB (lfb 9x512kB) SWAP 918/12002MB (cached 9MB) CPU [0%@1728,0%@1728,0%@1728,0%@1728,0%@1728,82%@1728] GR3D_FREQ 29% cpu@56.656C soc2@55.312C soc0@55C gpu@56.968C tj@56.968C soc1@55.687C VDD_IN 12162mW/8903mW VDD_CPU_GPU_CV 5884mW/3422mW VDD_SOC 2282mW/1975mW
09-13-2026 00:28:34 RAM 6953/7620MB (lfb 9x512kB) SWAP 918/12002MB (cached 9MB) CPU [0%@1728,0%@1728,0%@1728,0%@1728,0%@1728,100%@1728] GR3D_FREQ 40% cpu@56.843C soc2@55.093C soc0@55.312C gpu@56.25C tj@56.843C soc1@55.718C VDD_IN 9556mW/8907mW VDD_CPU_GPU_CV 4100mW/3425mW VDD_SOC 1895mW/1974mW
09-13-2026 00:28:34 RAM 6953/7620MB (lfb 9x512kB) SWAP 918/12002MB (cached 9MB) CPU [0%@1728,0%@1728,0%@1728,1%@1728,0%@1728,98%@1728] GR3D_FREQ 46% cpu@56.75C soc2@55C soc0@55.218C gpu@56.468C tj@56.75C soc1@55.718C VDD_IN 8661mW/8905mW VDD_CPU_GPU_CV 3474mW/3426mW VDD_SOC 1779mW/1973mW
09-13-2026 00:28:35 RAM 6953/7620MB (lfb 9x512kB) SWAP 918/12002MB (cached 9MB) CPU [0%@1728,0%@1728,0%@1728,1%@1728,0%@1728,98%@1728] GR3D_FREQ 58% cpu@56.656C soc2@55.062C soc0@55.093C gpu@56.062C tj@56.656C soc1@55.718C VDD_IN 8358mW/8903mW VDD_CPU_GPU_CV 3198mW/3424mW VDD_SOC 1779mW/1972mW
09-13-2026 00:28:35 RAM 6953/7620MB (lfb 9x512kB) SWAP 918/12002MB (cached 9MB) CPU [0%@1728,0%@1728,0%@1728,0%@1728,1%@1728,98%@1728] GR3D_FREQ 62% cpu@56.562C soc2@55.031C soc0@55.156C gpu@56.375C tj@56.562C soc1@56C VDD_IN 8240mW/8899mW VDD_CPU_GPU_CV 3080mW/3423mW VDD_SOC 1740mW/1971mW
09-13-2026 00:28:36 RAM 6953/7620MB (lfb 9x512kB) SWAP 918/12002MB (cached 9MB) CPU [0%@729,0%@1728,1%@1728,0%@1728,0%@1728,98%@1728] GR3D_FREQ 99% cpu@56.75C soc2@55.125C soc0@55.062C gpu@56.781C tj@56.781C soc1@55.906C VDD_IN 8938mW/8899mW VDD_CPU_GPU_CV 3508mW/3423mW VDD_SOC 1858mW/1971mW
09-13-2026 00:28:36 RAM 6953/7620MB (lfb 9x512kB) SWAP 918/12002MB (cached 9MB) CPU [1%@1728,0%@1728,0%@1728,0%@1728,0%@1728,72%@1728] GR3D_FREQ 32% cpu@56.968C soc2@55.562C soc0@55.25C gpu@57.062C tj@56.843C soc1@55.875C VDD_IN 12044mW/8915mW VDD_CPU_GPU_CV 5688mW/3435mW VDD_SOC 2243mW/1972mW
09-13-2026 00:28:37 RAM 6955/7620MB (lfb 9x512kB) SWAP 918/12002MB (cached 9MB) CPU [1%@729,1%@729,1%@729,3%@729,0%@1728,98%@1728] GR3D_FREQ 43% cpu@57.031C soc2@55.281C soc0@55.437C gpu@56.875C tj@57.031C soc1@55.875C VDD_IN 9635mW/8919mW VDD_CPU_GPU_CV 4139mW/3438mW VDD_SOC 1895mW/1972mW
09-13-2026 00:28:37 RAM 6955/7620MB (lfb 9x512kB) SWAP 918/12002MB (cached 9MB) CPU [0%@1728,0%@1728,0%@1728,0%@1728,0%@1728,98%@1728] GR3D_FREQ 50% cpu@56.937C soc2@55.281C soc0@55.406C gpu@56.656C tj@56.937C soc1@55.906C VDD_IN 8780mW/8918mW VDD_CPU_GPU_CV 3514mW/3438mW VDD_SOC 1819mW/1971mW
09-13-2026 00:28:38 RAM 6955/7620MB (lfb 9x512kB) SWAP 918/12002MB (cached 9MB) CPU [0%@1728,0%@1728,0%@1728,0%@1728,0%@1728,85%@1728] GR3D_FREQ 99% cpu@57.125C soc2@55.406C soc0@55.343C gpu@58.187C tj@58.187C soc1@55.937C VDD_IN 11472mW/8931mW VDD_CPU_GPU_CV 5344mW/3448mW VDD_SOC 2204mW/1972mW
09-13-2026 00:28:38 RAM 6955/7620MB (lfb 9x512kB) SWAP 918/12002MB (cached 9MB) CPU [0%@1728,0%@1728,1%@1728,0%@1728,0%@1728,96%@1728] GR3D_FREQ 34% cpu@56.968C soc2@55.343C soc0@55.343C gpu@56.812C tj@56.968C soc1@55.968C VDD_IN 10148mW/8937mW VDD_CPU_GPU_CV 4565mW/3454mW VDD_SOC 1974mW/1972mW
09-13-2026 00:28:39 RAM 6955/7620MB (lfb 9x512kB) SWAP 918/12002MB (cached 9MB) CPU [0%@729,0%@729,0%@729,0%@729,0%@1728,98%@1728] GR3D_FREQ 48% cpu@56.843C soc2@55.312C soc0@55.343C gpu@56.75C tj@56.843C soc1@56.125C VDD_IN 8859mW/8937mW VDD_CPU_GPU_CV 3632mW/3454mW VDD_SOC 1819mW/1971mW
09-13-2026 00:28:39 RAM 6955/7620MB (lfb 9x512kB) SWAP 918/12002MB (cached 9MB) CPU [0%@1728,0%@1728,1%@1728,0%@1728,0%@1728,100%@1728] GR3D_FREQ 60% cpu@56.812C soc2@55.25C soc0@55.312C gpu@56.343C tj@56.812C soc1@56.093C VDD_IN 8477mW/8934mW VDD_CPU_GPU_CV 3277mW/3454mW VDD_SOC 1779mW/1970mW
09-13-2026 00:28:40 RAM 6955/7620MB (lfb 9x512kB) SWAP 918/12002MB (cached 9MB) CPU [0%@729,0%@729,0%@729,0%@729,0%@1728,98%@1728] GR3D_FREQ 57% cpu@56.812C soc2@55.343C soc0@55.343C gpu@56.625C tj@56.812C soc1@56.031C VDD_IN 8279mW/8931mW VDD_CPU_GPU_CV 3119mW/3452mW VDD_SOC 1740mW/1969mW
09-13-2026 00:28:40 RAM 6955/7620MB (lfb 9x512kB) SWAP 918/12002MB (cached 9MB) CPU [0%@729,0%@729,0%@729,1%@729,0%@1728,98%@1728] GR3D_FREQ 61% cpu@57.031C soc2@55.312C soc0@55.312C gpu@56.312C tj@57.031C soc1@55.968C VDD_IN 8200mW/8928mW VDD_CPU_GPU_CV 3080mW/3450mW VDD_SOC 1743mW/1968mW
09-13-2026 00:28:41 RAM 6956/7620MB (lfb 9x512kB) SWAP 918/12002MB (cached 9MB) CPU [1%@1728,1%@1728,1%@1728,3%@1728,0%@1728,68%@1728] GR3D_FREQ 70% cpu@57.093C soc2@55.656C soc0@55.5C gpu@57.937C tj@57.937C soc1@56.031C VDD_IN 13478mW/8950mW VDD_CPU_GPU_CV 6541mW/3465mW VDD_SOC 2436mW/1970mW
09-13-2026 00:28:41 RAM 6956/7620MB (lfb 9x512kB) SWAP 918/12002MB (cached 9MB) CPU [0%@1728,0%@1728,0%@1728,1%@1728,0%@1728,100%@1728] GR3D_FREQ 37% cpu@57.125C soc2@55.687C soc0@55.531C gpu@56.968C tj@57.125C soc1@56.031C VDD_IN 10108mW/8955mW VDD_CPU_GPU_CV 4447mW/3470mW VDD_SOC 1974mW/1970mW
09-13-2026 00:28:42 RAM 6956/7620MB (lfb 9x512kB) SWAP 918/12002MB (cached 9MB) CPU [1%@1728,0%@1728,1%@1728,0%@1728,0%@1728,98%@1728] GR3D_FREQ 52% cpu@57C soc2@55.468C soc0@55.531C gpu@56.906C tj@57C soc1@56.343C VDD_IN 8978mW/8955mW VDD_CPU_GPU_CV 3632mW/3471mW VDD_SOC 1819mW/1970mW
09-13-2026 00:28:42 RAM 6956/7620MB (lfb 9x512kB) SWAP 918/12002MB (cached 9MB) CPU [0%@1728,0%@1728,1%@1728,0%@1728,0%@1728,98%@1728] GR3D_FREQ 99% cpu@57C soc2@55.437C soc0@55.468C gpu@56.812C tj@57C soc1@56.25C VDD_IN 8899mW/8955mW VDD_CPU_GPU_CV 3553mW/3471mW VDD_SOC 1858mW/1969mW
09-13-2026 00:28:43 RAM 6956/7620MB (lfb 9x512kB) SWAP 918/12002MB (cached 9MB) CPU [1%@1728,0%@1728,0%@1728,1%@1728,0%@1728,61%@1728] GR3D_FREQ 30% cpu@57.343C soc2@56C soc0@55.718C gpu@57.75C tj@57.75C soc1@56.312C VDD_IN 14067mW/8979mW VDD_CPU_GPU_CV 6373mW/3485mW VDD_SOC 3060mW/1974mW
09-13-2026 00:28:43 RAM 6956/7620MB (lfb 9x512kB) SWAP 918/12002MB (cached 9MB) CPU [0%@729,0%@729,1%@729,0%@729,0%@1728,98%@1728] GR3D_FREQ 40% cpu@57.468C soc2@55.843C soc0@55.625C gpu@57C tj@57.468C soc1@56.25C VDD_IN 10464mW/8987mW VDD_CPU_GPU_CV 4408mW/3489mW VDD_SOC 2247mW/1976mW
09-13-2026 00:28:44 RAM 6956/7620MB (lfb 9x512kB) SWAP 918/12002MB (cached 9MB) CPU [0%@1728,0%@1728,0%@1728,0%@1728,0%@1728,100%@1728] GR3D_FREQ 54% cpu@57.343C soc2@55.781C soc0@55.812C gpu@57.031C tj@57.343C soc1@56.25C VDD_IN 9096mW/8987mW VDD_CPU_GPU_CV 3666mW/3490mW VDD_SOC 1934mW/1975mW
09-13-2026 00:28:44 RAM 6956/7620MB (lfb 9x512kB) SWAP 918/12002MB (cached 9MB) CPU [0%@1728,0%@1728,0%@1728,0%@1728,0%@1728,98%@1728] GR3D_FREQ 52% cpu@57.218C soc2@55.593C soc0@55.75C gpu@56.875C tj@57.218C soc1@56.218C VDD_IN 8622mW/8985mW VDD_CPU_GPU_CV 3356mW/3489mW VDD_SOC 1819mW/1975mW
09-13-2026 00:28:45 RAM 6956/7620MB (lfb 9x512kB) SWAP 918/12002MB (cached 9MB) CPU [0%@1728,0%@1728,0%@1728,0%@1728,0%@1728,98%@1728] GR3D_FREQ 54% cpu@57.125C soc2@55.718C soc0@55.625C gpu@56.906C tj@57.281C soc1@56.437C VDD_IN 8464mW/8983mW VDD_CPU_GPU_CV 3316mW/3489mW VDD_SOC 1779mW/1974mW
09-13-2026 00:28:45 RAM 6956/7620MB (lfb 9x512kB) SWAP 918/12002MB (cached 9MB) CPU [0%@1728,0%@1728,1%@1728,0%@1728,0%@1728,84%@1728] GR3D_FREQ 29% cpu@57.312C soc2@55.937C soc0@55.687C gpu@57.625C tj@57.625C soc1@56.406C VDD_IN 12555mW/8999mW VDD_CPU_GPU_CV 5845mW/3500mW VDD_SOC 2279mW/1975mW
09-13-2026 00:28:46 RAM 6956/7620MB (lfb 9x512kB) SWAP 918/12002MB (cached 9MB) CPU [1%@729,0%@729,0%@729,0%@729,0%@1728,100%@1728] GR3D_FREQ 43% cpu@57.156C soc2@55.812C soc0@55.812C gpu@57.093C tj@57.156C soc1@56.406C VDD_IN 9690mW/9003mW VDD_CPU_GPU_CV 4139mW/3503mW VDD_SOC 1895mW/1975mW
09-13-2026 00:28:47 RAM 6956/7620MB (lfb 9x512kB) SWAP 918/12002MB (cached 9MB) CPU [0%@729,0%@729,1%@729,0%@729,0%@1728,100%@1728] GR3D_FREQ 46% cpu@57.156C soc2@55.812C soc0@55.718C gpu@56.968C tj@57.156C soc1@56.406C VDD_IN 8701mW/9001mW VDD_CPU_GPU_CV 3474mW/3502mW VDD_SOC 1779mW/1974mW
09-13-2026 00:28:47 RAM 6956/7620MB (lfb 9x512kB) SWAP 918/12002MB (cached 9MB) CPU [0%@729,0%@729,0%@729,1%@729,0%@1728,98%@1728] GR3D_FREQ 62% cpu@57.437C soc2@55.812C soc0@55.812C gpu@57.031C tj@57.437C soc1@56.375C VDD_IN 8398mW/8999mW VDD_CPU_GPU_CV 3238mW/3501mW VDD_SOC 1779mW/1973mW
09-13-2026 00:28:48 RAM 6956/7620MB (lfb 9x512kB) SWAP 918/12002MB (cached 9MB) CPU [1%@729,0%@729,0%@729,0%@729,0%@1728,98%@1728] GR3D_FREQ 57% cpu@57.312C soc2@55.718C soc0@55.812C gpu@56.781C tj@57.312C soc1@56.312C VDD_IN 8279mW/8995mW VDD_CPU_GPU_CV 3119mW/3499mW VDD_SOC 1779mW/1972mW
09-13-2026 00:28:48 RAM 6956/7620MB (lfb 9x512kB) SWAP 918/12002MB (cached 9MB) CPU [0%@1728,0%@1728,0%@1728,0%@1728,1%@1728,94%@1728] GR3D_FREQ 99% cpu@57.25C soc2@55.718C soc0@55.781C gpu@57.687C tj@57.687C soc1@56.406C VDD_IN 9136mW/8996mW VDD_CPU_GPU_CV 3666mW/3500mW VDD_SOC 1895mW/1972mW
09-13-2026 00:28:49 RAM 6956/7620MB (lfb 9x512kB) SWAP 918/12002MB (cached 9MB) CPU [0%@729,0%@729,1%@729,6%@729,0%@1728,64%@1728] GR3D_FREQ 30% cpu@57.625C soc2@56.125C soc0@55.906C gpu@57.812C tj@57.812C soc1@56.656C VDD_IN 13517mW/9016mW VDD_CPU_GPU_CV 6178mW/3512mW VDD_SOC 2863mW/1976mW
09-13-2026 00:28:49 RAM 6956/7620MB (lfb 9x512kB) SWAP 918/12002MB (cached 9MB) CPU [0%@1728,0%@1728,0%@1728,1%@1728,0%@1728,100%@1728] GR3D_FREQ 39% cpu@57.406C soc2@55.937C soc0@55.906C gpu@57.312C tj@57.406C soc1@56.562C VDD_IN 10148mW/9021mW VDD_CPU_GPU_CV 4329mW/3516mW VDD_SOC 2092mW/1976mW
09-13-2026 00:28:50 RAM 6956/7620MB (lfb 9x512kB) SWAP 918/12002MB (cached 9MB) CPU [0%@1728,0%@1728,0%@1728,0%@1728,0%@1728,98%@1728] GR3D_FREQ 51% cpu@57.343C soc2@55.937C soc0@55.843C gpu@57.093C tj@57.343C soc1@56.531C VDD_IN 8978mW/9021mW VDD_CPU_GPU_CV 3627mW/3516mW VDD_SOC 1858mW/1976mW
09-13-2026 00:28:50 RAM 6957/7620MB (lfb 9x512kB) SWAP 918/12002MB (cached 9MB) CPU [3%@1728,0%@1728,0%@1728,0%@1728,1%@1728,84%@1728] GR3D_FREQ 95% cpu@57.406C soc2@56.125C soc0@55.843C gpu@58.25C tj@58.25C soc1@56.562C VDD_IN 10503mW/9028mW VDD_CPU_GPU_CV 4487mW/3521mW VDD_SOC 2128mW/1976mW
09-13-2026 00:28:51 RAM 6957/7620MB (lfb 9x512kB) SWAP 918/12002MB (cached 9MB) CPU [0%@729,0%@729,0%@729,0%@729,0%@1728,76%@1728] GR3D_FREQ 30% cpu@57.812C soc2@56.343C soc0@56.156C gpu@57.781C tj@57.812C soc1@56.562C VDD_IN 13242mW/9047mW VDD_CPU_GPU_CV 5796mW/3531mW VDD_SOC 3060mW/1981mW
09-13-2026 00:28:51 RAM 6957/7620MB (lfb 9x512kB) SWAP 918/12002MB (cached 9MB) CPU [0%@1728,0%@1728,1%@1728,0%@1728,0%@1728,100%@1728] GR3D_FREQ 46% cpu@57.625C soc2@56.156C soc0@56.125C gpu@57.5C tj@57.625C soc1@56.625C VDD_IN 10108mW/9051mW VDD_CPU_GPU_CV 4172mW/3534mW VDD_SOC 2250mW/1982mW
09-13-2026 00:28:52 RAM 6958/7620MB (lfb 9x512kB) SWAP 918/12002MB (cached 9MB) CPU [2%@1728,0%@1728,1%@1728,5%@1728,0%@1728,98%@1728] GR3D_FREQ 53% cpu@57.562C soc2@56.093C soc0@56.031C gpu@57.25C tj@57.562C soc1@56.875C VDD_IN 9017mW/9051mW VDD_CPU_GPU_CV 3587mW/3534mW VDD_SOC 1938mW/1982mW
09-13-2026 00:28:52 RAM 6950/7620MB (lfb 9x512kB) SWAP 918/12002MB (cached 9MB) CPU [32%@729,22%@729,25%@729,24%@729,44%@1728,63%@1728] GR3D_FREQ 99% cpu@58.031C soc2@56.437C soc0@56.093C gpu@58.687C tj@58.687C soc1@56.812C VDD_IN 12555mW/9067mW VDD_CPU_GPU_CV 5953mW/3545mW VDD_SOC 2357mW/1984mW
09-13-2026 00:28:53 RAM 6951/7620MB (lfb 9x512kB) SWAP 918/12002MB (cached 9MB) CPU [4%@729,3%@1728,0%@1728,5%@1728,76%@1728,8%@1728] GR3D_FREQ 31% cpu@58.156C soc2@56.625C soc0@56.25C gpu@57.937C tj@58.156C soc1@56.968C VDD_IN 12870mW/9083mW VDD_CPU_GPU_CV 5561mW/3553mW VDD_SOC 3065mW/1989mW
09-13-2026 00:28:53 RAM 6951/7620MB (lfb 9x512kB) SWAP 918/12002MB (cached 9MB) CPU [1%@1728,1%@1728,0%@1728,0%@1728,100%@1728,0%@1728] GR3D_FREQ 43% cpu@57.968C soc2@56.437C soc0@56.218C gpu@57.531C tj@57.968C soc1@56.843C VDD_IN 9911mW/9087mW VDD_CPU_GPU_CV 4054mW/3556mW VDD_SOC 2171mW/1989mW
09-13-2026 00:28:54 RAM 6951/7620MB (lfb 9x512kB) SWAP 918/12002MB (cached 9MB) CPU [0%@1728,1%@1728,0%@1728,1%@1728,98%@1728,0%@1728] GR3D_FREQ 53% cpu@58C soc2@56.25C soc0@56.375C gpu@57.343C tj@57.968C soc1@56.843C VDD_IN 8899mW/9086mW VDD_CPU_GPU_CV 3508mW/3555mW VDD_SOC 1898mW/1989mW
09-13-2026 00:28:54 RAM 6951/7620MB (lfb 9x512kB) SWAP 918/12002MB (cached 9MB) CPU [1%@1728,0%@1728,0%@1728,0%@1728,80%@1728,0%@1728] GR3D_FREQ 99% cpu@58.187C soc2@56.625C soc0@56.406C gpu@59C tj@59C soc1@56.875C VDD_IN 14201mW/9108mW VDD_CPU_GPU_CV 6608mW/3569mW VDD_SOC 2942mW/1993mW
09-13-2026 00:28:55 RAM 6951/7620MB (lfb 9x512kB) SWAP 918/12002MB (cached 9MB) CPU [0%@729,1%@1728,0%@1728,1%@1728,84%@1728,0%@1728] GR3D_FREQ 34% cpu@58.218C soc2@56.656C soc0@56.406C gpu@57.843C tj@58.218C soc1@56.875C VDD_IN 11926mW/9120mW VDD_CPU_GPU_CV 5021mW/3575mW VDD_SOC 2873mW/1997mW
09-13-2026 00:28:55 RAM 6951/7620MB (lfb 9x512kB) SWAP 918/12002MB (cached 9MB) CPU [0%@729,1%@1728,1%@1728,0%@1728,98%@1728,0%@1728] GR3D_FREQ 45% cpu@58.187C soc2@56.468C soc0@56.343C gpu@57.5C tj@58.187C soc1@57.031C VDD_IN 9556mW/9122mW VDD_CPU_GPU_CV 3902mW/3576mW VDD_SOC 2132mW/1997mW
09-13-2026 00:28:56 RAM 6952/7620MB (lfb 9x512kB) SWAP 918/12002MB (cached 9MB) CPU [1%@1728,0%@1728,1%@1728,3%@1728,100%@1728,0%@1728] GR3D_FREQ 0% cpu@57.968C soc2@56.437C soc0@56.312C gpu@57.25C tj@57.968C soc1@57C VDD_IN 8701mW/9120mW VDD_CPU_GPU_CV 3356mW/3575mW VDD_SOC 1858mW/1997mW
09-13-2026 00:28:56 RAM 6952/7620MB (lfb 9x512kB) SWAP 918/12002MB (cached 9MB) CPU [1%@1728,0%@1728,1%@1728,0%@1728,82%@1728,1%@1728] GR3D_FREQ 35% cpu@58.218C soc2@56.75C soc0@56.437C gpu@57.968C tj@58.218C soc1@57C VDD_IN 11847mW/9132mW VDD_CPU_GPU_CV 5610mW/3584mW VDD_SOC 2400mW/1999mW
09-13-2026 00:28:57 RAM 6952/7620MB (lfb 9x512kB) SWAP 918/12002MB (cached 9MB) CPU [0%@1728,0%@1728,0%@1728,0%@1728,100%@1728,0%@1728] GR3D_FREQ 45% cpu@58.187C soc2@56.5C soc0@56.406C gpu@57.593C tj@58.187C soc1@57C VDD_IN 9452mW/9133mW VDD_CPU_GPU_CV 4021mW/3586mW VDD_SOC 1934mW/1998mW
09-13-2026 00:28:57 RAM 6952/7620MB (lfb 9x512kB) SWAP 918/12002MB (cached 9MB) CPU [0%@1728,0%@1728,0%@1728,1%@1728,98%@1728,0%@1728] GR3D_FREQ 47% cpu@58.125C soc2@56.468C soc0@56.468C gpu@57.406C tj@58.062C soc1@57C VDD_IN 8622mW/9131mW VDD_CPU_GPU_CV 3435mW/3585mW VDD_SOC 1819mW/1998mW
09-13-2026 00:28:58 RAM 6952/7620MB (lfb 9x512kB) SWAP 918/12002MB (cached 9MB) CPU [0%@1728,0%@1728,0%@1728,1%@1728,98%@1728,0%@1728] GR3D_FREQ 59% cpu@58.031C soc2@56.437C soc0@56.375C gpu@57.406C tj@58.031C soc1@57C VDD_IN 8358mW/9128mW VDD_CPU_GPU_CV 3198mW/3583mW VDD_SOC 1779mW/1997mW
09-13-2026 00:28:58 RAM 6952/7620MB (lfb 9x512kB) SWAP 918/12002MB (cached 9MB) CPU [1%@1728,0%@1728,0%@1728,0%@1728,100%@1728,0%@1728] GR3D_FREQ 57% cpu@58.093C soc2@56.375C soc0@56.375C gpu@57.718C tj@58.093C soc1@57.187C VDD_IN 8240mW/9124mW VDD_CPU_GPU_CV 3119mW/3582mW VDD_SOC 1779mW/1996mW
09-13-2026 00:28:59 RAM 6952/7620MB (lfb 9x512kB) SWAP 918/12002MB (cached 9MB) CPU [1%@729,0%@1728,0%@1728,0%@1728,86%@1728,0%@1728] GR3D_FREQ 82% cpu@58.187C soc2@56.562C soc0@56.406C gpu@58.531C tj@58.531C soc1@57.093C VDD_IN 10345mW/9129mW VDD_CPU_GPU_CV 4447mW/3585mW VDD_SOC 2089mW/1996mW
09-13-2026 00:28:59 RAM 6951/7620MB (lfb 9x512kB) SWAP 918/12002MB (cached 9MB) CPU [0%@1728,0%@1728,0%@1728,0%@1728,74%@1728,0%@1728] GR3D_FREQ 31% cpu@58.406C soc2@56.781C soc0@56.562C gpu@58.531C tj@58.531C soc1@57.031C VDD_IN 12870mW/9144mW VDD_CPU_GPU_CV 5836mW/3594mW VDD_SOC 2672mW/1999mW
09-13-2026 00:29:00 RAM 6951/7620MB (lfb 9x512kB) SWAP 918/12002MB (cached 9MB) CPU [0%@1728,0%@1728,0%@1728,1%@1728,100%@1728,0%@1728] GR3D_FREQ 44% cpu@58.5C soc2@56.656C soc0@56.593C gpu@57.75C tj@58.343C soc1@57.156C VDD_IN 9911mW/9148mW VDD_CPU_GPU_CV 4211mW/3597mW VDD_SOC 2053mW/1999mW
09-13-2026 00:29:00 RAM 6951/7620MB (lfb 9x512kB) SWAP 918/12002MB (cached 9MB) CPU [0%@1728,0%@1728,0%@1728,0%@1728,98%@1728,0%@1728] GR3D_FREQ 53% cpu@58.5C soc2@56.656C soc0@56.687C gpu@57.968C tj@58.5C soc1@57.093C VDD_IN 8899mW/9147mW VDD_CPU_GPU_CV 3587mW/3597mW VDD_SOC 1858mW/1999mW
09-13-2026 00:29:01 RAM 6951/7620MB (lfb 9x512kB) SWAP 918/12002MB (cached 9MB) CPU [0%@1728,0%@1728,0%@1728,0%@1728,37%@1728,40%@1728] GR3D_FREQ 99% cpu@58.718C soc2@57.062C soc0@56.656C gpu@59.562C tj@59.562C soc1@57.25C VDD_IN 14712mW/9169mW VDD_CPU_GPU_CV 6871mW/3610mW VDD_SOC 3094mW/2003mW
09-13-2026 00:29:01 RAM 6951/7620MB (lfb 9x512kB) SWAP 918/12002MB (cached 9MB) CPU [1%@729,0%@729,0%@729,0%@729,0%@1728,86%@1728] GR3D_FREQ 35% cpu@58.375C soc2@57C soc0@56.75C gpu@58.468C tj@58.468C soc1@57.375C VDD_IN 12122mW/9181mW VDD_CPU_GPU_CV 5060mW/3616mW VDD_SOC 3030mW/2007mW
09-13-2026 00:29:02 RAM 6951/7620MB (lfb 9x512kB) SWAP 918/12002MB (cached 9MB) CPU [0%@729,0%@729,0%@729,3%@729,0%@1728,98%@1728] GR3D_FREQ 45% cpu@58.156C soc2@56.75C soc0@56.656C gpu@57.875C tj@58.156C soc1@57.437C VDD_IN 9674mW/9183mW VDD_CPU_GPU_CV 3902mW/3617mW VDD_SOC 2171mW/2008mW
09-13-2026 00:29:02 RAM 6951/7620MB (lfb 9x512kB) SWAP 918/12002MB (cached 9MB) CPU [4%@729,0%@729,0%@729,0%@729,0%@1728,90%@1728] GR3D_FREQ 99% cpu@58.156C soc2@56.875C soc0@56.656C gpu@59.031C tj@59.031C soc1@57.281C VDD_IN 10306mW/9188mW VDD_CPU_GPU_CV 4408mW/3621mW VDD_SOC 2128mW/2008mW
09-13-2026 00:29:03 RAM 6951/7620MB (lfb 9x512kB) SWAP 918/12002MB (cached 9MB) CPU [0%@1728,0%@1728,0%@1728,1%@1728,0%@1728,97%@1728] GR3D_FREQ 34% cpu@58.375C soc2@57.062C soc0@56.75C gpu@58.187C tj@58.343C soc1@57.312C VDD_IN 11196mW/9196mW VDD_CPU_GPU_CV 4951mW/3626mW VDD_SOC 2322mW/2010mW
09-13-2026 00:29:03 RAM 6951/7620MB (lfb 9x512kB) SWAP 918/12002MB (cached 9MB) CPU [0%@1728,0%@1728,0%@1728,1%@1728,0%@1728,98%@1728] GR3D_FREQ 47% cpu@58.312C soc2@56.875C soc0@56.968C gpu@58.187C tj@58.312C soc1@57.343C VDD_IN 9215mW/9196mW VDD_CPU_GPU_CV 3784mW/3626mW VDD_SOC 1934mW/2009mW
09-13-2026 00:29:04 RAM 6951/7620MB (lfb 9x512kB) SWAP 918/12002MB (cached 9MB) CPU [0%@1728,0%@1728,0%@1728,0%@1728,0%@1728,100%@1728] GR3D_FREQ 50% cpu@58.437C soc2@56.875C soc0@56.781C gpu@57.906C tj@58.437C soc1@57.25C VDD_IN 8543mW/9193mW VDD_CPU_GPU_CV 3356mW/3625mW VDD_SOC 1819mW/2009mW
09-13-2026 00:29:04 RAM 6951/7620MB (lfb 9x512kB) SWAP 918/12002MB (cached 9MB) CPU [0%@729,0%@729,0%@729,0%@729,0%@1728,98%@1728] GR3D_FREQ 52% cpu@58.218C soc2@56.781C soc0@56.75C gpu@57.937C tj@58.218C soc1@57.468C VDD_IN 8319mW/9190mW VDD_CPU_GPU_CV 3159mW/3624mW VDD_SOC 1779mW/2008mW
09-13-2026 00:29:05 RAM 6951/7620MB (lfb 9x512kB) SWAP 918/12002MB (cached 9MB) CPU [0%@1728,0%@1728,0%@1728,0%@1728,0%@1728,98%@1728] GR3D_FREQ 58% cpu@58.156C soc2@56.75C soc0@56.781C gpu@57.875C tj@58.156C soc1@57.375C VDD_IN 8240mW/9186mW VDD_CPU_GPU_CV 3080mW/3621mW VDD_SOC 1779mW/2007mW
09-13-2026 00:29:05 RAM 6951/7620MB (lfb 9x512kB) SWAP 918/12002MB (cached 9MB) CPU [0%@1728,0%@1728,0%@1728,0%@1728,0%@1728,88%@1728] GR3D_FREQ 99% cpu@58.312C soc2@57.031C soc0@56.718C gpu@59C tj@59C soc1@57.437C VDD_IN 11078mW/9194mW VDD_CPU_GPU_CV 4872mW/3626mW VDD_SOC 2207mW/2008mW
09-13-2026 00:29:06 RAM 6951/7620MB (lfb 9x512kB) SWAP 918/12002MB (cached 9MB) CPU [1%@1728,0%@1728,0%@1728,1%@1728,0%@1728,71%@1728] GR3D_FREQ 32% cpu@58.656C soc2@57.218C soc0@56.812C gpu@58.5C tj@58.656C soc1@57.406C VDD_IN 12713mW/9207mW VDD_CPU_GPU_CV 5796mW/3635mW VDD_SOC 2632mW/2010mW
09-13-2026 00:29:06 RAM 6951/7620MB (lfb 9x512kB) SWAP 918/12002MB (cached 9MB) CPU [0%@729,0%@729,0%@729,0%@729,0%@1728,100%@1728] GR3D_FREQ 47% cpu@58.531C soc2@57.062C soc0@57C gpu@58.312C tj@58.531C soc1@57.406C VDD_IN 9911mW/9210mW VDD_CPU_GPU_CV 4211mW/3637mW VDD_SOC 2053mW/2010mW
09-13-2026 00:29:07 RAM 6951/7620MB (lfb 9x512kB) SWAP 918/12002MB (cached 9MB) CPU [0%@729,0%@729,0%@1728,0%@1728,0%@1728,98%@1728] GR3D_FREQ 52% cpu@58.468C soc2@57C soc0@56.875C gpu@58.093C tj@58.468C soc1@57.406C VDD_IN 8938mW/9209mW VDD_CPU_GPU_CV 3587mW/3637mW VDD_SOC 1858mW/2010mW
09-13-2026 00:29:07 RAM 6951/7620MB (lfb 9x512kB) SWAP 918/12002MB (cached 9MB) CPU [3%@1728,1%@1728,0%@1728,1%@1728,0%@1728,86%@1728] GR3D_FREQ 29% cpu@58.593C soc2@57.218C soc0@57.062C gpu@58.937C tj@58.937C soc1@57.343C VDD_IN 12673mW/9223mW VDD_CPU_GPU_CV 5924mW/3646mW VDD_SOC 2436mW/2011mW
09-13-2026 00:29:08 RAM 6951/7620MB (lfb 9x512kB) SWAP 918/12002MB (cached 9MB) CPU [0%@729,0%@729,0%@729,0%@729,0%@1728,100%@1728] GR3D_FREQ 39% cpu@58.437C soc2@57.125C soc0@56.906C gpu@58.25C tj@58.437C soc1@57.687C VDD_IN 9753mW/9225mW VDD_CPU_GPU_CV 4139mW/3648mW VDD_SOC 1974mW/2011mW
09-13-2026 00:29:08 RAM 6951/7620MB (lfb 9x512kB) SWAP 918/12002MB (cached 9MB) CPU [0%@729,1%@729,0%@729,0%@729,0%@1728,98%@1728] GR3D_FREQ 47% cpu@58.312C soc2@56.937C soc0@56.937C gpu@58.031C tj@58.312C soc1@57.656C VDD_IN 8740mW/9223mW VDD_CPU_GPU_CV 3474mW/3647mW VDD_SOC 1819mW/2010mW
09-13-2026 00:29:09 RAM 6951/7620MB (lfb 9x512kB) SWAP 918/12002MB (cached 9MB) CPU [0%@729,0%@729,0%@729,1%@729,0%@1728,98%@1728] GR3D_FREQ 61% cpu@58.312C soc2@56.968C soc0@56.875C gpu@58C tj@58.312C soc1@57.468C VDD_IN 8398mW/9220mW VDD_CPU_GPU_CV 3238mW/3645mW VDD_SOC 1779mW/2009mW
09-13-2026 00:29:09 RAM 6951/7620MB (lfb 9x512kB) SWAP 918/12002MB (cached 9MB) CPU [0%@729,0%@729,0%@729,1%@729,0%@1728,98%@1728] GR3D_FREQ 56% cpu@58.531C soc2@56.937C soc0@56.968C gpu@58C tj@58.531C soc1@57.5C VDD_IN 8279mW/9216mW VDD_CPU_GPU_CV 3119mW/3643mW VDD_SOC 1779mW/2009mW
09-13-2026 00:29:10 RAM 6951/7620MB (lfb 9x512kB) SWAP 918/12002MB (cached 9MB) CPU [0%@1728,0%@1728,0%@1728,0%@1728,0%@1728,98%@1728] GR3D_FREQ 0% cpu@58.437C soc2@56.906C soc0@56.937C gpu@57.781C tj@58.437C soc1@57.437C VDD_IN 8160mW/9212mW VDD_CPU_GPU_CV 3040mW/3641mW VDD_SOC 1779mW/2008mW
09-13-2026 00:29:10 RAM 6951/7620MB (lfb 9x512kB) SWAP 918/12002MB (cached 9MB) CPU [1%@1728,0%@1728,1%@1728,0%@1728,0%@1728,62%@1728] GR3D_FREQ 99% cpu@58.75C soc2@57.468C soc0@57.093C gpu@59.781C tj@59.781C soc1@57.687C VDD_IN 14672mW/9233mW VDD_CPU_GPU_CV 6871mW/3653mW VDD_SOC 2898mW/2011mW
09-13-2026 00:29:11 RAM 6951/7620MB (lfb 9x512kB) SWAP 918/12002MB (cached 9MB) CPU [0%@1728,1%@1728,0%@1728,2%@1728,0%@1728,98%@1728] GR3D_FREQ 39% cpu@58.531C soc2@57.25C soc0@57.031C gpu@58.531C tj@58.562C soc1@57.781C VDD_IN 10683mW/9238mW VDD_CPU_GPU_CV 4676mW/3657mW VDD_SOC 2207mW/2012mW
09-13-2026 00:29:11 RAM 6951/7620MB (lfb 9x512kB) SWAP 918/12002MB (cached 9MB) CPU [1%@1728,1%@1728,0%@1728,1%@1728,0%@1728,100%@1728] GR3D_FREQ 51% cpu@58.468C soc2@57.25C soc0@57.031C gpu@58.25C tj@58.468C soc1@57.75C VDD_IN 9176mW/9238mW VDD_CPU_GPU_CV 3784mW/3658mW VDD_SOC 1895mW/2011mW
09-13-2026 00:29:12 RAM 6951/7620MB (lfb 9x512kB) SWAP 918/12002MB (cached 9MB) CPU [0%@729,0%@729,0%@729,0%@729,1%@1728,84%@1728] GR3D_FREQ 88% cpu@58.718C soc2@57.312C soc0@56.968C gpu@59.25C tj@59.25C soc1@57.687C VDD_IN 10464mW/9242mW VDD_CPU_GPU_CV 4526mW/3661mW VDD_SOC 2089mW/2012mW
09-13-2026 00:29:12 RAM 6951/7620MB (lfb 9x512kB) SWAP 918/12002MB (cached 9MB) CPU [0%@1728,0%@1728,0%@1728,0%@1728,0%@1728,74%@1728] GR3D_FREQ 28% cpu@58.843C soc2@57.531C soc0@57.375C gpu@59.031C tj@59.031C soc1@57.812C VDD_IN 13871mW/9260mW VDD_CPU_GPU_CV 6178mW/3670mW VDD_SOC 3177mW/2016mW
09-13-2026 00:29:13 RAM 6951/7620MB (lfb 9x512kB) SWAP 918/12002MB (cached 9MB) CPU [1%@729,0%@1728,1%@1728,0%@1728,0%@1728,100%@1728] GR3D_FREQ 39% cpu@58.937C soc2@57.437C soc0@57.218C gpu@58.906C tj@58.937C soc1@57.781C VDD_IN 10543mW/9265mW VDD_CPU_GPU_CV 4368mW/3673mW VDD_SOC 2404mW/2017mW
09-13-2026 00:29:13 RAM 6951/7620MB (lfb 9x512kB) SWAP 918/12002MB (cached 9MB) CPU [0%@1728,3%@1728,0%@1728,1%@1728,0%@1728,100%@1728] GR3D_FREQ 52% cpu@58.718C soc2@57.281C soc0@57.25C gpu@58.375C tj@58.718C soc1@57.781C VDD_IN 9176mW/9264mW VDD_CPU_GPU_CV 3627mW/3673mW VDD_SOC 1974mW/2017mW
09-13-2026 00:29:14 RAM 6951/7620MB (lfb 9x512kB) SWAP 918/12002MB (cached 9MB) CPU [0%@1728,3%@1728,0%@1728,0%@1728,0%@1728,98%@1728] GR3D_FREQ 47% cpu@58.75C soc2@57.281C soc0@57.187C gpu@58.562C tj@58.75C soc1@57.968C VDD_IN 8740mW/9262mW VDD_CPU_GPU_CV 3395mW/3672mW VDD_SOC 1858mW/2017mW
09-13-2026 00:29:14 RAM 6951/7620MB (lfb 9x512kB) SWAP 918/12002MB (cached 9MB) CPU [0%@729,0%@729,1%@729,0%@729,0%@1728,84%@1728] GR3D_FREQ 27% cpu@58.812C soc2@57.625C soc0@57.25C gpu@59.218C tj@59.218C soc1@57.968C VDD_IN 12988mW/9276mW VDD_CPU_GPU_CV 6110mW/3681mW VDD_SOC 2436mW/2018mW
09-13-2026 00:29:15 RAM 6951/7620MB (lfb 9x512kB) SWAP 918/12002MB (cached 9MB) CPU [1%@1728,0%@1728,0%@1728,0%@1728,0%@1728,100%@1728] GR3D_FREQ 39% cpu@58.937C soc2@57.468C soc0@57.281C gpu@58.781C tj@58.937C soc1@57.875C VDD_IN 9911mW/9278mW VDD_CPU_GPU_CV 4211mW/3683mW VDD_SOC 1974mW/2018mW
09-13-2026 00:29:15 RAM 6951/7620MB (lfb 9x512kB) SWAP 918/12002MB (cached 9MB) CPU [0%@729,0%@729,0%@729,0%@729,1%@1728,98%@1728] GR3D_FREQ 53% cpu@58.875C soc2@57.375C soc0@57.437C gpu@58.437C tj@58.875C soc1@57.875C VDD_IN 8820mW/9277mW VDD_CPU_GPU_CV 3508mW/3682mW VDD_SOC 1819mW/2017mW
09-13-2026 00:29:16 RAM 6951/7620MB (lfb 9x512kB) SWAP 918/12002MB (cached 9MB) CPU [0%@1728,0%@1728,0%@1728,1%@1728,0%@1728,100%@1728] GR3D_FREQ 62% cpu@58.875C soc2@57.25C soc0@57.281C gpu@58.5C tj@58.875C soc1@57.906C VDD_IN 8424mW/9273mW VDD_CPU_GPU_CV 3238mW/3680mW VDD_SOC 1779mW/2016mW
09-13-2026 00:29:16 RAM 6951/7620MB (lfb 9x512kB) SWAP 918/12002MB (cached 9MB) CPU [0%@729,0%@729,0%@729,0%@729,0%@1728,98%@1728] GR3D_FREQ 60% cpu@58.75C soc2@57.312C soc0@57.312C gpu@58.375C tj@58.75C soc1@57.812C VDD_IN 8279mW/9270mW VDD_CPU_GPU_CV 3119mW/3678mW VDD_SOC 1779mW/2016mW
09-13-2026 00:29:17 RAM 6951/7620MB (lfb 9x512kB) SWAP 918/12002MB (cached 9MB) CPU [0%@1728,0%@1728,0%@1728,1%@1728,0%@1728,98%@1728] GR3D_FREQ 59% cpu@58.656C soc2@57.218C soc0@57.25C gpu@58.468C tj@58.656C soc1@58C VDD_IN 8240mW/9266mW VDD_CPU_GPU_CV 3119mW/3676mW VDD_SOC 1779mW/2015mW
09-13-2026 00:29:17 RAM 6951/7620MB (lfb 9x512kB) SWAP 918/12002MB (cached 9MB) CPU [3%@729,0%@729,0%@729,0%@729,0%@1728,70%@1728] GR3D_FREQ 99% cpu@59.281C soc2@57.812C soc0@57.281C gpu@60.25C tj@60.25C soc1@57.937C VDD_IN 14084mW/9283mW VDD_CPU_GPU_CV 6608mW/3687mW VDD_SOC 2785mW/2018mW
09-13-2026 00:29:18 RAM 6951/7620MB (lfb 9x512kB) SWAP 918/12002MB (cached 9MB) CPU [0%@729,1%@729,0%@729,0%@729,0%@1728,88%@1728] GR3D_FREQ 35% cpu@58.812C soc2@57.687C soc0@57.312C gpu@59.062C tj@59.062C soc1@57.968C VDD_IN 11354mW/9291mW VDD_CPU_GPU_CV 4951mW/3691mW VDD_SOC 2440mW/2019mW
09-13-2026 00:29:18 RAM 6951/7620MB (lfb 9x512kB) SWAP 918/12002MB (cached 9MB) CPU [1%@729,0%@729,0%@729,1%@729,0%@1728,98%@1728] GR3D_FREQ 47% cpu@59C soc2@57.5C soc0@57.468C gpu@58.75C tj@59C soc1@57.968C VDD_IN 9398mW/9291mW VDD_CPU_GPU_CV 3902mW/3692mW VDD_SOC 1974mW/2019mW
09-13-2026 00:29:19 RAM 6951/7620MB (lfb 9x512kB) SWAP 918/12002MB (cached 9MB) CPU [0%@1728,0%@1728,0%@1728,0%@1728,0%@1728,100%@1728] GR3D_FREQ 53% cpu@58.937C soc2@57.531C soc0@57.375C gpu@58.531C tj@59C soc1@57.937C VDD_IN 8780mW/9289mW VDD_CPU_GPU_CV 3469mW/3691mW VDD_SOC 1858mW/2018mW
09-13-2026 00:29:19 RAM 6951/7620MB (lfb 9x512kB) SWAP 918/12002MB (cached 9MB) CPU [0%@1728,1%@1728,0%@1728,0%@1728,1%@1728,90%@1728] GR3D_FREQ 99% cpu@58.843C soc2@57.5C soc0@57.343C gpu@59.468C tj@59.468C soc1@57.937C VDD_IN 9753mW/9291mW VDD_CPU_GPU_CV 4093mW/3693mW VDD_SOC 1974mW/2018mW
09-13-2026 00:29:20 RAM 6951/7620MB (lfb 9x512kB) SWAP 918/12002MB (cached 9MB) CPU [0%@729,0%@729,0%@729,0%@729,0%@1728,92%@1728] GR3D_FREQ 34% cpu@58.937C soc2@57.593C soc0@57.531C gpu@59.062C tj@59.062C soc1@58.156C VDD_IN 10802mW/9296mW VDD_CPU_GPU_CV 4990mW/3697mW VDD_SOC 2089mW/2018mW
09-13-2026 00:29:20 RAM 6951/7620MB (lfb 9x512kB) SWAP 918/12002MB (cached 9MB) CPU [0%@729,0%@729,0%@729,0%@729,0%@1728,100%@1728] GR3D_FREQ 48% cpu@58.906C soc2@57.625C soc0@57.437C gpu@58.625C tj@58.906C soc1@58.156C VDD_IN 9136mW/9296mW VDD_CPU_GPU_CV 3784mW/3698mW VDD_SOC 1855mW/2018mW
09-13-2026 00:29:21 RAM 6951/7620MB (lfb 9x512kB) SWAP 918/12002MB (cached 9MB) CPU [0%@729,0%@729,0%@729,0%@729,0%@1728,98%@1728] GR3D_FREQ 52% cpu@58.968C soc2@57.593C soc0@57.343C gpu@58.5C tj@58.968C soc1@58.062C VDD_IN 8543mW/9293mW VDD_CPU_GPU_CV 3356mW/3696mW VDD_SOC 1779mW/2017mW
09-13-2026 00:29:21 RAM 6951/7620MB (lfb 9x512kB) SWAP 918/12002MB (cached 9MB) CPU [0%@729,0%@729,0%@729,0%@729,0%@1728,97%@1728] GR3D_FREQ 65% cpu@59.031C soc2@57.562C soc0@57.593C gpu@58.468C tj@59.031C soc1@58.062C VDD_IN 8345mW/9290mW VDD_CPU_GPU_CV 3159mW/3695mW VDD_SOC 1779mW/2016mW
09-13-2026 00:29:22 RAM 6951/7620MB (lfb 9x512kB) SWAP 918/12002MB (cached 9MB) CPU [0%@729,0%@729,1%@1728,1%@1728,0%@1728,100%@1728] GR3D_FREQ 62% cpu@58.937C soc2@57.375C soc0@57.468C gpu@58.437C tj@58.937C soc1@58.062C VDD_IN 8279mW/9286mW VDD_CPU_GPU_CV 3119mW/3693mW VDD_SOC 1779mW/2015mW
09-13-2026 00:29:22 RAM 6951/7620MB (lfb 9x512kB) SWAP 918/12002MB (cached 9MB) CPU [0%@729,0%@729,0%@729,0%@729,0%@1728,86%@1728] GR3D_FREQ 99% cpu@59.187C soc2@57.656C soc0@57.468C gpu@59.812C tj@59.812C soc1@58.031C VDD_IN 10802mW/9292mW VDD_CPU_GPU_CV 4715mW/3696mW VDD_SOC 2128mW/2016mW
09-13-2026 00:29:23 RAM 6951/7620MB (lfb 9x512kB) SWAP 918/12002MB (cached 9MB) CPU [1%@729,0%@1728,0%@1728,0%@1728,0%@1728,73%@1728] GR3D_FREQ 29% cpu@59.187C soc2@57.906C soc0@57.687C gpu@59.343C tj@59.343C soc1@58.218C VDD_IN 13321mW/9306mW VDD_CPU_GPU_CV 5953mW/3704mW VDD_SOC 2942mW/2019mW
09-13-2026 00:29:23 RAM 6951/7620MB (lfb 9x512kB) SWAP 918/12002MB (cached 9MB) CPU [1%@1728,0%@1728,0%@1728,0%@1728,0%@1728,100%@1728] GR3D_FREQ 43% cpu@59C soc2@57.875C soc0@57.562C gpu@58.906C tj@59C soc1@58.156C VDD_IN 10148mW/9309mW VDD_CPU_GPU_CV 4250mW/3706mW VDD_SOC 2128mW/2019mW
09-13-2026 00:29:24 RAM 6951/7620MB (lfb 9x512kB) SWAP 918/12002MB (cached 9MB) CPU [1%@729,0%@1728,0%@1728,1%@1728,0%@1728,98%@1728] GR3D_FREQ 55% cpu@58.968C soc2@57.718C soc0@57.562C gpu@58.75C tj@58.968C soc1@58.281C VDD_IN 9017mW/9308mW VDD_CPU_GPU_CV 3627mW/3706mW VDD_SOC 1895mW/2019mW
09-13-2026 00:29:24 RAM 6951/7620MB (lfb 9x512kB) SWAP 918/12002MB (cached 9MB) CPU [0%@1728,0%@1728,0%@1728,1%@1728,0%@1728,100%@1728] GR3D_FREQ 54% cpu@59.062C soc2@57.656C soc0@57.687C gpu@58.968C tj@59.062C soc1@58.125C VDD_IN 8701mW/9305mW VDD_CPU_GPU_CV 3395mW/3705mW VDD_SOC 1819mW/2018mW
09-13-2026 00:29:25 RAM 6951/7620MB (lfb 9x512kB) SWAP 918/12002MB (cached 9MB) CPU [1%@729,0%@729,0%@729,0%@729,0%@1728,83%@1728] GR3D_FREQ 99% cpu@59.812C soc2@58.187C soc0@57.75C gpu@60.406C tj@60.406C soc1@58.218C VDD_IN 13950mW/9321mW VDD_CPU_GPU_CV 6530mW/3714mW VDD_SOC 2746mW/2021mW
09-13-2026 00:29:25 RAM 6951/7620MB (lfb 9x512kB) SWAP 918/12002MB (cached 9MB) CPU [0%@1728,0%@1728,0%@1728,1%@1728,0%@1728,78%@1728] GR3D_FREQ 43% cpu@59.375C soc2@58.031C soc0@57.812C gpu@59.625C tj@59.625C soc1@58.25C VDD_IN 12201mW/9331mW VDD_CPU_GPU_CV 5217mW/3719mW VDD_SOC 2907mW/2024mW
09-13-2026 00:29:26 RAM 6954/7620MB (lfb 9x512kB) SWAP 918/12002MB (cached 9MB) CPU [2%@1728,0%@1728,0%@1728,3%@1728,0%@1728,100%@1728] GR3D_FREQ 45% cpu@59.218C soc2@57.937C soc0@57.75C gpu@58.968C tj@59.218C soc1@58.437C VDD_IN 9714mW/9332mW VDD_CPU_GPU_CV 3975mW/3720mW VDD_SOC 2132mW/2024mW
09-13-2026 00:29:26 RAM 6954/7620MB (lfb 9x512kB) SWAP 918/12002MB (cached 9MB) CPU [0%@729,1%@729,0%@729,0%@729,0%@1728,98%@1728] GR3D_FREQ 55% cpu@59.156C soc2@57.875C soc0@57.75C gpu@59.156C tj@59.156C soc1@58.312C VDD_IN 8859mW/9331mW VDD_CPU_GPU_CV 3508mW/3719mW VDD_SOC 1898mW/2024mW
09-13-2026 00:29:27 RAM 6954/7620MB (lfb 9x512kB) SWAP 918/12002MB (cached 9MB) CPU [0%@1728,0%@1728,0%@1728,0%@1728,0%@1728,98%@1728] GR3D_FREQ 99% cpu@59.375C soc2@57.906C soc0@57.656C gpu@58.968C tj@59.375C soc1@58.281C VDD_IN 8582mW/9328mW VDD_CPU_GPU_CV 3316mW/3718mW VDD_SOC 1819mW/2023mW
09-13-2026 00:29:28 RAM 6954/7620MB (lfb 9x512kB) SWAP 918/12002MB (cached 9MB) CPU [0%@1728,1%@1728,1%@1728,0%@1728,0%@1728,85%@1728] GR3D_FREQ 31% cpu@59.468C soc2@58.093C soc0@57.75C gpu@59.5C tj@59.5C soc1@58.343C VDD_IN 11138mW/9334mW VDD_CPU_GPU_CV 5304mW/3723mW VDD_SOC 2128mW/2023mW
09-13-2026 00:29:28 RAM 6954/7620MB (lfb 9x512kB) SWAP 918/12002MB (cached 9MB) CPU [0%@729,0%@729,0%@729,0%@729,0%@1728,98%@1728] GR3D_FREQ 42% cpu@59.468C soc2@57.968C soc0@57.843C gpu@59.093C tj@59.468C soc1@58.281C VDD_IN 9240mW/9334mW VDD_CPU_GPU_CV 3942mW/3724mW VDD_SOC 1855mW/2023mW
09-13-2026 00:29:29 RAM 6954/7620MB (lfb 9x512kB) SWAP 918/12002MB (cached 9MB) CPU [0%@729,1%@729,0%@729,1%@729,0%@1728,98%@1728] GR3D_FREQ 48% cpu@59.281C soc2@57.812C soc0@57.75C gpu@59.062C tj@59.281C soc1@58.25C VDD_IN 8582mW/9332mW VDD_CPU_GPU_CV 3435mW/3723mW VDD_SOC 1779mW/2022mW
09-13-2026 00:29:29 RAM 6954/7620MB (lfb 9x512kB) SWAP 918/12002MB (cached 9MB) CPU [1%@1728,0%@1728,0%@1728,1%@1728,0%@1728,100%@1728] GR3D_FREQ 59% cpu@59.125C soc2@57.843C soc0@57.75C gpu@58.75C tj@59.187C soc1@58.468C VDD_IN 8345mW/9328mW VDD_CPU_GPU_CV 3198mW/3721mW VDD_SOC 1779mW/2021mW
09-13-2026 00:29:30 RAM 6954/7620MB (lfb 9x512kB) SWAP 918/12002MB (cached 9MB) CPU [1%@729,1%@729,0%@729,0%@729,0%@1728,86%@1728] GR3D_FREQ 99% cpu@59.375C soc2@58.187C soc0@57.75C gpu@60.562C tj@60.562C soc1@58.468C VDD_IN 12122mW/9337mW VDD_CPU_GPU_CV 5688mW/3728mW VDD_SOC 2282mW/2022mW
09-13-2026 00:29:30 RAM 6954/7620MB (lfb 9x512kB) SWAP 918/12002MB (cached 9MB) CPU [1%@729,0%@729,0%@729,0%@729,0%@1728,80%@1728] GR3D_FREQ 33% cpu@59.343C soc2@58.218C soc0@57.875C gpu@59.437C tj@59.718C soc1@58.5C VDD_IN 10999mW/9343mW VDD_CPU_GPU_CV 5029mW/3732mW VDD_SOC 2168mW/2022mW
09-13-2026 00:29:31 RAM 6954/7620MB (lfb 9x512kB) SWAP 918/12002MB (cached 9MB) CPU [0%@729,0%@729,0%@729,0%@729,0%@1728,100%@1728] GR3D_FREQ 46% cpu@59.437C soc2@58.187C soc0@57.875C gpu@59.343C tj@59.437C soc1@58.343C VDD_IN 9294mW/9343mW VDD_CPU_GPU_CV 3863mW/3733mW VDD_SOC 1895mW/2022mW
09-13-2026 00:29:31 RAM 6954/7620MB (lfb 9x512kB) SWAP 918/12002MB (cached 9MB) CPU [0%@729,0%@729,0%@729,0%@729,0%@1728,98%@1728] GR3D_FREQ 53% cpu@59.343C soc2@58.093C soc0@58C gpu@59.062C tj@59.343C soc1@58.437C VDD_IN 8661mW/9341mW VDD_CPU_GPU_CV 3435mW/3732mW VDD_SOC 1819mW/2021mW
09-13-2026 00:29:32 RAM 6954/7620MB (lfb 9x512kB) SWAP 918/12002MB (cached 9MB) CPU [0%@1728,1%@1728,0%@1728,0%@1728,0%@1728,100%@1728] GR3D_FREQ 53% cpu@59.375C soc2@58C soc0@57.875C gpu@59.125C tj@59.375C soc1@58.437C VDD_IN 8503mW/9338mW VDD_CPU_GPU_CV 3316mW/3730mW VDD_SOC 1779mW/2021mW
09-13-2026 00:29:32 RAM 6954/7620MB (lfb 9x512kB) SWAP 918/12002MB (cached 9MB) CPU [1%@1728,1%@1728,0%@1728,0%@1728,0%@1728,86%@1728] GR3D_FREQ 99% cpu@59.468C soc2@58.281C soc0@58C gpu@60.406C tj@60.406C soc1@58.625C VDD_IN 12162mW/9347mW VDD_CPU_GPU_CV 5531mW/3736mW VDD_SOC 2361mW/2022mW
09-13-2026 00:29:33 RAM 6954/7620MB (lfb 9x512kB) SWAP 918/12002MB (cached 9MB) CPU [0%@1728,0%@1728,0%@1728,0%@1728,0%@1728,76%@1728] GR3D_FREQ 35% cpu@59.5C soc2@58.312C soc0@58.062C gpu@59.687C tj@59.687C soc1@58.562C VDD_IN 12240mW/9356mW VDD_CPU_GPU_CV 5296mW/3741mW VDD_SOC 2632mW/2024mW
09-13-2026 00:29:33 RAM 6954/7620MB (lfb 9x512kB) SWAP 918/12002MB (cached 9MB) CPU [0%@729,0%@729,0%@729,1%@729,0%@1728,100%@1728] GR3D_FREQ 44% cpu@59.406C soc2@58.218C soc0@57.968C gpu@59.343C tj@59.406C soc1@58.656C VDD_IN 9714mW/9358mW VDD_CPU_GPU_CV 4014mW/3742mW VDD_SOC 2053mW/2024mW
09-13-2026 00:29:34 RAM 6954/7620MB (lfb 9x512kB) SWAP 918/12002MB (cached 9MB) CPU [0%@729,0%@1728,0%@1728,0%@1728,0%@1728,98%@1728] GR3D_FREQ 0% cpu@59.593C soc2@58.156C soc0@57.906C gpu@59.031C tj@59.593C soc1@58.593C VDD_IN 8622mW/9355mW VDD_CPU_GPU_CV 3356mW/3741mW VDD_SOC 1858mW/2023mW
09-13-2026 00:29:34 RAM 6954/7620MB (lfb 9x512kB) SWAP 918/12002MB (cached 9MB) CPU [0%@729,3%@729,0%@729,1%@729,0%@1728,72%@1728] GR3D_FREQ 29% cpu@59.875C soc2@58.5C soc0@58.187C gpu@59.968C tj@59.968C soc1@58.593C VDD_IN 13282mW/9368mW VDD_CPU_GPU_CV 6345mW/3749mW VDD_SOC 2672mW/2025mW
09-13-2026 00:29:35 RAM 6954/7620MB (lfb 9x512kB) SWAP 918/12002MB (cached 9MB) CPU [1%@729,0%@729,0%@729,0%@729,0%@1728,100%@1728] GR3D_FREQ 38% cpu@59.593C soc2@58.343C soc0@58.125C gpu@59.437C tj@59.593C soc1@58.656C VDD_IN 10108mW/9370mW VDD_CPU_GPU_CV 4368mW/3751mW VDD_SOC 2050mW/2025mW
09-13-2026 00:29:35 RAM 6953/7620MB (lfb 9x512kB) SWAP 918/12002MB (cached 9MB) CPU [1%@1728,0%@1728,0%@1728,1%@1728,0%@1728,98%@1728] GR3D_FREQ 54% cpu@59.5C soc2@58.218C soc0@58.125C gpu@59.343C tj@59.5C soc1@58.875C VDD_IN 8978mW/9369mW VDD_CPU_GPU_CV 3666mW/3751mW VDD_SOC 1858mW/2025mW
09-13-2026 00:29:36 RAM 6956/7620MB (lfb 9x512kB) SWAP 918/12002MB (cached 9MB) CPU [5%@806,10%@806,2%@806,5%@806,0%@1728,100%@1728] GR3D_FREQ 50% cpu@59.687C soc2@58.218C soc0@58.125C gpu@59.343C tj@59.687C soc1@58.937C VDD_IN 8740mW/9367mW VDD_CPU_GPU_CV 3474mW/3750mW VDD_SOC 1819mW/2024mW
09-13-2026 00:29:36 RAM 6957/7620MB (lfb 9x512kB) SWAP 918/12002MB (cached 9MB) CPU [14%@729,20%@729,12%@729,30%@729,36%@1728,98%@1728] GR3D_FREQ 49% cpu@59.625C soc2@58.218C soc0@58.125C gpu@59.406C tj@59.625C soc1@58.875C VDD_IN 8661mW/9365mW VDD_CPU_GPU_CV 3435mW/3749mW VDD_SOC 1819mW/2024mW
09-13-2026 00:29:37 RAM 6957/7620MB (lfb 9x512kB) SWAP 918/12002MB (cached 9MB) CPU [1%@729,0%@729,0%@729,0%@729,0%@1728,62%@1728] GR3D_FREQ 29% cpu@59.812C soc2@58.687C soc0@58.25C gpu@60.437C tj@60.437C soc1@58.937C VDD_IN 14672mW/9382mW VDD_CPU_GPU_CV 6753mW/3759mW VDD_SOC 3094mW/2027mW
09-13-2026 00:29:37 RAM 6957/7620MB (lfb 9x512kB) SWAP 918/12002MB (cached 9MB) CPU [0%@1728,0%@1728,0%@1728,0%@1728,0%@1728,98%@1728] GR3D_FREQ 39% cpu@59.906C soc2@58.437C soc0@58.187C gpu@59.812C tj@59.906C soc1@58.843C VDD_IN 10762mW/9386mW VDD_CPU_GPU_CV 4558mW/3761mW VDD_SOC 2326mW/2028mW
09-13-2026 00:29:38 RAM 6957/7620MB (lfb 9x512kB) SWAP 918/12002MB (cached 9MB) CPU [0%@1728,0%@1728,0%@1728,0%@1728,0%@1728,100%@1728] GR3D_FREQ 50% cpu@59.687C soc2@58.375C soc0@58.25C gpu@59.5C tj@59.687C soc1@58.875C VDD_IN 9215mW/9385mW VDD_CPU_GPU_CV 3745mW/3761mW VDD_SOC 1974mW/2028mW
09-13-2026 00:29:38 RAM 6957/7620MB (lfb 9x512kB) SWAP 918/12002MB (cached 9MB) CPU [0%@729,0%@729,0%@729,1%@729,0%@1728,88%@1728] GR3D_FREQ 99% cpu@60.187C soc2@58.562C soc0@58.218C gpu@60.906C tj@60.906C soc1@58.812C VDD_IN 12319mW/9395mW VDD_CPU_GPU_CV 5688mW/3767mW VDD_SOC 2318mW/2029mW
09-13-2026 00:29:39 RAM 6957/7620MB (lfb 9x512kB) SWAP 918/12002MB (cached 9MB) CPU [1%@1728,0%@1728,0%@1728,0%@1728,0%@1728,98%@1728] GR3D_FREQ 35% cpu@59.843C soc2@58.437C soc0@58.25C gpu@59.75C tj@59.843C soc1@58.875C VDD_IN 10424mW/9398mW VDD_CPU_GPU_CV 4565mW/3770mW VDD_SOC 2128mW/2029mW
09-13-2026 00:29:39 RAM 6957/7620MB (lfb 9x512kB) SWAP 918/12002MB (cached 9MB) CPU [0%@729,0%@729,0%@729,0%@729,0%@1728,98%@1728] GR3D_FREQ 48% cpu@59.625C soc2@58.406C soc0@58.218C gpu@59.406C tj@59.625C soc1@58.937C VDD_IN 8978mW/9396mW VDD_CPU_GPU_CV 3627mW/3769mW VDD_SOC 1858mW/2028mW
09-13-2026 00:29:40 RAM 6957/7620MB (lfb 9x512kB) SWAP 918/12002MB (cached 9MB) CPU [0%@1728,0%@1728,0%@1728,0%@1728,0%@1728,100%@1728] GR3D_FREQ 43% cpu@59.593C soc2@58.468C soc0@58.218C gpu@59.406C tj@59.593C soc1@58.968C VDD_IN 8503mW/9394mW VDD_CPU_GPU_CV 3316mW/3768mW VDD_SOC 1779mW/2028mW
09-13-2026 00:29:40 RAM 6957/7620MB (lfb 9x512kB) SWAP 918/12002MB (cached 9MB) CPU [0%@729,1%@729,0%@729,1%@729,0%@1728,98%@1728] GR3D_FREQ 48% cpu@59.437C soc2@58.406C soc0@58.25C gpu@59.156C tj@59.437C soc1@58.937C VDD_IN 8240mW/9390mW VDD_CPU_GPU_CV 3080mW/3766mW VDD_SOC 1779mW/2027mW
09-13-2026 00:29:41 RAM 6957/7620MB (lfb 9x512kB) SWAP 918/12002MB (cached 9MB) CPU [3%@729,0%@729,1%@729,2%@729,0%@1728,70%@1728] GR3D_FREQ 28% cpu@59.906C soc2@58.75C soc0@58.5C gpu@60.406C tj@60.406C soc1@58.875C VDD_IN 13478mW/9403mW VDD_CPU_GPU_CV 6491mW/3774mW VDD_SOC 2589mW/2029mW
09-13-2026 00:29:41 RAM 6957/7620MB (lfb 9x512kB) SWAP 918/12002MB (cached 9MB) CPU [0%@729,0%@1728,0%@1728,3%@1728,0%@1728,98%@1728] GR3D_FREQ 39% cpu@60.062C soc2@58.593C soc0@58.375C gpu@59.718C tj@60.062C soc1@58.968C VDD_IN 10148mW/9405mW VDD_CPU_GPU_CV 4487mW/3776mW VDD_SOC 2010mW/2029mW
09-13-2026 00:29:42 RAM 6957/7620MB (lfb 9x512kB) SWAP 918/12002MB (cached 9MB) CPU [1%@1728,0%@1728,0%@1728,1%@1728,0%@1728,100%@1728] GR3D_FREQ 49% cpu@59.687C soc2@58.437C soc0@58.375C gpu@59.531C tj@59.687C soc1@58.875C VDD_IN 9017mW/9404mW VDD_CPU_GPU_CV 3666mW/3776mW VDD_SOC 1855mW/2028mW
09-13-2026 00:29:42 RAM 6957/7620MB (lfb 9x512kB) SWAP 918/12002MB (cached 9MB) CPU [0%@729,0%@729,0%@729,0%@729,0%@1728,90%@1728] GR3D_FREQ 99% cpu@59.718C soc2@58.5C soc0@58.281C gpu@60.218C tj@60.218C soc1@59.031C VDD_IN 9477mW/9404mW VDD_CPU_GPU_CV 3902mW/3776mW VDD_SOC 1934mW/2028mW
09-13-2026 00:29:43 RAM 6956/7620MB (lfb 9x512kB) SWAP 918/12002MB (cached 9MB) CPU [2%@729,0%@729,11%@1728,18%@1728,0%@1728,76%@1728] GR3D_FREQ 31% cpu@59.906C soc2@58.656C soc0@58.468C gpu@60.187C tj@60.187C soc1@59.031C VDD_IN 12477mW/9413mW VDD_CPU_GPU_CV 5796mW/3782mW VDD_SOC 2514mW/2029mW
09-13-2026 00:29:43 RAM 6955/7620MB (lfb 9x512kB) SWAP 918/12002MB (cached 9MB) CPU [1%@1728,0%@1728,0%@1728,0%@1728,0%@1728,98%@1728] GR3D_FREQ 45% cpu@60C soc2@58.718C soc0@58.343C gpu@59.812C tj@60C soc1@59.031C VDD_IN 9793mW/9415mW VDD_CPU_GPU_CV 4172mW/3784mW VDD_SOC 2013mW/2029mW
09-13-2026 00:29:44 RAM 6955/7620MB (lfb 9x512kB) SWAP 918/12002MB (cached 9MB) CPU [0%@729,0%@729,1%@729,1%@729,0%@1728,100%@1728] GR3D_FREQ 49% cpu@60.031C soc2@58.656C soc0@58.468C gpu@59.937C tj@60.031C soc1@59.062C VDD_IN 8859mW/9413mW VDD_CPU_GPU_CV 3548mW/3783mW VDD_SOC 1858mW/2029mW
09-13-2026 00:29:44 RAM 6955/7620MB (lfb 9x512kB) SWAP 918/12002MB (cached 9MB) CPU [0%@1728,0%@1728,0%@1728,0%@1728,0%@1728,86%@1728] GR3D_FREQ 99% cpu@60.156C soc2@58.718C soc0@58.531C gpu@61.062C tj@61.062C soc1@58.937C VDD_IN 12240mW/9421mW VDD_CPU_GPU_CV 5610mW/3788mW VDD_SOC 2279mW/2029mW
09-13-2026 00:29:45 RAM 6955/7620MB (lfb 9x512kB) SWAP 918/12002MB (cached 9MB) CPU [0%@729,0%@729,0%@729,1%@729,0%@1728,96%@1728] GR3D_FREQ 36% cpu@59.906C soc2@58.656C soc0@58.5C gpu@60.125C tj@60.125C soc1@59C VDD_IN 10266mW/9424mW VDD_CPU_GPU_CV 4487mW/3791mW VDD_SOC 1971mW/2029mW
09-13-2026 00:29:45 RAM 6955/7620MB (lfb 9x512kB) SWAP 918/12002MB (cached 9MB) CPU [1%@729,0%@729,0%@729,1%@729,0%@1728,100%@1728] GR3D_FREQ 47% cpu@59.906C soc2@58.562C soc0@58.406C gpu@59.562C tj@59.906C soc1@59.093C VDD_IN 8899mW/9422mW VDD_CPU_GPU_CV 3627mW/3790mW VDD_SOC 1819mW/2029mW
09-13-2026 00:29:46 RAM 6955/7620MB (lfb 9x512kB) SWAP 918/12002MB (cached 9MB) CPU [0%@729,0%@729,0%@729,0%@729,0%@1728,98%@1728] GR3D_FREQ 52% cpu@59.75C soc2@58.593C soc0@58.437C gpu@59.875C tj@59.875C soc1@59.156C VDD_IN 8503mW/9420mW VDD_CPU_GPU_CV 3316mW/3789mW VDD_SOC 1779mW/2028mW
09-13-2026 00:29:46 RAM 6955/7620MB (lfb 9x512kB) SWAP 918/12002MB (cached 9MB) CPU [4%@729,1%@729,0%@729,0%@729,0%@1728,98%@1728] GR3D_FREQ 62% cpu@59.718C soc2@58.593C soc0@58.406C gpu@59.468C tj@59.718C soc1@59.156C VDD_IN 8358mW/9416mW VDD_CPU_GPU_CV 3159mW/3787mW VDD_SOC 1779mW/2027mW
09-13-2026 00:29:47 RAM 6955/7620MB (lfb 9x512kB) SWAP 918/12002MB (cached 9MB) CPU [1%@729,0%@729,0%@729,0%@729,1%@1728,86%@1728] GR3D_FREQ 99% cpu@60.218C soc2@58.781C soc0@58.406C gpu@61.187C tj@61.187C soc1@59.093C VDD_IN 11314mW/9422mW VDD_CPU_GPU_CV 5187mW/3791mW VDD_SOC 2204mW/2028mW
09-13-2026 00:29:47 RAM 6955/7620MB (lfb 9x512kB) SWAP 918/12002MB (cached 9MB) CPU [0%@729,0%@729,0%@729,1%@1728,0%@1728,81%@1728] GR3D_FREQ 35% cpu@60.125C soc2@58.75C soc0@58.656C gpu@60.218C tj@60.218C soc1@59.156C VDD_IN 11275mW/9428mW VDD_CPU_GPU_CV 5226mW/3795mW VDD_SOC 2125mW/2028mW
09-13-2026 00:29:48 RAM 6958/7620MB (lfb 9x512kB) SWAP 918/12002MB (cached 9MB) CPU [18%@1728,32%@1728,25%@1728,15%@1728,0%@1728,98%@1728] GR3D_FREQ 42% cpu@60.593C soc2@58.781C soc0@58.656C gpu@60C tj@60.593C soc1@59.093C VDD_IN 9911mW/9429mW VDD_CPU_GPU_CV 4368mW/3797mW VDD_SOC 1895mW/2028mW
09-13-2026 00:29:48 RAM 6958/7620MB (lfb 9x512kB) SWAP 918/12002MB (cached 9MB) CPU [21%@729,10%@729,4%@729,21%@729,47%@1728,100%@1728] GR3D_FREQ 51% cpu@60C soc2@58.718C soc0@58.5C gpu@59.812C tj@60C soc1@59.406C VDD_IN 9176mW/9428mW VDD_CPU_GPU_CV 3863mW/3797mW VDD_SOC 1855mW/2027mW
09-13-2026 00:29:49 RAM 6958/7620MB (lfb 9x512kB) SWAP 918/12002MB (cached 9MB) CPU [1%@729,0%@729,1%@729,0%@729,0%@1728,82%@1728] GR3D_FREQ 86% cpu@60.156C soc2@59.062C soc0@58.531C gpu@61.406C tj@61.406C soc1@59.25C VDD_IN 12928mW/9439mW VDD_CPU_GPU_CV 6334mW/3805mW VDD_SOC 2397mW/2028mW
09-13-2026 00:29:49 RAM 6958/7620MB (lfb 9x512kB) SWAP 918/12002MB (cached 9MB) CPU [0%@729,0%@729,0%@729,0%@729,0%@1728,100%@1728] GR3D_FREQ 43% cpu@60.156C soc2@58.875C soc0@58.562C gpu@60C tj@60.156C soc1@59.187C VDD_IN 9832mW/9440mW VDD_CPU_GPU_CV 4329mW/3806mW VDD_SOC 1974mW/2028mW
09-13-2026 00:29:50 RAM 6958/7620MB (lfb 9x512kB) SWAP 918/12002MB (cached 9MB) CPU [0%@729,0%@729,0%@729,0%@729,0%@1728,98%@1728] GR3D_FREQ 50% cpu@60.125C soc2@58.812C soc0@58.562C gpu@59.968C tj@60.125C soc1@59.218C VDD_IN 8780mW/9438mW VDD_CPU_GPU_CV 3548mW/3805mW VDD_SOC 1819mW/2027mW
09-13-2026 00:29:50 RAM 6958/7620MB (lfb 9x512kB) SWAP 918/12002MB (cached 9MB) CPU [1%@1728,0%@1728,0%@1728,0%@1728,0%@1728,100%@1728] GR3D_FREQ 63% cpu@60.218C soc2@58.718C soc0@58.687C gpu@59.843C tj@60.218C soc1@59.187C VDD_IN 8424mW/9435mW VDD_CPU_GPU_CV 3238mW/3804mW VDD_SOC 1779mW/2027mW
09-13-2026 00:29:51 RAM 6958/7620MB (lfb 9x512kB) SWAP 918/12002MB (cached 9MB) CPU [1%@729,0%@729,0%@729,1%@729,0%@1728,98%@1728] GR3D_FREQ 58% cpu@60.093C soc2@58.687C soc0@58.656C gpu@59.843C tj@60.093C soc1@59.156C VDD_IN 8319mW/9432mW VDD_CPU_GPU_CV 3119mW/3802mW VDD_SOC 1779mW/2026mW
09-13-2026 00:29:51 RAM 6958/7620MB (lfb 9x512kB) SWAP 918/12002MB (cached 9MB) CPU [0%@729,1%@729,0%@729,0%@729,0%@1728,86%@1728] GR3D_FREQ 99% cpu@60.25C soc2@59.031C soc0@58.656C gpu@61.343C tj@61.343C soc1@59.406C VDD_IN 12437mW/9440mW VDD_CPU_GPU_CV 5914mW/3808mW VDD_SOC 2318mW/2027mW
09-13-2026 00:29:52 RAM 6958/7620MB (lfb 9x512kB) SWAP 918/12002MB (cached 9MB) CPU [1%@729,0%@729,0%@1728,0%@1728,0%@1728,82%@1728] GR3D_FREQ 38% cpu@60C soc2@58.812C soc0@58.687C gpu@60.375C tj@60.375C soc1@59.343C VDD_IN 10881mW/9444mW VDD_CPU_GPU_CV 4951mW/3811mW VDD_SOC 2089mW/2027mW
09-13-2026 00:29:52 RAM 6958/7620MB (lfb 9x512kB) SWAP 918/12002MB (cached 9MB) CPU [0%@729,1%@729,0%@729,1%@729,0%@1728,98%@1728] GR3D_FREQ 43% cpu@60C soc2@58.937C soc0@58.656C gpu@59.937C tj@60C soc1@59.343C VDD_IN 9255mW/9444mW VDD_CPU_GPU_CV 3863mW/3811mW VDD_SOC 1855mW/2026mW
09-13-2026 00:29:53 RAM 6958/7620MB (lfb 9x512kB) SWAP 918/12002MB (cached 9MB) CPU [0%@1728,0%@1728,0%@1728,0%@1728,0%@1728,100%@1728] GR3D_FREQ 53% cpu@60.187C soc2@58.812C soc0@58.593C gpu@59.937C tj@60.187C soc1@59.312C VDD_IN 8701mW/9442mW VDD_CPU_GPU_CV 3429mW/3810mW VDD_SOC 1819mW/2026mW
09-13-2026 00:29:53 RAM 6958/7620MB (lfb 9x512kB) SWAP 918/12002MB (cached 9MB) CPU [0%@729,0%@729,0%@729,0%@729,0%@1728,72%@1728] GR3D_FREQ 99% cpu@60.593C soc2@59.312C soc0@58.843C gpu@61.75C tj@61.75C soc1@59.281C VDD_IN 14515mW/9456mW VDD_CPU_GPU_CV 6753mW/3819mW VDD_SOC 2976mW/2029mW
09-13-2026 00:29:54 RAM 6958/7620MB (lfb 9x512kB) SWAP 918/12002MB (cached 9MB) CPU [0%@1728,0%@1728,0%@1728,0%@1728,0%@1728,88%@1728] GR3D_FREQ 33% cpu@60.531C soc2@59.187C soc0@58.906C gpu@60.5C tj@60.531C soc1@59.25C VDD_IN 11689mW/9463mW VDD_CPU_GPU_CV 4982mW/3822mW VDD_SOC 2676mW/2030mW
09-13-2026 00:29:54 RAM 6958/7620MB (lfb 9x512kB) SWAP 918/12002MB (cached 9MB) CPU [0%@1728,0%@1728,0%@1728,0%@1728,0%@1728,100%@1728] GR3D_FREQ 43% cpu@60.312C soc2@59.031C soc0@58.875C gpu@60.281C tj@60.312C soc1@59.406C VDD_IN 9556mW/9463mW VDD_CPU_GPU_CV 3902mW/3822mW VDD_SOC 2053mW/2030mW
09-13-2026 00:29:55 RAM 6958/7620MB (lfb 9x512kB) SWAP 918/12002MB (cached 9MB) CPU [3%@1728,0%@1728,0%@1728,0%@1728,0%@1728,98%@1728] GR3D_FREQ 52% cpu@60.343C soc2@58.937C soc0@58.812C gpu@60.031C tj@60.343C soc1@59.5C VDD_IN 8820mW/9461mW VDD_CPU_GPU_CV 3469mW/3821mW VDD_SOC 1898mW/2030mW
09-13-2026 00:29:55 RAM 6958/7620MB (lfb 9x512kB) SWAP 918/12002MB (cached 9MB) CPU [0%@1728,0%@1728,0%@1728,0%@1728,3%@1728,90%@1728] GR3D_FREQ 99% cpu@60.187C soc2@59.093C soc0@58.781C gpu@60.781C tj@60.781C soc1@59.406C VDD_IN 9635mW/9462mW VDD_CPU_GPU_CV 3936mW/3821mW VDD_SOC 1974mW/2030mW
09-13-2026 00:29:56 RAM 6958/7620MB (lfb 9x512kB) SWAP 918/12002MB (cached 9MB) CPU [3%@729,0%@729,1%@729,3%@729,0%@1728,90%@1728] GR3D_FREQ 35% cpu@60.437C soc2@59.187C soc0@58.906C gpu@60.531C tj@60.531C soc1@59.468C VDD_IN 10841mW/9466mW VDD_CPU_GPU_CV 4912mW/3825mW VDD_SOC 2089mW/2030mW
09-13-2026 00:29:56 RAM 6958/7620MB (lfb 9x512kB) SWAP 918/12002MB (cached 9MB) CPU [0%@729,1%@729,0%@729,0%@729,0%@1728,100%@1728] GR3D_FREQ 55% cpu@60.375C soc2@59.125C soc0@59.031C gpu@60.093C tj@60.375C soc1@59.406C VDD_IN 9136mW/9465mW VDD_CPU_GPU_CV 3784mW/3824mW VDD_SOC 1855mW/2030mW
09-13-2026 00:29:57 RAM 6958/7620MB (lfb 9x512kB) SWAP 918/12002MB (cached 9MB) CPU [2%@729,0%@729,0%@729,0%@729,0%@1728,98%@1728] GR3D_FREQ 49% cpu@60.375C soc2@58.968C soc0@58.937C gpu@60.125C tj@60.375C soc1@59.406C VDD_IN 8582mW/9462mW VDD_CPU_GPU_CV 3356mW/3823mW VDD_SOC 1779mW/2029mW
09-13-2026 00:29:57 RAM 6958/7620MB (lfb 9x512kB) SWAP 918/12002MB (cached 9MB) CPU [0%@729,0%@729,0%@729,0%@729,0%@1728,84%@1728] GR3D_FREQ 99% cpu@60.562C soc2@59.25C soc0@58.937C gpu@61.718C tj@61.718C soc1@59.343C VDD_IN 13124mW/9472mW VDD_CPU_GPU_CV 6345mW/3830mW VDD_SOC 2397mW/2030mW
09-13-2026 00:29:58 RAM 6958/7620MB (lfb 9x512kB) SWAP 918/12002MB (cached 9MB) CPU [0%@729,1%@729,0%@729,3%@729,0%@1728,84%@1728] GR3D_FREQ 37% cpu@60.406C soc2@59.187C soc0@59C gpu@60.406C tj@60.406C soc1@59.656C VDD_IN 10841mW/9476mW VDD_CPU_GPU_CV 4833mW/3833mW VDD_SOC 2168mW/2030mW
09-13-2026 00:29:58 RAM 6958/7620MB (lfb 9x512kB) SWAP 918/12002MB (cached 9MB) CPU [1%@729,0%@729,0%@729,2%@729,0%@1728,98%@1728] GR3D_FREQ 46% cpu@60.406C soc2@59.031C soc0@59.031C gpu@60.187C tj@60.406C soc1@59.656C VDD_IN 9294mW/9476mW VDD_CPU_GPU_CV 3824mW/3833mW VDD_SOC 1895mW/2030mW
09-13-2026 00:29:59 RAM 6964/7620MB (lfb 9x512kB) SWAP 918/12002MB (cached 9MB) CPU [0%@729,1%@729,0%@729,2%@729,0%@1728,98%@1728] GR3D_FREQ 35% cpu@60.187C soc2@59.156C soc0@58.968C gpu@59.937C tj@60.187C soc1@59.625C VDD_IN 8622mW/9473mW VDD_CPU_GPU_CV 3390mW/3832mW VDD_SOC 1819mW/2029mW
09-13-2026 00:29:59 RAM 6964/7620MB (lfb 9x512kB) SWAP 918/12002MB (cached 9MB) CPU [0%@729,0%@729,0%@729,0%@729,0%@1728,84%@1728] GR3D_FREQ 33% cpu@60.656C soc2@59.281C soc0@59.031C gpu@60.625C tj@60.656C soc1@59.5C VDD_IN 11768mW/9480mW VDD_CPU_GPU_CV 5492mW/3836mW VDD_SOC 2204mW/2030mW
09-13-2026 00:30:00 RAM 6964/7620MB (lfb 9x512kB) SWAP 918/12002MB (cached 9MB) CPU [3%@1728,0%@1728,0%@1728,0%@1728,0%@1728,100%@1728] GR3D_FREQ 46% cpu@60.5C soc2@59.187C soc0@59.187C gpu@60.312C tj@60.5C soc1@59.531C VDD_IN 9477mW/9480mW VDD_CPU_GPU_CV 4014mW/3837mW VDD_SOC 1895mW/2029mW
09-13-2026 00:30:00 RAM 6964/7620MB (lfb 9x512kB) SWAP 918/12002MB (cached 9MB) CPU [0%@729,0%@729,0%@729,0%@729,0%@1728,98%@1728] GR3D_FREQ 47% cpu@60.5C soc2@59.156C soc0@59.062C gpu@60.125C tj@60.5C soc1@59.468C VDD_IN 8661mW/9477mW VDD_CPU_GPU_CV 3429mW/3836mW VDD_SOC 1819mW/2029mW
09-13-2026 00:30:01 RAM 6964/7620MB (lfb 9x512kB) SWAP 918/12002MB (cached 9MB) CPU [0%@1728,0%@1728,0%@1728,0%@1728,0%@1728,86%@1728] GR3D_FREQ 99% cpu@60.656C soc2@59.312C soc0@58.937C gpu@61.437C tj@61.437C soc1@59.531C VDD_IN 11196mW/9482mW VDD_CPU_GPU_CV 5029mW/3839mW VDD_SOC 2164mW/2029mW
09-13-2026 00:30:01 RAM 6964/7620MB (lfb 9x512kB) SWAP 918/12002MB (cached 9MB) CPU [1%@729,1%@729,0%@729,0%@729,0%@1728,82%@1728] GR3D_FREQ 33% cpu@60.437C soc2@59.343C soc0@59.093C gpu@60.687C tj@60.687C soc1@59.75C VDD_IN 11650mW/9488mW VDD_CPU_GPU_CV 5296mW/3843mW VDD_SOC 2361mW/2030mW
09-13-2026 00:30:02 RAM 6964/7620MB (lfb 9x512kB) SWAP 918/12002MB (cached 9MB) CPU [0%@729,1%@729,0%@729,0%@729,0%@1728,100%@1728] GR3D_FREQ 42% cpu@60.406C soc2@59.406C soc0@59.156C gpu@60.312C tj@60.437C soc1@59.75C VDD_IN 9516mW/9488mW VDD_CPU_GPU_CV 3981mW/3843mW VDD_SOC 1974mW/2030mW
09-13-2026 00:30:02 RAM 6964/7620MB (lfb 9x512kB) SWAP 918/12002MB (cached 9MB) CPU [1%@729,0%@729,0%@729,0%@729,0%@1728,98%@1728] GR3D_FREQ 49% cpu@60.656C soc2@59.281C soc0@59C gpu@60.281C tj@60.656C soc1@59.718C VDD_IN 8780mW/9486mW VDD_CPU_GPU_CV 3508mW/3842mW VDD_SOC 1858mW/2030mW
09-13-2026 00:30:03 RAM 6964/7620MB (lfb 9x512kB) SWAP 918/12002MB (cached 9MB) CPU [0%@729,0%@729,0%@729,0%@729,0%@1728,84%@1728] GR3D_FREQ 99% cpu@60.781C soc2@59.625C soc0@59.218C gpu@62.125C tj@62.125C soc1@59.718C VDD_IN 13203mW/9496mW VDD_CPU_GPU_CV 6217mW/3849mW VDD_SOC 2554mW/2031mW
09-13-2026 00:30:03 RAM 6964/7620MB (lfb 9x512kB) SWAP 918/12002MB (cached 9MB) CPU [0%@729,0%@729,0%@729,0%@729,0%@1728,74%@1728] GR3D_FREQ 36% cpu@60.875C soc2@59.687C soc0@59.312C gpu@60.75C tj@60.875C soc1@59.812C VDD_IN 12319mW/9504mW VDD_CPU_GPU_CV 5257mW/3853mW VDD_SOC 2947mW/2033mW
09-13-2026 00:30:04 RAM 6964/7620MB (lfb 9x512kB) SWAP 918/12002MB (cached 9MB) CPU [0%@1728,0%@1728,0%@1728,0%@1728,0%@1728,100%@1728] GR3D_FREQ 44% cpu@60.687C soc2@59.406C soc0@59.281C gpu@60.812C tj@60.812C soc1@59.75C VDD_IN 9753mW/9505mW VDD_CPU_GPU_CV 4014mW/3853mW VDD_SOC 2132mW/2034mW
09-13-2026 00:30:04 RAM 6964/7620MB (lfb 9x512kB) SWAP 918/12002MB (cached 9MB) CPU [0%@729,0%@1728,0%@1728,0%@1728,0%@1728,98%@1728] GR3D_FREQ 54% cpu@60.656C soc2@59.25C soc0@59.156C gpu@60.343C tj@60.656C soc1@59.718C VDD_IN 8938mW/9503mW VDD_CPU_GPU_CV 3508mW/3852mW VDD_SOC 1895mW/2033mW
09-13-2026 00:30:05 RAM 6964/7620MB (lfb 9x512kB) SWAP 918/12002MB (cached 9MB) CPU [0%@729,0%@729,0%@729,0%@729,0%@1728,98%@1728] GR3D_FREQ 67% cpu@60.531C soc2@59.312C soc0@59.187C gpu@60.562C tj@60.562C soc1@59.906C VDD_IN 8385mW/9500mW VDD_CPU_GPU_CV 3159mW/3850mW VDD_SOC 1819mW/2033mW
09-13-2026 00:30:05 RAM 6964/7620MB (lfb 9x512kB) SWAP 918/12002MB (cached 9MB) CPU [0%@1728,0%@1728,0%@1728,0%@1728,0%@1728,85%@1728] GR3D_FREQ 34% cpu@60.687C soc2@59.562C soc0@59.156C gpu@60.718C tj@60.718C soc1@59.875C VDD_IN 11393mW/9505mW VDD_CPU_GPU_CV 5304mW/3854mW VDD_SOC 2164mW/2033mW
09-13-2026 00:30:06 RAM 6964/7620MB (lfb 9x512kB) SWAP 918/12002MB (cached 9MB) CPU [2%@1728,0%@1728,1%@1728,0%@1728,0%@1728,98%@1728] GR3D_FREQ 41% cpu@60.781C soc2@59.437C soc0@59.156C gpu@60.781C tj@60.781C soc1@59.843C VDD_IN 9373mW/9505mW VDD_CPU_GPU_CV 3942mW/3854mW VDD_SOC 1895mW/2033mW
09-13-2026 00:30:06 RAM 6964/7620MB (lfb 9x512kB) SWAP 918/12002MB (cached 9MB) CPU [0%@1728,0%@1728,1%@1728,1%@1728,0%@1728,100%@1728] GR3D_FREQ 49% cpu@60.656C soc2@59.343C soc0@59.25C gpu@60.375C tj@60.656C soc1@59.906C VDD_IN 8661mW/9503mW VDD_CPU_GPU_CV 3435mW/3853mW VDD_SOC 1819mW/2032mW
09-13-2026 00:30:07 RAM 6964/7620MB (lfb 9x512kB) SWAP 918/12002MB (cached 9MB) CPU [3%@729,0%@729,0%@729,1%@729,0%@1728,98%@1728] GR3D_FREQ 1% cpu@60.562C soc2@59.25C soc0@59.25C gpu@60.343C tj@60.687C soc1@59.75C VDD_IN 8200mW/9499mW VDD_CPU_GPU_CV 3080mW/3851mW VDD_SOC 1779mW/2031mW
09-13-2026 00:30:08 RAM 6964/7620MB (lfb 9x512kB) SWAP 918/12002MB (cached 9MB) CPU [0%@1728,1%@1728,0%@1728,0%@1728,0%@1728,64%@1728] GR3D_FREQ 28% cpu@60.875C soc2@59.687C soc0@59.218C gpu@61.468C tj@61.468C soc1@60.031C VDD_IN 13557mW/9510mW VDD_CPU_GPU_CV 6139mW/3857mW VDD_SOC 2824mW/2034mW
09-13-2026 00:30:08 RAM 6964/7620MB (lfb 9x512kB) SWAP 918/12002MB (cached 9MB) CPU [1%@1728,0%@1728,1%@1728,0%@1728,0%@1728,100%@1728] GR3D_FREQ 37% cpu@60.687C soc2@59.5C soc0@59.312C gpu@60.906C tj@60.906C soc1@59.968C VDD_IN 10187mW/9512mW VDD_CPU_GPU_CV 4368mW/3859mW VDD_SOC 2089mW/2034mW
09-13-2026 00:30:09 RAM 6964/7620MB (lfb 9x512kB) SWAP 918/12002MB (cached 9MB) CPU [0%@1728,0%@1728,0%@1728,0%@1728,0%@1728,98%@1728] GR3D_FREQ 52% cpu@60.656C soc2@59.375C soc0@59.25C gpu@60.625C tj@60.656C soc1@59.906C VDD_IN 9017mW/9510mW VDD_CPU_GPU_CV 3627mW/3858mW VDD_SOC 1895mW/2033mW
09-13-2026 00:30:09 RAM 6964/7620MB (lfb 9x512kB) SWAP 918/12002MB (cached 9MB) CPU [0%@729,0%@729,0%@1728,0%@1728,0%@1728,100%@1728] GR3D_FREQ 51% cpu@60.843C soc2@59.437C soc0@59.218C gpu@60.656C tj@60.843C soc1@59.875C VDD_IN 8622mW/9508mW VDD_CPU_GPU_CV 3356mW/3857mW VDD_SOC 1819mW/2033mW
09-13-2026 00:30:10 RAM 6964/7620MB (lfb 9x512kB) SWAP 918/12002MB (cached 9MB) CPU [0%@729,0%@729,0%@729,0%@729,0%@1728,74%@1728] GR3D_FREQ 99% cpu@61.218C soc2@59.781C soc0@59.468C gpu@62.093C tj@62.093C soc1@59.875C VDD_IN 13596mW/9519mW VDD_CPU_GPU_CV 6217mW/3863mW VDD_SOC 2667mW/2034mW
09-13-2026 00:30:10 RAM 6964/7620MB (lfb 9x512kB) SWAP 918/12002MB (cached 9MB) CPU [0%@1728,0%@1728,0%@1728,0%@1728,0%@1728,90%@1728] GR3D_FREQ 36% cpu@60.875C soc2@59.656C soc0@59.437C gpu@61C tj@61C soc1@59.906C VDD_IN 10841mW/9522mW VDD_CPU_GPU_CV 4636mW/3865mW VDD_SOC 2365mW/2035mW
09-13-2026 00:30:11 RAM 6964/7620MB (lfb 9x512kB) SWAP 918/12002MB (cached 9MB) CPU [7%@1113,0%@1113,3%@1113,1%@1113,0%@1728,100%@1728] GR3D_FREQ 52% cpu@60.968C soc2@59.656C soc0@59.406C gpu@60.718C tj@60.968C soc1@60.062C VDD_IN 9255mW/9522mW VDD_CPU_GPU_CV 3745mW/3865mW VDD_SOC 1974mW/2035mW
09-13-2026 00:30:11 RAM 6964/7620MB (lfb 9x512kB) SWAP 918/12002MB (cached 9MB) CPU [1%@729,0%@729,1%@729,0%@729,0%@1728,98%@1728] GR3D_FREQ 53% cpu@60.781C soc2@59.531C soc0@59.375C gpu@60.781C tj@60.781C soc1@60.156C VDD_IN 8701mW/9519mW VDD_CPU_GPU_CV 3390mW/3863mW VDD_SOC 1819mW/2035mW
09-13-2026 00:30:12 RAM 6964/7620MB (lfb 9x512kB) SWAP 918/12002MB (cached 9MB) CPU [1%@729,0%@729,0%@729,0%@729,0%@1728,86%@1728] GR3D_FREQ 99% cpu@61.062C soc2@59.687C soc0@59.343C gpu@61.718C tj@61.718C soc1@60C VDD_IN 12044mW/9526mW VDD_CPU_GPU_CV 5453mW/3868mW VDD_SOC 2322mW/2035mW
09-13-2026 00:30:12 RAM 6964/7620MB (lfb 9x512kB) SWAP 918/12002MB (cached 9MB) CPU [0%@1728,0%@1728,0%@1728,0%@1728,0%@1728,80%@1728] GR3D_FREQ 33% cpu@60.906C soc2@59.875C soc0@59.468C gpu@61.25C tj@61.25C soc1@60.031C VDD_IN 11669mW/9532mW VDD_CPU_GPU_CV 4982mW/3870mW VDD_SOC 2558mW/2037mW
09-13-2026 00:30:13 RAM 6964/7620MB (lfb 9x512kB) SWAP 918/12002MB (cached 9MB) CPU [0%@729,1%@1728,0%@1728,0%@1728,0%@1728,100%@1728] GR3D_FREQ 43% cpu@61.031C soc2@59.718C soc0@59.656C gpu@60.843C tj@61.031C soc1@60.031C VDD_IN 9516mW/9531mW VDD_CPU_GPU_CV 3857mW/3870mW VDD_SOC 2013mW/2037mW
09-13-2026 00:30:13 RAM 6964/7620MB (lfb 9x512kB) SWAP 918/12002MB (cached 9MB) CPU [0%@729,0%@729,0%@729,0%@729,0%@1728,98%@1728] GR3D_FREQ 50% cpu@60.937C soc2@59.625C soc0@59.5C gpu@60.812C tj@60.937C soc1@60C VDD_IN 8740mW/9529mW VDD_CPU_GPU_CV 3429mW/3869mW VDD_SOC 1858mW/2036mW
09-13-2026 00:30:14 RAM 6964/7620MB (lfb 9x512kB) SWAP 918/12002MB (cached 9MB) CPU [0%@1728,1%@1728,0%@1728,0%@1728,0%@1728,88%@1728] GR3D_FREQ 81% cpu@60.875C soc2@59.656C soc0@59.5C gpu@61.812C tj@61.812C soc1@59.968C VDD_IN 10464mW/9532mW VDD_CPU_GPU_CV 4526mW/3871mW VDD_SOC 2089mW/2036mW
09-13-2026 00:30:14 RAM 6964/7620MB (lfb 9x512kB) SWAP 918/12002MB (cached 9MB) CPU [0%@729,0%@729,0%@729,0%@729,0%@1728,78%@1728] GR3D_FREQ 30% cpu@61.093C soc2@59.843C soc0@59.593C gpu@61.343C tj@61.343C soc1@60.156C VDD_IN 12398mW/9539mW VDD_CPU_GPU_CV 5453mW/3875mW VDD_SOC 2750mW/2038mW
09-13-2026 00:30:15 RAM 6964/7620MB (lfb 9x512kB) SWAP 918/12002MB (cached 9MB) CPU [0%@1728,0%@1728,0%@1728,0%@1728,0%@1728,100%@1728] GR3D_FREQ 42% cpu@60.875C soc2@59.687C soc0@59.531C gpu@60.968C tj@60.968C soc1@60.125C VDD_IN 9753mW/9540mW VDD_CPU_GPU_CV 4054mW/3875mW VDD_SOC 2092mW/2038mW
09-13-2026 00:30:15 RAM 6964/7620MB (lfb 9x512kB) SWAP 918/12002MB (cached 9MB) CPU [0%@1728,0%@1728,0%@1728,0%@1728,0%@1728,98%@1728] GR3D_FREQ 49% cpu@60.906C soc2@59.687C soc0@59.5C gpu@60.906C tj@60.906C soc1@60.125C VDD_IN 8859mW/9538mW VDD_CPU_GPU_CV 3508mW/3875mW VDD_SOC 1858mW/2038mW
09-13-2026 00:30:16 RAM 6964/7620MB (lfb 9x512kB) SWAP 918/12002MB (cached 9MB) CPU [1%@729,1%@729,0%@729,1%@729,1%@1728,98%@1728] GR3D_FREQ 99% cpu@60.843C soc2@59.687C soc0@59.593C gpu@60.75C tj@60.843C soc1@60.125C VDD_IN 8543mW/9535mW VDD_CPU_GPU_CV 3316mW/3873mW VDD_SOC 1819mW/2037mW
09-13-2026 00:30:16 RAM 6964/7620MB (lfb 9x512kB) SWAP 918/12002MB (cached 9MB) CPU [0%@1728,1%@1728,0%@1728,1%@1728,0%@1728,86%@1728] GR3D_FREQ 32% cpu@61.125C soc2@59.937C soc0@59.625C gpu@61.312C tj@61.312C soc1@60.093C VDD_IN 11235mW/9540mW VDD_CPU_GPU_CV 5257mW/3877mW VDD_SOC 2164mW/2038mW
09-13-2026 00:30:17 RAM 6964/7620MB (lfb 9x512kB) SWAP 918/12002MB (cached 9MB) CPU [0%@729,0%@729,0%@729,0%@729,0%@1728,98%@1728] GR3D_FREQ 42% cpu@61.093C soc2@59.687C soc0@59.656C gpu@60.906C tj@61.093C soc1@60.125C VDD_IN 9319mW/9539mW VDD_CPU_GPU_CV 3942mW/3877mW VDD_SOC 1895mW/2037mW
09-13-2026 00:30:17 RAM 6964/7620MB (lfb 9x512kB) SWAP 918/12002MB (cached 9MB) CPU [1%@1728,0%@1728,0%@1728,0%@1728,0%@1728,100%@1728] GR3D_FREQ 48% cpu@61C soc2@59.625C soc0@59.5C gpu@60.687C tj@61C soc1@60.312C VDD_IN 8661mW/9537mW VDD_CPU_GPU_CV 3429mW/3876mW VDD_SOC 1819mW/2037mW
09-13-2026 00:30:18 RAM 6964/7620MB (lfb 9x512kB) SWAP 918/12002MB (cached 9MB) CPU [0%@729,0%@729,0%@729,0%@729,0%@1728,98%@1728] GR3D_FREQ 1% cpu@60.812C soc2@59.687C soc0@59.531C gpu@60.406C tj@60.812C soc1@60.093C VDD_IN 8121mW/9533mW VDD_CPU_GPU_CV 3001mW/3873mW VDD_SOC 1740mW/2036mW
09-13-2026 00:30:18 RAM 6967/7620MB (lfb 9x512kB) SWAP 918/12002MB (cached 9MB) CPU [20%@1497,19%@1497,26%@1497,12%@1497,14%@1728,70%@1728] GR3D_FREQ 27% cpu@61.718C soc2@60.187C soc0@59.687C gpu@61.718C tj@61.718C soc1@60.125C VDD_IN 14107mW/9545mW VDD_CPU_GPU_CV 6519mW/3880mW VDD_SOC 2824mW/2038mW
09-13-2026 00:30:19 RAM 6967/7620MB (lfb 9x512kB) SWAP 918/12002MB (cached 9MB) CPU [2%@1728,2%@1728,2%@1728,4%@1728,1%@1728,98%@1728] GR3D_FREQ 37% cpu@61.25C soc2@59.906C soc0@59.781C gpu@61.062C tj@61.25C soc1@60.218C VDD_IN 10424mW/9547mW VDD_CPU_GPU_CV 4479mW/3882mW VDD_SOC 2128mW/2038mW
09-13-2026 00:30:19 RAM 6966/7620MB (lfb 9x512kB) SWAP 918/12002MB (cached 9MB) CPU [0%@729,0%@1728,0%@1728,1%@1728,0%@1728,100%@1728] GR3D_FREQ 54% cpu@61.156C soc2@59.812C soc0@59.75C gpu@60.875C tj@61.156C soc1@60.218C VDD_IN 9057mW/9546mW VDD_CPU_GPU_CV 3666mW/3881mW VDD_SOC 1895mW/2038mW
09-13-2026 00:30:20 RAM 6966/7620MB (lfb 9x512kB) SWAP 918/12002MB (cached 9MB) CPU [1%@1728,0%@1728,0%@1728,0%@1728,0%@1497,92%@1497] GR3D_FREQ 99% cpu@61.156C soc2@59.843C soc0@59.687C gpu@61.656C tj@61.656C soc1@60.156C VDD_IN 9714mW/9546mW VDD_CPU_GPU_CV 4054mW/3881mW VDD_SOC 1974mW/2038mW
09-13-2026 00:30:20 RAM 6966/7620MB (lfb 9x512kB) SWAP 918/12002MB (cached 9MB) CPU [0%@1728,0%@1728,0%@1728,0%@1728,0%@1728,70%@1728] GR3D_FREQ 28% cpu@61.312C soc2@60.156C soc0@59.812C gpu@61.468C tj@61.468C soc1@60.375C VDD_IN 12928mW/9555mW VDD_CPU_GPU_CV 5914mW/3887mW VDD_SOC 2750mW/2039mW
09-13-2026 00:30:21 RAM 6966/7620MB (lfb 9x512kB) SWAP 918/12002MB (cached 9MB) CPU [2%@729,0%@729,0%@729,0%@729,0%@1728,98%@1728] GR3D_FREQ 39% cpu@61.125C soc2@59.937C soc0@59.75C gpu@61.343C tj@61.343C soc1@60.281C VDD_IN 10069mW/9556mW VDD_CPU_GPU_CV 4250mW/3887mW VDD_SOC 2128mW/2040mW
09-13-2026 00:30:21 RAM 6966/7620MB (lfb 9x512kB) SWAP 918/12002MB (cached 9MB) CPU [0%@1728,0%@1728,0%@1728,1%@1728,0%@1728,100%@1728] GR3D_FREQ 54% cpu@61.062C soc2@59.906C soc0@59.687C gpu@60.906C tj@61.062C soc1@60.375C VDD_IN 9017mW/9555mW VDD_CPU_GPU_CV 3587mW/3887mW VDD_SOC 1895mW/2039mW
09-13-2026 00:30:22 RAM 6966/7620MB (lfb 9x512kB) SWAP 918/12002MB (cached 9MB) CPU [0%@729,0%@729,0%@729,0%@729,0%@1728,98%@1728] GR3D_FREQ 54% cpu@61.156C soc2@59.843C soc0@59.812C gpu@60.937C tj@61.156C soc1@60.312C VDD_IN 8622mW/9552mW VDD_CPU_GPU_CV 3351mW/3885mW VDD_SOC 1819mW/2039mW
09-13-2026 00:30:22 RAM 6966/7620MB (lfb 9x512kB) SWAP 918/12002MB (cached 9MB) CPU [1%@729,0%@729,0%@729,1%@729,0%@1728,82%@1728] GR3D_FREQ 28% cpu@61.312C soc2@60.156C soc0@59.812C gpu@61.406C tj@61.406C soc1@60.218C VDD_IN 11965mW/9558mW VDD_CPU_GPU_CV 5531mW/3889mW VDD_SOC 2204mW/2039mW
09-13-2026 00:30:23 RAM 6966/7620MB (lfb 9x512kB) SWAP 918/12002MB (cached 9MB) CPU [0%@1728,0%@1728,0%@1728,0%@1728,0%@1728,100%@1728] GR3D_FREQ 40% cpu@61.218C soc2@59.968C soc0@59.812C gpu@61.218C tj@61.25C soc1@60.218C VDD_IN 9516mW/9558mW VDD_CPU_GPU_CV 4021mW/3890mW VDD_SOC 1895mW/2039mW
09-13-2026 00:30:23 RAM 6967/7620MB (lfb 9x512kB) SWAP 918/12002MB (cached 9MB) CPU [0%@1728,0%@1728,0%@1728,1%@1728,0%@1728,98%@1728] GR3D_FREQ 51% cpu@61.156C soc2@59.875C soc0@59.781C gpu@60.906C tj@61.156C soc1@60.343C VDD_IN 8701mW/9556mW VDD_CPU_GPU_CV 3469mW/3889mW VDD_SOC 1819mW/2038mW
09-13-2026 00:30:24 RAM 6967/7620MB (lfb 9x512kB) SWAP 918/12002MB (cached 9MB) CPU [0%@729,1%@729,0%@729,1%@729,0%@1728,100%@1728] GR3D_FREQ 63% cpu@61.093C soc2@59.875C soc0@59.687C gpu@61C tj@61.093C soc1@60.375C VDD_IN 8424mW/9553mW VDD_CPU_GPU_CV 3238mW/3887mW VDD_SOC 1779mW/2038mW
09-13-2026 00:30:24 RAM 6967/7620MB (lfb 9x512kB) SWAP 918/12002MB (cached 9MB) CPU [3%@729,0%@729,0%@729,0%@729,0%@1497,64%@1497] GR3D_FREQ 99% cpu@61.531C soc2@60.375C soc0@59.718C gpu@62.781C tj@62.781C soc1@60.375C VDD_IN 14005mW/9564mW VDD_CPU_GPU_CV 6558mW/3894mW VDD_SOC 2746mW/2039mW
09-13-2026 00:30:25 RAM 6967/7620MB (lfb 9x512kB) SWAP 918/12002MB (cached 9MB) CPU [0%@1728,0%@1728,0%@1728,0%@1728,0%@1728,96%@1728] GR3D_FREQ 38% cpu@61.468C soc2@60.125C soc0@60C gpu@61.531C tj@61.531C soc1@60.312C VDD_IN 10644mW/9567mW VDD_CPU_GPU_CV 4636mW/3895mW VDD_SOC 2207mW/2040mW
09-13-2026 00:30:25 RAM 6967/7620MB (lfb 9x512kB) SWAP 918/12002MB (cached 9MB) CPU [1%@1728,0%@1728,0%@1728,0%@1728,0%@1728,100%@1728] GR3D_FREQ 52% cpu@61.375C soc2@59.937C soc0@59.875C gpu@61.125C tj@61.375C soc1@60.312C VDD_IN 9215mW/9566mW VDD_CPU_GPU_CV 3745mW/3895mW VDD_SOC 1934mW/2039mW
09-13-2026 00:30:26 RAM 6967/7620MB (lfb 9x512kB) SWAP 918/12002MB (cached 9MB) CPU [3%@1728,0%@1728,0%@1728,0%@1728,0%@1728,98%@1728] GR3D_FREQ 50% cpu@61.187C soc2@60.062C soc0@59.875C gpu@61.062C tj@61.187C soc1@60.375C VDD_IN 8740mW/9564mW VDD_CPU_GPU_CV 3429mW/3894mW VDD_SOC 1819mW/2039mW
09-13-2026 00:30:26 RAM 6967/7620MB (lfb 9x512kB) SWAP 918/12002MB (cached 9MB) CPU [0%@729,1%@729,0%@729,0%@729,0%@1728,88%@1728] GR3D_FREQ 98% cpu@61.437C soc2@60.156C soc0@59.781C gpu@62.656C tj@62.656C soc1@60.468C VDD_IN 12653mW/9571mW VDD_CPU_GPU_CV 6110mW/3899mW VDD_SOC 2357mW/2040mW
09-13-2026 00:30:27 RAM 6967/7620MB (lfb 9x512kB) SWAP 918/12002MB (cached 9MB) CPU [0%@1728,0%@1728,0%@1728,1%@1728,0%@1728,96%@1728] GR3D_FREQ 37% cpu@61.281C soc2@60.125C soc0@59.875C gpu@61.437C tj@61.437C soc1@60.468C VDD_IN 10108mW/9573mW VDD_CPU_GPU_CV 4447mW/3901mW VDD_SOC 1971mW/2040mW
09-13-2026 00:30:27 RAM 6967/7620MB (lfb 9x512kB) SWAP 918/12002MB (cached 9MB) CPU [0%@1728,0%@1728,0%@1728,0%@1728,0%@1728,98%@1728] GR3D_FREQ 47% cpu@61.437C soc2@60.093C soc0@59.75C gpu@61.062C tj@61.25C soc1@60.468C VDD_IN 8899mW/9571mW VDD_CPU_GPU_CV 3587mW/3900mW VDD_SOC 1816mW/2039mW
09-13-2026 00:30:28 RAM 6967/7620MB (lfb 9x512kB) SWAP 918/12002MB (cached 9MB) CPU [0%@1728,1%@1728,0%@1728,0%@1728,0%@1728,100%@1728] GR3D_FREQ 57% cpu@61.281C soc2@60C soc0@59.968C gpu@60.968C tj@61.281C soc1@60.406C VDD_IN 8503mW/9569mW VDD_CPU_GPU_CV 3316mW/3898mW VDD_SOC 1779mW/2038mW
09-13-2026 00:30:28 RAM 6967/7620MB (lfb 9x512kB) SWAP 918/12002MB (cached 9MB) CPU [0%@729,0%@729,1%@729,0%@729,2%@1728,86%@1728] GR3D_FREQ 99% cpu@61.781C soc2@60.156C soc0@60.031C gpu@62.343C tj@62.343C soc1@60.375C VDD_IN 11965mW/9574mW VDD_CPU_GPU_CV 5374mW/3902mW VDD_SOC 2322mW/2039mW
09-13-2026 00:30:29 RAM 6967/7620MB (lfb 9x512kB) SWAP 918/12002MB (cached 9MB) CPU [1%@729,0%@729,0%@729,0%@729,0%@1728,78%@1728] GR3D_FREQ 33% cpu@61.531C soc2@60.312C soc0@60C gpu@61.406C tj@61.531C soc1@60.406C VDD_IN 11375mW/9579mW VDD_CPU_GPU_CV 5029mW/3905mW VDD_SOC 2400mW/2040mW
09-13-2026 00:30:29 RAM 6967/7620MB (lfb 9x512kB) SWAP 918/12002MB (cached 9MB) CPU [0%@1728,0%@1728,1%@1728,1%@1728,0%@1728,100%@1728] GR3D_FREQ 44% cpu@61.312C soc2@60.125C soc0@59.937C gpu@61.281C tj@61.312C soc1@60.593C VDD_IN 9398mW/9578mW VDD_CPU_GPU_CV 3902mW/3905mW VDD_SOC 1974mW/2040mW
09-13-2026 00:30:30 RAM 6967/7620MB (lfb 9x512kB) SWAP 918/12002MB (cached 9MB) CPU [0%@729,0%@729,0%@729,0%@729,0%@1728,98%@1728] GR3D_FREQ 49% cpu@61.25C soc2@60.093C soc0@59.968C gpu@61.093C tj@61.312C soc1@60.593C VDD_IN 8740mW/9576mW VDD_CPU_GPU_CV 3429mW/3904mW VDD_SOC 1858mW/2039mW
09-13-2026 00:30:30 RAM 6967/7620MB (lfb 9x512kB) SWAP 918/12002MB (cached 9MB) CPU [0%@729,0%@729,0%@729,0%@1728,0%@1728,75%@1728] GR3D_FREQ 99% cpu@61.906C soc2@60.437C soc0@60.031C gpu@62.781C tj@62.781C soc1@60.531C VDD_IN 13439mW/9585mW VDD_CPU_GPU_CV 6100mW/3909mW VDD_SOC 2628mW/2041mW
09-13-2026 00:30:31 RAM 6967/7620MB (lfb 9x512kB) SWAP 918/12002MB (cached 9MB) CPU [1%@1728,0%@1728,0%@1728,1%@1728,0%@1728,88%@1728] GR3D_FREQ 37% cpu@61.656C soc2@60.281C soc0@60.156C gpu@61.406C tj@61.656C soc1@60.531C VDD_IN 10959mW/9589mW VDD_CPU_GPU_CV 4636mW/3910mW VDD_SOC 2404mW/2042mW
09-13-2026 00:30:31 RAM 6965/7620MB (lfb 8x512kB) SWAP 918/12002MB (cached 9MB) CPU [0%@1728,0%@1728,0%@1728,3%@1728,0%@1728,100%@1728] GR3D_FREQ 50% cpu@61.625C soc2@60.218C soc0@60.125C gpu@61.25C tj@61.625C soc1@60.5C VDD_IN 9240mW/9588mW VDD_CPU_GPU_CV 3784mW/3910mW VDD_SOC 1974mW/2041mW
09-13-2026 00:30:32 RAM 6965/7620MB (lfb 8x512kB) SWAP 918/12002MB (cached 9MB) CPU [0%@729,0%@729,0%@729,0%@729,0%@1728,98%@1728] GR3D_FREQ 0% cpu@61.5C soc2@60.187C soc0@60.031C gpu@60.968C tj@61.5C soc1@60.5C VDD_IN 8464mW/9585mW VDD_CPU_GPU_CV 3238mW/3909mW VDD_SOC 1819mW/2041mW
09-13-2026 00:30:32 RAM 6965/7620MB (lfb 8x512kB) SWAP 918/12002MB (cached 9MB) CPU [0%@729,2%@729,0%@729,0%@729,0%@1728,82%@1728] GR3D_FREQ 30% cpu@61.562C soc2@60.25C soc0@60.031C gpu@61.937C tj@61.656C soc1@60.75C VDD_IN 11453mW/9589mW VDD_CPU_GPU_CV 5374mW/3912mW VDD_SOC 2204mW/2041mW
09-13-2026 00:30:33 RAM 6965/7620MB (lfb 8x512kB) SWAP 918/12002MB (cached 9MB) CPU [0%@1728,0%@1728,0%@1728,0%@1728,0%@1728,100%@1728] GR3D_FREQ 40% cpu@61.343C soc2@60.156C soc0@60.093C gpu@61.312C tj@61.343C soc1@60.718C VDD_IN 9358mW/9589mW VDD_CPU_GPU_CV 3975mW/3912mW VDD_SOC 1895mW/2041mW
09-13-2026 00:30:33 RAM 6965/7620MB (lfb 8x512kB) SWAP 918/12002MB (cached 9MB) CPU [0%@1728,0%@1728,0%@1728,0%@1728,0%@1728,98%@1728] GR3D_FREQ 48% cpu@61.437C soc2@60.187C soc0@60C gpu@61.406C tj@61.406C soc1@60.656C VDD_IN 8661mW/9587mW VDD_CPU_GPU_CV 3429mW/3911mW VDD_SOC 1819mW/2040mW
09-13-2026 00:30:34 RAM 6966/7620MB (lfb 8x512kB) SWAP 918/12002MB (cached 9MB) CPU [4%@1574,4%@1728,15%@1728,8%@1728,6%@1728,98%@1728] GR3D_FREQ 59% cpu@61.75C soc2@60.156C soc0@59.906C gpu@61.062C tj@61.75C soc1@60.593C VDD_IN 8582mW/9584mW VDD_CPU_GPU_CV 3351mW/3910mW VDD_SOC 1819mW/2040mW
09-13-2026 00:30:34 RAM 6967/7620MB (lfb 8x512kB) SWAP 918/12002MB (cached 9MB) CPU [15%@729,15%@729,26%@729,26%@729,24%@1728,100%@1728] GR3D_FREQ 58% cpu@61.531C soc2@60.156C soc0@60.156C gpu@61.343C tj@61.531C soc1@60.625C VDD_IN 8661mW/9582mW VDD_CPU_GPU_CV 3429mW/3909mW VDD_SOC 1819mW/2039mW
09-13-2026 00:30:35 RAM 6967/7620MB (lfb 8x512kB) SWAP 918/12002MB (cached 9MB) CPU [0%@1728,0%@1728,0%@1728,1%@1728,0%@1728,98%@1728] GR3D_FREQ 60% cpu@61.437C soc2@60.093C soc0@59.968C gpu@61.468C tj@61.562C soc1@60.531C VDD_IN 8385mW/9580mW VDD_CPU_GPU_CV 3198mW/3907mW VDD_SOC 1779mW/2039mW
09-13-2026 00:30:35 RAM 6967/7620MB (lfb 8x512kB) SWAP 918/12002MB (cached 9MB) CPU [0%@1728,1%@1728,0%@1728,0%@1728,0%@1728,98%@1728] GR3D_FREQ 58% cpu@61.375C soc2@60.093C soc0@60C gpu@61.312C tj@61.375C soc1@60.812C VDD_IN 8305mW/9577mW VDD_CPU_GPU_CV 3119mW/3905mW VDD_SOC 1779mW/2038mW
09-13-2026 00:30:36 RAM 6967/7620MB (lfb 8x512kB) SWAP 918/12002MB (cached 9MB) CPU [0%@729,0%@729,0%@729,0%@729,0%@729,68%@729] GR3D_FREQ 99% cpu@61.468C soc2@60.468C soc0@60.062C gpu@63C tj@63C soc1@60.656C VDD_IN 13399mW/9585mW VDD_CPU_GPU_CV 6100mW/3910mW VDD_SOC 2550mW/2039mW
09-13-2026 00:30:36 RAM 6967/7620MB (lfb 8x512kB) SWAP 918/12002MB (cached 9MB) CPU [0%@1728,0%@1728,0%@1728,0%@1728,0%@1728,92%@1728] GR3D_FREQ 37% cpu@61.375C soc2@60.343C soc0@60.062C gpu@61.656C tj@61.656C soc1@60.718C VDD_IN 10486mW/9587mW VDD_CPU_GPU_CV 4558mW/3912mW VDD_SOC 2089mW/2039mW
09-13-2026 00:30:37 RAM 6967/7620MB (lfb 8x512kB) SWAP 918/12002MB (cached 9MB) CPU [0%@1728,0%@1728,0%@1728,1%@1728,0%@1728,100%@1728] GR3D_FREQ 50% cpu@61.75C soc2@60.312C soc0@60C gpu@61.375C tj@61.75C soc1@60.718C VDD_IN 9136mW/9586mW VDD_CPU_GPU_CV 3745mW/3911mW VDD_SOC 1895mW/2039mW
09-13-2026 00:30:37 RAM 6967/7620MB (lfb 8x512kB) SWAP 918/12002MB (cached 9MB) CPU [0%@729,0%@729,0%@729,0%@729,0%@1728,98%@1728] GR3D_FREQ 42% cpu@61.656C soc2@60.156C soc0@60.187C gpu@61.406C tj@61.656C soc1@60.625C VDD_IN 8582mW/9584mW VDD_CPU_GPU_CV 3316mW/3910mW VDD_SOC 1819mW/2039mW
09-13-2026 00:30:38 RAM 6967/7620MB (lfb 8x512kB) SWAP 918/12002MB (cached 9MB) CPU [0%@1728,0%@1728,1%@1728,0%@1728,0%@1728,84%@1728] GR3D_FREQ 31% cpu@61.625C soc2@60.406C soc0@60.187C gpu@61.75C tj@61.75C soc1@60.687C VDD_IN 11393mW/9588mW VDD_CPU_GPU_CV 5257mW/3913mW VDD_SOC 2164mW/2039mW
09-13-2026 00:30:38 RAM 6967/7620MB (lfb 8x512kB) SWAP 918/12002MB (cached 9MB) CPU [0%@1728,0%@1728,0%@1728,0%@1728,0%@1728,100%@1728] GR3D_FREQ 41% cpu@61.5C soc2@60.312C soc0@60.125C gpu@61.531C tj@61.531C soc1@60.875C VDD_IN 9358mW/9588mW VDD_CPU_GPU_CV 3936mW/3913mW VDD_SOC 1895mW/2039mW
09-13-2026 00:30:39 RAM 6967/7620MB (lfb 8x512kB) SWAP 918/12002MB (cached 9MB) CPU [1%@729,0%@729,0%@729,0%@729,0%@1728,98%@1728] GR3D_FREQ 49% cpu@61.437C soc2@60.343C soc0@60.125C gpu@61.343C tj@61.437C soc1@60.812C VDD_IN 8701mW/9586mW VDD_CPU_GPU_CV 3390mW/3912mW VDD_SOC 1819mW/2038mW
09-13-2026 00:30:39 RAM 6967/7620MB (lfb 8x512kB) SWAP 918/12002MB (cached 9MB) CPU [0%@1728,0%@1728,0%@1728,1%@1728,0%@1728,98%@1728] GR3D_FREQ 62% cpu@61.593C soc2@60.187C soc0@60.093C gpu@61.406C tj@61.593C soc1@60.781C VDD_IN 8424mW/9583mW VDD_CPU_GPU_CV 3198mW/3910mW VDD_SOC 1779mW/2038mW
09-13-2026 00:30:40 RAM 6967/7620MB (lfb 8x512kB) SWAP 918/12002MB (cached 9MB) CPU [1%@1728,0%@1728,0%@1728,0%@1728,0%@1728,98%@1728] GR3D_FREQ 62% cpu@61.531C soc2@60.218C soc0@60C gpu@61.218C tj@61.531C soc1@60.687C VDD_IN 8305mW/9580mW VDD_CPU_GPU_CV 3119mW/3909mW VDD_SOC 1779mW/2037mW
09-13-2026 00:30:40 RAM 6967/7620MB (lfb 8x512kB) SWAP 918/12002MB (cached 9MB) CPU [0%@729,0%@729,0%@729,0%@729,0%@1728,98%@1728] GR3D_FREQ 57% cpu@61.687C soc2@60.125C soc0@60.093C gpu@61.062C tj@61.687C soc1@60.656C VDD_IN 8305mW/9577mW VDD_CPU_GPU_CV 3119mW/3907mW VDD_SOC 1779mW/2036mW
09-13-2026 00:30:41 RAM 6967/7620MB (lfb 8x512kB) SWAP 918/12002MB (cached 9MB) CPU [2%@1728,0%@1728,0%@1728,2%@1728,0%@1728,100%@1728] GR3D_FREQ 45% cpu@61.562C soc2@60.125C soc0@60.093C gpu@61.031C tj@61.562C soc1@60.843C VDD_IN 8266mW/9574mW VDD_CPU_GPU_CV 3080mW/3905mW VDD_SOC 1779mW/2036mW
09-13-2026 00:30:41 RAM 6967/7620MB (lfb 8x512kB) SWAP 918/12002MB (cached 9MB) CPU [0%@1728,0%@1728,0%@1728,0%@1728,0%@1728,63%@1728] GR3D_FREQ 29% cpu@61.718C soc2@60.562C soc0@60.187C gpu@62.375C tj@62.375C soc1@60.843C VDD_IN 13714mW/9584mW VDD_CPU_GPU_CV 6256mW/3910mW VDD_SOC 2667mW/2037mW
09-13-2026 00:30:42 RAM 6967/7620MB (lfb 8x512kB) SWAP 918/12002MB (cached 9MB) CPU [0%@729,1%@729,0%@729,1%@729,0%@1728,100%@1728] GR3D_FREQ 33% cpu@61.562C soc2@60.406C soc0@60.187C gpu@61.625C tj@61.625C soc1@60.812C VDD_IN 10306mW/9585mW VDD_CPU_GPU_CV 4401mW/3911mW VDD_SOC 2089mW/2037mW
09-13-2026 00:30:42 RAM 6967/7620MB (lfb 8x512kB) SWAP 918/12002MB (cached 9MB) CPU [0%@1728,0%@1728,0%@1728,1%@1728,0%@1728,98%@1728] GR3D_FREQ 50% cpu@61.843C soc2@60.468C soc0@60.187C gpu@61.406C tj@61.843C soc1@60.781C VDD_IN 9057mW/9584mW VDD_CPU_GPU_CV 3666mW/3911mW VDD_SOC 1895mW/2037mW
09-13-2026 00:30:43 RAM 6967/7620MB (lfb 8x512kB) SWAP 918/12002MB (cached 9MB) CPU [0%@729,0%@729,0%@729,0%@729,0%@1728,98%@1728] GR3D_FREQ 99% cpu@61.812C soc2@60.281C soc0@60.093C gpu@62.062C tj@62.062C soc1@60.812C VDD_IN 9176mW/9583mW VDD_CPU_GPU_CV 3666mW/3910mW VDD_SOC 1895mW/2037mW
09-13-2026 00:30:43 RAM 6967/7620MB (lfb 8x512kB) SWAP 918/12002MB (cached 9MB) CPU [1%@1728,0%@1728,0%@1728,0%@1728,0%@1728,66%@1728] GR3D_FREQ 29% cpu@61.906C soc2@60.687C soc0@60.343C gpu@62.062C tj@62.062C soc1@60.875C VDD_IN 13124mW/9591mW VDD_CPU_GPU_CV 5787mW/3914mW VDD_SOC 2903mW/2039mW
09-13-2026 00:30:44 RAM 6967/7620MB (lfb 8x512kB) SWAP 918/12002MB (cached 9MB) CPU [0%@1728,0%@1728,0%@1728,0%@1728,0%@1728,98%@1728] GR3D_FREQ 48% cpu@61.687C soc2@60.531C soc0@60.343C gpu@61.843C tj@61.843C soc1@60.968C VDD_IN 10029mW/9592mW VDD_CPU_GPU_CV 4172mW/3915mW VDD_SOC 2128mW/2039mW
09-13-2026 00:30:44 RAM 6967/7620MB (lfb 8x512kB) SWAP 918/12002MB (cached 9MB) CPU [0%@729,0%@729,0%@1728,3%@1728,3%@1728,100%@1728] GR3D_FREQ 53% cpu@61.593C soc2@60.375C soc0@60.281C gpu@61.406C tj@61.593C soc1@60.968C VDD_IN 8978mW/9591mW VDD_CPU_GPU_CV 3587mW/3914mW VDD_SOC 1895mW/2038mW
09-13-2026 00:30:45 RAM 6967/7620MB (lfb 8x512kB) SWAP 918/12002MB (cached 9MB) CPU [1%@729,0%@1728,1%@1728,0%@1728,0%@1728,84%@1728] GR3D_FREQ 99% cpu@61.718C soc2@60.5C soc0@60.156C gpu@62.843C tj@62.843C soc1@60.875C VDD_IN 11038mW/9594mW VDD_CPU_GPU_CV 4990mW/3917mW VDD_SOC 2164mW/2039mW
09-13-2026 00:30:45 RAM 6967/7620MB (lfb 8x512kB) SWAP 918/12002MB (cached 9MB) CPU [0%@1728,0%@1728,0%@1728,1%@1728,0%@1728,98%@1728] GR3D_FREQ 37% cpu@61.625C soc2@60.625C soc0@60.312C gpu@61.656C tj@61.656C soc1@60.843C VDD_IN 10526mW/9596mW VDD_CPU_GPU_CV 4794mW/3919mW VDD_SOC 2089mW/2039mW
09-13-2026 00:30:46 RAM 6967/7620MB (lfb 8x512kB) SWAP 918/12002MB (cached 9MB) CPU [0%@729,0%@729,0%@729,0%@729,0%@1728,98%@1728] GR3D_FREQ 51% cpu@61.906C soc2@60.5C soc0@60.437C gpu@61.656C tj@61.906C soc1@60.937C VDD_IN 9042mW/9595mW VDD_CPU_GPU_CV 3745mW/3918mW VDD_SOC 1855mW/2038mW
09-13-2026 00:30:46 RAM 6967/7620MB (lfb 8x512kB) SWAP 918/12002MB (cached 9MB) CPU [1%@1728,0%@1728,0%@1728,0%@1728,0%@1728,100%@1728] GR3D_FREQ 47% cpu@61.781C soc2@60.375C soc0@60.343C gpu@61.906C tj@61.906C soc1@60.875C VDD_IN 8582mW/9593mW VDD_CPU_GPU_CV 3390mW/3917mW VDD_SOC 1819mW/2038mW
09-13-2026 00:30:47 RAM 6967/7620MB (lfb 8x512kB) SWAP 918/12002MB (cached 9MB) CPU [1%@729,1%@1728,0%@1728,0%@1728,0%@1728,84%@1728] GR3D_FREQ 81% cpu@61.75C soc2@60.5C soc0@60.25C gpu@62.656C tj@62.656C soc1@60.781C VDD_IN 10447mW/9594mW VDD_CPU_GPU_CV 4479mW/3918mW VDD_SOC 2089mW/2038mW
09-13-2026 00:30:48 RAM 6967/7620MB (lfb 8x512kB) SWAP 918/12002MB (cached 9MB) CPU [0%@1728,0%@1728,0%@1728,0%@1728,0%@1728,80%@1728] GR3D_FREQ 30% cpu@61.906C soc2@60.656C soc0@60.468C gpu@62.375C tj@62.375C soc1@61.031C VDD_IN 11926mW/9600mW VDD_CPU_GPU_CV 5335mW/3921mW VDD_SOC 2519mW/2039mW
09-13-2026 00:30:48 RAM 6967/7620MB (lfb 8x512kB) SWAP 918/12002MB (cached 9MB) CPU [0%@729,0%@1728,0%@1728,1%@1728,0%@1728,100%@1728] GR3D_FREQ 42% cpu@61.75C soc2@60.531C soc0@60.343C gpu@61.875C tj@61.875C soc1@60.968C VDD_IN 9595mW/9599mW VDD_CPU_GPU_CV 4014mW/3922mW VDD_SOC 2013mW/2039mW
09-13-2026 00:30:49 RAM 6967/7620MB (lfb 8x512kB) SWAP 918/12002MB (cached 9MB) CPU [1%@729,0%@729,1%@729,5%@729,0%@1728,98%@1728] GR3D_FREQ 50% cpu@61.625C soc2@60.406C soc0@60.343C gpu@61.875C tj@61.875C soc1@60.968C VDD_IN 8820mW/9598mW VDD_CPU_GPU_CV 3508mW/3921mW VDD_SOC 1855mW/2039mW
09-13-2026 00:30:49 RAM 6967/7620MB (lfb 8x512kB) SWAP 918/12002MB (cached 9MB) CPU [0%@1728,0%@1728,0%@1728,0%@1728,0%@1728,98%@1728] GR3D_FREQ 99% cpu@61.656C soc2@60.437C soc0@60.531C gpu@62C tj@62C soc1@60.875C VDD_IN 8859mW/9596mW VDD_CPU_GPU_CV 3508mW/3920mW VDD_SOC 1855mW/2038mW
09-13-2026 00:30:50 RAM 6967/7620MB (lfb 8x512kB) SWAP 918/12002MB (cached 9MB) CPU [0%@729,0%@729,0%@729,0%@1728,0%@1728,70%@1728] GR3D_FREQ 34% cpu@62.125C soc2@60.75C soc0@60.562C gpu@62.468C tj@62.468C soc1@60.875C VDD_IN 12771mW/9603mW VDD_CPU_GPU_CV 5875mW/3924mW VDD_SOC 2632mW/2040mW
09-13-2026 00:30:50 RAM 6968/7620MB (lfb 8x512kB) SWAP 918/12002MB (cached 9MB) CPU [15%@1420,4%@1420,11%@1420,12%@1420,7%@1728,100%@1728] GR3D_FREQ 41% cpu@62.406C soc2@60.656C soc0@60.531C gpu@61.875C tj@62.406C soc1@60.968C VDD_IN 10148mW/9604mW VDD_CPU_GPU_CV 4368mW/3925mW VDD_SOC 2050mW/2040mW
09-13-2026 00:30:51 RAM 6968/7620MB (lfb 8x512kB) SWAP 918/12002MB (cached 9MB) CPU [4%@729,9%@729,8%@729,13%@729,32%@1728,100%@1728] GR3D_FREQ 51% cpu@61.906C soc2@60.562C soc0@60.406C gpu@61.718C tj@61.906C soc1@61.062C VDD_IN 9121mW/9603mW VDD_CPU_GPU_CV 3745mW/3925mW VDD_SOC 1895mW/2039mW
09-13-2026 00:30:51 RAM 6968/7620MB (lfb 8x512kB) SWAP 918/12002MB (cached 9MB) CPU [0%@1728,0%@1728,0%@1728,0%@1728,0%@1728,98%@1728] GR3D_FREQ 50% cpu@61.718C soc2@60.5C soc0@60.375C gpu@61.656C tj@61.718C soc1@61.031C VDD_IN 8701mW/9601mW VDD_CPU_GPU_CV 3429mW/3923mW VDD_SOC 1819mW/2039mW
09-13-2026 00:30:52 RAM 6968/7620MB (lfb 8x512kB) SWAP 918/12002MB (cached 9MB) CPU [1%@1728,0%@1728,0%@1728,0%@1728,0%@1728,98%@1728] GR3D_FREQ 62% cpu@61.687C soc2@60.5C soc0@60.281C gpu@61.562C tj@61.687C soc1@61.031C VDD_IN 8503mW/9599mW VDD_CPU_GPU_CV 3277mW/3922mW VDD_SOC 1819mW/2038mW
09-13-2026 00:30:52 RAM 6968/7620MB (lfb 8x512kB) SWAP 918/12002MB (cached 9MB) CPU [1%@729,0%@729,0%@729,0%@729,1%@1728,98%@1728] GR3D_FREQ 99% cpu@61.906C soc2@60.406C soc0@60.312C gpu@61.656C tj@61.906C soc1@60.875C VDD_IN 8424mW/9596mW VDD_CPU_GPU_CV 3198mW/3921mW VDD_SOC 1819mW/2038mW
09-13-2026 00:30:53 RAM 6968/7620MB (lfb 8x512kB) SWAP 918/12002MB (cached 9MB) CPU [0%@729,0%@729,0%@1728,0%@1728,1%@1728,66%@1728] GR3D_FREQ 31% cpu@62.093C soc2@60.968C soc0@60.562C gpu@62.406C tj@62.406C soc1@61C VDD_IN 12967mW/9604mW VDD_CPU_GPU_CV 5914mW/3925mW VDD_SOC 2632mW/2039mW
09-13-2026 00:30:53 RAM 6968/7620MB (lfb 8x512kB) SWAP 918/12002MB (cached 9MB) CPU [0%@1728,0%@1728,0%@1728,1%@1728,0%@1728,100%@1728] GR3D_FREQ 41% cpu@61.937C soc2@60.656C soc0@60.5C gpu@61.906C tj@61.937C soc1@61.031C VDD_IN 9950mW/9604mW VDD_CPU_GPU_CV 4250mW/3925mW VDD_SOC 2050mW/2039mW
09-13-2026 00:30:54 RAM 6968/7620MB (lfb 8x512kB) SWAP 918/12002MB (cached 9MB) CPU [1%@1728,0%@1728,1%@1728,0%@1728,0%@1728,98%@1728] GR3D_FREQ 51% cpu@61.843C soc2@60.562C soc0@60.406C gpu@61.687C tj@61.843C soc1@61.031C VDD_IN 8938mW/9603mW VDD_CPU_GPU_CV 3587mW/3925mW VDD_SOC 1855mW/2039mW
09-13-2026 00:30:54 RAM 6968/7620MB (lfb 8x512kB) SWAP 918/12002MB (cached 9MB) CPU [1%@729,0%@729,0%@729,0%@729,0%@1728,100%@1728] GR3D_FREQ 50% cpu@61.906C soc2@60.562C soc0@60.468C gpu@61.75C tj@61.906C soc1@61.093C VDD_IN 8582mW/9601mW VDD_CPU_GPU_CV 3351mW/3924mW VDD_SOC 1819mW/2038mW
09-13-2026 00:30:55 RAM 6968/7620MB (lfb 8x512kB) SWAP 918/12002MB (cached 9MB) CPU [1%@729,0%@729,0%@729,0%@1728,0%@1728,70%@1728] GR3D_FREQ 26% cpu@62.093C soc2@61.093C soc0@60.5C gpu@63.031C tj@63.031C soc1@61.125C VDD_IN 14185mW/9611mW VDD_CPU_GPU_CV 6636mW/3929mW VDD_SOC 2702mW/2040mW
09-13-2026 00:30:55 RAM 6968/7620MB (lfb 8x512kB) SWAP 918/12002MB (cached 9MB) CPU [0%@729,0%@729,0%@729,0%@729,0%@1728,98%@1728] GR3D_FREQ 39% cpu@62.093C soc2@60.781C soc0@60.531C gpu@62.125C tj@62.125C soc1@61.031C VDD_IN 10447mW/9612mW VDD_CPU_GPU_CV 4519mW/3931mW VDD_SOC 2089mW/2040mW
09-13-2026 00:30:56 RAM 6968/7620MB (lfb 8x512kB) SWAP 918/12002MB (cached 9MB) CPU [0%@729,0%@729,1%@729,1%@729,0%@1728,100%@1728] GR3D_FREQ 55% cpu@62C soc2@60.75C soc0@60.656C gpu@61.781C tj@62C soc1@61.125C VDD_IN 9136mW/9611mW VDD_CPU_GPU_CV 3745mW/3930mW VDD_SOC 1895mW/2040mW
09-13-2026 00:30:56 RAM 6968/7620MB (lfb 8x512kB) SWAP 918/12002MB (cached 9MB) CPU [0%@729,1%@729,0%@729,0%@729,0%@1728,98%@1728] GR3D_FREQ 50% cpu@61.968C soc2@60.593C soc0@60.562C gpu@61.781C tj@61.968C soc1@61.031C VDD_IN 8701mW/9609mW VDD_CPU_GPU_CV 3390mW/3929mW VDD_SOC 1819mW/2039mW
09-13-2026 00:30:57 RAM 6968/7620MB (lfb 8x512kB) SWAP 918/12002MB (cached 9MB) CPU [0%@729,1%@729,0%@729,1%@729,0%@1728,100%@1728] GR3D_FREQ 65% cpu@61.968C soc2@60.625C soc0@60.593C gpu@61.656C tj@61.968C soc1@61.031C VDD_IN 8503mW/9607mW VDD_CPU_GPU_CV 3311mW/3928mW VDD_SOC 1819mW/2039mW
09-13-2026 00:30:57 RAM 6968/7620MB (lfb 8x512kB) SWAP 918/12002MB (cached 9MB) CPU [0%@1728,0%@1728,0%@1728,0%@1728,0%@1728,98%@1728] GR3D_FREQ 61% cpu@61.843C soc2@60.562C soc0@60.5C gpu@61.5C tj@61.843C soc1@61.156C VDD_IN 8424mW/9605mW VDD_CPU_GPU_CV 3198mW/3926mW VDD_SOC 1819mW/2038mW
09-13-2026 00:30:58 RAM 6968/7620MB (lfb 8x512kB) SWAP 918/12002MB (cached 9MB) CPU [0%@1728,0%@1728,0%@1728,1%@1728,0%@1728,83%@1728] GR3D_FREQ 30% cpu@61.968C soc2@60.906C soc0@60.437C gpu@62.281C tj@62.281C soc1@61.093C VDD_IN 11926mW/9609mW VDD_CPU_GPU_CV 5640mW/3930mW VDD_SOC 2282mW/2039mW
09-13-2026 00:30:58 RAM 6968/7620MB (lfb 8x512kB) SWAP 918/12002MB (cached 9MB) CPU [0%@729,0%@729,1%@729,2%@729,0%@1728,100%@1728] GR3D_FREQ 42% cpu@62.093C soc2@60.75C soc0@60.531C gpu@61.906C tj@62.093C soc1@61.156C VDD_IN 9516mW/9609mW VDD_CPU_GPU_CV 4054mW/3930mW VDD_SOC 1934mW/2038mW
09-13-2026 00:30:59 RAM 6968/7620MB (lfb 8x512kB) SWAP 918/12002MB (cached 9MB) CPU [1%@1728,1%@1728,0%@1728,1%@1728,0%@1728,98%@1728] GR3D_FREQ 49% cpu@62.031C soc2@60.656C soc0@60.5C gpu@61.687C tj@62.031C soc1@61.062C VDD_IN 8701mW/9607mW VDD_CPU_GPU_CV 3469mW/3929mW VDD_SOC 1819mW/2038mW
09-13-2026 00:30:59 RAM 6968/7620MB (lfb 8x512kB) SWAP 918/12002MB (cached 9MB) CPU [0%@729,0%@729,0%@729,0%@729,1%@1728,100%@1728] GR3D_FREQ 62% cpu@62.125C soc2@60.625C soc0@60.562C gpu@61.718C tj@62.125C soc1@61.031C VDD_IN 8464mW/9605mW VDD_CPU_GPU_CV 3238mW/3928mW VDD_SOC 1779mW/2037mW
09-13-2026 00:31:00 RAM 6968/7620MB (lfb 8x512kB) SWAP 918/12002MB (cached 9MB) CPU [1%@729,1%@729,1%@729,1%@729,0%@1574,74%@1574] GR3D_FREQ 99% cpu@62.375C soc2@61C soc0@60.593C gpu@63.312C tj@63.312C soc1@61C VDD_IN 13360mW/9613mW VDD_CPU_GPU_CV 6334mW/3933mW VDD_SOC 2510mW/2038mW
09-13-2026 00:31:00 RAM 6967/7620MB (lfb 8x512kB) SWAP 918/12002MB (cached 9MB) CPU [0%@1728,0%@1728,0%@1728,0%@1728,3%@1728,96%@1728] GR3D_FREQ 38% cpu@62.062C soc2@60.812C soc0@60.625C gpu@62C tj@62.062C soc1@61.25C VDD_IN 10289mW/9614mW VDD_CPU_GPU_CV 4479mW/3934mW VDD_SOC 2089mW/2039mW
09-13-2026 00:31:01 RAM 6967/7620MB (lfb 8x512kB) SWAP 918/12002MB (cached 9MB) CPU [0%@729,0%@729,0%@729,0%@729,0%@1728,100%@1728] GR3D_FREQ 48% cpu@61.937C soc2@60.656C soc0@60.531C gpu@61.843C tj@61.937C soc1@61.218C VDD_IN 9057mW/9613mW VDD_CPU_GPU_CV 3666mW/3933mW VDD_SOC 1855mW/2038mW
09-13-2026 00:31:01 RAM 6967/7620MB (lfb 8x512kB) SWAP 918/12002MB (cached 9MB) CPU [0%@1728,0%@1728,0%@1728,0%@1728,0%@1728,98%@1728] GR3D_FREQ 52% cpu@61.906C soc2@60.781C soc0@60.562C gpu@61.75C tj@61.906C soc1@61.218C VDD_IN 8582mW/9611mW VDD_CPU_GPU_CV 3390mW/3932mW VDD_SOC 1819mW/2038mW
09-13-2026 00:31:02 RAM 6967/7620MB (lfb 8x512kB) SWAP 918/12002MB (cached 9MB) CPU [0%@1728,0%@1728,0%@1728,0%@1728,0%@1728,98%@1728] GR3D_FREQ 64% cpu@62.031C soc2@60.656C soc0@60.593C gpu@61.687C tj@61.843C soc1@61.125C VDD_IN 8464mW/9608mW VDD_CPU_GPU_CV 3238mW/3931mW VDD_SOC 1819mW/2037mW
09-13-2026 00:31:02 RAM 6967/7620MB (lfb 8x512kB) SWAP 918/12002MB (cached 9MB) CPU [0%@729,0%@1728,0%@1728,0%@1728,0%@1728,98%@1728] GR3D_FREQ 63% cpu@62C soc2@60.656C soc0@60.5C gpu@61.625C tj@62C soc1@61.125C VDD_IN 8385mW/9606mW VDD_CPU_GPU_CV 3159mW/3929mW VDD_SOC 1779mW/2037mW
09-13-2026 00:31:03 RAM 6967/7620MB (lfb 8x512kB) SWAP 918/12002MB (cached 9MB) CPU [0%@729,0%@729,1%@729,0%@729,0%@1728,98%@1728] GR3D_FREQ 1% cpu@62.125C soc2@60.656C soc0@60.593C gpu@61.281C tj@62.125C soc1@61.156C VDD_IN 8147mW/9603mW VDD_CPU_GPU_CV 2961mW/3927mW VDD_SOC 1779mW/2036mW
09-13-2026 00:31:03 RAM 6967/7620MB (lfb 8x512kB) SWAP 918/12002MB (cached 9MB) CPU [0%@1728,0%@1728,0%@1728,0%@1728,0%@1728,74%@1728] GR3D_FREQ 30% cpu@62.218C soc2@60.906C soc0@60.656C gpu@62.375C tj@62.375C soc1@61.093C VDD_IN 12516mW/9609mW VDD_CPU_GPU_CV 5836mW/3931mW VDD_SOC 2357mW/2037mW
09-13-2026 00:31:04 RAM 6967/7620MB (lfb 8x512kB) SWAP 918/12002MB (cached 9MB) CPU [0%@1728,0%@1728,0%@1728,0%@1728,0%@1728,98%@1728] GR3D_FREQ 41% cpu@62.062C soc2@60.812C soc0@60.687C gpu@61.875C tj@62.062C soc1@61.312C VDD_IN 9793mW/9609mW VDD_CPU_GPU_CV 4211mW/3932mW VDD_SOC 1931mW/2037mW
09-13-2026 00:31:04 RAM 6967/7620MB (lfb 8x512kB) SWAP 918/12002MB (cached 9MB) CPU [0%@729,0%@729,0%@729,2%@729,0%@1728,100%@1728] GR3D_FREQ 52% cpu@61.937C soc2@60.718C soc0@60.656C gpu@61.843C tj@61.937C soc1@61.25C VDD_IN 8859mW/9608mW VDD_CPU_GPU_CV 3548mW/3931mW VDD_SOC 1855mW/2036mW
09-13-2026 00:31:05 RAM 6967/7620MB (lfb 8x512kB) SWAP 918/12002MB (cached 9MB) CPU [0%@729,0%@1728,1%@1728,0%@1728,0%@1728,98%@1728] GR3D_FREQ 49% cpu@62.031C soc2@60.781C soc0@60.562C gpu@61.781C tj@62.031C soc1@61.218C VDD_IN 8543mW/9606mW VDD_CPU_GPU_CV 3351mW/3930mW VDD_SOC 1819mW/2036mW
09-13-2026 00:31:05 RAM 6968/7620MB (lfb 8x512kB) SWAP 918/12002MB (cached 9MB) CPU [1%@1728,0%@1728,0%@1728,0%@1728,0%@1728,98%@1728] GR3D_FREQ 64% cpu@62C soc2@60.687C soc0@60.562C gpu@61.75C tj@62C soc1@61.218C VDD_IN 8385mW/9603mW VDD_CPU_GPU_CV 3198mW/3928mW VDD_SOC 1819mW/2035mW
09-13-2026 00:31:06 RAM 6968/7620MB (lfb 8x512kB) SWAP 918/12002MB (cached 9MB) CPU [0%@1728,0%@1728,0%@1728,1%@1728,0%@1728,98%@1728] GR3D_FREQ 64% cpu@62.062C soc2@60.718C soc0@60.656C gpu@61.625C tj@61.906C soc1@61.156C VDD_IN 8385mW/9601mW VDD_CPU_GPU_CV 3159mW/3927mW VDD_SOC 1819mW/2035mW
09-13-2026 00:31:06 RAM 6968/7620MB (lfb 8x512kB) SWAP 918/12002MB (cached 9MB) CPU [1%@1728,0%@1728,0%@1728,1%@1728,0%@1728,88%@1728] GR3D_FREQ 99% cpu@62.031C soc2@60.812C soc0@60.656C gpu@62.75C tj@62.75C soc1@61.125C VDD_IN 10187mW/9602mW VDD_CPU_GPU_CV 4329mW/3927mW VDD_SOC 2050mW/2035mW
09-13-2026 00:31:07 RAM 6968/7620MB (lfb 8x512kB) SWAP 918/12002MB (cached 9MB) CPU [0%@1728,0%@1728,1%@1728,0%@1728,0%@1728,94%@1728] GR3D_FREQ 36% cpu@62.125C soc2@60.812C soc0@60.656C gpu@62.062C tj@62.125C soc1@61.156C VDD_IN 10644mW/9604mW VDD_CPU_GPU_CV 4715mW/3929mW VDD_SOC 2050mW/2035mW
09-13-2026 00:31:07 RAM 6968/7620MB (lfb 8x512kB) SWAP 918/12002MB (cached 9MB) CPU [0%@1728,1%@1728,1%@1728,0%@1728,0%@1728,100%@1728] GR3D_FREQ 46% cpu@62.125C soc2@60.812C soc0@60.656C gpu@61.812C tj@62.125C soc1@61.281C VDD_IN 9096mW/9603mW VDD_CPU_GPU_CV 3705mW/3929mW VDD_SOC 1855mW/2035mW
09-13-2026 00:31:08 RAM 6968/7620MB (lfb 8x512kB) SWAP 918/12002MB (cached 9MB) CPU [0%@1728,0%@1728,0%@1728,0%@1728,0%@1728,98%@1728] GR3D_FREQ 49% cpu@61.937C soc2@60.687C soc0@60.625C gpu@62.156C tj@62.156C soc1@61.187C VDD_IN 8582mW/9601mW VDD_CPU_GPU_CV 3351mW/3927mW VDD_SOC 1819mW/2034mW
09-13-2026 00:31:08 RAM 6968/7620MB (lfb 8x512kB) SWAP 918/12002MB (cached 9MB) CPU [0%@729,0%@729,1%@729,0%@729,0%@1113,90%@1113] GR3D_FREQ 99% cpu@61.968C soc2@60.875C soc0@60.656C gpu@62.656C tj@62.656C soc1@61.25C VDD_IN 9635mW/9601mW VDD_CPU_GPU_CV 3975mW/3927mW VDD_SOC 1974mW/2034mW
09-13-2026 00:31:09 RAM 6968/7620MB (lfb 8x512kB) SWAP 918/12002MB (cached 9MB) CPU [0%@1728,0%@1728,0%@1728,0%@1728,0%@1728,80%@1728] GR3D_FREQ 30% cpu@62.218C soc2@61.062C soc0@60.656C gpu@62.687C tj@62.687C soc1@61.125C VDD_IN 11729mW/9605mW VDD_CPU_GPU_CV 5374mW/3930mW VDD_SOC 2282mW/2035mW
09-13-2026 00:31:09 RAM 6968/7620MB (lfb 8x512kB) SWAP 918/12002MB (cached 9MB) CPU [0%@1728,0%@1728,0%@1728,1%@1728,0%@1728,100%@1728] GR3D_FREQ 42% cpu@62.218C soc2@60.875C soc0@60.781C gpu@61.968C tj@62.218C soc1@61.218C VDD_IN 9556mW/9605mW VDD_CPU_GPU_CV 4014mW/3931mW VDD_SOC 1934mW/2034mW
09-13-2026 00:31:10 RAM 6968/7620MB (lfb 8x512kB) SWAP 918/12002MB (cached 9MB) CPU [0%@1728,0%@1728,0%@1728,0%@1728,0%@1728,98%@1728] GR3D_FREQ 52% cpu@62.125C soc2@60.75C soc0@60.656C gpu@62.156C tj@62.156C soc1@61.187C VDD_IN 8780mW/9603mW VDD_CPU_GPU_CV 3469mW/3930mW VDD_SOC 1816mW/2034mW
09-13-2026 00:31:10 RAM 6968/7620MB (lfb 8x512kB) SWAP 918/12002MB (cached 9MB) CPU [1%@1728,0%@1728,0%@1728,1%@1728,0%@1728,100%@1728] GR3D_FREQ 60% cpu@62.031C soc2@60.718C soc0@60.75C gpu@61.812C tj@62.031C soc1@61.156C VDD_IN 8503mW/9601mW VDD_CPU_GPU_CV 3272mW/3928mW VDD_SOC 1819mW/2033mW
09-13-2026 00:31:11 RAM 6968/7620MB (lfb 8x512kB) SWAP 918/12002MB (cached 9MB) CPU [2%@729,0%@729,0%@729,3%@729,0%@1728,98%@1728] GR3D_FREQ 59% cpu@61.968C soc2@60.781C soc0@60.687C gpu@62.031C tj@62.031C soc1@61.281C VDD_IN 8424mW/9599mW VDD_CPU_GPU_CV 3198mW/3927mW VDD_SOC 1819mW/2033mW
09-13-2026 00:31:11 RAM 6968/7620MB (lfb 8x512kB) SWAP 918/12002MB (cached 9MB) CPU [1%@1728,0%@1728,1%@1728,1%@1728,0%@1728,98%@1728] GR3D_FREQ 60% cpu@61.875C soc2@60.812C soc0@60.593C gpu@61.687C tj@61.875C soc1@61.312C VDD_IN 8385mW/9597mW VDD_CPU_GPU_CV 3159mW/3925mW VDD_SOC 1819mW/2033mW
09-13-2026 00:31:12 RAM 6968/7620MB (lfb 8x512kB) SWAP 918/12002MB (cached 9MB) CPU [1%@1728,0%@1728,0%@1728,0%@1728,0%@1728,88%@1728] GR3D_FREQ 99% cpu@62.093C soc2@61.125C soc0@60.562C gpu@63.343C tj@63.343C soc1@61.281C VDD_IN 11532mW/9600mW VDD_CPU_GPU_CV 5296mW/3928mW VDD_SOC 2243mW/2033mW
09-13-2026 00:31:12 RAM 6968/7620MB (lfb 8x512kB) SWAP 918/12002MB (cached 9MB) CPU [4%@1728,1%@1728,0%@1728,1%@1728,0%@1728,94%@1728] GR3D_FREQ 40% cpu@62.343C soc2@60.968C soc0@60.656C gpu@62.093C tj@62.343C soc1@61.187C VDD_IN 10131mW/9601mW VDD_CPU_GPU_CV 4487mW/3929mW VDD_SOC 2010mW/2033mW
09-13-2026 00:31:13 RAM 6968/7620MB (lfb 8x512kB) SWAP 918/12002MB (cached 9MB) CPU [2%@729,0%@729,2%@729,0%@729,0%@1728,100%@1728] GR3D_FREQ 44% cpu@62.156C soc2@60.812C soc0@60.843C gpu@62.218C tj@62.218C soc1@61.281C VDD_IN 8938mW/9600mW VDD_CPU_GPU_CV 3627mW/3929mW VDD_SOC 1855mW/2033mW
09-13-2026 00:31:13 RAM 6968/7620MB (lfb 8x512kB) SWAP 918/12002MB (cached 9MB) CPU [0%@1728,0%@1728,0%@1728,1%@1728,0%@1728,98%@1728] GR3D_FREQ 62% cpu@62.062C soc2@60.812C soc0@60.656C gpu@61.781C tj@62.062C soc1@61.218C VDD_IN 8503mW/9598mW VDD_CPU_GPU_CV 3311mW/3927mW VDD_SOC 1819mW/2032mW
09-13-2026 00:31:14 RAM 6968/7620MB (lfb 8x512kB) SWAP 918/12002MB (cached 9MB) CPU [0%@729,0%@729,0%@729,0%@729,0%@1728,88%@1728] GR3D_FREQ 99% cpu@62.281C soc2@61.031C soc0@60.625C gpu@63.125C tj@63.125C soc1@61.375C VDD_IN 11235mW/9601mW VDD_CPU_GPU_CV 4982mW/3929mW VDD_SOC 2204mW/2033mW
09-13-2026 00:31:14 RAM 6968/7620MB (lfb 8x512kB) SWAP 918/12002MB (cached 9MB) CPU [0%@1728,0%@1728,0%@1728,1%@1728,0%@1728,82%@1728] GR3D_FREQ 36% cpu@62.187C soc2@61.031C soc0@60.781C gpu@62.218C tj@62.218C soc1@61.343C VDD_IN 10999mW/9604mW VDD_CPU_GPU_CV 4912mW/3931mW VDD_SOC 2125mW/2033mW
09-13-2026 00:31:15 RAM 6968/7620MB (lfb 8x512kB) SWAP 918/12002MB (cached 9MB) CPU [0%@1728,0%@1728,0%@1728,0%@1728,0%@1728,98%@1728] GR3D_FREQ 52% cpu@62C soc2@61.062C soc0@60.718C gpu@62.25C tj@62.25C soc1@61.343C VDD_IN 9279mW/9603mW VDD_CPU_GPU_CV 3824mW/3931mW VDD_SOC 1895mW/2032mW
09-13-2026 00:31:15 RAM 6968/7620MB (lfb 8x512kB) SWAP 918/12002MB (cached 9MB) CPU [0%@1728,0%@1728,0%@1728,0%@1728,0%@1728,100%@1728] GR3D_FREQ 49% cpu@62.187C soc2@60.937C soc0@60.687C gpu@62C tj@62C soc1@61.343C VDD_IN 8661mW/9601mW VDD_CPU_GPU_CV 3429mW/3930mW VDD_SOC 1819mW/2032mW
09-13-2026 00:31:16 RAM 6968/7620MB (lfb 8x512kB) SWAP 918/12002MB (cached 9MB) CPU [0%@729,0%@729,0%@729,0%@729,0%@1728,98%@1728] GR3D_FREQ 58% cpu@62.406C soc2@60.843C soc0@60.812C gpu@62.031C tj@62.406C soc1@61.343C VDD_IN 8464mW/9599mW VDD_CPU_GPU_CV 3238mW/3929mW VDD_SOC 1819mW/2032mW
09-13-2026 00:31:16 RAM 6968/7620MB (lfb 8x512kB) SWAP 918/12002MB (cached 9MB) CPU [0%@729,0%@729,0%@729,0%@729,0%@1728,98%@1728] GR3D_FREQ 62% cpu@62.156C soc2@60.75C soc0@60.687C gpu@61.875C tj@62.156C soc1@61.281C VDD_IN 8385mW/9597mW VDD_CPU_GPU_CV 3159mW/3927mW VDD_SOC 1819mW/2031mW
09-13-2026 00:31:17 RAM 6968/7620MB (lfb 8x512kB) SWAP 918/12002MB (cached 9MB) CPU [3%@729,0%@729,0%@729,1%@1728,0%@1728,98%@1728] GR3D_FREQ 66% cpu@62.125C soc2@60.812C soc0@60.656C gpu@61.906C tj@62.125C soc1@61.406C VDD_IN 8385mW/9594mW VDD_CPU_GPU_CV 3159mW/3926mW VDD_SOC 1819mW/2031mW
09-13-2026 00:31:17 RAM 6968/7620MB (lfb 8x512kB) SWAP 918/12002MB (cached 9MB) CPU [1%@729,1%@729,0%@729,1%@729,0%@1728,85%@1728] GR3D_FREQ 99% cpu@62.343C soc2@61.093C soc0@60.656C gpu@63.343C tj@63.343C soc1@61.343C VDD_IN 12713mW/9601mW VDD_CPU_GPU_CV 5757mW/3929mW VDD_SOC 2436mW/2032mW
09-13-2026 00:31:18 RAM 6968/7620MB (lfb 8x512kB) SWAP 918/12002MB (cached 9MB) CPU [0%@729,0%@729,0%@729,1%@729,0%@1728,80%@1728] GR3D_FREQ 37% cpu@62.156C soc2@61.093C soc0@60.781C gpu@62.437C tj@62.437C soc1@61.343C VDD_IN 10723mW/9603mW VDD_CPU_GPU_CV 4676mW/3931mW VDD_SOC 2089mW/2032mW
09-13-2026 00:31:18 RAM 6968/7620MB (lfb 8x512kB) SWAP 918/12002MB (cached 9MB) CPU [0%@729,0%@729,0%@729,0%@729,0%@1728,98%@1728] GR3D_FREQ 53% cpu@62.187C soc2@61.062C soc0@60.687C gpu@62.093C tj@62.187C soc1@61.343C VDD_IN 9200mW/9602mW VDD_CPU_GPU_CV 3745mW/3930mW VDD_SOC 1895mW/2031mW
09-13-2026 00:31:19 RAM 6968/7620MB (lfb 8x512kB) SWAP 918/12002MB (cached 9MB) CPU [0%@1036,0%@1036,1%@1036,4%@1036,0%@1728,100%@1728] GR3D_FREQ 49% cpu@62.312C soc2@60.937C soc0@60.843C gpu@61.906C tj@62.312C soc1@61.25C VDD_IN 8701mW/9600mW VDD_CPU_GPU_CV 3429mW/3929mW VDD_SOC 1819mW/2031mW
09-13-2026 00:31:19 RAM 6970/7620MB (lfb 8x512kB) SWAP 918/12002MB (cached 9MB) CPU [18%@1728,30%@1728,16%@1728,28%@1728,13%@1728,98%@1728] GR3D_FREQ 57% cpu@62.562C soc2@60.968C soc0@60.718C gpu@61.968C tj@62.718C soc1@61.531C VDD_IN 9017mW/9599mW VDD_CPU_GPU_CV 3705mW/3929mW VDD_SOC 1816mW/2031mW
09-13-2026 00:31:20 RAM 6970/7620MB (lfb 8x512kB) SWAP 918/12002MB (cached 9MB) CPU [1%@1728,5%@1728,0%@1728,1%@1728,3%@1728,98%@1728] GR3D_FREQ 62% cpu@62.093C soc2@60.843C soc0@60.75C gpu@61.906C tj@62.093C soc1@61.562C VDD_IN 8582mW/9597mW VDD_CPU_GPU_CV 3351mW/3928mW VDD_SOC 1819mW/2030mW
09-13-2026 00:31:20 RAM 6970/7620MB (lfb 8x512kB) SWAP 918/12002MB (cached 9MB) CPU [0%@1728,1%@1728,0%@1728,0%@1728,0%@1728,100%@1728] GR3D_FREQ 65% cpu@61.968C soc2@61C soc0@60.75C gpu@61.937C tj@61.968C soc1@61.375C VDD_IN 8424mW/9595mW VDD_CPU_GPU_CV 3198mW/3927mW VDD_SOC 1819mW/2030mW
09-13-2026 00:31:21 RAM 6970/7620MB (lfb 8x512kB) SWAP 918/12002MB (cached 9MB) CPU [1%@1728,1%@1728,0%@1728,1%@1728,0%@1728,98%@1728] GR3D_FREQ 62% cpu@62.062C soc2@60.906C soc0@60.718C gpu@61.812C tj@62.062C soc1@61.281C VDD_IN 8385mW/9593mW VDD_CPU_GPU_CV 3159mW/3925mW VDD_SOC 1819mW/2029mW
09-13-2026 00:31:21 RAM 6970/7620MB (lfb 8x512kB) SWAP 918/12002MB (cached 9MB) CPU [1%@1728,0%@1728,0%@1728,0%@1728,1%@729,84%@729] GR3D_FREQ 99% cpu@62.156C soc2@60.968C soc0@60.75C gpu@62.812C tj@62.812C soc1@61.312C VDD_IN 9753mW/9593mW VDD_CPU_GPU_CV 3975mW/3925mW VDD_SOC 2013mW/2029mW
09-13-2026 00:31:22 RAM 6970/7620MB (lfb 8x512kB) SWAP 918/12002MB (cached 9MB) CPU [0%@1728,0%@1728,0%@1728,0%@1728,1%@1728,96%@1728] GR3D_FREQ 35% cpu@62.343C soc2@61.031C soc0@60.875C gpu@62.187C tj@62.343C soc1@61.312C VDD_IN 10802mW/9595mW VDD_CPU_GPU_CV 4794mW/3927mW VDD_SOC 2046mW/2029mW
09-13-2026 00:31:22 RAM 6970/7620MB (lfb 8x512kB) SWAP 918/12002MB (cached 9MB) CPU [0%@729,0%@729,0%@729,0%@729,0%@1728,100%@1728] GR3D_FREQ 47% cpu@62.187C soc2@60.968C soc0@60.875C gpu@62.031C tj@62.406C soc1@61.312C VDD_IN 9176mW/9594mW VDD_CPU_GPU_CV 3745mW/3926mW VDD_SOC 1855mW/2029mW
09-13-2026 00:31:23 RAM 6970/7620MB (lfb 8x512kB) SWAP 918/12002MB (cached 9MB) CPU [0%@1728,0%@1728,0%@1728,0%@1728,0%@1728,98%@1728] GR3D_FREQ 48% cpu@62.125C soc2@60.906C soc0@60.718C gpu@61.906C tj@62.343C soc1@61.343C VDD_IN 8582mW/9592mW VDD_CPU_GPU_CV 3390mW/3925mW VDD_SOC 1819mW/2029mW
09-13-2026 00:31:23 RAM 6970/7620MB (lfb 8x512kB) SWAP 918/12002MB (cached 9MB) CPU [0%@1728,0%@1728,0%@1728,0%@1728,0%@1728,98%@1728] GR3D_FREQ 58% cpu@62.125C soc2@60.843C soc0@60.656C gpu@61.875C tj@62.125C soc1@61.5C VDD_IN 8385mW/9590mW VDD_CPU_GPU_CV 3198mW/3924mW VDD_SOC 1779mW/2028mW
09-13-2026 00:31:24 RAM 6970/7620MB (lfb 8x512kB) SWAP 918/12002MB (cached 9MB) CPU [0%@729,1%@1728,0%@1728,0%@1728,0%@1728,98%@1728] GR3D_FREQ 61% cpu@62C soc2@61C soc0@60.718C gpu@61.843C tj@62C soc1@61.343C VDD_IN 8345mW/9588mW VDD_CPU_GPU_CV 3119mW/3923mW VDD_SOC 1779mW/2028mW
09-13-2026 00:31:24 RAM 6970/7620MB (lfb 8x512kB) SWAP 918/12002MB (cached 9MB) CPU [0%@1728,0%@1728,0%@1728,0%@1728,0%@1728,98%@1728] GR3D_FREQ 62% cpu@61.937C soc2@60.906C soc0@60.843C gpu@62.062C tj@62.062C soc1@61.312C VDD_IN 8345mW/9585mW VDD_CPU_GPU_CV 3119mW/3921mW VDD_SOC 1779mW/2027mW
09-13-2026 00:31:25 RAM 6970/7620MB (lfb 8x512kB) SWAP 918/12002MB (cached 9MB) CPU [0%@729,0%@729,0%@729,0%@729,0%@1728,85%@1728] GR3D_FREQ 99% cpu@62.406C soc2@61.218C soc0@60.937C gpu@63.25C tj@63.25C soc1@61.281C VDD_IN 12771mW/9591mW VDD_CPU_GPU_CV 5836mW/3925mW VDD_SOC 2436mW/2028mW
09-13-2026 00:31:25 RAM 6970/7620MB (lfb 8x512kB) SWAP 918/12002MB (cached 9MB) CPU [0%@1728,0%@1728,0%@1728,1%@1728,0%@1728,80%@1728] GR3D_FREQ 33% cpu@62.375C soc2@61.093C soc0@60.906C gpu@62.562C tj@62.562C soc1@61.343C VDD_IN 10723mW/9594mW VDD_CPU_GPU_CV 4715mW/3926mW VDD_SOC 2089mW/2028mW
09-13-2026 00:31:26 RAM 6970/7620MB (lfb 8x512kB) SWAP 918/12002MB (cached 9MB) CPU [0%@729,0%@729,1%@729,0%@729,0%@1728,98%@1728] GR3D_FREQ 50% cpu@62.312C soc2@61C soc0@60.906C gpu@62C tj@62.312C soc1@61.406C VDD_IN 9240mW/9593mW VDD_CPU_GPU_CV 3784mW/3926mW VDD_SOC 1895mW/2028mW
09-13-2026 00:31:26 RAM 6970/7620MB (lfb 8x512kB) SWAP 918/12002MB (cached 9MB) CPU [3%@729,0%@729,0%@729,0%@729,0%@1728,100%@1728] GR3D_FREQ 54% cpu@62.187C soc2@60.937C soc0@60.75C gpu@62.156C tj@62.187C soc1@61.531C VDD_IN 8701mW/9591mW VDD_CPU_GPU_CV 3390mW/3925mW VDD_SOC 1819mW/2028mW
09-13-2026 00:31:27 RAM 6970/7620MB (lfb 8x512kB) SWAP 918/12002MB (cached 9MB) CPU [1%@1728,0%@1728,0%@1728,0%@1728,0%@1728,98%@1728] GR3D_FREQ 63% cpu@62.125C soc2@61.031C soc0@60.875C gpu@61.875C tj@62.125C soc1@61.468C VDD_IN 8503mW/9589mW VDD_CPU_GPU_CV 3272mW/3924mW VDD_SOC 1819mW/2027mW
09-13-2026 00:31:28 RAM 6970/7620MB (lfb 8x512kB) SWAP 918/12002MB (cached 9MB) CPU [0%@729,1%@729,0%@729,0%@729,0%@1728,98%@1728] GR3D_FREQ 64% cpu@62.218C soc2@61.031C soc0@60.781C gpu@62.062C tj@62.218C soc1@61.375C VDD_IN 8424mW/9587mW VDD_CPU_GPU_CV 3198mW/3922mW VDD_SOC 1819mW/2027mW
09-13-2026 00:31:28 RAM 6970/7620MB (lfb 8x512kB) SWAP 918/12002MB (cached 9MB) CPU [0%@729,1%@729,0%@729,0%@729,1%@1728,98%@1728] GR3D_FREQ 64% cpu@62.343C soc2@60.906C soc0@60.937C gpu@62.25C tj@62.343C soc1@61.375C VDD_IN 8385mW/9585mW VDD_CPU_GPU_CV 3159mW/3921mW VDD_SOC 1819mW/2026mW
09-13-2026 00:31:29 RAM 6970/7620MB (lfb 8x512kB) SWAP 918/12002MB (cached 9MB) CPU [0%@729,1%@729,0%@729,1%@729,0%@1728,100%@1728] GR3D_FREQ 61% cpu@62.312C soc2@60.906C soc0@60.875C gpu@62.031C tj@62.312C soc1@61.281C VDD_IN 8385mW/9583mW VDD_CPU_GPU_CV 3159mW/3919mW VDD_SOC 1819mW/2026mW
09-13-2026 00:31:29 RAM 6970/7620MB (lfb 8x512kB) SWAP 918/12002MB (cached 9MB) CPU [1%@1728,0%@1728,0%@1728,0%@1728,0%@1728,86%@1728] GR3D_FREQ 79% cpu@62.343C soc2@60.968C soc0@60.812C gpu@63.375C tj@63.375C soc1@61.25C VDD_IN 10368mW/9584mW VDD_CPU_GPU_CV 4479mW/3920mW VDD_SOC 2089mW/2026mW
09-13-2026 00:31:30 RAM 6970/7620MB (lfb 8x512kB) SWAP 918/12002MB (cached 9MB) CPU [4%@1728,0%@1728,0%@1728,0%@1728,0%@1728,96%@1728] GR3D_FREQ 35% cpu@62.343C soc2@61.093C soc0@60.875C gpu@62.531C tj@62.531C soc1@61.406C VDD_IN 10486mW/9586mW VDD_CPU_GPU_CV 4754mW/3922mW VDD_SOC 2050mW/2026mW
09-13-2026 00:31:30 RAM 6970/7620MB (lfb 8x512kB) SWAP 918/12002MB (cached 9MB) CPU [0%@1728,0%@1728,0%@1728,0%@1728,0%@1728,100%@1728] GR3D_FREQ 51% cpu@62.156C soc2@61.031C soc0@60.781C gpu@62.375C tj@62.375C soc1@61.531C VDD_IN 9042mW/9585mW VDD_CPU_GPU_CV 3745mW/3922mW VDD_SOC 1855mW/2026mW
09-13-2026 00:31:31 RAM 6970/7620MB (lfb 8x512kB) SWAP 918/12002MB (cached 9MB) CPU [0%@729,0%@729,0%@729,0%@729,0%@1728,98%@1728] GR3D_FREQ 47% cpu@62.406C soc2@61.093C soc0@60.812C gpu@62.125C tj@62.187C soc1@61.5C VDD_IN 8582mW/9583mW VDD_CPU_GPU_CV 3351mW/3921mW VDD_SOC 1819mW/2025mW
09-13-2026 00:31:31 RAM 6970/7620MB (lfb 8x512kB) SWAP 918/12002MB (cached 9MB) CPU [0%@1728,0%@1728,0%@1728,1%@1728,0%@1728,98%@1728] GR3D_FREQ 58% cpu@62.218C soc2@60.843C soc0@60.937C gpu@62C tj@62.218C soc1@61.406C VDD_IN 8385mW/9581mW VDD_CPU_GPU_CV 3198mW/3919mW VDD_SOC 1779mW/2025mW
09-13-2026 00:31:32 RAM 6970/7620MB (lfb 8x512kB) SWAP 918/12002MB (cached 9MB) CPU [1%@729,0%@729,0%@729,0%@729,0%@1728,98%@1728] GR3D_FREQ 58% cpu@62.25C soc2@60.906C soc0@60.843C gpu@61.968C tj@62.25C soc1@61.375C VDD_IN 8345mW/9578mW VDD_CPU_GPU_CV 3119mW/3918mW VDD_SOC 1779mW/2025mW
09-13-2026 00:31:32 RAM 6970/7620MB (lfb 8x512kB) SWAP 918/12002MB (cached 9MB) CPU [0%@1728,0%@1728,0%@1728,0%@1728,0%@1728,98%@1728] GR3D_FREQ 57% cpu@62.25C soc2@60.875C soc0@60.812C gpu@61.875C tj@62.25C soc1@61.343C VDD_IN 8305mW/9576mW VDD_CPU_GPU_CV 3119mW/3916mW VDD_SOC 1779mW/2024mW
09-13-2026 00:31:33 RAM 6970/7620MB (lfb 8x512kB) SWAP 918/12002MB (cached 9MB) CPU [0%@729,0%@729,0%@729,0%@729,1%@1344,78%@1344] GR3D_FREQ 99% cpu@62.375C soc2@61.187C soc0@60.843C gpu@63.687C tj@63.687C soc1@61.437C VDD_IN 13203mW/9583mW VDD_CPU_GPU_CV 6100mW/3920mW VDD_SOC 2510mW/2025mW
09-13-2026 00:31:33 RAM 6970/7620MB (lfb 8x512kB) SWAP 918/12002MB (cached 9MB) CPU [0%@1728,1%@1728,0%@1728,0%@1728,0%@1728,88%@1728] GR3D_FREQ 35% cpu@62.281C soc2@61.125C soc0@60.906C gpu@62.468C tj@62.468C soc1@61.468C VDD_IN 10526mW/9584mW VDD_CPU_GPU_CV 4597mW/3922mW VDD_SOC 2050mW/2025mW
09-13-2026 00:31:34 RAM 6970/7620MB (lfb 8x512kB) SWAP 918/12002MB (cached 9MB) CPU [3%@729,0%@729,0%@729,0%@729,0%@1728,100%@1728] GR3D_FREQ 47% cpu@62.312C soc2@61.125C soc0@60.843C gpu@62.125C tj@62.312C soc1@61.406C VDD_IN 9121mW/9584mW VDD_CPU_GPU_CV 3745mW/3921mW VDD_SOC 1855mW/2025mW
09-13-2026 00:31:34 RAM 6970/7620MB (lfb 8x512kB) SWAP 918/12002MB (cached 9MB) CPU [0%@729,0%@1728,0%@1728,1%@1728,0%@1728,98%@1728] GR3D_FREQ 49% cpu@62.437C soc2@60.937C soc0@61C gpu@61.968C tj@62.437C soc1@61.406C VDD_IN 8661mW/9582mW VDD_CPU_GPU_CV 3390mW/3920mW VDD_SOC 1816mW/2024mW
09-13-2026 00:31:35 RAM 6970/7620MB (lfb 8x512kB) SWAP 918/12002MB (cached 9MB) CPU [0%@806,3%@806,0%@806,4%@806,0%@1728,98%@1728] GR3D_FREQ 60% cpu@62.531C soc2@61.062C soc0@60.812C gpu@61.968C tj@62.531C soc1@61.437C VDD_IN 8503mW/9580mW VDD_CPU_GPU_CV 3232mW/3919mW VDD_SOC 1819mW/2024mW
09-13-2026 00:31:35 RAM 6969/7620MB (lfb 8x512kB) SWAP 918/12002MB (cached 9MB) CPU [20%@729,32%@729,26%@729,26%@729,36%@1728,98%@1728] GR3D_FREQ 60% cpu@62.343C soc2@61C soc0@60.843C gpu@62C tj@62.406C soc1@61.437C VDD_IN 8780mW/9578mW VDD_CPU_GPU_CV 3469mW/3918mW VDD_SOC 1816mW/2024mW
09-13-2026 00:31:36 RAM 6969/7620MB (lfb 8x512kB) SWAP 918/12002MB (cached 9MB) CPU [0%@729,0%@729,0%@729,0%@729,0%@1728,100%@1728] GR3D_FREQ 61% cpu@62.156C soc2@60.937C soc0@60.875C gpu@61.968C tj@62.156C soc1@61.531C VDD_IN 8503mW/9576mW VDD_CPU_GPU_CV 3238mW/3917mW VDD_SOC 1819mW/2023mW
09-13-2026 00:31:36 RAM 6969/7620MB (lfb 8x512kB) SWAP 918/12002MB (cached 9MB) CPU [1%@1728,0%@1728,0%@1728,0%@1728,1%@1728,98%@1728] GR3D_FREQ 64% cpu@62.187C soc2@60.968C soc0@60.843C gpu@61.937C tj@62.187C soc1@61.437C VDD_IN 8385mW/9574mW VDD_CPU_GPU_CV 3159mW/3916mW VDD_SOC 1819mW/2023mW
09-13-2026 00:31:37 RAM 6969/7620MB (lfb 8x512kB) SWAP 918/12002MB (cached 9MB) CPU [1%@1728,0%@1728,0%@1728,0%@1728,1%@1728,86%@1728] GR3D_FREQ 99% cpu@62.468C soc2@61.156C soc0@60.812C gpu@63C tj@63C soc1@61.375C VDD_IN 10565mW/9576mW VDD_CPU_GPU_CV 4558mW/3917mW VDD_SOC 2128mW/2023mW
09-13-2026 00:31:37 RAM 6969/7620MB (lfb 7x512kB) SWAP 918/12002MB (cached 9MB) CPU [3%@729,1%@729,0%@729,0%@729,0%@1728,79%@1728] GR3D_FREQ 30% cpu@62.531C soc2@61.25C soc0@61.031C gpu@62.656C tj@62.656C soc1@61.343C VDD_IN 11729mW/9580mW VDD_CPU_GPU_CV 5217mW/3919mW VDD_SOC 2322mW/2024mW
09-13-2026 00:31:38 RAM 6969/7620MB (lfb 7x512kB) SWAP 918/12002MB (cached 9MB) CPU [1%@729,0%@729,0%@729,0%@729,0%@1728,98%@1728] GR3D_FREQ 41% cpu@62.343C soc2@61.125C soc0@61C gpu@62.25C tj@62.343C soc1@61.468C VDD_IN 9556mW/9580mW VDD_CPU_GPU_CV 3936mW/3919mW VDD_SOC 1974mW/2023mW
09-13-2026 00:31:38 RAM 6969/7620MB (lfb 7x512kB) SWAP 918/12002MB (cached 9MB) CPU [0%@1728,0%@1728,0%@1728,0%@1728,0%@1728,100%@1728] GR3D_FREQ 49% cpu@62.312C soc2@61C soc0@61C gpu@62.343C tj@62.312C soc1@61.468C VDD_IN 8780mW/9578mW VDD_CPU_GPU_CV 3469mW/3918mW VDD_SOC 1855mW/2023mW
09-13-2026 00:31:39 RAM 6969/7620MB (lfb 7x512kB) SWAP 918/12002MB (cached 9MB) CPU [0%@729,0%@729,0%@729,0%@729,0%@1728,98%@1728] GR3D_FREQ 63% cpu@62.218C soc2@60.968C soc0@60.968C gpu@62C tj@62.218C soc1@61.593C VDD_IN 8503mW/9577mW VDD_CPU_GPU_CV 3311mW/3917mW VDD_SOC 1819mW/2023mW
09-13-2026 00:31:39 RAM 6969/7620MB (lfb 7x512kB) SWAP 918/12002MB (cached 9MB) CPU [0%@1728,1%@1728,0%@1728,0%@1728,0%@1728,98%@1728] GR3D_FREQ 61% cpu@62.156C soc2@60.937C soc0@60.906C gpu@62.187C tj@62.187C soc1@61.562C VDD_IN 8424mW/9574mW VDD_CPU_GPU_CV 3198mW/3916mW VDD_SOC 1819mW/2022mW
09-13-2026 00:31:40 RAM 6969/7620MB (lfb 7x512kB) SWAP 918/12002MB (cached 9MB) CPU [0%@1728,0%@1728,0%@1728,0%@1728,0%@1728,98%@1728] GR3D_FREQ 64% cpu@62.375C soc2@61.031C soc0@60.843C gpu@62.375C tj@62.375C soc1@61.5C VDD_IN 8385mW/9572mW VDD_CPU_GPU_CV 3159mW/3915mW VDD_SOC 1819mW/2022mW
09-13-2026 00:31:40 RAM 6969/7620MB (lfb 7x512kB) SWAP 918/12002MB (cached 9MB) CPU [0%@729,0%@729,1%@729,1%@729,0%@1728,98%@1728] GR3D_FREQ 62% cpu@62.5C soc2@61.031C soc0@60.937C gpu@62.218C tj@62.5C soc1@61.468C VDD_IN 8385mW/9570mW VDD_CPU_GPU_CV 3159mW/3913mW VDD_SOC 1819mW/2022mW
