09-13-2026 15:08:08 RAM 3076/7620MB (lfb 7x4MB) SWAP 587/8192MB (cached 179MB) CPU [1%@1728,0%@1728,96%@1728,0%@1728,0%@729,0%@729] GR3D_FREQ 0% cpu@49.812C soc2@47.093C soc0@47.718C gpu@48.218C tj@49.812C soc1@48.156C VDD_IN 5762mW/5762mW VDD_CPU_GPU_CV 1468mW/1468mW VDD_SOC 1470mW/1470mW
09-13-2026 15:08:09 RAM 3090/7620MB (lfb 6x4MB) SWAP 587/8192MB (cached 179MB) CPU [2%@1728,0%@1728,92%@1728,0%@1728,1%@729,0%@729] GR3D_FREQ 0% cpu@49.5C soc2@47.062C soc0@47.718C gpu@48.062C tj@49.5C soc1@48.437C VDD_IN 5723mW/5743mW VDD_CPU_GPU_CV 1428mW/1448mW VDD_SOC 1470mW/1470mW
09-13-2026 15:08:09 RAM 3099/7620MB (lfb 5x4MB) SWAP 587/8192MB (cached 179MB) CPU [0%@1728,0%@1728,98%@1728,0%@1728,0%@729,0%@729] GR3D_FREQ 0% cpu@49.625C soc2@47.125C soc0@47.75C gpu@48.312C tj@49.625C soc1@48.375C VDD_IN 5762mW/5749mW VDD_CPU_GPU_CV 1507mW/1468mW VDD_SOC 1470mW/1470mW
09-13-2026 15:08:10 RAM 3108/7620MB (lfb 3x4MB) SWAP 587/8192MB (cached 179MB) CPU [1%@1728,0%@1728,100%@1728,0%@1728,0%@729,0%@729] GR3D_FREQ 0% cpu@49.406C soc2@47.093C soc0@47.625C gpu@48.437C tj@49.406C soc1@48.187C VDD_IN 5802mW/5762mW VDD_CPU_GPU_CV 1468mW/1468mW VDD_SOC 1470mW/1470mW
09-13-2026 15:08:10 RAM 3121/7620MB (lfb 17x2MB) SWAP 587/8192MB (cached 179MB) CPU [0%@1728,0%@1728,98%@1728,1%@1728,0%@729,0%@729] GR3D_FREQ 0% cpu@49.875C soc2@47.093C soc0@47.781C gpu@48.312C tj@49.875C soc1@48.218C VDD_IN 5723mW/5754mW VDD_CPU_GPU_CV 1349mW/1444mW VDD_SOC 1510mW/1478mW
09-13-2026 15:08:11 RAM 3142/7620MB (lfb 4x2MB) SWAP 587/8192MB (cached 179MB) CPU [2%@1728,1%@1728,94%@1728,0%@1728,0%@729,0%@729] GR3D_FREQ 0% cpu@49.562C soc2@47.125C soc0@47.812C gpu@48.218C tj@49.562C soc1@48.218C VDD_IN 5683mW/5743mW VDD_CPU_GPU_CV 1388mW/1435mW VDD_SOC 1470mW/1477mW
09-13-2026 15:08:11 RAM 3150/7620MB (lfb 1x2MB) SWAP 587/8192MB (cached 179MB) CPU [1%@1728,0%@1728,96%@1728,0%@1728,0%@729,2%@729] GR3D_FREQ 0% cpu@49.75C soc2@47.062C soc0@47.812C gpu@48.25C tj@49.75C soc1@48.375C VDD_IN 5683mW/5734mW VDD_CPU_GPU_CV 1428mW/1434mW VDD_SOC 1470mW/1476mW
09-13-2026 15:08:12 RAM 3151/7620MB (lfb 156x1MB) SWAP 587/8192MB (cached 179MB) CPU [64%@1728,0%@1728,28%@1728,1%@1728,2%@729,2%@729] GR3D_FREQ 0% cpu@49.343C soc2@47.25C soc0@47.687C gpu@48.187C tj@49.343C soc1@48.312C VDD_IN 5683mW/5728mW VDD_CPU_GPU_CV 1428mW/1433mW VDD_SOC 1470mW/1475mW
09-13-2026 15:08:12 RAM 3146/7620MB (lfb 154x1MB) SWAP 587/8192MB (cached 179MB) CPU [98%@1728,1%@1728,0%@1728,0%@1728,0%@729,0%@729] GR3D_FREQ 0% cpu@49.437C soc2@47.25C soc0@47.75C gpu@48.156C tj@49.437C soc1@48.343C VDD_IN 5723mW/5727mW VDD_CPU_GPU_CV 1388mW/1428mW VDD_SOC 1470mW/1474mW
09-13-2026 15:08:13 RAM 3155/7620MB (lfb 151x1MB) SWAP 587/8192MB (cached 179MB) CPU [100%@1728,0%@1728,0%@1728,0%@1728,2%@729,2%@729] GR3D_FREQ 0% cpu@49.312C soc2@47.25C soc0@47.875C gpu@48.468C tj@49.312C soc1@48.281C VDD_IN 5723mW/5727mW VDD_CPU_GPU_CV 1349mW/1420mW VDD_SOC 1510mW/1478mW
09-13-2026 15:08:13 RAM 3157/7620MB (lfb 151x1MB) SWAP 587/8192MB (cached 179MB) CPU [100%@1728,0%@1728,0%@1728,0%@1728,0%@729,0%@729] GR3D_FREQ 0% cpu@49.156C soc2@47.187C soc0@47.781C gpu@48.062C tj@49.156C soc1@48.25C VDD_IN 5723mW/5726mW VDD_CPU_GPU_CV 1230mW/1403mW VDD_SOC 1550mW/1485mW
09-13-2026 15:08:14 RAM 3152/7620MB (lfb 150x1MB) SWAP 587/8192MB (cached 179MB) CPU [100%@1728,0%@1728,0%@1728,0%@1728,0%@729,0%@729] GR3D_FREQ 0% cpu@49.375C soc2@47.281C soc0@47.906C gpu@48.531C tj@49.375C soc1@48.437C VDD_IN 5723mW/5726mW VDD_CPU_GPU_CV 1428mW/1405mW VDD_SOC 1470mW/1483mW
09-13-2026 15:08:14 RAM 3137/7620MB (lfb 147x1MB) SWAP 587/8192MB (cached 179MB) CPU [88%@1651,0%@1651,1%@1651,0%@1651,1%@729,0%@729] GR3D_FREQ 0% cpu@49.031C soc2@47.312C soc0@47.781C gpu@48.406C tj@49C soc1@48.343C VDD_IN 5643mW/5720mW VDD_CPU_GPU_CV 1391mW/1404mW VDD_SOC 1470mW/1482mW
09-13-2026 15:08:15 RAM 3108/7620MB (lfb 140x1MB) SWAP 587/8192MB (cached 179MB) CPU [4%@1728,1%@1728,93%@1728,1%@1728,7%@729,0%@729] GR3D_FREQ 0% cpu@49.406C soc2@47.25C soc0@47.812C gpu@48.5C tj@49.406C soc1@48.312C VDD_IN 5762mW/5723mW VDD_CPU_GPU_CV 1428mW/1406mW VDD_SOC 1510mW/1484mW
09-13-2026 15:08:15 RAM 3102/7620MB (lfb 138x1MB) SWAP 587/8192MB (cached 179MB) CPU [0%@1728,0%@1728,100%@1728,0%@1728,2%@729,0%@729] GR3D_FREQ 0% cpu@49.562C soc2@47.187C soc0@47.906C gpu@48.312C tj@49.562C soc1@48.343C VDD_IN 5643mW/5717mW VDD_CPU_GPU_CV 1311mW/1399mW VDD_SOC 1470mW/1483mW
09-13-2026 15:08:16 RAM 3091/7620MB (lfb 134x1MB) SWAP 587/8192MB (cached 179MB) CPU [26%@1651,14%@1651,48%@1651,0%@1651,5%@729,0%@729] GR3D_FREQ 0% cpu@49.031C soc2@47.187C soc0@47.875C gpu@48.312C tj@49.031C soc1@48.25C VDD_IN 5643mW/5713mW VDD_CPU_GPU_CV 1349mW/1396mW VDD_SOC 1470mW/1483mW
09-13-2026 15:08:16 RAM 3088/7620MB (lfb 133x1MB) SWAP 587/8192MB (cached 179MB) CPU [3%@1728,4%@1728,92%@1728,0%@1728,0%@729,1%@729] GR3D_FREQ 0% cpu@49.468C soc2@47.156C soc0@47.875C gpu@48.187C tj@49.468C soc1@48.437C VDD_IN 5723mW/5713mW VDD_CPU_GPU_CV 1230mW/1386mW VDD_SOC 1550mW/1486mW
09-13-2026 15:08:17 RAM 3064/7620MB (lfb 127x1MB) SWAP 587/8192MB (cached 179MB) CPU [4%@1728,0%@1728,88%@1728,0%@1728,5%@729,2%@729] GR3D_FREQ 0% cpu@49.437C soc2@47.281C soc0@47.812C gpu@48.281C tj@49.437C soc1@48.468C VDD_IN 5643mW/5709mW VDD_CPU_GPU_CV 1309mW/1382mW VDD_SOC 1510mW/1488mW
09-13-2026 15:08:17 RAM 3056/7620MB (lfb 111x1MB) SWAP 587/8192MB (cached 179MB) CPU [0%@1728,1%@1728,94%@1728,1%@1728,9%@729,1%@729] GR3D_FREQ 0% cpu@49.718C soc2@47.343C soc0@48C gpu@48.281C tj@49.718C soc1@48.375C VDD_IN 5762mW/5712mW VDD_CPU_GPU_CV 1388mW/1382mW VDD_SOC 1510mW/1489mW
09-13-2026 15:08:18 RAM 3052/7620MB (lfb 108x1MB) SWAP 587/8192MB (cached 179MB) CPU [1%@1728,0%@1728,100%@1728,0%@1728,1%@729,0%@729] GR3D_FREQ 0% cpu@49.687C soc2@47.218C soc0@47.968C gpu@48.5C tj@49.5C soc1@48.437C VDD_IN 5643mW/5709mW VDD_CPU_GPU_CV 1309mW/1379mW VDD_SOC 1510mW/1490mW
09-13-2026 15:08:18 RAM 3049/7620MB (lfb 91x1MB) SWAP 587/8192MB (cached 179MB) CPU [1%@1728,0%@1728,100%@1728,0%@1728,11%@729,0%@729] GR3D_FREQ 0% cpu@49.5C soc2@47.25C soc0@47.812C gpu@48.312C tj@49.5C soc1@48.406C VDD_IN 5842mW/5715mW VDD_CPU_GPU_CV 1388mW/1379mW VDD_SOC 1510mW/1491mW
09-13-2026 15:08:19 RAM 3049/7620MB (lfb 91x1MB) SWAP 587/8192MB (cached 179MB) CPU [1%@1728,0%@1728,100%@1728,0%@1728,0%@729,0%@729] GR3D_FREQ 0% cpu@49.5C soc2@47.312C soc0@47.875C gpu@48.531C tj@49.5C soc1@48.343C VDD_IN 5802mW/5719mW VDD_CPU_GPU_CV 1349mW/1378mW VDD_SOC 1510mW/1492mW
09-13-2026 15:08:19 RAM 3049/7620MB (lfb 91x1MB) SWAP 587/8192MB (cached 179MB) CPU [0%@1728,0%@1728,100%@1728,0%@1728,0%@729,0%@729] GR3D_FREQ 0% cpu@49.812C soc2@47.218C soc0@47.937C gpu@48.406C tj@49.812C soc1@48.5C VDD_IN 5683mW/5717mW VDD_CPU_GPU_CV 1311mW/1375mW VDD_SOC 1510mW/1493mW
09-13-2026 15:08:20 RAM 3044/7620MB (lfb 83x1MB) SWAP 587/8192MB (cached 179MB) CPU [0%@1728,0%@1728,100%@1728,0%@1728,4%@729,0%@729] GR3D_FREQ 0% cpu@49.468C soc2@47.343C soc0@48.062C gpu@48.312C tj@49.468C soc1@48.343C VDD_IN 5762mW/5719mW VDD_CPU_GPU_CV 1349mW/1374mW VDD_SOC 1510mW/1493mW
09-13-2026 15:08:20 RAM 3039/7620MB (lfb 79x1MB) SWAP 587/8192MB (cached 179MB) CPU [0%@1728,0%@1728,100%@1728,0%@1728,4%@729,0%@729] GR3D_FREQ 0% cpu@49.562C soc2@47.25C soc0@48C gpu@48.312C tj@49.562C soc1@48.5C VDD_IN 5683mW/5718mW VDD_CPU_GPU_CV 1271mW/1370mW VDD_SOC 1510mW/1494mW
09-13-2026 15:08:21 RAM 3039/7620MB (lfb 77x1MB) SWAP 587/8192MB (cached 179MB) CPU [3%@1728,1%@1728,100%@1728,0%@1728,1%@729,0%@729] GR3D_FREQ 0% cpu@49.656C soc2@47.281C soc0@47.968C gpu@48.343C tj@49.656C soc1@48.531C VDD_IN 5723mW/5718mW VDD_CPU_GPU_CV 1309mW/1367mW VDD_SOC 1510mW/1495mW
09-13-2026 15:08:21 RAM 3044/7620MB (lfb 73x1MB) SWAP 587/8192MB (cached 179MB) CPU [0%@1728,0%@1728,100%@1728,0%@1728,1%@729,0%@729] GR3D_FREQ 0% cpu@49.406C soc2@47.343C soc0@47.906C gpu@48.281C tj@49.656C soc1@48.531C VDD_IN 5683mW/5717mW VDD_CPU_GPU_CV 1271mW/1364mW VDD_SOC 1510mW/1495mW
09-13-2026 15:08:22 RAM 3037/7620MB (lfb 70x1MB) SWAP 587/8192MB (cached 179MB) CPU [0%@1728,0%@1728,100%@1728,0%@1728,2%@729,0%@729] GR3D_FREQ 0% cpu@49.468C soc2@47.343C soc0@48.093C gpu@48.468C tj@49.468C soc1@48.468C VDD_IN 5603mW/5713mW VDD_CPU_GPU_CV 1230mW/1359mW VDD_SOC 1510mW/1496mW
09-13-2026 15:08:22 RAM 3024/7620MB (lfb 66x1MB) SWAP 587/8192MB (cached 179MB) CPU [0%@1728,0%@1728,100%@1728,0%@1728,0%@729,5%@729] GR3D_FREQ 0% cpu@49.75C soc2@47.312C soc0@48C gpu@48.437C tj@49.75C soc1@48.437C VDD_IN 5802mW/5716mW VDD_CPU_GPU_CV 1349mW/1359mW VDD_SOC 1510mW/1496mW
09-13-2026 15:08:23 RAM 3023/7620MB (lfb 62x1MB) SWAP 587/8192MB (cached 179MB) CPU [1%@1728,0%@1728,100%@1728,0%@1728,0%@729,5%@729] GR3D_FREQ 0% cpu@49.531C soc2@47.25C soc0@47.937C gpu@48.562C tj@49.531C soc1@48.656C VDD_IN 5683mW/5715mW VDD_CPU_GPU_CV 1311mW/1357mW VDD_SOC 1510mW/1497mW
09-13-2026 15:08:23 RAM 3023/7620MB (lfb 62x1MB) SWAP 587/8192MB (cached 179MB) CPU [1%@1728,0%@1728,100%@1728,0%@1728,0%@729,0%@729] GR3D_FREQ 0% cpu@49.687C soc2@47.312C soc0@47.937C gpu@48.437C tj@49.687C soc1@48.562C VDD_IN 5762mW/5716mW VDD_CPU_GPU_CV 1230mW/1353mW VDD_SOC 1550mW/1498mW
09-13-2026 15:08:24 RAM 3003/7620MB (lfb 63x1MB) SWAP 587/8192MB (cached 179MB) CPU [1%@1728,0%@1728,100%@1728,0%@1728,0%@729,0%@729] GR3D_FREQ 0% cpu@49.468C soc2@47.406C soc0@47.937C gpu@48.406C tj@49.468C soc1@48.437C VDD_IN 5683mW/5715mW VDD_CPU_GPU_CV 1192mW/1348mW VDD_SOC 1550mW/1500mW
09-13-2026 15:08:24 RAM 3651/7620MB (lfb 1x2MB) SWAP 587/8192MB (cached 179MB) CPU [2%@729,6%@729,35%@729,18%@729,72%@1728,0%@1728] GR3D_FREQ 0% cpu@49.75C soc2@47.343C soc0@47.937C gpu@48.406C tj@49.75C soc1@48.5C VDD_IN 5842mW/5719mW VDD_CPU_GPU_CV 1388mW/1349mW VDD_SOC 1550mW/1502mW
09-13-2026 15:08:25 RAM 5411/7620MB (lfb 46x1MB) SWAP 587/8192MB (cached 179MB) CPU [0%@1728,3%@1728,2%@1728,1%@1728,100%@1728,1%@1728] GR3D_FREQ 0% cpu@49.437C soc2@47.312C soc0@48.031C gpu@48.531C tj@49.437C soc1@48.5C VDD_IN 6279mW/5736mW VDD_CPU_GPU_CV 1626mW/1357mW VDD_SOC 1669mW/1506mW
09-13-2026 15:08:25 RAM 5443/7620MB (lfb 46x1MB) SWAP 587/8192MB (cached 179MB) CPU [4%@1728,2%@1728,64%@1728,1%@1728,7%@729,12%@729] GR3D_FREQ 43% cpu@49.906C soc2@47.343C soc0@48.062C gpu@48.468C tj@49.906C soc1@48.531C VDD_IN 5961mW/5742mW VDD_CPU_GPU_CV 1468mW/1360mW VDD_SOC 1589mW/1509mW
09-13-2026 15:08:26 RAM 5479/7620MB (lfb 34x1MB) SWAP 587/8192MB (cached 179MB) CPU [17%@1728,1%@1728,91%@1728,0%@1728,0%@1574,37%@1574] GR3D_FREQ 18% cpu@49.968C soc2@47.5C soc0@48.062C gpu@48.5C tj@49.968C soc1@48.687C VDD_IN 6398mW/5760mW VDD_CPU_GPU_CV 1706mW/1370mW VDD_SOC 1629mW/1512mW
09-13-2026 15:08:26 RAM 5473/7620MB (lfb 34x1MB) SWAP 587/8192MB (cached 179MB) CPU [23%@1728,34%@1728,41%@1728,0%@1728,0%@1728,88%@1728] GR3D_FREQ 19% cpu@49.562C soc2@47.625C soc0@48.062C gpu@48.468C tj@49.562C soc1@48.625C VDD_IN 6716mW/5786mW VDD_CPU_GPU_CV 1941mW/1385mW VDD_SOC 1666mW/1516mW
09-13-2026 15:08:27 RAM 5474/7620MB (lfb 34x1MB) SWAP 587/8192MB (cached 179MB) CPU [18%@1728,67%@1728,14%@1728,1%@1728,3%@1497,56%@1497] GR3D_FREQ 17% cpu@49.812C soc2@47.625C soc0@48C gpu@48.562C tj@49.812C soc1@48.625C VDD_IN 6557mW/5806mW VDD_CPU_GPU_CV 1864mW/1398mW VDD_SOC 1666mW/1520mW
09-13-2026 15:08:27 RAM 5474/7620MB (lfb 34x1MB) SWAP 587/8192MB (cached 179MB) CPU [20%@1728,20%@1728,66%@1728,0%@1728,0%@1728,94%@1728] GR3D_FREQ 18% cpu@49.968C soc2@47.625C soc0@48.156C gpu@48.906C tj@49.968C soc1@48.593C VDD_IN 6785mW/5831mW VDD_CPU_GPU_CV 2020mW/1414mW VDD_SOC 1666mW/1524mW
09-13-2026 15:08:28 RAM 5474/7620MB (lfb 34x1MB) SWAP 587/8192MB (cached 179MB) CPU [22%@1728,82%@1728,9%@1728,0%@1728,0%@806,74%@806] GR3D_FREQ 11% cpu@49.687C soc2@47.656C soc0@48.218C gpu@48.531C tj@49.687C soc1@48.656C VDD_IN 6676mW/5853mW VDD_CPU_GPU_CV 1901mW/1426mW VDD_SOC 1666mW/1528mW
09-13-2026 15:08:28 RAM 5480/7620MB (lfb 34x1MB) SWAP 587/8192MB (cached 179MB) CPU [0%@1728,62%@1728,0%@1728,0%@1728,3%@729,0%@729] GR3D_FREQ 1% cpu@49.375C soc2@47.531C soc0@48.062C gpu@48.937C tj@49.437C soc1@48.625C VDD_IN 6438mW/5867mW VDD_CPU_GPU_CV 1547mW/1429mW VDD_SOC 1706mW/1532mW
09-13-2026 15:08:29 RAM 5480/7620MB (lfb 34x1MB) SWAP 587/8192MB (cached 179MB) CPU [0%@1728,0%@1728,0%@1728,0%@1728,100%@1728,0%@1728] GR3D_FREQ 0% cpu@49.562C soc2@47.406C soc0@48.218C gpu@48.531C tj@49.562C soc1@48.75C VDD_IN 5921mW/5868mW VDD_CPU_GPU_CV 1269mW/1425mW VDD_SOC 1589mW/1533mW
09-13-2026 15:08:30 RAM 5480/7620MB (lfb 34x1MB) SWAP 587/8192MB (cached 179MB) CPU [0%@1728,0%@1728,0%@1728,0%@1728,100%@1728,0%@1728] GR3D_FREQ 0% cpu@49.437C soc2@47.406C soc0@48.093C gpu@48.781C tj@49.437C soc1@48.718C VDD_IN 5802mW/5867mW VDD_CPU_GPU_CV 1190mW/1420mW VDD_SOC 1589mW/1535mW
09-13-2026 15:08:30 RAM 5647/7620MB (lfb 34x1MB) SWAP 587/8192MB (cached 179MB) CPU [18%@1728,11%@1728,6%@1728,15%@1728,62%@1728,50%@1728] GR3D_FREQ 0% cpu@50.031C soc2@47.531C soc0@48.093C gpu@48.468C tj@50.031C soc1@48.656C VDD_IN 5921mW/5868mW VDD_CPU_GPU_CV 1388mW/1419mW VDD_SOC 1550mW/1535mW
09-13-2026 15:08:31 RAM 5724/7620MB (lfb 34x1MB) SWAP 587/8192MB (cached 179MB) CPU [16%@1728,0%@1728,2%@1728,48%@1728,26%@729,20%@729] GR3D_FREQ 0% cpu@49.781C soc2@47.625C soc0@48.281C gpu@48.781C tj@49.781C soc1@48.718C VDD_IN 5842mW/5867mW VDD_CPU_GPU_CV 1388mW/1418mW VDD_SOC 1550mW/1535mW
09-13-2026 15:08:31 RAM 5726/7620MB (lfb 34x1MB) SWAP 587/8192MB (cached 179MB) CPU [97%@1728,0%@1728,0%@1728,0%@1728,47%@960,0%@960] GR3D_FREQ 0% cpu@49.656C soc2@47.718C soc0@48.218C gpu@48.687C tj@49.656C soc1@48.687C VDD_IN 5882mW/5868mW VDD_CPU_GPU_CV 1468mW/1420mW VDD_SOC 1550mW/1536mW
09-13-2026 15:08:32 RAM 5725/7620MB (lfb 34x1MB) SWAP 587/8192MB (cached 179MB) CPU [98%@1728,0%@1728,0%@1728,0%@1728,36%@960,1%@960] GR3D_FREQ 0% cpu@49.75C soc2@47.625C soc0@48.218C gpu@48.625C tj@49.75C soc1@48.843C VDD_IN 5842mW/5867mW VDD_CPU_GPU_CV 1468mW/1421mW VDD_SOC 1550mW/1536mW
09-13-2026 15:08:32 RAM 5740/7620MB (lfb 34x1MB) SWAP 587/8192MB (cached 179MB) CPU [6%@729,8%@729,0%@729,1%@1728,14%@1728,64%@1728] GR3D_FREQ 99% cpu@50.031C soc2@48.281C soc0@48.343C gpu@51.687C tj@51.687C soc1@48.75C VDD_IN 14657mW/6050mW VDD_CPU_GPU_CV 8120mW/1560mW VDD_SOC 2275mW/1551mW
09-13-2026 15:08:33 RAM 5743/7620MB (lfb 36x1MB) SWAP 587/8192MB (cached 179MB) CPU [0%@1728,0%@1728,0%@1728,1%@1728,3%@1728,100%@1728] GR3D_FREQ 0% cpu@49.875C soc2@48.031C soc0@48.531C gpu@49.218C tj@49.875C soc1@48.937C VDD_IN 8978mW/6110mW VDD_CPU_GPU_CV 3909mW/1608mW VDD_SOC 1740mW/1555mW
09-13-2026 15:08:33 RAM 5746/7620MB (lfb 36x1MB) SWAP 587/8192MB (cached 179MB) CPU [1%@1728,0%@1728,0%@1728,0%@1728,0%@1728,98%@1728] GR3D_FREQ 0% cpu@49.906C soc2@47.906C soc0@48.437C gpu@49C tj@49.906C soc1@48.906C VDD_IN 6785mW/6123mW VDD_CPU_GPU_CV 2258mW/1621mW VDD_SOC 1547mW/1555mW
09-13-2026 15:08:34 RAM 5748/7620MB (lfb 36x1MB) SWAP 587/8192MB (cached 179MB) CPU [1%@1728,0%@1728,1%@1728,0%@1728,0%@1728,100%@1728] GR3D_FREQ 0% cpu@50C soc2@47.843C soc0@48.5C gpu@48.843C tj@50C soc1@48.843C VDD_IN 6120mW/6123mW VDD_CPU_GPU_CV 1745mW/1623mW VDD_SOC 1510mW/1554mW
09-13-2026 15:08:34 RAM 5749/7620MB (lfb 36x1MB) SWAP 587/8192MB (cached 179MB) CPU [0%@1728,0%@1728,1%@1728,0%@1728,0%@1728,100%@1728] GR3D_FREQ 0% cpu@49.937C soc2@47.75C soc0@48.5C gpu@48.875C tj@49.937C soc1@48.812C VDD_IN 5921mW/6119mW VDD_CPU_GPU_CV 1587mW/1623mW VDD_SOC 1470mW/1552mW
09-13-2026 15:08:35 RAM 5750/7620MB (lfb 36x1MB) SWAP 587/8192MB (cached 179MB) CPU [0%@1728,0%@1728,0%@1728,1%@1728,0%@1728,100%@1728] GR3D_FREQ 0% cpu@49.937C soc2@47.656C soc0@48.406C gpu@48.781C tj@49.937C soc1@49.125C VDD_IN 5882mW/6115mW VDD_CPU_GPU_CV 1547mW/1621mW VDD_SOC 1470mW/1551mW
09-13-2026 15:08:35 RAM 5752/7620MB (lfb 36x1MB) SWAP 587/8192MB (cached 179MB) CPU [0%@1728,0%@1728,3%@1728,0%@1728,0%@1728,100%@1728] GR3D_FREQ 0% cpu@49.718C soc2@47.781C soc0@48.406C gpu@48.718C tj@49.812C soc1@49.031C VDD_IN 5842mW/6110mW VDD_CPU_GPU_CV 1547mW/1620mW VDD_SOC 1470mW/1549mW
09-13-2026 15:08:36 RAM 5760/7620MB (lfb 34x1MB) SWAP 587/8192MB (cached 179MB) CPU [7%@1728,12%@1728,4%@1728,16%@1728,1%@1728,100%@1728] GR3D_FREQ 0% cpu@50.218C soc2@47.812C soc0@48.375C gpu@48.781C tj@49.812C soc1@48.875C VDD_IN 6001mW/6108mW VDD_CPU_GPU_CV 1626mW/1620mW VDD_SOC 1510mW/1549mW
09-13-2026 15:08:36 RAM 5773/7620MB (lfb 3x2MB) SWAP 587/8192MB (cached 179MB) CPU [8%@729,12%@729,9%@729,2%@729,12%@1728,100%@1728] GR3D_FREQ 0% cpu@50C soc2@47.75C soc0@48.437C gpu@48.687C tj@50C soc1@48.906C VDD_IN 6120mW/6108mW VDD_CPU_GPU_CV 1706mW/1622mW VDD_SOC 1510mW/1548mW
09-13-2026 15:08:37 RAM 5775/7620MB (lfb 3x2MB) SWAP 587/8192MB (cached 179MB) CPU [3%@729,1%@729,2%@729,5%@729,0%@1728,100%@1728] GR3D_FREQ 0% cpu@49.968C soc2@47.781C soc0@48.593C gpu@48.781C tj@49.968C soc1@49.031C VDD_IN 5921mW/6105mW VDD_CPU_GPU_CV 1587mW/1621mW VDD_SOC 1510mW/1547mW
09-13-2026 15:08:37 RAM 5776/7620MB (lfb 3x2MB) SWAP 587/8192MB (cached 179MB) CPU [0%@1728,1%@1728,1%@1728,0%@1728,0%@1728,100%@1728] GR3D_FREQ 0% cpu@50.093C soc2@47.687C soc0@48.562C gpu@48.781C tj@50.093C soc1@48.812C VDD_IN 5882mW/6101mW VDD_CPU_GPU_CV 1547mW/1620mW VDD_SOC 1470mW/1546mW
09-13-2026 15:08:38 RAM 5778/7620MB (lfb 3x2MB) SWAP 587/8192MB (cached 179MB) CPU [0%@1728,0%@1728,0%@1728,0%@1728,0%@1728,100%@1728] GR3D_FREQ 0% cpu@50C soc2@47.75C soc0@48.5C gpu@48.781C tj@50C soc1@48.875C VDD_IN 5882mW/6097mW VDD_CPU_GPU_CV 1547mW/1619mW VDD_SOC 1470mW/1545mW
09-13-2026 15:08:38 RAM 5779/7620MB (lfb 3x2MB) SWAP 587/8192MB (cached 179MB) CPU [0%@1728,0%@1728,0%@1728,3%@1728,0%@1728,100%@1728] GR3D_FREQ 0% cpu@49.968C soc2@47.687C soc0@48.437C gpu@48.718C tj@49.968C soc1@49.062C VDD_IN 5842mW/6093mW VDD_CPU_GPU_CV 1547mW/1617mW VDD_SOC 1470mW/1543mW
09-13-2026 15:08:39 RAM 5781/7620MB (lfb 3x2MB) SWAP 587/8192MB (cached 179MB) CPU [1%@1728,0%@1728,0%@1728,0%@1728,0%@1728,100%@1728] GR3D_FREQ 0% cpu@49.906C soc2@47.875C soc0@48.437C gpu@48.781C tj@49.906C soc1@49C VDD_IN 5842mW/6089mW VDD_CPU_GPU_CV 1507mW/1616mW VDD_SOC 1470mW/1542mW
09-13-2026 15:08:39 RAM 5782/7620MB (lfb 3x2MB) SWAP 587/8192MB (cached 179MB) CPU [0%@1728,0%@1728,0%@1728,0%@1728,0%@1728,100%@1728] GR3D_FREQ 0% cpu@50.031C soc2@47.843C soc0@48.375C gpu@49.156C tj@50.031C soc1@48.937C VDD_IN 5842mW/6085mW VDD_CPU_GPU_CV 1547mW/1614mW VDD_SOC 1470mW/1541mW
09-13-2026 15:08:40 RAM 5784/7620MB (lfb 3x2MB) SWAP 587/8192MB (cached 179MB) CPU [0%@729,0%@729,0%@729,0%@729,1%@1728,100%@1728] GR3D_FREQ 0% cpu@50.031C soc2@47.812C soc0@48.625C gpu@48.75C tj@50.031C soc1@49C VDD_IN 5842mW/6081mW VDD_CPU_GPU_CV 1507mW/1613mW VDD_SOC 1470mW/1540mW
09-13-2026 15:08:40 RAM 5785/7620MB (lfb 3x2MB) SWAP 587/8192MB (cached 179MB) CPU [0%@1728,0%@1728,0%@1728,0%@1728,0%@1728,100%@1728] GR3D_FREQ 0% cpu@50.125C soc2@47.812C soc0@48.531C gpu@49.125C tj@50.125C soc1@49.031C VDD_IN 5842mW/6077mW VDD_CPU_GPU_CV 1507mW/1611mW VDD_SOC 1470mW/1539mW
09-13-2026 15:08:41 RAM 5787/7620MB (lfb 3x2MB) SWAP 587/8192MB (cached 179MB) CPU [0%@729,0%@729,1%@729,0%@729,0%@1728,100%@1728] GR3D_FREQ 0% cpu@49.968C soc2@47.812C soc0@48.562C gpu@48.968C tj@49.968C soc1@48.968C VDD_IN 5842mW/6074mW VDD_CPU_GPU_CV 1507mW/1609mW VDD_SOC 1470mW/1538mW
09-13-2026 15:08:41 RAM 5788/7620MB (lfb 3x2MB) SWAP 587/8192MB (cached 179MB) CPU [1%@1728,0%@1728,0%@1728,0%@1728,0%@1728,100%@1728] GR3D_FREQ 0% cpu@49.875C soc2@47.781C soc0@48.437C gpu@49.093C tj@49.875C soc1@49.187C VDD_IN 5842mW/6070mW VDD_CPU_GPU_CV 1507mW/1608mW VDD_SOC 1470mW/1537mW
09-13-2026 15:08:42 RAM 5789/7620MB (lfb 3x2MB) SWAP 587/8192MB (cached 179MB) CPU [0%@729,2%@729,1%@729,0%@729,5%@1728,100%@1728] GR3D_FREQ 0% cpu@49.843C soc2@48C soc0@48.468C gpu@48.937C tj@49.843C soc1@49.156C VDD_IN 5882mW/6067mW VDD_CPU_GPU_CV 1547mW/1607mW VDD_SOC 1470mW/1536mW
09-13-2026 15:08:42 RAM 5791/7620MB (lfb 3x2MB) SWAP 587/8192MB (cached 179MB) CPU [0%@1728,0%@1728,0%@1728,1%@1728,0%@1728,100%@1728] GR3D_FREQ 0% cpu@49.843C soc2@47.875C soc0@48.468C gpu@49.156C tj@49.843C soc1@49.093C VDD_IN 5842mW/6064mW VDD_CPU_GPU_CV 1547mW/1606mW VDD_SOC 1470mW/1535mW
09-13-2026 15:08:43 RAM 5792/7620MB (lfb 3x2MB) SWAP 587/8192MB (cached 179MB) CPU [0%@1728,0%@1728,1%@1728,1%@1728,0%@1728,100%@1728] GR3D_FREQ 0% cpu@50.093C soc2@47.843C soc0@48.531C gpu@48.968C tj@50.093C soc1@49C VDD_IN 5842mW/6061mW VDD_CPU_GPU_CV 1507mW/1605mW VDD_SOC 1470mW/1534mW
09-13-2026 15:08:43 RAM 5792/7620MB (lfb 3x2MB) SWAP 587/8192MB (cached 179MB) CPU [0%@1728,0%@1728,0%@1728,0%@1728,0%@1728,100%@1728] GR3D_FREQ 0% cpu@50.218C soc2@47.843C soc0@48.562C gpu@49.062C tj@50.218C soc1@49.062C VDD_IN 5842mW/6058mW VDD_CPU_GPU_CV 1547mW/1604mW VDD_SOC 1470mW/1533mW
09-13-2026 15:08:44 RAM 5793/7620MB (lfb 3x2MB) SWAP 587/8192MB (cached 179MB) CPU [0%@1728,0%@1728,3%@1728,1%@1728,0%@1728,100%@1728] GR3D_FREQ 0% cpu@50.062C soc2@47.906C soc0@48.531C gpu@49C tj@50.062C soc1@49.031C VDD_IN 5842mW/6055mW VDD_CPU_GPU_CV 1507mW/1602mW VDD_SOC 1470mW/1532mW
09-13-2026 15:08:44 RAM 5795/7620MB (lfb 3x2MB) SWAP 587/8192MB (cached 179MB) CPU [0%@1728,0%@1728,0%@1728,0%@1728,0%@1728,100%@1728] GR3D_FREQ 0% cpu@49.937C soc2@47.875C soc0@48.531C gpu@49.125C tj@49.968C soc1@49.25C VDD_IN 5842mW/6052mW VDD_CPU_GPU_CV 1507mW/1601mW VDD_SOC 1470mW/1531mW
09-13-2026 15:08:45 RAM 5796/7620MB (lfb 3x2MB) SWAP 587/8192MB (cached 179MB) CPU [1%@729,0%@729,0%@729,0%@729,0%@1728,100%@1728] GR3D_FREQ 0% cpu@49.937C soc2@47.968C soc0@48.5C gpu@48.906C tj@49.937C soc1@49.218C VDD_IN 5842mW/6049mW VDD_CPU_GPU_CV 1507mW/1600mW VDD_SOC 1470mW/1530mW
09-13-2026 15:08:45 RAM 5797/7620MB (lfb 3x2MB) SWAP 587/8192MB (cached 179MB) CPU [0%@1728,0%@1728,0%@1728,0%@1728,0%@1728,100%@1728] GR3D_FREQ 0% cpu@49.875C soc2@47.968C soc0@48.562C gpu@48.875C tj@49.875C soc1@49.125C VDD_IN 5802mW/6046mW VDD_CPU_GPU_CV 1349mW/1596mW VDD_SOC 1550mW/1531mW
09-13-2026 15:08:46 RAM 5797/7620MB (lfb 3x2MB) SWAP 587/8192MB (cached 179MB) CPU [0%@1728,1%@1728,0%@1728,0%@1728,0%@1728,100%@1728] GR3D_FREQ 0% cpu@50.062C soc2@47.968C soc0@48.656C gpu@48.968C tj@50.062C soc1@49.125C VDD_IN 5683mW/6041mW VDD_CPU_GPU_CV 1230mW/1592mW VDD_SOC 1510mW/1530mW
09-13-2026 15:08:46 RAM 5798/7620MB (lfb 3x2MB) SWAP 587/8192MB (cached 179MB) CPU [0%@729,0%@729,0%@729,0%@729,0%@1728,100%@1728] GR3D_FREQ 0% cpu@50.093C soc2@47.875C soc0@48.656C gpu@48.906C tj@50.093C soc1@49.093C VDD_IN 5802mW/6038mW VDD_CPU_GPU_CV 1428mW/1589mW VDD_SOC 1510mW/1530mW
09-13-2026 15:08:47 RAM 5800/7620MB (lfb 3x2MB) SWAP 587/8192MB (cached 179MB) CPU [3%@729,1%@729,0%@729,0%@729,0%@1728,100%@1728] GR3D_FREQ 0% cpu@50.031C soc2@47.937C soc0@48.593C gpu@48.906C tj@50.031C soc1@49.031C VDD_IN 5842mW/6035mW VDD_CPU_GPU_CV 1507mW/1588mW VDD_SOC 1510mW/1530mW
09-13-2026 15:08:47 RAM 5802/7620MB (lfb 3x2MB) SWAP 587/8192MB (cached 179MB) CPU [0%@1728,0%@1728,0%@1728,0%@1728,0%@1728,100%@1728] GR3D_FREQ 0% cpu@50.062C soc2@47.968C soc0@48.625C gpu@48.906C tj@50.062C soc1@49.25C VDD_IN 5842mW/6033mW VDD_CPU_GPU_CV 1507mW/1587mW VDD_SOC 1510mW/1530mW
09-13-2026 15:08:48 RAM 5803/7620MB (lfb 3x2MB) SWAP 587/8192MB (cached 179MB) CPU [0%@1728,0%@1728,0%@1728,0%@1728,0%@1728,100%@1728] GR3D_FREQ 0% cpu@50C soc2@48C soc0@48.531C gpu@48.937C tj@50C soc1@49.218C VDD_IN 5842mW/6030mW VDD_CPU_GPU_CV 1507mW/1586mW VDD_SOC 1470mW/1529mW
09-13-2026 15:08:48 RAM 5804/7620MB (lfb 3x2MB) SWAP 587/8192MB (cached 179MB) CPU [0%@1728,0%@1728,0%@1728,0%@1728,0%@1728,100%@1728] GR3D_FREQ 0% cpu@50.125C soc2@48.031C soc0@48.531C gpu@48.937C tj@50.125C soc1@49.218C VDD_IN 5842mW/6028mW VDD_CPU_GPU_CV 1507mW/1585mW VDD_SOC 1470mW/1528mW
09-13-2026 15:08:49 RAM 5804/7620MB (lfb 3x2MB) SWAP 587/8192MB (cached 179MB) CPU [0%@729,0%@729,1%@729,1%@729,2%@1728,100%@1728] GR3D_FREQ 0% cpu@50.125C soc2@48.031C soc0@48.687C gpu@48.843C tj@50.125C soc1@49.156C VDD_IN 5882mW/6026mW VDD_CPU_GPU_CV 1547mW/1585mW VDD_SOC 1470mW/1527mW
09-13-2026 15:08:49 RAM 5808/7620MB (lfb 3x2MB) SWAP 587/8192MB (cached 179MB) CPU [0%@729,0%@729,0%@729,3%@729,0%@1728,100%@1728] GR3D_FREQ 0% cpu@50.25C soc2@48C soc0@48.687C gpu@48.968C tj@50.25C soc1@49.218C VDD_IN 5802mW/6023mW VDD_CPU_GPU_CV 1507mW/1584mW VDD_SOC 1470mW/1527mW
09-13-2026 15:08:50 RAM 5842/7620MB (lfb 34x1MB) SWAP 587/8192MB (cached 179MB) CPU [3%@1728,0%@1728,0%@1728,4%@1728,1%@1728,94%@1728] GR3D_FREQ 0% cpu@50C soc2@47.968C soc0@48.656C gpu@48.906C tj@50C soc1@49.218C VDD_IN 5723mW/6020mW VDD_CPU_GPU_CV 1428mW/1582mW VDD_SOC 1470mW/1526mW
09-13-2026 15:08:50 RAM 5842/7620MB (lfb 34x1MB) SWAP 587/8192MB (cached 179MB) CPU [4%@1728,0%@1728,0%@1728,11%@1728,4%@1344,71%@1344] GR3D_FREQ 0% cpu@49.812C soc2@47.937C soc0@48.656C gpu@48.968C tj@49.937C soc1@49.312C VDD_IN 5524mW/6014mW VDD_CPU_GPU_CV 1269mW/1578mW VDD_SOC 1470mW/1525mW
09-13-2026 15:08:51 RAM 5844/7620MB (lfb 1x2MB) SWAP 587/8192MB (cached 179MB) CPU [1%@729,0%@1728,0%@1728,0%@1728,3%@1728,95%@1728] GR3D_FREQ 0% cpu@50C soc2@48.062C soc0@48.625C gpu@49.281C tj@50C soc1@49.343C VDD_IN 5683mW/6010mW VDD_CPU_GPU_CV 1428mW/1577mW VDD_SOC 1470mW/1525mW
09-13-2026 15:08:51 RAM 5847/7620MB (lfb 1x2MB) SWAP 587/8192MB (cached 179MB) CPU [1%@1728,0%@1728,0%@1728,0%@1728,0%@1728,100%@1728] GR3D_FREQ 0% cpu@50.406C soc2@48.062C soc0@48.656C gpu@48.843C tj@50.406C soc1@49.312C VDD_IN 5762mW/6007mW VDD_CPU_GPU_CV 1507mW/1576mW VDD_SOC 1470mW/1524mW
09-13-2026 15:08:52 RAM 5847/7620MB (lfb 36x1MB) SWAP 587/8192MB (cached 179MB) CPU [0%@1728,0%@1728,1%@1728,1%@1728,8%@1728,100%@1728] GR3D_FREQ 0% cpu@50.25C soc2@48.125C soc0@48.593C gpu@49.281C tj@50.25C soc1@49.218C VDD_IN 5882mW/6006mW VDD_CPU_GPU_CV 1547mW/1575mW VDD_SOC 1470mW/1523mW
09-13-2026 15:08:52 RAM 5847/7620MB (lfb 36x1MB) SWAP 587/8192MB (cached 179MB) CPU [0%@729,0%@729,0%@729,0%@1728,0%@1728,100%@1728] GR3D_FREQ 0% cpu@50.343C soc2@48.031C soc0@48.718C gpu@48.937C tj@50.343C soc1@49.25C VDD_IN 5842mW/6004mW VDD_CPU_GPU_CV 1547mW/1575mW VDD_SOC 1470mW/1523mW
09-13-2026 15:08:53 RAM 5845/7620MB (lfb 36x1MB) SWAP 587/8192MB (cached 179MB) CPU [0%@729,0%@729,1%@729,1%@729,1%@1728,100%@1728] GR3D_FREQ 0% cpu@50.343C soc2@48.031C soc0@48.718C gpu@49.281C tj@50.343C soc1@49.218C VDD_IN 5842mW/6002mW VDD_CPU_GPU_CV 1547mW/1575mW VDD_SOC 1470mW/1522mW
09-13-2026 15:08:53 RAM 5844/7620MB (lfb 36x1MB) SWAP 587/8192MB (cached 179MB) CPU [3%@729,1%@729,0%@729,0%@729,1%@1728,100%@1728] GR3D_FREQ 0% cpu@50.218C soc2@48.031C soc0@48.687C gpu@48.968C tj@50.218C soc1@49.437C VDD_IN 5842mW/6000mW VDD_CPU_GPU_CV 1547mW/1574mW VDD_SOC 1470mW/1522mW
09-13-2026 15:08:54 RAM 5844/7620MB (lfb 36x1MB) SWAP 587/8192MB (cached 179MB) CPU [0%@1728,0%@1728,0%@1728,1%@1728,0%@1728,100%@1728] GR3D_FREQ 0% cpu@50.031C soc2@48.031C soc0@48.656C gpu@49.281C tj@50.031C soc1@49.406C VDD_IN 5842mW/5998mW VDD_CPU_GPU_CV 1547mW/1574mW VDD_SOC 1470mW/1521mW
09-13-2026 15:08:54 RAM 5844/7620MB (lfb 36x1MB) SWAP 587/8192MB (cached 179MB) CPU [1%@1728,0%@1728,0%@1728,3%@1728,0%@1728,100%@1728] GR3D_FREQ 0% cpu@50.281C soc2@48.156C soc0@48.718C gpu@49.031C tj@50.062C soc1@49.281C VDD_IN 5842mW/5997mW VDD_CPU_GPU_CV 1547mW/1574mW VDD_SOC 1470mW/1521mW
09-13-2026 15:08:55 RAM 5844/7620MB (lfb 36x1MB) SWAP 587/8192MB (cached 179MB) CPU [0%@729,0%@729,0%@729,0%@729,0%@1728,100%@1728] GR3D_FREQ 0% cpu@50.375C soc2@48.062C soc0@48.687C gpu@49.281C tj@50.375C soc1@49.25C VDD_IN 5842mW/5995mW VDD_CPU_GPU_CV 1547mW/1574mW VDD_SOC 1470mW/1520mW
09-13-2026 15:08:55 RAM 5844/7620MB (lfb 36x1MB) SWAP 587/8192MB (cached 179MB) CPU [0%@1728,0%@1728,0%@1728,0%@1728,0%@1728,100%@1728] GR3D_FREQ 0% cpu@50.281C soc2@48.156C soc0@48.843C gpu@49.218C tj@50.281C soc1@49.312C VDD_IN 5842mW/5993mW VDD_CPU_GPU_CV 1547mW/1573mW VDD_SOC 1470mW/1519mW
09-13-2026 15:08:56 RAM 5844/7620MB (lfb 36x1MB) SWAP 587/8192MB (cached 179MB) CPU [0%@729,0%@729,0%@729,0%@729,0%@1728,100%@1728] GR3D_FREQ 0% cpu@50.218C soc2@48.125C soc0@48.812C gpu@49.343C tj@50.375C soc1@49.25C VDD_IN 5842mW/5992mW VDD_CPU_GPU_CV 1547mW/1573mW VDD_SOC 1470mW/1519mW
09-13-2026 15:08:56 RAM 5844/7620MB (lfb 36x1MB) SWAP 587/8192MB (cached 179MB) CPU [0%@729,0%@729,0%@729,1%@729,0%@1728,100%@1728] GR3D_FREQ 0% cpu@50.218C soc2@48.156C soc0@48.812C gpu@49.156C tj@50.218C soc1@49.5C VDD_IN 5842mW/5990mW VDD_CPU_GPU_CV 1547mW/1573mW VDD_SOC 1470mW/1518mW
09-13-2026 15:08:57 RAM 5845/7620MB (lfb 36x1MB) SWAP 587/8192MB (cached 179MB) CPU [1%@1728,0%@1728,0%@1728,0%@1728,1%@1728,100%@1728] GR3D_FREQ 0% cpu@50.218C soc2@48.187C soc0@48.75C gpu@49.281C tj@50.218C soc1@49.406C VDD_IN 5882mW/5989mW VDD_CPU_GPU_CV 1547mW/1572mW VDD_SOC 1470mW/1518mW
09-13-2026 15:08:57 RAM 5846/7620MB (lfb 36x1MB) SWAP 587/8192MB (cached 179MB) CPU [0%@729,1%@729,0%@729,1%@729,0%@1728,100%@1728] GR3D_FREQ 0% cpu@50.187C soc2@48.218C soc0@48.75C gpu@49.25C tj@50.187C soc1@49.406C VDD_IN 5802mW/5987mW VDD_CPU_GPU_CV 1547mW/1572mW VDD_SOC 1470mW/1517mW
09-13-2026 15:08:58 RAM 5846/7620MB (lfb 36x1MB) SWAP 587/8192MB (cached 179MB) CPU [0%@1728,0%@1728,0%@1728,0%@1728,0%@1728,100%@1728] GR3D_FREQ 0% cpu@50.468C soc2@48.218C soc0@48.781C gpu@49.281C tj@50.468C soc1@49.343C VDD_IN 5802mW/5985mW VDD_CPU_GPU_CV 1547mW/1572mW VDD_SOC 1470mW/1517mW
09-13-2026 15:08:58 RAM 5846/7620MB (lfb 36x1MB) SWAP 587/8192MB (cached 179MB) CPU [1%@1728,0%@1728,0%@1728,0%@1728,0%@1728,100%@1728] GR3D_FREQ 0% cpu@50.406C soc2@48.156C soc0@48.906C gpu@49.187C tj@50.406C soc1@49.281C VDD_IN 5802mW/5983mW VDD_CPU_GPU_CV 1547mW/1572mW VDD_SOC 1470mW/1516mW
09-13-2026 15:08:59 RAM 5846/7620MB (lfb 36x1MB) SWAP 587/8192MB (cached 179MB) CPU [0%@729,0%@729,0%@729,0%@729,0%@1728,100%@1728] GR3D_FREQ 0% cpu@50.281C soc2@48.156C soc0@48.781C gpu@49.125C tj@50.281C soc1@49.531C VDD_IN 5802mW/5982mW VDD_CPU_GPU_CV 1547mW/1571mW VDD_SOC 1470mW/1516mW
09-13-2026 15:08:59 RAM 5847/7620MB (lfb 36x1MB) SWAP 587/8192MB (cached 179MB) CPU [0%@1728,0%@1728,0%@1728,1%@1728,0%@1728,100%@1728] GR3D_FREQ 0% cpu@50.25C soc2@48.125C soc0@48.812C gpu@49.218C tj@50.25C soc1@49.468C VDD_IN 5802mW/5980mW VDD_CPU_GPU_CV 1547mW/1571mW VDD_SOC 1470mW/1516mW
09-13-2026 15:09:00 RAM 5848/7620MB (lfb 36x1MB) SWAP 587/8192MB (cached 179MB) CPU [0%@1728,0%@1728,0%@1728,0%@1728,0%@1728,100%@1728] GR3D_FREQ 0% cpu@50.25C soc2@48.187C soc0@48.687C gpu@49.125C tj@50.25C soc1@49.406C VDD_IN 5802mW/5978mW VDD_CPU_GPU_CV 1547mW/1571mW VDD_SOC 1470mW/1515mW
09-13-2026 15:09:00 RAM 5848/7620MB (lfb 36x1MB) SWAP 587/8192MB (cached 179MB) CPU [0%@1728,0%@1728,0%@1728,0%@1728,0%@1728,100%@1728] GR3D_FREQ 0% cpu@50.468C soc2@48.25C soc0@48.812C gpu@49.093C tj@50.468C soc1@49.375C VDD_IN 5802mW/5976mW VDD_CPU_GPU_CV 1547mW/1571mW VDD_SOC 1470mW/1515mW
09-13-2026 15:09:01 RAM 5851/7620MB (lfb 36x1MB) SWAP 587/8192MB (cached 179MB) CPU [0%@1728,0%@1728,1%@1728,15%@1728,0%@1728,98%@1728] GR3D_FREQ 0% cpu@50.218C soc2@48.25C soc0@48.781C gpu@49.156C tj@50.218C soc1@49.468C VDD_IN 5762mW/5974mW VDD_CPU_GPU_CV 1507mW/1570mW VDD_SOC 1470mW/1514mW
09-13-2026 15:09:01 RAM 5894/7620MB (lfb 34x1MB) SWAP 587/8192MB (cached 179MB) CPU [3%@1728,0%@1728,1%@1728,0%@1728,2%@1728,96%@1728] GR3D_FREQ 0% cpu@50.343C soc2@48.156C soc0@48.906C gpu@49.25C tj@50.343C soc1@49.406C VDD_IN 5882mW/5974mW VDD_CPU_GPU_CV 1507mW/1570mW VDD_SOC 1510mW/1514mW
09-13-2026 15:09:02 RAM 5895/7620MB (lfb 34x1MB) SWAP 587/8192MB (cached 179MB) CPU [4%@729,0%@729,1%@729,0%@729,5%@1728,98%@1728] GR3D_FREQ 99% cpu@50.531C soc2@48.281C soc0@48.875C gpu@49.562C tj@50.531C soc1@49.312C VDD_IN 6904mW/5982mW VDD_CPU_GPU_CV 2139mW/1575mW VDD_SOC 1666mW/1516mW
09-13-2026 15:09:02 RAM 5911/7620MB (lfb 36x1MB) SWAP 587/8192MB (cached 179MB) CPU [4%@1728,1%@1728,1%@1728,2%@1728,5%@1728,98%@1728] GR3D_FREQ 0% cpu@50.406C soc2@48.375C soc0@48.843C gpu@49.5C tj@50.406C soc1@49.562C VDD_IN 7142mW/5993mW VDD_CPU_GPU_CV 2297mW/1582mW VDD_SOC 1666mW/1517mW
09-13-2026 15:09:03 RAM 5931/7620MB (lfb 34x1MB) SWAP 587/8192MB (cached 179MB) CPU [14%@883,0%@883,0%@883,0%@883,0%@1728,97%@1728] GR3D_FREQ 99% cpu@50.468C soc2@48.437C soc0@48.906C gpu@49.875C tj@50.468C soc1@49.625C VDD_IN 7539mW/6007mW VDD_CPU_GPU_CV 2531mW/1590mW VDD_SOC 1743mW/1519mW
09-13-2026 15:09:03 RAM 5949/7620MB (lfb 34x1MB) SWAP 587/8192MB (cached 179MB) CPU [3%@729,0%@729,0%@729,1%@729,0%@1728,100%@1728] GR3D_FREQ 0% cpu@50.343C soc2@48.406C soc0@48.906C gpu@49.562C tj@50.343C soc1@49.562C VDD_IN 7182mW/6018mW VDD_CPU_GPU_CV 2297mW/1597mW VDD_SOC 1666mW/1520mW
09-13-2026 15:09:04 RAM 5979/7620MB (lfb 34x1MB) SWAP 587/8192MB (cached 179MB) CPU [1%@1728,0%@1728,0%@1728,9%@1728,0%@1728,98%@1728] GR3D_FREQ 99% cpu@50.687C soc2@48.562C soc0@48.937C gpu@49.687C tj@50.531C soc1@49.531C VDD_IN 7459mW/6031mW VDD_CPU_GPU_CV 2456mW/1604mW VDD_SOC 1743mW/1522mW
09-13-2026 15:09:04 RAM 6009/7620MB (lfb 34x1MB) SWAP 587/8192MB (cached 179MB) CPU [16%@1728,0%@1728,0%@1728,1%@1728,0%@1728,97%@1728] GR3D_FREQ 2% cpu@50.593C soc2@48.562C soc0@49.156C gpu@49.562C tj@50.375C soc1@49.531C VDD_IN 7142mW/6041mW VDD_CPU_GPU_CV 2297mW/1611mW VDD_SOC 1666mW/1524mW
09-13-2026 15:09:05 RAM 6033/7620MB (lfb 34x1MB) SWAP 587/8192MB (cached 179MB) CPU [10%@1420,13%@1420,5%@1420,22%@1420,1%@1728,100%@1728] GR3D_FREQ 0% cpu@50.781C soc2@48.562C soc0@49.093C gpu@49.843C tj@50.781C soc1@49.531C VDD_IN 7618mW/6055mW VDD_CPU_GPU_CV 2610mW/1619mW VDD_SOC 1743mW/1526mW
09-13-2026 15:09:05 RAM 6056/7620MB (lfb 34x1MB) SWAP 587/8192MB (cached 179MB) CPU [15%@1728,8%@1728,12%@1728,15%@1728,0%@1728,98%@1728] GR3D_FREQ 34% cpu@50.843C soc2@48.593C soc0@49.093C gpu@49.968C tj@50.843C soc1@49.593C VDD_IN 7459mW/6067mW VDD_CPU_GPU_CV 2531mW/1627mW VDD_SOC 1703mW/1527mW
09-13-2026 15:09:06 RAM 6077/7620MB (lfb 34x1MB) SWAP 587/8192MB (cached 179MB) CPU [22%@729,0%@729,0%@729,0%@729,0%@1728,98%@1728] GR3D_FREQ 0% cpu@50.75C soc2@48.625C soc0@49.125C gpu@49.781C tj@50.75C soc1@49.562C VDD_IN 7459mW/6079mW VDD_CPU_GPU_CV 2531mW/1635mW VDD_SOC 1703mW/1529mW
09-13-2026 15:09:06 RAM 6105/7620MB (lfb 34x1MB) SWAP 587/8192MB (cached 179MB) CPU [2%@1728,1%@1728,0%@1728,0%@1728,0%@1728,100%@1728] GR3D_FREQ 99% cpu@50.625C soc2@48.562C soc0@49.187C gpu@50.062C tj@50.625C soc1@49.437C VDD_IN 7459mW/6091mW VDD_CPU_GPU_CV 2491mW/1643mW VDD_SOC 1703mW/1530mW
09-13-2026 15:09:07 RAM 6233/7620MB (lfb 34x1MB) SWAP 587/8192MB (cached 179MB) CPU [32%@1728,0%@1728,1%@1728,0%@1728,0%@1728,88%@1728] GR3D_FREQ 29% cpu@50.812C soc2@48.687C soc0@49.093C gpu@49.75C tj@50.812C soc1@49.718C VDD_IN 7221mW/6101mW VDD_CPU_GPU_CV 2258mW/1648mW VDD_SOC 1706mW/1532mW
09-13-2026 15:09:07 RAM 6232/7620MB (lfb 34x1MB) SWAP 587/8192MB (cached 179MB) CPU [15%@729,0%@729,3%@729,0%@729,0%@1728,100%@1728] GR3D_FREQ 0% cpu@50.531C soc2@48.656C soc0@49.093C gpu@49.531C tj@50.312C soc1@49.687C VDD_IN 6319mW/6103mW VDD_CPU_GPU_CV 1587mW/1647mW VDD_SOC 1626mW/1533mW
09-13-2026 15:09:08 RAM 6235/7620MB (lfb 1x2MB) SWAP 587/8192MB (cached 179MB) CPU [1%@729,0%@729,1%@729,16%@729,0%@1728,100%@1728] GR3D_FREQ 0% cpu@50.468C soc2@48.531C soc0@49.062C gpu@49.562C tj@50.468C soc1@49.656C VDD_IN 5802mW/6100mW VDD_CPU_GPU_CV 1269mW/1644mW VDD_SOC 1550mW/1533mW
09-13-2026 15:09:08 RAM 7279/7620MB (lfb 1x1MB) SWAP 587/8192MB (cached 179MB) CPU [32%@1728,1%@1728,0%@1728,1%@1728,0%@1728,95%@1728] GR3D_FREQ 0% cpu@50.718C soc2@48.625C soc0@49.187C gpu@49.531C tj@50.718C soc1@49.625C VDD_IN 6200mW/6101mW VDD_CPU_GPU_CV 1507mW/1643mW VDD_SOC 1589mW/1533mW
09-13-2026 15:09:09 RAM 7339/7620MB (lfb 1x512kB) SWAP 631/8192MB (cached 178MB) CPU [9%@1574,44%@1574,43%@1574,0%@1574,3%@1728,88%@1728] GR3D_FREQ 0% cpu@50.875C soc2@48.593C soc0@49.156C gpu@49.593C tj@50.875C soc1@49.625C VDD_IN 6319mW/6103mW VDD_CPU_GPU_CV 1745mW/1644mW VDD_SOC 1547mW/1533mW
09-13-2026 15:09:10 RAM 7337/7620MB (lfb 4x1MB) SWAP 813/8192MB (cached 208MB) CPU [18%@1728,5%@1728,23%@1728,35%@1728,5%@1728,61%@1728] GR3D_FREQ 0% cpu@50.468C soc2@48.562C soc0@49.093C gpu@49.5C tj@50.468C soc1@49.687C VDD_IN 5802mW/6100mW VDD_CPU_GPU_CV 1388mW/1642mW VDD_SOC 1510mW/1533mW
09-13-2026 15:09:10 RAM 7350/7620MB (lfb 1x2MB) SWAP 808/8192MB (cached 213MB) CPU [4%@729,0%@729,0%@729,4%@729,3%@1728,76%@1728] GR3D_FREQ 0% cpu@50.406C soc2@48.531C soc0@49.187C gpu@49.531C tj@50.406C soc1@49.812C VDD_IN 5564mW/6096mW VDD_CPU_GPU_CV 1111mW/1638mW VDD_SOC 1550mW/1533mW
09-13-2026 15:09:11 RAM 7351/7620MB (lfb 12x2MB) SWAP 808/8192MB (cached 213MB) CPU [0%@1728,1%@1728,0%@1728,31%@1728,0%@1728,100%@1728] GR3D_FREQ 0% cpu@50.343C soc2@48.5C soc0@49.125C gpu@49.437C tj@50.343C soc1@49.75C VDD_IN 5762mW/6093mW VDD_CPU_GPU_CV 1230mW/1634mW VDD_SOC 1550mW/1533mW
09-13-2026 15:09:11 RAM 7365/7620MB (lfb 7x2MB) SWAP 808/8192MB (cached 213MB) CPU [2%@729,0%@729,3%@729,0%@729,0%@1728,87%@1728] GR3D_FREQ 36% cpu@50.437C soc2@48.562C soc0@49.031C gpu@49.625C tj@50.375C soc1@49.781C VDD_IN 6120mW/6093mW VDD_CPU_GPU_CV 1468mW/1633mW VDD_SOC 1587mW/1534mW
09-13-2026 15:09:12 RAM 7399/7620MB (lfb 22x1MB) SWAP 808/8192MB (cached 213MB) CPU [3%@1728,5%@1728,0%@1728,4%@1728,0%@1728,98%@1728] GR3D_FREQ 0% cpu@50.625C soc2@48.593C soc0@49.093C gpu@49.437C tj@50.5C soc1@49.656C VDD_IN 6041mW/6093mW VDD_CPU_GPU_CV 1428mW/1631mW VDD_SOC 1589mW/1534mW
09-13-2026 15:09:12 RAM 7400/7620MB (lfb 22x1MB) SWAP 808/8192MB (cached 213MB) CPU [1%@729,0%@729,1%@729,2%@729,0%@1728,100%@1728] GR3D_FREQ 0% cpu@50.593C soc2@48.593C soc0@49.343C gpu@49.593C tj@50.593C soc1@49.656C VDD_IN 5762mW/6090mW VDD_CPU_GPU_CV 1230mW/1628mW VDD_SOC 1550mW/1534mW
09-13-2026 15:09:13 RAM 7388/7620MB (lfb 1x2MB) SWAP 819/8192MB (cached 212MB) CPU [2%@729,1%@729,4%@729,0%@729,0%@1728,90%@1728] GR3D_FREQ 0% cpu@50.5C soc2@48.531C soc0@49.187C gpu@49.406C tj@50.5C soc1@49.687C VDD_IN 5921mW/6089mW VDD_CPU_GPU_CV 1309mW/1626mW VDD_SOC 1589mW/1535mW
09-13-2026 15:09:13 RAM 7388/7620MB (lfb 1x2MB) SWAP 819/8192MB (cached 211MB) CPU [1%@1728,1%@1728,0%@1728,0%@1728,0%@1728,100%@1728] GR3D_FREQ 0% cpu@50.468C soc2@48.531C soc0@49.125C gpu@49.531C tj@50.468C soc1@49.687C VDD_IN 5802mW/6087mW VDD_CPU_GPU_CV 1230mW/1623mW VDD_SOC 1589mW/1535mW
09-13-2026 15:09:14 RAM 7383/7620MB (lfb 24x1MB) SWAP 854/8192MB (cached 214MB) CPU [13%@1344,6%@1344,16%@1344,7%@1344,6%@729,88%@729] GR3D_FREQ 0% cpu@50.593C soc2@48.625C soc0@49.187C gpu@49.437C tj@50.593C soc1@49.781C VDD_IN 5762mW/6084mW VDD_CPU_GPU_CV 1309mW/1620mW VDD_SOC 1510mW/1535mW
09-13-2026 15:09:14 RAM 7364/7620MB (lfb 27x1MB) SWAP 979/8192MB (cached 198MB) CPU [26%@1728,22%@1728,63%@1728,19%@1728,40%@1728,42%@1728] GR3D_FREQ 0% cpu@50.531C soc2@48.718C soc0@49.156C gpu@49.562C tj@50.531C soc1@49.781C VDD_IN 6200mW/6085mW VDD_CPU_GPU_CV 1706mW/1621mW VDD_SOC 1547mW/1535mW
09-13-2026 15:09:15 RAM 7441/7620MB (lfb 17x1MB) SWAP 1142/8192MB (cached 167MB) CPU [11%@1728,0%@1728,36%@1728,17%@1728,0%@1574,92%@1574] GR3D_FREQ 0% cpu@50.968C soc2@48.687C soc0@49.125C gpu@49.5C tj@50.781C soc1@49.812C VDD_IN 6319mW/6087mW VDD_CPU_GPU_CV 1785mW/1622mW VDD_SOC 1547mW/1535mW
09-13-2026 15:09:15 RAM 7077/7620MB (lfb 53x1MB) SWAP 1232/8192MB (cached 165MB) CPU [10%@729,0%@729,0%@729,24%@729,18%@1190,53%@1190] GR3D_FREQ 0% cpu@50.562C soc2@48.687C soc0@49.125C gpu@49.531C tj@50.562C soc1@49.718C VDD_IN 5802mW/6085mW VDD_CPU_GPU_CV 1388mW/1620mW VDD_SOC 1550mW/1535mW
09-13-2026 15:09:16 RAM 7342/7620MB (lfb 2x256kB) SWAP 1303/8192MB (cached 139MB) CPU [10%@1344,0%@1344,0%@1344,32%@1344,8%@1728,70%@1728] GR3D_FREQ 42% cpu@50.843C soc2@48.562C soc0@49.25C gpu@49.75C tj@50.843C soc1@49.718C VDD_IN 6467mW/6088mW VDD_CPU_GPU_CV 1743mW/1621mW VDD_SOC 1626mW/1536mW
09-13-2026 15:09:16 RAM 7378/7620MB (lfb 4x1MB) SWAP 1581/8192MB (cached 113MB) CPU [31%@1728,2%@1728,53%@1728,30%@1728,80%@1728,27%@1728] GR3D_FREQ 0% cpu@51.156C soc2@48.843C soc0@49.25C gpu@49.906C tj@51.156C soc1@49.75C VDD_IN 7697mW/6100mW VDD_CPU_GPU_CV 2808mW/1630mW VDD_SOC 1703mW/1537mW
09-13-2026 15:09:17 RAM 7394/7620MB (lfb 1x512kB) SWAP 1691/8192MB (cached 131MB) CPU [12%@1728,1%@1728,26%@1728,1%@1728,0%@729,46%@729] GR3D_FREQ 99% cpu@50.937C soc2@49.125C soc0@49.25C gpu@52.593C tj@52.593C soc1@49.75C VDD_IN 11511mW/6139mW VDD_CPU_GPU_CV 5697mW/1660mW VDD_SOC 2050mW/1541mW
09-13-2026 15:09:17 RAM 7401/7620MB (lfb 1x2MB) SWAP 1691/8192MB (cached 131MB) CPU [0%@1728,0%@1728,1%@1728,0%@1728,35%@729,0%@729] GR3D_FREQ 99% cpu@51.281C soc2@49.75C soc0@49.656C gpu@53.343C tj@53.343C soc1@50C VDD_IN 17479mW/6222mW VDD_CPU_GPU_CV 10294mW/1723mW VDD_SOC 2537mW/1548mW
09-13-2026 15:09:18 RAM 7401/7620MB (lfb 1x2MB) SWAP 1691/8192MB (cached 131MB) CPU [5%@1728,0%@1728,0%@1728,0%@1728,2%@729,0%@729] GR3D_FREQ 99% cpu@51.875C soc2@50.312C soc0@50C gpu@54.187C tj@54.187C soc1@50.312C VDD_IN 20506mW/6326mW VDD_CPU_GPU_CV 11654mW/1795mW VDD_SOC 3651mW/1563mW
09-13-2026 15:09:18 RAM 7401/7620MB (lfb 1x2MB) SWAP 1691/8192MB (cached 131MB) CPU [0%@729,0%@729,0%@729,1%@729,0%@729,0%@729] GR3D_FREQ 99% cpu@52.218C soc2@50.656C soc0@50.125C gpu@54.218C tj@54.218C soc1@50.437C VDD_IN 21327mW/6434mW VDD_CPU_GPU_CV 12059mW/1869mW VDD_SOC 3994mW/1581mW
09-13-2026 15:09:19 RAM 7401/7620MB (lfb 1x2MB) SWAP 1691/8192MB (cached 131MB) CPU [0%@729,1%@729,0%@729,0%@729,0%@729,1%@729] GR3D_FREQ 99% cpu@52.687C soc2@50.875C soc0@50.625C gpu@54.937C tj@54.937C soc1@50.531C VDD_IN 21638mW/6542mW VDD_CPU_GPU_CV 12059mW/1942mW VDD_SOC 4188mW/1600mW
09-13-2026 15:09:19 RAM 7400/7620MB (lfb 1x2MB) SWAP 1691/8192MB (cached 131MB) CPU [1%@1728,0%@1728,1%@1728,1%@1728,2%@729,23%@729] GR3D_FREQ 99% cpu@52.812C soc2@51.125C soc0@50.687C gpu@54.968C tj@54.968C soc1@50.687C VDD_IN 21757mW/6650mW VDD_CPU_GPU_CV 11828mW/2012mW VDD_SOC 4452mW/1620mW
09-13-2026 15:09:20 RAM 7401/7620MB (lfb 1x2MB) SWAP 1691/8192MB (cached 131MB) CPU [1%@729,1%@729,0%@729,2%@729,0%@960,8%@960] GR3D_FREQ 99% cpu@53C soc2@51.312C soc0@50.875C gpu@54.875C tj@54.875C soc1@51.125C VDD_IN 21366mW/6754mW VDD_CPU_GPU_CV 11365mW/2078mW VDD_SOC 4537mW/1640mW
09-13-2026 15:09:20 RAM 7401/7620MB (lfb 1x2MB) SWAP 1691/8192MB (cached 131MB) CPU [0%@1728,1%@1728,0%@1728,0%@1728,0%@1728,100%@1728] GR3D_FREQ 99% cpu@53.281C soc2@51.656C soc0@51.031C gpu@55.343C tj@55.343C soc1@51.187C VDD_IN 21793mW/6859mW VDD_CPU_GPU_CV 11982mW/2147mW VDD_SOC 4452mW/1660mW
09-13-2026 15:09:21 RAM 7401/7620MB (lfb 1x2MB) SWAP 1691/8192MB (cached 131MB) CPU [0%@729,0%@729,0%@729,0%@729,0%@1728,100%@1728] GR3D_FREQ 99% cpu@53.343C soc2@51.906C soc0@51.281C gpu@55.562C tj@55.562C soc1@51.375C VDD_IN 21677mW/6962mW VDD_CPU_GPU_CV 11789mW/2214mW VDD_SOC 4452mW/1679mW
09-13-2026 15:09:21 RAM 7401/7620MB (lfb 1x2MB) SWAP 1691/8192MB (cached 131MB) CPU [0%@1728,1%@1728,0%@1728,0%@1728,0%@1728,100%@1728] GR3D_FREQ 99% cpu@53.781C soc2@52C soc0@51.375C gpu@54.937C tj@54.937C soc1@51.5C VDD_IN 21366mW/7061mW VDD_CPU_GPU_CV 11481mW/2278mW VDD_SOC 4460mW/1699mW
09-13-2026 15:09:22 RAM 7405/7620MB (lfb 1x2MB) SWAP 1691/8192MB (cached 132MB) CPU [0%@1728,0%@1728,0%@1728,0%@1728,0%@1728,96%@1728] GR3D_FREQ 87% cpu@54.093C soc2@52C soc0@51.562C gpu@54.593C tj@54.593C soc1@51.656C VDD_IN 20511mW/7153mW VDD_CPU_GPU_CV 9122mW/2325mW VDD_SOC 5205mW/1723mW
09-13-2026 15:09:22 RAM 7405/7620MB (lfb 1x2MB) SWAP 1691/8192MB (cached 132MB) CPU [1%@1728,0%@1728,0%@1728,0%@1728,0%@1728,100%@1728] GR3D_FREQ 86% cpu@54.218C soc2@52.125C soc0@51.593C gpu@54.75C tj@54.75C soc1@51.656C VDD_IN 20312mW/7243mW VDD_CPU_GPU_CV 8427mW/2366mW VDD_SOC 5438mW/1748mW
09-13-2026 15:09:23 RAM 7408/7620MB (lfb 1x2MB) SWAP 1689/8192MB (cached 134MB) CPU [2%@1728,1%@1728,0%@1728,0%@1728,3%@1728,100%@1728] GR3D_FREQ 87% cpu@54.25C soc2@52.218C soc0@51.718C gpu@54.718C tj@54.718C soc1@52.093C VDD_IN 20273mW/7331mW VDD_CPU_GPU_CV 8272mW/2406mW VDD_SOC 5516mW/1773mW
09-13-2026 15:09:23 RAM 7348/7620MB (lfb 1x2MB) SWAP 1762/8192MB (cached 80MB) CPU [36%@1728,16%@1728,57%@1728,18%@1728,32%@1497,63%@1497] GR3D_FREQ 0% cpu@54.187C soc2@51.937C soc0@51.656C gpu@52.937C tj@54.187C soc1@52.125C VDD_IN 13596mW/7373mW VDD_CPU_GPU_CV 5131mW/2424mW VDD_SOC 3844mW/1787mW
09-13-2026 15:09:24 RAM 7431/7620MB (lfb 9x1MB) SWAP 1826/8192MB (cached 71MB) CPU [5%@1728,0%@1728,96%@1728,0%@1728,5%@1267,25%@1267] GR3D_FREQ 0% cpu@53.812C soc2@51.468C soc0@51.625C gpu@52.437C tj@53.812C soc1@52.062C VDD_IN 9255mW/7385mW VDD_CPU_GPU_CV 2838mW/2427mW VDD_SOC 2882mW/1795mW
09-13-2026 15:09:24 RAM 7280/7620MB (lfb 11x1MB) SWAP 2077/8192MB (cached 44MB) CPU [9%@1728,0%@1728,86%@1728,3%@1728,48%@1036,32%@1036] GR3D_FREQ 0% cpu@53.875C soc2@51.375C soc0@51.625C gpu@52.187C tj@53.875C soc1@52C VDD_IN 8081mW/7390mW VDD_CPU_GPU_CV 2175mW/2425mW VDD_SOC 2649mW/1800mW
09-13-2026 15:09:25 RAM 7425/7620MB (lfb 11x1MB) SWAP 2220/8192MB (cached 40MB) CPU [16%@1728,6%@1728,66%@1728,9%@729,15%@1036,42%@1036] GR3D_FREQ 0% cpu@52.906C soc2@51.187C soc0@51.406C gpu@51.875C tj@52.906C soc1@51.906C VDD_IN 6626mW/7385mW VDD_CPU_GPU_CV 1624mW/2420mW VDD_SOC 2023mW/1802mW
09-13-2026 15:09:25 RAM 6931/7620MB (lfb 29x1MB) SWAP 2290/8192MB (cached 28MB) CPU [9%@1651,0%@1651,64%@1651,0%@1651,28%@729,3%@729] GR3D_FREQ 0% cpu@53.125C soc2@50.875C soc0@51.343C gpu@51.75C tj@53.125C soc1@51.781C VDD_IN 5921mW/7375mW VDD_CPU_GPU_CV 1349mW/2413mW VDD_SOC 1666mW/1801mW
09-13-2026 15:09:26 RAM 7337/7620MB (lfb 1x2MB) SWAP 2240/8192MB (cached 32MB) CPU [8%@1728,3%@1728,72%@1728,0%@1728,56%@1190,10%@1190] GR3D_FREQ 0% cpu@53.281C soc2@51.281C soc0@51.25C gpu@52.437C tj@53.281C soc1@51.906C VDD_IN 8622mW/7384mW VDD_CPU_GPU_CV 3395mW/2419mW VDD_SOC 1858mW/1801mW
09-13-2026 15:09:26 RAM 7340/7620MB (lfb 1x2MB) SWAP 2238/8192MB (cached 33MB) CPU [5%@1728,0%@1728,86%@1728,0%@1728,0%@729,0%@729] GR3D_FREQ 99% cpu@53.812C soc2@51.656C soc0@51.5C gpu@54.843C tj@54.843C soc1@51.843C VDD_IN 15471mW/7436mW VDD_CPU_GPU_CV 8769mW/2460mW VDD_SOC 2350mW/1805mW
09-13-2026 15:09:27 RAM 7348/7620MB (lfb 2x2MB) SWAP 2238/8192MB (cached 35MB) CPU [4%@1728,1%@1728,100%@1728,2%@1728,16%@729,1%@729] GR3D_FREQ 99% cpu@54.343C soc2@52.406C soc0@52C gpu@55.968C tj@55.968C soc1@52.062C VDD_IN 20234mW/7518mW VDD_CPU_GPU_CV 11500mW/2518mW VDD_SOC 3574mW/1816mW
09-13-2026 15:09:27 RAM 7354/7620MB (lfb 2x2MB) SWAP 2238/8192MB (cached 35MB) CPU [1%@1728,0%@1728,15%@1728,0%@1728,84%@1728,4%@1728] GR3D_FREQ 99% cpu@54.25C soc2@52.687C soc0@52.125C gpu@56.187C tj@56.187C soc1@52.25C VDD_IN 21754mW/7608mW VDD_CPU_GPU_CV 12444mW/2582mW VDD_SOC 4026mW/1830mW
09-13-2026 15:09:28 RAM 7354/7620MB (lfb 2x2MB) SWAP 2238/8192MB (cached 35MB) CPU [1%@729,0%@729,0%@729,0%@729,100%@1728,0%@1728] GR3D_FREQ 99% cpu@54.656C soc2@52.875C soc0@52.375C gpu@56.75C tj@56.75C soc1@52.468C VDD_IN 22068mW/7700mW VDD_CPU_GPU_CV 12693mW/2646mW VDD_SOC 4104mW/1845mW
09-13-2026 15:09:28 RAM 7354/7620MB (lfb 2x2MB) SWAP 2238/8192MB (cached 35MB) CPU [0%@1728,0%@1728,0%@1728,1%@1728,100%@1728,0%@1728] GR3D_FREQ 99% cpu@54.718C soc2@53.25C soc0@52.562C gpu@56.75C tj@56.75C soc1@52.781C VDD_IN 22339mW/7792mW VDD_CPU_GPU_CV 12577mW/2708mW VDD_SOC 4259mW/1860mW
09-13-2026 15:09:29 RAM 7354/7620MB (lfb 2x2MB) SWAP 2238/8192MB (cached 35MB) CPU [0%@729,0%@729,1%@729,0%@729,100%@1728,0%@1728] GR3D_FREQ 99% cpu@54.843C soc2@53.406C soc0@52.687C gpu@56.843C tj@56.843C soc1@52.906C VDD_IN 21912mW/7880mW VDD_CPU_GPU_CV 12462mW/2769mW VDD_SOC 4104mW/1874mW
09-13-2026 15:09:29 RAM 7354/7620MB (lfb 2x2MB) SWAP 2238/8192MB (cached 35MB) CPU [0%@729,3%@729,0%@729,0%@729,100%@1728,1%@1728] GR3D_FREQ 99% cpu@55.281C soc2@53.687C soc0@52.718C gpu@57.187C tj@57.187C soc1@52.968C VDD_IN 22339mW/7970mW VDD_CPU_GPU_CV 12423mW/2829mW VDD_SOC 4375mW/1889mW
09-13-2026 15:09:30 RAM 7354/7620MB (lfb 2x2MB) SWAP 2238/8192MB (cached 35MB) CPU [2%@729,1%@729,0%@729,1%@729,100%@1728,0%@1728] GR3D_FREQ 99% cpu@55.437C soc2@53.812C soc0@53.187C gpu@57.406C tj@57.406C soc1@53.156C VDD_IN 22145mW/8058mW VDD_CPU_GPU_CV 12231mW/2887mW VDD_SOC 4452mW/1905mW
09-13-2026 15:09:30 RAM 7354/7620MB (lfb 2x2MB) SWAP 2238/8192MB (cached 35MB) CPU [0%@729,0%@729,0%@729,1%@729,100%@1728,0%@1728] GR3D_FREQ 99% cpu@55.625C soc2@54C soc0@53.187C gpu@57.562C tj@57.562C soc1@53.281C VDD_IN 22300mW/8145mW VDD_CPU_GPU_CV 12423mW/2945mW VDD_SOC 4452mW/1921mW
09-13-2026 15:09:31 RAM 7354/7620MB (lfb 2x2MB) SWAP 2238/8192MB (cached 36MB) CPU [0%@729,1%@729,0%@729,0%@729,100%@1728,0%@1728] GR3D_FREQ 99% cpu@55.625C soc2@54.125C soc0@53.375C gpu@57.625C tj@57.625C soc1@53.437C VDD_IN 21680mW/8227mW VDD_CPU_GPU_CV 11905mW/3000mW VDD_SOC 4375mW/1936mW
09-13-2026 15:09:31 RAM 7354/7620MB (lfb 2x2MB) SWAP 2238/8192MB (cached 36MB) CPU [1%@1728,0%@1728,0%@1728,0%@1728,100%@1728,0%@1728] GR3D_FREQ 99% cpu@55.812C soc2@54.218C soc0@53.5C gpu@57.781C tj@57.781C soc1@53.656C VDD_IN 21990mW/8311mW VDD_CPU_GPU_CV 12154mW/3056mW VDD_SOC 4414mW/1951mW
09-13-2026 15:09:32 RAM 7354/7620MB (lfb 2x2MB) SWAP 2238/8192MB (cached 36MB) CPU [0%@729,0%@729,0%@729,1%@729,98%@1728,0%@1728] GR3D_FREQ 99% cpu@55.968C soc2@54.562C soc0@53.625C gpu@57.812C tj@57.812C soc1@53.875C VDD_IN 21638mW/8391mW VDD_CPU_GPU_CV 11789mW/3108mW VDD_SOC 4375mW/1965mW
09-13-2026 15:09:32 RAM 7354/7620MB (lfb 2x2MB) SWAP 2238/8192MB (cached 36MB) CPU [2%@729,0%@729,0%@729,0%@729,100%@1728,0%@1728] GR3D_FREQ 99% cpu@56.125C soc2@54.562C soc0@53.75C gpu@58C tj@58C soc1@54C VDD_IN 21796mW/8471mW VDD_CPU_GPU_CV 11923mW/3161mW VDD_SOC 4375mW/1980mW
09-13-2026 15:09:33 RAM 7354/7620MB (lfb 2x2MB) SWAP 2237/8192MB (cached 36MB) CPU [0%@729,0%@729,0%@729,0%@729,100%@1728,0%@1728] GR3D_FREQ 91% cpu@56.281C soc2@54.812C soc0@53.968C gpu@57.156C tj@57.156C soc1@54.062C VDD_IN 20705mW/8544mW VDD_CPU_GPU_CV 9339mW/3198mW VDD_SOC 5119mW/1998mW
09-13-2026 15:09:33 RAM 7354/7620MB (lfb 2x2MB) SWAP 2237/8192MB (cached 36MB) CPU [0%@729,1%@729,0%@729,0%@729,100%@1728,0%@1728] GR3D_FREQ 87% cpu@56.375C soc2@54.687C soc0@53.968C gpu@57.343C tj@57.343C soc1@54.187C VDD_IN 20434mW/8615mW VDD_CPU_GPU_CV 8620mW/3230mW VDD_SOC 5352mW/2018mW
09-13-2026 15:09:34 RAM 7349/7620MB (lfb 2x2MB) SWAP 2237/8192MB (cached 37MB) CPU [1%@729,0%@729,0%@729,0%@729,92%@1728,0%@1728] GR3D_FREQ 0% cpu@56.187C soc2@54.718C soc0@54.125C gpu@56.375C tj@56.375C soc1@54.5C VDD_IN 19222mW/8677mW VDD_CPU_GPU_CV 7821mW/3257mW VDD_SOC 5175mW/2037mW
09-13-2026 15:09:34 RAM 7431/7620MB (lfb 1x512kB) SWAP 2184/8192MB (cached 37MB) CPU [32%@1574,18%@1574,34%@1574,41%@1574,34%@1267,42%@1267] GR3D_FREQ 0% cpu@56.031C soc2@54.093C soc0@53.937C gpu@55.343C tj@56C soc1@54.437C VDD_IN 11314mW/8692mW VDD_CPU_GPU_CV 3890mW/3261mW VDD_SOC 3306mW/2044mW
09-13-2026 15:09:35 RAM 7445/7620MB (lfb 2x256kB) SWAP 2271/8192MB (cached 37MB) CPU [9%@1728,1%@1728,46%@1728,42%@1728,5%@729,54%@729] GR3D_FREQ 0% cpu@56.062C soc2@54C soc0@53.906C gpu@54.656C tj@56.062C soc1@54.437C VDD_IN 8543mW/8692mW VDD_CPU_GPU_CV 2408mW/3256mW VDD_SOC 2729mW/2048mW
09-13-2026 15:09:35 RAM 7485/7620MB (lfb 1x1MB) SWAP 2366/8192MB (cached 29MB) CPU [4%@1728,0%@1728,97%@1728,0%@1728,2%@1344,45%@1344] GR3D_FREQ 0% cpu@55.937C soc2@53.718C soc0@53.75C gpu@54.625C tj@55.937C soc1@54.218C VDD_IN 7487mW/8685mW VDD_CPU_GPU_CV 1977mW/3248mW VDD_SOC 2376mW/2050mW
09-13-2026 15:09:36 RAM 7482/7620MB (lfb 1x256kB) SWAP 2547/8192MB (cached 28MB) CPU [10%@960,1%@960,64%@960,1%@960,30%@1497,44%@1497] GR3D_FREQ 0% cpu@55.218C soc2@53.468C soc0@53.562C gpu@54.25C tj@55.218C soc1@54.312C VDD_IN 6229mW/8670mW VDD_CPU_GPU_CV 1505mW/3238mW VDD_SOC 1745mW/2048mW
09-13-2026 15:09:36 RAM 7472/7620MB (lfb 1x512kB) SWAP 2760/8192MB (cached 17MB) CPU [10%@1728,5%@1728,84%@1728,3%@1728,1%@883,78%@883] GR3D_FREQ 0% cpu@55.218C soc2@53.375C soc0@53.562C gpu@54.093C tj@55.218C soc1@54.093C VDD_IN 6229mW/8657mW VDD_CPU_GPU_CV 1663mW/3229mW VDD_SOC 1587mW/2046mW
09-13-2026 15:09:37 RAM 7487/7620MB (lfb 1x512kB) SWAP 2811/8192MB (cached 11MB) CPU [9%@1728,1%@1728,88%@1728,3%@1728,1%@1728,48%@1728] GR3D_FREQ 0% cpu@55.562C soc2@53.218C soc0@53.531C gpu@54.125C tj@55.562C soc1@54.031C VDD_IN 6229mW/8643mW VDD_CPU_GPU_CV 1706mW/3221mW VDD_SOC 1547mW/2043mW
09-13-2026 15:09:37 RAM 7482/7620MB (lfb 1x1MB) SWAP 2969/8192MB (cached 48MB) CPU [11%@1728,5%@1728,44%@1728,0%@1728,13%@729,50%@729] GR3D_FREQ 0% cpu@54.718C soc2@53.187C soc0@53.5C gpu@54.218C tj@54.718C soc1@54.093C VDD_IN 5723mW/8626mW VDD_CPU_GPU_CV 1388mW/3210mW VDD_SOC 1468mW/2040mW
09-13-2026 15:09:38 RAM 7456/7620MB (lfb 5x128kB) SWAP 3098/8192MB (cached 92MB) CPU [17%@1728,3%@1728,33%@1728,0%@1728,0%@1420,57%@1420] GR3D_FREQ 0% cpu@54.812C soc2@53.062C soc0@53.468C gpu@54C tj@54.812C soc1@54.031C VDD_IN 5524mW/8609mW VDD_CPU_GPU_CV 1269mW/3199mW VDD_SOC 1470mW/2036mW
09-13-2026 15:09:38 RAM 7038/7620MB (lfb 1x2MB) SWAP 2759/8192MB (cached 16MB) CPU [16%@1728,3%@1728,46%@1728,0%@1728,0%@729,8%@729] GR3D_FREQ 0% cpu@54.718C soc2@53C soc0@53.312C gpu@54.062C tj@54.718C soc1@54.093C VDD_IN 5246mW/8590mW VDD_CPU_GPU_CV 1071mW/3187mW VDD_SOC 1430mW/2033mW
09-13-2026 15:09:39 RAM 7093/7620MB (lfb 10x1MB) SWAP 2708/8192MB (cached 18MB) CPU [12%@1728,0%@1728,67%@1728,0%@1728,38%@729,0%@729] GR3D_FREQ 0% cpu@54.906C soc2@53.031C soc0@53.343C gpu@53.906C tj@54.843C soc1@54.125C VDD_IN 5683mW/8574mW VDD_CPU_GPU_CV 1269mW/3177mW VDD_SOC 1510mW/2030mW
09-13-2026 15:09:39 RAM 6983/7620MB (lfb 6x4MB) SWAP 2618/8192MB (cached 26MB) CPU [14%@806,0%@806,43%@806,0%@806,0%@729,0%@729] GR3D_FREQ 80% cpu@54.437C soc2@53.062C soc0@53.343C gpu@54.375C tj@54.437C soc1@54.031C VDD_IN 6031mW/8560mW VDD_CPU_GPU_CV 1388mW/3167mW VDD_SOC 1587mW/2028mW
09-13-2026 15:09:40 RAM 7329/7620MB (lfb 5x4MB) SWAP 2728/8192MB (cached 26MB) CPU [14%@1728,29%@1728,48%@1728,14%@1728,1%@1728,58%@1728] GR3D_FREQ 0% cpu@55.312C soc2@53.187C soc0@53.406C gpu@54.125C tj@55.312C soc1@54.125C VDD_IN 7923mW/8556mW VDD_CPU_GPU_CV 3085mW/3166mW VDD_SOC 1663mW/2026mW
09-13-2026 15:09:40 RAM 7045/7620MB (lfb 3x4MB) SWAP 1662/8192MB (cached 3MB) CPU [23%@1728,5%@1728,30%@1728,58%@1728,15%@729,71%@729] GR3D_FREQ 0% cpu@55.125C soc2@53.281C soc0@53.406C gpu@53.843C tj@55.125C soc1@54.031C VDD_IN 6824mW/8547mW VDD_CPU_GPU_CV 2337mW/3162mW VDD_SOC 1547mW/2023mW
09-13-2026 15:09:41 RAM 2320/7620MB (lfb 35x4MB) SWAP 859/8192MB (cached 5MB) CPU [13%@1728,4%@1728,0%@1728,100%@1728,31%@1728,0%@1728] GR3D_FREQ 0% cpu@55.062C soc2@53.093C soc0@53.281C gpu@53.906C tj@55.062C soc1@54.125C VDD_IN 6507mW/8536mW VDD_CPU_GPU_CV 1901mW/3155mW VDD_SOC 1547mW/2020mW
09-13-2026 15:09:41 RAM 2201/7620MB (lfb 33x4MB) SWAP 834/8192MB (cached 11MB) CPU [25%@729,10%@729,8%@729,26%@729,44%@729,20%@729] GR3D_FREQ 0% cpu@54.593C soc2@52.968C soc0@53.281C gpu@53.718C tj@54.5C soc1@54.093C VDD_IN 5643mW/8520mW VDD_CPU_GPU_CV 1349mW/3145mW VDD_SOC 1468mW/2018mW
09-13-2026 15:09:42 RAM 2206/7620MB (lfb 34x4MB) SWAP 834/8192MB (cached 14MB) CPU [4%@1728,7%@1728,2%@1728,2%@1728,4%@729,13%@729] GR3D_FREQ 0% cpu@54.375C soc2@52.906C soc0@53.312C gpu@53.687C tj@54.343C soc1@53.968C VDD_IN 4928mW/8501mW VDD_CPU_GPU_CV 833mW/3133mW VDD_SOC 1430mW/2014mW
09-13-2026 15:09:43 RAM 2208/7620MB (lfb 34x4MB) SWAP 832/8192MB (cached 14MB) CPU [33%@1728,8%@1728,15%@1728,12%@1728,66%@1728,4%@1728] GR3D_FREQ 0% cpu@54.75C soc2@53C soc0@53.406C gpu@53.656C tj@54.75C soc1@53.906C VDD_IN 5087mW/8483mW VDD_CPU_GPU_CV 1071mW/3122mW VDD_SOC 1430mW/2011mW
09-13-2026 15:09:43 RAM 2214/7620MB (lfb 33x4MB) SWAP 831/8192MB (cached 20MB) CPU [15%@1728,46%@1728,10%@1728,4%@1728,33%@729,0%@729] GR3D_FREQ 0% cpu@54.343C soc2@52.906C soc0@53.406C gpu@53.625C tj@54.343C soc1@53.875C VDD_IN 5047mW/8464mW VDD_CPU_GPU_CV 1031mW/3111mW VDD_SOC 1391mW/2008mW
09-13-2026 15:09:44 RAM 2215/7620MB (lfb 33x4MB) SWAP 831/8192MB (cached 20MB) CPU [0%@729,1%@729,0%@729,0%@729,0%@729,0%@729] GR3D_FREQ 0% cpu@54.187C soc2@52.75C soc0@53.281C gpu@53.437C tj@54.281C soc1@54.125C VDD_IN 4650mW/8444mW VDD_CPU_GPU_CV 675mW/3098mW VDD_SOC 1391mW/2005mW
09-13-2026 15:09:44 RAM 2215/7620MB (lfb 33x4MB) SWAP 831/8192MB (cached 20MB) CPU [0%@729,1%@729,0%@729,1%@729,0%@729,0%@729] GR3D_FREQ 0% cpu@54.125C soc2@52.875C soc0@53.156C gpu@53.5C tj@54.125C soc1@54.062C VDD_IN 4530mW/8423mW VDD_CPU_GPU_CV 556mW/3084mW VDD_SOC 1391mW/2001mW
09-13-2026 15:09:45 RAM 2215/7620MB (lfb 33x4MB) SWAP 831/8192MB (cached 20MB) CPU [0%@729,0%@729,0%@729,0%@729,0%@729,0%@729] GR3D_FREQ 0% cpu@54.312C soc2@52.656C soc0@53.125C gpu@53.343C tj@54.312C soc1@53.875C VDD_IN 4451mW/8403mW VDD_CPU_GPU_CV 516mW/3071mW VDD_SOC 1391mW/1998mW
09-13-2026 15:09:45 RAM 2215/7620MB (lfb 33x4MB) SWAP 830/8192MB (cached 20MB) CPU [0%@1728,0%@1728,0%@1728,1%@1728,0%@729,0%@729] GR3D_FREQ 0% cpu@54.093C soc2@52.625C soc0@53.093C gpu@53.656C tj@54.093C soc1@53.843C VDD_IN 4491mW/8382mW VDD_CPU_GPU_CV 516mW/3058mW VDD_SOC 1391mW/1995mW
09-13-2026 15:09:46 RAM 2215/7620MB (lfb 33x4MB) SWAP 830/8192MB (cached 20MB) CPU [1%@1728,0%@1728,0%@1728,0%@1728,0%@729,0%@729] GR3D_FREQ 0% cpu@54.25C soc2@52.593C soc0@53.25C gpu@53.281C tj@54.25C soc1@53.906C VDD_IN 4451mW/8362mW VDD_CPU_GPU_CV 516mW/3044mW VDD_SOC 1391mW/1992mW
09-13-2026 15:09:46 RAM 2215/7620MB (lfb 33x4MB) SWAP 830/8192MB (cached 20MB) CPU [0%@1728,0%@1728,0%@1728,0%@1728,0%@729,0%@729] GR3D_FREQ 0% cpu@54.218C soc2@52.562C soc0@53.218C gpu@53.593C tj@54.218C soc1@53.843C VDD_IN 4451mW/8342mW VDD_CPU_GPU_CV 516mW/3031mW VDD_SOC 1391mW/1989mW
09-13-2026 15:09:47 RAM 2215/7620MB (lfb 33x4MB) SWAP 830/8192MB (cached 20MB) CPU [0%@1728,0%@1728,0%@1728,0%@1728,0%@729,0%@729] GR3D_FREQ 0% cpu@54.031C soc2@52.562C soc0@53.062C gpu@53.218C tj@54.031C soc1@53.968C VDD_IN 4451mW/8322mW VDD_CPU_GPU_CV 516mW/3019mW VDD_SOC 1391mW/1986mW
09-13-2026 15:09:47 RAM 2216/7620MB (lfb 33x4MB) SWAP 830/8192MB (cached 20MB) CPU [0%@1728,0%@1728,1%@1728,0%@1728,1%@729,0%@729] GR3D_FREQ 0% cpu@53.875C soc2@52.5C soc0@53.031C gpu@53.531C tj@54.031C soc1@53.906C VDD_IN 4451mW/8302mW VDD_CPU_GPU_CV 516mW/3006mW VDD_SOC 1391mW/1983mW
09-13-2026 15:09:48 RAM 2216/7620MB (lfb 33x4MB) SWAP 830/8192MB (cached 20MB) CPU [0%@729,0%@729,0%@729,3%@729,0%@729,0%@729] GR3D_FREQ 0% cpu@54.062C soc2@52.562C soc0@53.031C gpu@53.156C tj@54C soc1@53.812C VDD_IN 4451mW/8283mW VDD_CPU_GPU_CV 515mW/2993mW VDD_SOC 1391mW/1980mW
09-13-2026 15:09:48 RAM 2216/7620MB (lfb 33x4MB) SWAP 830/8192MB (cached 21MB) CPU [3%@1728,0%@1728,0%@1728,0%@1728,0%@729,0%@729] GR3D_FREQ 0% cpu@54.125C soc2@52.468C soc0@53.031C gpu@53.468C tj@54.125C soc1@53.906C VDD_IN 4491mW/8263mW VDD_CPU_GPU_CV 515mW/2981mW VDD_SOC 1391mW/1977mW
09-13-2026 15:09:49 RAM 2216/7620MB (lfb 33x4MB) SWAP 830/8192MB (cached 21MB) CPU [0%@729,0%@729,0%@729,0%@729,0%@729,0%@729] GR3D_FREQ 0% cpu@53.937C soc2@52.406C soc0@53.093C gpu@53.156C tj@53.937C soc1@53.718C VDD_IN 4570mW/8245mW VDD_CPU_GPU_CV 515mW/2968mW VDD_SOC 1430mW/1974mW
09-13-2026 15:09:49 RAM 2234/7620MB (lfb 33x4MB) SWAP 826/8192MB (cached 35MB) CPU [10%@1728,0%@1728,1%@1728,15%@1728,0%@729,0%@729] GR3D_FREQ 0% cpu@53.968C soc2@52.468C soc0@52.968C gpu@53.468C tj@53.968C soc1@53.687C VDD_IN 4689mW/8227mW VDD_CPU_GPU_CV 674mW/2957mW VDD_SOC 1430mW/1971mW
09-13-2026 15:09:50 RAM 2234/7620MB (lfb 33x4MB) SWAP 826/8192MB (cached 35MB) CPU [0%@1728,0%@1728,0%@1728,0%@1728,0%@729,0%@729] GR3D_FREQ 0% cpu@53.843C soc2@52.406C soc0@53.031C gpu@53.125C tj@54C soc1@53.875C VDD_IN 4530mW/8209mW VDD_CPU_GPU_CV 556mW/2945mW VDD_SOC 1391mW/1968mW
09-13-2026 15:09:50 RAM 2234/7620MB (lfb 33x4MB) SWAP 826/8192MB (cached 35MB) CPU [0%@1728,0%@1728,0%@1728,1%@1728,0%@729,0%@729] GR3D_FREQ 0% cpu@53.812C soc2@52.406C soc0@52.906C gpu@53.312C tj@53.843C soc1@53.843C VDD_IN 4491mW/8190mW VDD_CPU_GPU_CV 556mW/2933mW VDD_SOC 1391mW/1966mW
09-13-2026 15:09:51 RAM 2234/7620MB (lfb 33x4MB) SWAP 826/8192MB (cached 35MB) CPU [1%@1728,0%@1728,0%@1728,0%@1728,0%@729,0%@729] GR3D_FREQ 0% cpu@53.75C soc2@52.406C soc0@52.906C gpu@53.093C tj@53.781C soc1@53.781C VDD_IN 4451mW/8172mW VDD_CPU_GPU_CV 516mW/2921mW VDD_SOC 1391mW/1963mW
09-13-2026 15:09:51 RAM 2234/7620MB (lfb 33x4MB) SWAP 826/8192MB (cached 35MB) CPU [1%@1728,0%@1728,0%@1728,0%@1728,0%@729,0%@729] GR3D_FREQ 0% cpu@53.875C soc2@52.406C soc0@52.843C gpu@53.25C tj@53.875C soc1@53.75C VDD_IN 4451mW/8154mW VDD_CPU_GPU_CV 516mW/2909mW VDD_SOC 1391mW/1960mW
09-13-2026 15:09:52 RAM 2234/7620MB (lfb 33x4MB) SWAP 825/8192MB (cached 35MB) CPU [1%@1728,0%@1728,0%@1728,0%@1728,0%@729,0%@729] GR3D_FREQ 0% cpu@54.125C soc2@52.375C soc0@52.906C gpu@53.156C tj@54.125C soc1@53.656C VDD_IN 4451mW/8136mW VDD_CPU_GPU_CV 516mW/2898mW VDD_SOC 1391mW/1957mW
09-13-2026 15:09:52 RAM 2236/7620MB (lfb 33x4MB) SWAP 825/8192MB (cached 35MB) CPU [0%@1728,0%@1728,0%@1728,1%@1728,0%@729,0%@729] GR3D_FREQ 0% cpu@53.906C soc2@52.312C soc0@52.875C gpu@53.156C tj@53.906C soc1@53.593C VDD_IN 4491mW/8118mW VDD_CPU_GPU_CV 555mW/2886mW VDD_SOC 1391mW/1954mW
09-13-2026 15:09:53 RAM 2265/7620MB (lfb 33x4MB) SWAP 822/8192MB (cached 37MB) CPU [12%@1728,6%@1728,7%@1728,17%@1728,4%@1113,7%@1113] GR3D_FREQ 0% cpu@53.968C soc2@52.375C soc0@52.906C gpu@53.156C tj@54.062C soc1@53.718C VDD_IN 4848mW/8102mW VDD_CPU_GPU_CV 793mW/2876mW VDD_SOC 1430mW/1952mW
09-13-2026 15:09:53 RAM 2260/7620MB (lfb 32x4MB) SWAP 820/8192MB (cached 38MB) CPU [16%@729,4%@729,13%@729,4%@729,4%@729,4%@729] GR3D_FREQ 0% cpu@53.875C soc2@52.343C soc0@52.875C gpu@53.093C tj@53.875C soc1@53.687C VDD_IN 4809mW/8086mW VDD_CPU_GPU_CV 793mW/2866mW VDD_SOC 1430mW/1949mW
09-13-2026 15:09:54 RAM 2260/7620MB (lfb 32x4MB) SWAP 820/8192MB (cached 38MB) CPU [0%@729,3%@729,0%@729,0%@729,0%@729,0%@729] GR3D_FREQ 0% cpu@53.937C soc2@52.406C soc0@52.781C gpu@53.062C tj@53.875C soc1@53.656C VDD_IN 4570mW/8069mW VDD_CPU_GPU_CV 595mW/2855mW VDD_SOC 1391mW/1947mW
09-13-2026 15:09:54 RAM 2260/7620MB (lfb 32x4MB) SWAP 820/8192MB (cached 38MB) CPU [0%@1728,0%@1728,0%@1728,1%@1728,0%@729,0%@729] GR3D_FREQ 0% cpu@53.656C soc2@52.218C soc0@53C gpu@53C tj@53.656C soc1@53.593C VDD_IN 4491mW/8052mW VDD_CPU_GPU_CV 556mW/2844mW VDD_SOC 1391mW/1944mW
09-13-2026 15:09:55 RAM 2260/7620MB (lfb 32x4MB) SWAP 820/8192MB (cached 38MB) CPU [0%@1728,0%@1728,0%@1728,0%@1728,0%@729,0%@729] GR3D_FREQ 0% cpu@53.75C soc2@52.25C soc0@52.843C gpu@53C tj@53.75C soc1@53.593C VDD_IN 4451mW/8035mW VDD_CPU_GPU_CV 515mW/2833mW VDD_SOC 1391mW/1941mW
09-13-2026 15:09:55 RAM 2260/7620MB (lfb 32x4MB) SWAP 820/8192MB (cached 39MB) CPU [1%@729,0%@729,0%@729,0%@729,0%@729,0%@729] GR3D_FREQ 0% cpu@53.875C soc2@52.218C soc0@52.812C gpu@52.875C tj@53.875C soc1@53.468C VDD_IN 4451mW/8018mW VDD_CPU_GPU_CV 515mW/2822mW VDD_SOC 1391mW/1939mW
09-13-2026 15:09:56 RAM 2260/7620MB (lfb 32x4MB) SWAP 820/8192MB (cached 39MB) CPU [0%@1728,0%@1728,0%@1728,0%@1728,0%@729,0%@729] GR3D_FREQ 0% cpu@53.718C soc2@52.125C soc0@52.843C gpu@53.031C tj@53.718C soc1@53.593C VDD_IN 4451mW/8002mW VDD_CPU_GPU_CV 515mW/2811mW VDD_SOC 1391mW/1936mW
09-13-2026 15:09:56 RAM 2260/7620MB (lfb 32x4MB) SWAP 819/8192MB (cached 39MB) CPU [1%@1728,1%@1728,0%@1728,0%@1728,0%@729,0%@729] GR3D_FREQ 0% cpu@53.687C soc2@52.125C soc0@52.718C gpu@52.937C tj@53.687C soc1@53.656C VDD_IN 4451mW/7985mW VDD_CPU_GPU_CV 515mW/2801mW VDD_SOC 1391mW/1934mW
09-13-2026 15:09:57 RAM 2260/7620MB (lfb 32x4MB) SWAP 819/8192MB (cached 39MB) CPU [0%@1728,0%@1728,0%@1728,0%@1728,0%@729,0%@729] GR3D_FREQ 0% cpu@53.625C soc2@52.156C soc0@52.625C gpu@52.906C tj@53.625C soc1@53.531C VDD_IN 4451mW/7969mW VDD_CPU_GPU_CV 516mW/2790mW VDD_SOC 1391mW/1931mW
09-13-2026 15:09:57 RAM 2261/7620MB (lfb 32x4MB) SWAP 819/8192MB (cached 39MB) CPU [1%@1728,3%@1728,0%@1728,1%@1728,0%@729,0%@729] GR3D_FREQ 0% cpu@53.812C soc2@52.187C soc0@52.75C gpu@52.812C tj@53.812C soc1@53.5C VDD_IN 4451mW/7952mW VDD_CPU_GPU_CV 515mW/2780mW VDD_SOC 1391mW/1929mW
09-13-2026 15:09:58 RAM 2261/7620MB (lfb 32x4MB) SWAP 819/8192MB (cached 39MB) CPU [0%@729,0%@729,0%@729,1%@729,0%@729,0%@729] GR3D_FREQ 0% cpu@53.875C soc2@52.093C soc0@52.75C gpu@52.906C tj@53.875C soc1@53.437C VDD_IN 4451mW/7936mW VDD_CPU_GPU_CV 515mW/2769mW VDD_SOC 1391mW/1926mW
09-13-2026 15:09:58 RAM 2261/7620MB (lfb 32x4MB) SWAP 819/8192MB (cached 39MB) CPU [0%@1728,0%@1728,0%@1728,0%@1728,1%@729,0%@729] GR3D_FREQ 0% cpu@53.656C soc2@52.156C soc0@52.687C gpu@52.781C tj@53.656C soc1@53.343C VDD_IN 4491mW/7920mW VDD_CPU_GPU_CV 515mW/2759mW VDD_SOC 1430mW/1924mW
09-13-2026 15:09:59 RAM 2261/7620MB (lfb 32x4MB) SWAP 819/8192MB (cached 39MB) CPU [0%@1728,0%@1728,0%@1728,0%@1728,0%@729,0%@729] GR3D_FREQ 0% cpu@53.656C soc2@52.062C soc0@52.625C gpu@52.812C tj@53.656C soc1@53.375C VDD_IN 4491mW/7905mW VDD_CPU_GPU_CV 515mW/2749mW VDD_SOC 1430mW/1922mW
09-13-2026 15:09:59 RAM 2261/7620MB (lfb 32x4MB) SWAP 819/8192MB (cached 39MB) CPU [0%@1728,0%@1728,0%@1728,0%@1728,0%@729,0%@729] GR3D_FREQ 0% cpu@53.593C soc2@52.062C soc0@52.625C gpu@52.812C tj@53.593C soc1@53.531C VDD_IN 4491mW/7889mW VDD_CPU_GPU_CV 516mW/2738mW VDD_SOC 1430mW/1919mW
09-13-2026 15:10:00 RAM 2261/7620MB (lfb 32x4MB) SWAP 819/8192MB (cached 39MB) CPU [0%@729,1%@729,0%@729,0%@729,0%@729,0%@729] GR3D_FREQ 0% cpu@53.437C soc2@52.125C soc0@52.562C gpu@52.812C tj@53.468C soc1@53.437C VDD_IN 4491mW/7874mW VDD_CPU_GPU_CV 516mW/2728mW VDD_SOC 1430mW/1917mW
09-13-2026 15:10:00 RAM 2261/7620MB (lfb 32x4MB) SWAP 819/8192MB (cached 40MB) CPU [1%@1728,0%@1728,0%@1728,0%@1728,1%@729,0%@729] GR3D_FREQ 0% cpu@53.656C soc2@52.093C soc0@52.625C gpu@52.75C tj@53.656C soc1@53.375C VDD_IN 4491mW/7859mW VDD_CPU_GPU_CV 515mW/2718mW VDD_SOC 1430mW/1915mW
09-13-2026 15:10:01 RAM 2261/7620MB (lfb 32x4MB) SWAP 819/8192MB (cached 40MB) CPU [0%@729,0%@729,0%@729,0%@729,0%@729,0%@729] GR3D_FREQ 0% cpu@53.656C soc2@52C soc0@52.718C gpu@52.812C tj@53.656C soc1@53.312C VDD_IN 4491mW/7843mW VDD_CPU_GPU_CV 515mW/2709mW VDD_SOC 1430mW/1913mW
09-13-2026 15:10:01 RAM 2261/7620MB (lfb 32x4MB) SWAP 819/8192MB (cached 40MB) CPU [0%@1728,0%@1728,0%@1728,0%@1728,0%@729,1%@729] GR3D_FREQ 0% cpu@53.75C soc2@52C soc0@52.656C gpu@52.593C tj@53.75C soc1@53.281C VDD_IN 4491mW/7829mW VDD_CPU_GPU_CV 515mW/2699mW VDD_SOC 1430mW/1911mW
09-13-2026 15:10:02 RAM 2261/7620MB (lfb 32x4MB) SWAP 819/8192MB (cached 40MB) CPU [0%@1728,0%@1728,1%@1728,0%@1728,0%@729,0%@729] GR3D_FREQ 0% cpu@53.468C soc2@51.968C soc0@52.593C gpu@52.906C tj@53.468C soc1@53.281C VDD_IN 4491mW/7814mW VDD_CPU_GPU_CV 515mW/2689mW VDD_SOC 1430mW/1909mW
09-13-2026 15:10:02 RAM 2261/7620MB (lfb 32x4MB) SWAP 819/8192MB (cached 40MB) CPU [0%@729,0%@729,0%@729,0%@729,0%@729,0%@729] GR3D_FREQ 0% cpu@53.375C soc2@51.906C soc0@52.5C gpu@52.718C tj@53.468C soc1@53.437C VDD_IN 4491mW/7799mW VDD_CPU_GPU_CV 516mW/2679mW VDD_SOC 1430mW/1906mW
09-13-2026 15:10:03 RAM 2261/7620MB (lfb 32x4MB) SWAP 819/8192MB (cached 40MB) CPU [1%@1728,1%@1728,0%@1728,0%@1728,0%@729,0%@729] GR3D_FREQ 0% cpu@53.375C soc2@51.906C soc0@52.562C gpu@52.843C tj@53.375C soc1@53.312C VDD_IN 4491mW/7784mW VDD_CPU_GPU_CV 516mW/2670mW VDD_SOC 1430mW/1904mW
09-13-2026 15:10:03 RAM 2262/7620MB (lfb 32x4MB) SWAP 819/8192MB (cached 40MB) CPU [1%@1728,0%@1728,0%@1728,0%@729,0%@729,0%@729] GR3D_FREQ 0% cpu@53.687C soc2@51.937C soc0@52.437C gpu@52.937C tj@53.687C soc1@53.281C VDD_IN 4491mW/7770mW VDD_CPU_GPU_CV 515mW/2660mW VDD_SOC 1430mW/1902mW
09-13-2026 15:10:04 RAM 2262/7620MB (lfb 32x4MB) SWAP 819/8192MB (cached 40MB) CPU [0%@1728,0%@1728,0%@1728,0%@1728,0%@729,0%@729] GR3D_FREQ 0% cpu@53.406C soc2@51.937C soc0@52.593C gpu@52.812C tj@53.406C soc1@53.218C VDD_IN 4491mW/7756mW VDD_CPU_GPU_CV 516mW/2651mW VDD_SOC 1430mW/1900mW
09-13-2026 15:10:04 RAM 2262/7620MB (lfb 32x4MB) SWAP 819/8192MB (cached 40MB) CPU [0%@729,0%@729,0%@729,1%@729,0%@729,0%@729] GR3D_FREQ 0% cpu@53.562C soc2@51.875C soc0@52.468C gpu@53C tj@53.562C soc1@53.156C VDD_IN 4491mW/7741mW VDD_CPU_GPU_CV 516mW/2642mW VDD_SOC 1430mW/1898mW
09-13-2026 15:10:05 RAM 2262/7620MB (lfb 32x4MB) SWAP 819/8192MB (cached 40MB) CPU [0%@729,0%@729,0%@729,0%@729,0%@729,0%@729] GR3D_FREQ 0% cpu@53.312C soc2@51.843C soc0@52.437C gpu@52.718C tj@53.468C soc1@53.125C VDD_IN 4491mW/7727mW VDD_CPU_GPU_CV 515mW/2633mW VDD_SOC 1430mW/1896mW
09-13-2026 15:10:05 RAM 2262/7620MB (lfb 32x4MB) SWAP 819/8192MB (cached 40MB) CPU [0%@1728,0%@1728,1%@1728,0%@1728,0%@729,0%@729] GR3D_FREQ 0% cpu@53.343C soc2@51.843C soc0@52.375C gpu@52.875C tj@53.343C soc1@53.25C VDD_IN 4491mW/7713mW VDD_CPU_GPU_CV 515mW/2623mW VDD_SOC 1430mW/1894mW
09-13-2026 15:10:06 RAM 2267/7620MB (lfb 32x4MB) SWAP 818/8192MB (cached 40MB) CPU [5%@1728,8%@1728,9%@1728,2%@1728,1%@729,1%@729] GR3D_FREQ 0% cpu@53.468C soc2@51.812C soc0@52.406C gpu@52.781C tj@53.468C soc1@53.25C VDD_IN 4610mW/7700mW VDD_CPU_GPU_CV 595mW/2615mW VDD_SOC 1430mW/1892mW
09-13-2026 15:10:06 RAM 2269/7620MB (lfb 29x4MB) SWAP 818/8192MB (cached 41MB) CPU [4%@729,4%@729,2%@729,7%@729,2%@729,2%@729] GR3D_FREQ 0% cpu@53.406C soc2@51.906C soc0@52.375C gpu@52.843C tj@53.406C soc1@53.187C VDD_IN 4650mW/7687mW VDD_CPU_GPU_CV 635mW/2606mW VDD_SOC 1430mW/1890mW
09-13-2026 15:10:07 RAM 2269/7620MB (lfb 29x4MB) SWAP 818/8192MB (cached 41MB) CPU [0%@1728,0%@1728,1%@1728,0%@1728,0%@729,1%@729] GR3D_FREQ 0% cpu@53.468C soc2@51.75C soc0@52.531C gpu@52.687C tj@53.468C soc1@53.125C VDD_IN 4570mW/7674mW VDD_CPU_GPU_CV 556mW/2598mW VDD_SOC 1430mW/1888mW
09-13-2026 15:10:07 RAM 2269/7620MB (lfb 29x4MB) SWAP 817/8192MB (cached 41MB) CPU [1%@729,0%@729,0%@729,0%@729,0%@729,0%@729] GR3D_FREQ 0% cpu@53.375C soc2@51.781C soc0@52.468C gpu@52.531C tj@53.375C soc1@53.093C VDD_IN 4530mW/7660mW VDD_CPU_GPU_CV 556mW/2589mW VDD_SOC 1430mW/1886mW
09-13-2026 15:10:08 RAM 2270/7620MB (lfb 29x4MB) SWAP 817/8192MB (cached 41MB) CPU [0%@1728,0%@1728,0%@1728,0%@1728,0%@729,0%@729] GR3D_FREQ 0% cpu@53.312C soc2@51.718C soc0@52.437C gpu@52.625C tj@53.312C soc1@53C VDD_IN 4491mW/7647mW VDD_CPU_GPU_CV 516mW/2580mW VDD_SOC 1430mW/1884mW
09-13-2026 15:10:08 RAM 2270/7620MB (lfb 29x4MB) SWAP 817/8192MB (cached 41MB) CPU [1%@1728,0%@1728,0%@1728,1%@1728,0%@729,0%@729] GR3D_FREQ 0% cpu@53.187C soc2@51.718C soc0@52.343C gpu@52.437C tj@53.187C soc1@53.156C VDD_IN 4491mW/7634mW VDD_CPU_GPU_CV 516mW/2571mW VDD_SOC 1430mW/1882mW
09-13-2026 15:10:09 RAM 2270/7620MB (lfb 29x4MB) SWAP 817/8192MB (cached 41MB) CPU [1%@729,0%@729,0%@729,0%@729,0%@729,0%@729] GR3D_FREQ 0% cpu@53.156C soc2@51.875C soc0@52.375C gpu@52.593C tj@53.156C soc1@53.093C VDD_IN 4491mW/7621mW VDD_CPU_GPU_CV 515mW/2563mW VDD_SOC 1430mW/1881mW
09-13-2026 15:10:09 RAM 2270/7620MB (lfb 29x4MB) SWAP 817/8192MB (cached 41MB) CPU [0%@1728,0%@1728,0%@1728,0%@1728,0%@729,0%@729] GR3D_FREQ 0% cpu@53.281C soc2@51.75C soc0@52.218C gpu@52.531C tj@53.281C soc1@53C VDD_IN 4491mW/7608mW VDD_CPU_GPU_CV 515mW/2554mW VDD_SOC 1430mW/1879mW
09-13-2026 15:10:10 RAM 2270/7620MB (lfb 29x4MB) SWAP 817/8192MB (cached 41MB) CPU [0%@1728,0%@1728,0%@1728,0%@1728,0%@729,0%@729] GR3D_FREQ 0% cpu@53.281C soc2@51.687C soc0@52.406C gpu@52.406C tj@53.281C soc1@53C VDD_IN 4491mW/7595mW VDD_CPU_GPU_CV 516mW/2546mW VDD_SOC 1430mW/1877mW
09-13-2026 15:10:10 RAM 2270/7620MB (lfb 29x4MB) SWAP 817/8192MB (cached 41MB) CPU [0%@1728,0%@1728,0%@1728,0%@1728,0%@729,0%@729] GR3D_FREQ 0% cpu@53.343C soc2@51.656C soc0@52.25C gpu@52.375C tj@53.343C soc1@52.937C VDD_IN 4491mW/7582mW VDD_CPU_GPU_CV 516mW/2538mW VDD_SOC 1430mW/1875mW
09-13-2026 15:10:11 RAM 2270/7620MB (lfb 29x4MB) SWAP 817/8192MB (cached 42MB) CPU [0%@1728,1%@1728,0%@1728,0%@1728,0%@729,0%@729] GR3D_FREQ 0% cpu@53.156C soc2@51.687C soc0@52.312C gpu@52.343C tj@53.156C soc1@52.937C VDD_IN 4491mW/7569mW VDD_CPU_GPU_CV 516mW/2529mW VDD_SOC 1430mW/1873mW
09-13-2026 15:10:11 RAM 2270/7620MB (lfb 29x4MB) SWAP 817/8192MB (cached 42MB) CPU [0%@1728,0%@1728,0%@1728,0%@1728,0%@729,0%@729] GR3D_FREQ 0% cpu@53C soc2@51.625C soc0@52.187C gpu@52.375C tj@53.187C soc1@53.093C VDD_IN 4491mW/7557mW VDD_CPU_GPU_CV 516mW/2521mW VDD_SOC 1430mW/1871mW
09-13-2026 15:10:12 RAM 2271/7620MB (lfb 28x4MB) SWAP 817/8192MB (cached 42MB) CPU [5%@1728,2%@1728,0%@1728,1%@1728,0%@729,0%@729] GR3D_FREQ 0% cpu@53.156C soc2@51.718C soc0@52.25C gpu@52.312C tj@53.031C soc1@53C VDD_IN 4530mW/7544mW VDD_CPU_GPU_CV 556mW/2513mW VDD_SOC 1430mW/1869mW
09-13-2026 15:10:12 RAM 2269/7620MB (lfb 28x4MB) SWAP 817/8192MB (cached 42MB) CPU [0%@1728,0%@1728,24%@1728,0%@1728,0%@729,0%@729] GR3D_FREQ 0% cpu@53.343C soc2@51.625C soc0@52.187C gpu@52.625C tj@53.343C soc1@52.968C VDD_IN 4610mW/7532mW VDD_CPU_GPU_CV 556mW/2505mW VDD_SOC 1470mW/1868mW
09-13-2026 15:10:13 RAM 2269/7620MB (lfb 28x4MB) SWAP 817/8192MB (cached 42MB) CPU [0%@1728,0%@1728,0%@1728,0%@1728,0%@729,0%@729] GR3D_FREQ 0% cpu@53.093C soc2@51.531C soc0@52.218C gpu@52.281C tj@53.093C soc1@52.875C VDD_IN 4530mW/7520mW VDD_CPU_GPU_CV 556mW/2497mW VDD_SOC 1430mW/1866mW
09-13-2026 15:10:13 RAM 2269/7620MB (lfb 28x4MB) SWAP 817/8192MB (cached 42MB) CPU [0%@1728,0%@1728,0%@1728,0%@1728,0%@729,0%@729] GR3D_FREQ 0% cpu@53.25C soc2@51.562C soc0@52.25C gpu@52.531C tj@53.25C soc1@52.937C VDD_IN 4491mW/7508mW VDD_CPU_GPU_CV 516mW/2489mW VDD_SOC 1430mW/1864mW
09-13-2026 15:10:14 RAM 2269/7620MB (lfb 28x4MB) SWAP 817/8192MB (cached 42MB) CPU [0%@1728,1%@1728,0%@1728,0%@1728,0%@729,0%@729] GR3D_FREQ 0% cpu@52.968C soc2@51.531C soc0@52.156C gpu@52.25C tj@52.968C soc1@52.843C VDD_IN 4491mW/7496mW VDD_CPU_GPU_CV 516mW/2481mW VDD_SOC 1430mW/1863mW
09-13-2026 15:10:14 RAM 2269/7620MB (lfb 28x4MB) SWAP 817/8192MB (cached 42MB) CPU [0%@729,0%@729,0%@729,0%@729,0%@729,0%@729] GR3D_FREQ 0% cpu@53.031C soc2@51.531C soc0@52.062C gpu@52.5C tj@53.031C soc1@52.937C VDD_IN 4491mW/7484mW VDD_CPU_GPU_CV 516mW/2473mW VDD_SOC 1430mW/1861mW
09-13-2026 15:10:15 RAM 2269/7620MB (lfb 28x4MB) SWAP 817/8192MB (cached 42MB) CPU [0%@1728,0%@1728,0%@1728,1%@1728,0%@729,0%@729] GR3D_FREQ 0% cpu@53.031C soc2@51.562C soc0@52.062C gpu@52.343C tj@52.906C soc1@52.875C VDD_IN 4491mW/7472mW VDD_CPU_GPU_CV 516mW/2465mW VDD_SOC 1430mW/1859mW
09-13-2026 15:10:15 RAM 2269/7620MB (lfb 28x4MB) SWAP 817/8192MB (cached 42MB) CPU [1%@1728,0%@1728,0%@1728,0%@1728,0%@729,0%@729] GR3D_FREQ 0% cpu@53.156C soc2@51.437C soc0@52.031C gpu@52.437C tj@53.156C soc1@52.812C VDD_IN 4491mW/7460mW VDD_CPU_GPU_CV 516mW/2458mW VDD_SOC 1430mW/1857mW
09-13-2026 15:10:16 RAM 2270/7620MB (lfb 28x4MB) SWAP 817/8192MB (cached 43MB) CPU [0%@1728,0%@1728,0%@1728,1%@1728,0%@729,0%@729] GR3D_FREQ 0% cpu@53.156C soc2@51.468C soc0@52.187C gpu@52.406C tj@53.156C soc1@52.812C VDD_IN 4491mW/7448mW VDD_CPU_GPU_CV 516mW/2450mW VDD_SOC 1430mW/1856mW
09-13-2026 15:10:16 RAM 2270/7620MB (lfb 28x4MB) SWAP 817/8192MB (cached 43MB) CPU [0%@1728,0%@1728,0%@1728,0%@1728,0%@729,0%@729] GR3D_FREQ 0% cpu@53C soc2@51.5C soc0@52.062C gpu@52.343C tj@53C soc1@52.781C VDD_IN 4491mW/7437mW VDD_CPU_GPU_CV 516mW/2442mW VDD_SOC 1430mW/1854mW
09-13-2026 15:10:17 RAM 2270/7620MB (lfb 28x4MB) SWAP 817/8192MB (cached 43MB) CPU [3%@1728,0%@1728,0%@1728,0%@1728,0%@729,0%@729] GR3D_FREQ 0% cpu@53.031C soc2@51.437C soc0@51.968C gpu@52.281C tj@53.031C soc1@52.937C VDD_IN 4491mW/7425mW VDD_CPU_GPU_CV 516mW/2435mW VDD_SOC 1430mW/1852mW
09-13-2026 15:10:17 RAM 2270/7620MB (lfb 28x4MB) SWAP 817/8192MB (cached 43MB) CPU [0%@1728,0%@1728,0%@1728,0%@1728,0%@729,0%@729] GR3D_FREQ 0% cpu@52.906C soc2@51.468C soc0@52.031C gpu@52.187C tj@52.906C soc1@52.875C VDD_IN 4491mW/7414mW VDD_CPU_GPU_CV 516mW/2427mW VDD_SOC 1430mW/1851mW
09-13-2026 15:10:18 RAM 2270/7620MB (lfb 28x4MB) SWAP 817/8192MB (cached 43MB) CPU [0%@1728,0%@1728,0%@1728,1%@1728,0%@729,0%@729] GR3D_FREQ 0% cpu@53.187C soc2@51.468C soc0@52.062C gpu@52.218C tj@53.187C soc1@52.812C VDD_IN 4491mW/7402mW VDD_CPU_GPU_CV 516mW/2420mW VDD_SOC 1430mW/1849mW
09-13-2026 15:10:18 RAM 2270/7620MB (lfb 28x4MB) SWAP 816/8192MB (cached 43MB) CPU [0%@1728,2%@1728,0%@1728,1%@1728,0%@729,0%@729] GR3D_FREQ 0% cpu@52.937C soc2@51.437C soc0@52.125C gpu@52.125C tj@52.937C soc1@52.75C VDD_IN 4491mW/7391mW VDD_CPU_GPU_CV 516mW/2413mW VDD_SOC 1430mW/1847mW
09-13-2026 15:10:19 RAM 2270/7620MB (lfb 28x4MB) SWAP 816/8192MB (cached 43MB) CPU [0%@1728,0%@1728,0%@1728,0%@1728,0%@729,0%@729] GR3D_FREQ 0% cpu@53C soc2@51.437C soc0@52C gpu@52.187C tj@53C soc1@52.781C VDD_IN 4570mW/7380mW VDD_CPU_GPU_CV 516mW/2405mW VDD_SOC 1470mW/1846mW
09-13-2026 15:10:19 RAM 2270/7620MB (lfb 28x4MB) SWAP 816/8192MB (cached 43MB) CPU [0%@1728,0%@1728,0%@1728,0%@1728,0%@729,1%@729] GR3D_FREQ 0% cpu@52.843C soc2@51.281C soc0@52.031C gpu@52.125C tj@53.031C soc1@52.656C VDD_IN 4530mW/7369mW VDD_CPU_GPU_CV 516mW/2398mW VDD_SOC 1430mW/1844mW
09-13-2026 15:10:20 RAM 2271/7620MB (lfb 28x4MB) SWAP 816/8192MB (cached 43MB) CPU [0%@1728,0%@1728,0%@1728,0%@1728,0%@729,0%@729] GR3D_FREQ 0% cpu@52.812C soc2@51.375C soc0@51.906C gpu@52.156C tj@52.812C soc1@52.781C VDD_IN 4491mW/7358mW VDD_CPU_GPU_CV 516mW/2391mW VDD_SOC 1430mW/1843mW
09-13-2026 15:10:20 RAM 2271/7620MB (lfb 28x4MB) SWAP 816/8192MB (cached 44MB) CPU [0%@729,0%@729,0%@729,0%@1728,0%@729,0%@729] GR3D_FREQ 0% cpu@52.843C soc2@51.437C soc0@51.937C gpu@52.062C tj@52.843C soc1@52.75C VDD_IN 4491mW/7347mW VDD_CPU_GPU_CV 516mW/2384mW VDD_SOC 1430mW/1841mW
09-13-2026 15:10:21 RAM 2271/7620MB (lfb 28x4MB) SWAP 816/8192MB (cached 44MB) CPU [0%@1728,3%@1728,0%@1728,0%@1728,0%@729,0%@729] GR3D_FREQ 0% cpu@52.937C soc2@51.406C soc0@51.875C gpu@52.312C tj@52.937C soc1@52.687C VDD_IN 4491mW/7336mW VDD_CPU_GPU_CV 516mW/2377mW VDD_SOC 1430mW/1840mW
09-13-2026 15:10:21 RAM 2272/7620MB (lfb 28x4MB) SWAP 816/8192MB (cached 44MB) CPU [1%@729,0%@729,0%@729,0%@729,0%@729,0%@729] GR3D_FREQ 0% cpu@52.968C soc2@51.281C soc0@52C gpu@52.156C tj@52.968C soc1@52.656C VDD_IN 4491mW/7326mW VDD_CPU_GPU_CV 516mW/2370mW VDD_SOC 1430mW/1838mW
09-13-2026 15:10:22 RAM 2271/7620MB (lfb 28x4MB) SWAP 816/8192MB (cached 44MB) CPU [0%@1728,0%@1728,0%@1728,0%@1728,0%@729,0%@729] GR3D_FREQ 0% cpu@52.875C soc2@51.343C soc0@51.937C gpu@52.312C tj@52.875C soc1@52.593C VDD_IN 4491mW/7315mW VDD_CPU_GPU_CV 516mW/2363mW VDD_SOC 1430mW/1837mW
09-13-2026 15:10:22 RAM 2272/7620MB (lfb 28x4MB) SWAP 816/8192MB (cached 44MB) CPU [0%@1728,0%@1728,1%@1728,0%@1728,0%@729,0%@729] GR3D_FREQ 0% cpu@52.875C soc2@51.218C soc0@51.812C gpu@52.25C tj@52.875C soc1@52.5C VDD_IN 4491mW/7304mW VDD_CPU_GPU_CV 516mW/2356mW VDD_SOC 1430mW/1835mW
09-13-2026 15:10:23 RAM 2272/7620MB (lfb 28x4MB) SWAP 816/8192MB (cached 44MB) CPU [1%@729,0%@729,0%@729,0%@729,0%@729,0%@729] GR3D_FREQ 0% cpu@52.718C soc2@51.218C soc0@51.812C gpu@52.218C tj@52.75C soc1@52.75C VDD_IN 4491mW/7294mW VDD_CPU_GPU_CV 516mW/2349mW VDD_SOC 1430mW/1834mW
09-13-2026 15:10:24 RAM 2272/7620MB (lfb 28x4MB) SWAP 816/8192MB (cached 44MB) CPU [0%@1728,1%@1728,0%@1728,0%@1728,0%@729,0%@729] GR3D_FREQ 0% cpu@52.937C soc2@51.312C soc0@51.906C gpu@52.125C tj@52.937C soc1@52.656C VDD_IN 4451mW/7283mW VDD_CPU_GPU_CV 516mW/2342mW VDD_SOC 1430mW/1832mW
09-13-2026 15:10:24 RAM 2272/7620MB (lfb 28x4MB) SWAP 816/8192MB (cached 44MB) CPU [0%@729,0%@729,0%@729,0%@729,0%@729,0%@729] GR3D_FREQ 0% cpu@52.843C soc2@51.25C soc0@51.875C gpu@52.218C tj@52.843C soc1@52.531C VDD_IN 4491mW/7273mW VDD_CPU_GPU_CV 516mW/2335mW VDD_SOC 1430mW/1831mW
09-13-2026 15:10:25 RAM 2272/7620MB (lfb 28x4MB) SWAP 816/8192MB (cached 44MB) CPU [0%@1728,0%@1728,0%@1728,0%@1728,0%@729,0%@729] GR3D_FREQ 0% cpu@52.843C soc2@51.25C soc0@51.937C gpu@52.093C tj@52.843C soc1@52.625C VDD_IN 4491mW/7262mW VDD_CPU_GPU_CV 516mW/2328mW VDD_SOC 1430mW/1829mW
09-13-2026 15:10:25 RAM 2272/7620MB (lfb 28x4MB) SWAP 816/8192MB (cached 44MB) CPU [0%@1728,0%@1728,0%@1728,0%@1728,0%@729,0%@729] GR3D_FREQ 0% cpu@52.875C soc2@51.125C soc0@51.843C gpu@52.187C tj@52.906C soc1@52.562C VDD_IN 4491mW/7252mW VDD_CPU_GPU_CV 516mW/2322mW VDD_SOC 1430mW/1828mW
09-13-2026 15:10:26 RAM 2272/7620MB (lfb 28x4MB) SWAP 816/8192MB (cached 44MB) CPU [0%@729,0%@729,0%@729,0%@729,0%@729,0%@729] GR3D_FREQ 0% cpu@52.75C soc2@51.156C soc0@51.812C gpu@52C tj@52.75C soc1@52.687C VDD_IN 4491mW/7242mW VDD_CPU_GPU_CV 516mW/2315mW VDD_SOC 1430mW/1826mW
09-13-2026 15:10:26 RAM 2273/7620MB (lfb 28x4MB) SWAP 816/8192MB (cached 45MB) CPU [1%@1728,0%@1728,0%@1728,1%@1728,0%@729,0%@729] GR3D_FREQ 0% cpu@52.562C soc2@51.281C soc0@51.75C gpu@51.875C tj@52.687C soc1@52.687C VDD_IN 4491mW/7232mW VDD_CPU_GPU_CV 516mW/2308mW VDD_SOC 1430mW/1825mW
09-13-2026 15:10:27 RAM 2273/7620MB (lfb 28x4MB) SWAP 815/8192MB (cached 45MB) CPU [1%@1728,0%@1728,0%@1728,0%@1728,0%@729,0%@729] GR3D_FREQ 0% cpu@52.875C soc2@51.218C soc0@51.687C gpu@52C tj@52.812C soc1@52.625C VDD_IN 4491mW/7222mW VDD_CPU_GPU_CV 516mW/2302mW VDD_SOC 1430mW/1823mW
09-13-2026 15:10:27 RAM 2274/7620MB (lfb 28x4MB) SWAP 815/8192MB (cached 45MB) CPU [1%@1728,0%@1728,0%@1728,0%@1728,0%@729,0%@729] GR3D_FREQ 0% cpu@52.843C soc2@51.156C soc0@51.687C gpu@51.875C tj@52.843C soc1@52.562C VDD_IN 4491mW/7212mW VDD_CPU_GPU_CV 516mW/2295mW VDD_SOC 1430mW/1822mW
09-13-2026 15:10:28 RAM 2274/7620MB (lfb 28x4MB) SWAP 815/8192MB (cached 45MB) CPU [0%@729,1%@729,0%@729,1%@729,0%@729,0%@729] GR3D_FREQ 0% cpu@52.75C soc2@51.156C soc0@51.843C gpu@51.937C tj@52.625C soc1@52.5C VDD_IN 4530mW/7202mW VDD_CPU_GPU_CV 516mW/2289mW VDD_SOC 1430mW/1820mW
09-13-2026 15:10:28 RAM 2274/7620MB (lfb 28x4MB) SWAP 815/8192MB (cached 45MB) CPU [0%@729,1%@729,0%@729,0%@729,0%@729,0%@729] GR3D_FREQ 0% cpu@52.812C soc2@51.187C soc0@51.812C gpu@51.875C tj@52.812C soc1@52.5C VDD_IN 4491mW/7192mW VDD_CPU_GPU_CV 516mW/2283mW VDD_SOC 1430mW/1819mW
09-13-2026 15:10:29 RAM 2274/7620MB (lfb 28x4MB) SWAP 815/8192MB (cached 45MB) CPU [0%@1728,0%@1728,0%@1728,0%@1728,0%@729,0%@729] GR3D_FREQ 0% cpu@52.593C soc2@51.062C soc0@51.687C gpu@51.875C tj@52.687C soc1@52.687C VDD_IN 4491mW/7183mW VDD_CPU_GPU_CV 516mW/2276mW VDD_SOC 1430mW/1818mW
09-13-2026 15:10:29 RAM 2274/7620MB (lfb 28x4MB) SWAP 815/8192MB (cached 45MB) CPU [0%@729,0%@729,0%@729,0%@729,0%@729,0%@729] GR3D_FREQ 0% cpu@52.531C soc2@51.031C soc0@51.687C gpu@51.718C tj@52.625C soc1@52.625C VDD_IN 4491mW/7173mW VDD_CPU_GPU_CV 516mW/2270mW VDD_SOC 1430mW/1816mW
09-13-2026 15:10:30 RAM 2274/7620MB (lfb 28x4MB) SWAP 815/8192MB (cached 45MB) CPU [0%@1728,0%@1728,0%@1728,0%@1728,0%@729,0%@729] GR3D_FREQ 0% cpu@52.5C soc2@51.125C soc0@51.562C gpu@52.187C tj@52.5C soc1@52.5C VDD_IN 4491mW/7164mW VDD_CPU_GPU_CV 516mW/2264mW VDD_SOC 1430mW/1815mW
09-13-2026 15:10:30 RAM 2275/7620MB (lfb 28x4MB) SWAP 815/8192MB (cached 45MB) CPU [1%@1728,0%@1728,0%@1728,0%@1728,0%@729,0%@729] GR3D_FREQ 0% cpu@52.656C soc2@51.062C soc0@51.656C gpu@51.781C tj@52.656C soc1@52.375C VDD_IN 4491mW/7154mW VDD_CPU_GPU_CV 516mW/2257mW VDD_SOC 1430mW/1813mW
09-13-2026 15:10:31 RAM 2275/7620MB (lfb 28x4MB) SWAP 815/8192MB (cached 45MB) CPU [0%@1728,0%@1728,0%@1728,0%@1728,0%@729,0%@729] GR3D_FREQ 0% cpu@52.843C soc2@51.062C soc0@51.843C gpu@52.125C tj@52.843C soc1@52.343C VDD_IN 4491mW/7145mW VDD_CPU_GPU_CV 516mW/2251mW VDD_SOC 1430mW/1812mW
09-13-2026 15:10:31 RAM 2275/7620MB (lfb 28x4MB) SWAP 815/8192MB (cached 46MB) CPU [1%@1728,0%@1728,0%@1728,0%@1728,0%@729,0%@729] GR3D_FREQ 0% cpu@52.562C soc2@51.031C soc0@51.656C gpu@51.843C tj@52.562C soc1@52.406C VDD_IN 4491mW/7135mW VDD_CPU_GPU_CV 516mW/2245mW VDD_SOC 1430mW/1811mW
09-13-2026 15:10:32 RAM 2275/7620MB (lfb 28x4MB) SWAP 815/8192MB (cached 46MB) CPU [0%@1728,0%@1728,0%@1728,0%@1728,0%@729,0%@729] GR3D_FREQ 0% cpu@52.593C soc2@51C soc0@51.656C gpu@52.031C tj@52.593C soc1@52.562C VDD_IN 4491mW/7126mW VDD_CPU_GPU_CV 516mW/2239mW VDD_SOC 1430mW/1809mW
09-13-2026 15:10:32 RAM 2275/7620MB (lfb 28x4MB) SWAP 815/8192MB (cached 46MB) CPU [0%@1728,0%@1728,0%@1728,0%@1728,0%@729,0%@729] GR3D_FREQ 0% cpu@52.5C soc2@50.937C soc0@51.625C gpu@51.75C tj@52.5C soc1@52.5C VDD_IN 4530mW/7117mW VDD_CPU_GPU_CV 516mW/2233mW VDD_SOC 1470mW/1808mW
09-13-2026 15:10:33 RAM 2275/7620MB (lfb 28x4MB) SWAP 815/8192MB (cached 46MB) CPU [0%@729,0%@729,0%@729,0%@729,0%@729,0%@729] GR3D_FREQ 0% cpu@52.75C soc2@51.031C soc0@51.562C gpu@52C tj@52.75C soc1@52.5C VDD_IN 4530mW/7108mW VDD_CPU_GPU_CV 516mW/2227mW VDD_SOC 1430mW/1807mW
09-13-2026 15:10:33 RAM 2275/7620MB (lfb 28x4MB) SWAP 815/8192MB (cached 46MB) CPU [0%@1728,0%@1728,0%@1728,0%@1728,0%@729,0%@729] GR3D_FREQ 0% cpu@52.5C soc2@50.968C soc0@51.531C gpu@51.687C tj@52.5C soc1@52.343C VDD_IN 4491mW/7099mW VDD_CPU_GPU_CV 516mW/2221mW VDD_SOC 1430mW/1806mW
09-13-2026 15:10:34 RAM 2275/7620MB (lfb 28x4MB) SWAP 815/8192MB (cached 46MB) CPU [0%@729,0%@729,0%@729,1%@729,0%@729,0%@729] GR3D_FREQ 0% cpu@52.593C soc2@50.937C soc0@51.562C gpu@51.937C tj@52.593C soc1@52.312C VDD_IN 4491mW/7090mW VDD_CPU_GPU_CV 516mW/2215mW VDD_SOC 1430mW/1804mW
09-13-2026 15:10:34 RAM 2275/7620MB (lfb 28x4MB) SWAP 815/8192MB (cached 46MB) CPU [0%@1728,0%@1728,0%@1728,0%@1728,0%@729,0%@729] GR3D_FREQ 0% cpu@52.562C soc2@50.937C soc0@51.656C gpu@51.843C tj@52.625C soc1@52.625C VDD_IN 4451mW/7080mW VDD_CPU_GPU_CV 516mW/2209mW VDD_SOC 1430mW/1803mW
09-13-2026 15:10:35 RAM 2275/7620MB (lfb 28x4MB) SWAP 814/8192MB (cached 46MB) CPU [0%@1728,0%@1728,0%@1728,0%@1728,0%@729,0%@729] GR3D_FREQ 0% cpu@52.437C soc2@50.937C soc0@51.5C gpu@51.937C tj@52.531C soc1@52.531C VDD_IN 4491mW/7072mW VDD_CPU_GPU_CV 516mW/2203mW VDD_SOC 1430mW/1802mW
09-13-2026 15:10:35 RAM 2275/7620MB (lfb 28x4MB) SWAP 814/8192MB (cached 46MB) CPU [1%@1728,0%@1728,0%@1728,0%@1728,0%@729,0%@729] GR3D_FREQ 0% cpu@52.406C soc2@51.031C soc0@51.5C gpu@51.843C tj@52.468C soc1@52.468C VDD_IN 4491mW/7063mW VDD_CPU_GPU_CV 516mW/2198mW VDD_SOC 1430mW/1800mW
09-13-2026 15:10:36 RAM 2275/7620MB (lfb 28x4MB) SWAP 814/8192MB (cached 46MB) CPU [0%@1728,0%@1728,0%@1728,0%@1728,1%@729,0%@729] GR3D_FREQ 0% cpu@52.562C soc2@50.968C soc0@51.437C gpu@51.781C tj@52.562C soc1@52.312C VDD_IN 4491mW/7054mW VDD_CPU_GPU_CV 516mW/2192mW VDD_SOC 1430mW/1799mW
09-13-2026 15:10:36 RAM 2275/7620MB (lfb 28x4MB) SWAP 814/8192MB (cached 46MB) CPU [0%@1728,1%@1728,0%@1728,0%@1728,0%@729,0%@729] GR3D_FREQ 0% cpu@52.656C soc2@50.875C soc0@51.625C gpu@51.718C tj@52.656C soc1@52.25C VDD_IN 4491mW/7045mW VDD_CPU_GPU_CV 516mW/2186mW VDD_SOC 1430mW/1798mW
09-13-2026 15:10:37 RAM 2276/7620MB (lfb 28x4MB) SWAP 814/8192MB (cached 47MB) CPU [0%@1728,1%@1728,0%@1728,1%@1728,0%@729,0%@729] GR3D_FREQ 0% cpu@52.406C soc2@50.875C soc0@51.5C gpu@51.718C tj@52.406C soc1@52.218C VDD_IN 4491mW/7036mW VDD_CPU_GPU_CV 516mW/2180mW VDD_SOC 1430mW/1797mW
09-13-2026 15:10:37 RAM 2276/7620MB (lfb 28x4MB) SWAP 814/8192MB (cached 47MB) CPU [1%@729,0%@729,0%@729,0%@729,0%@729,0%@729] GR3D_FREQ 0% cpu@52.406C soc2@50.781C soc0@51.468C gpu@51.625C tj@52.437C soc1@52.437C VDD_IN 4451mW/7028mW VDD_CPU_GPU_CV 516mW/2175mW VDD_SOC 1430mW/1795mW
09-13-2026 15:10:38 RAM 2276/7620MB (lfb 28x4MB) SWAP 814/8192MB (cached 47MB) CPU [0%@1728,0%@1728,0%@1728,0%@1728,0%@729,0%@729] GR3D_FREQ 0% cpu@52.375C soc2@50.75C soc0@51.468C gpu@51.687C tj@52.375C soc1@52.312C VDD_IN 4451mW/7019mW VDD_CPU_GPU_CV 516mW/2169mW VDD_SOC 1430mW/1794mW
09-13-2026 15:10:38 RAM 2276/7620MB (lfb 28x4MB) SWAP 814/8192MB (cached 47MB) CPU [0%@1728,0%@1728,0%@1728,1%@1728,0%@729,0%@729] GR3D_FREQ 0% cpu@52.625C soc2@50.937C soc0@51.343C gpu@51.531C tj@52.625C soc1@52.25C VDD_IN 4491mW/7010mW VDD_CPU_GPU_CV 516mW/2164mW VDD_SOC 1430mW/1793mW
09-13-2026 15:10:39 RAM 2276/7620MB (lfb 28x4MB) SWAP 814/8192MB (cached 47MB) CPU [0%@729,0%@1728,0%@1728,0%@1728,0%@729,0%@729] GR3D_FREQ 0% cpu@52.406C soc2@50.906C soc0@51.312C gpu@51.656C tj@52.406C soc1@52.187C VDD_IN 4491mW/7002mW VDD_CPU_GPU_CV 516mW/2158mW VDD_SOC 1430mW/1792mW
09-13-2026 15:10:39 RAM 2276/7620MB (lfb 28x4MB) SWAP 814/8192MB (cached 47MB) CPU [0%@1728,0%@1728,0%@1728,0%@1728,0%@729,0%@729] GR3D_FREQ 0% cpu@52.437C soc2@50.812C soc0@51.562C gpu@51.5C tj@52.437C soc1@52.125C VDD_IN 4491mW/6994mW VDD_CPU_GPU_CV 516mW/2153mW VDD_SOC 1430mW/1791mW
09-13-2026 15:10:40 RAM 2277/7620MB (lfb 28x4MB) SWAP 814/8192MB (cached 47MB) CPU [0%@1728,0%@1728,0%@1728,1%@1728,0%@729,0%@729] GR3D_FREQ 0% cpu@52.5C soc2@50.781C soc0@51.437C gpu@51.718C tj@52.5C soc1@52.312C VDD_IN 4491mW/6985mW VDD_CPU_GPU_CV 516mW/2147mW VDD_SOC 1430mW/1789mW
09-13-2026 15:10:40 RAM 2277/7620MB (lfb 28x4MB) SWAP 814/8192MB (cached 47MB) CPU [0%@1728,0%@1728,0%@1728,0%@1728,0%@729,0%@729] GR3D_FREQ 0% cpu@52.281C soc2@50.75C soc0@51.437C gpu@51.906C tj@52.312C soc1@52.312C VDD_IN 4491mW/6977mW VDD_CPU_GPU_CV 516mW/2142mW VDD_SOC 1430mW/1788mW
09-13-2026 15:10:41 RAM 2277/7620MB (lfb 28x4MB) SWAP 814/8192MB (cached 47MB) CPU [0%@1728,0%@1728,0%@1728,0%@1728,0%@729,0%@729] GR3D_FREQ 0% cpu@52.25C soc2@50.843C soc0@51.406C gpu@51.687C tj@52.25C soc1@52.25C VDD_IN 4491mW/6969mW VDD_CPU_GPU_CV 515mW/2136mW VDD_SOC 1430mW/1787mW
09-13-2026 15:10:41 RAM 2277/7620MB (lfb 28x4MB) SWAP 814/8192MB (cached 47MB) CPU [0%@729,0%@1728,0%@1728,0%@1728,0%@729,0%@729] GR3D_FREQ 0% cpu@52.375C soc2@50.781C soc0@51.343C gpu@51.875C tj@52.375C soc1@52.156C VDD_IN 4491mW/6961mW VDD_CPU_GPU_CV 515mW/2131mW VDD_SOC 1430mW/1786mW
09-13-2026 15:10:42 RAM 2277/7620MB (lfb 28x4MB) SWAP 814/8192MB (cached 47MB) CPU [0%@729,0%@729,0%@1728,0%@1728,0%@729,0%@729] GR3D_FREQ 0% cpu@52.468C soc2@50.812C soc0@51.437C gpu@51.687C tj@52.468C soc1@52.062C VDD_IN 4491mW/6952mW VDD_CPU_GPU_CV 515mW/2126mW VDD_SOC 1430mW/1785mW
09-13-2026 15:10:42 RAM 2277/7620MB (lfb 28x4MB) SWAP 814/8192MB (cached 47MB) CPU [3%@1728,2%@1728,0%@1728,1%@1728,0%@729,0%@729] GR3D_FREQ 0% cpu@52.25C soc2@50.687C soc0@51.437C gpu@51.593C tj@52.25C soc1@52.093C VDD_IN 4491mW/6944mW VDD_CPU_GPU_CV 516mW/2120mW VDD_SOC 1430mW/1783mW
09-13-2026 15:10:43 RAM 2278/7620MB (lfb 28x4MB) SWAP 814/8192MB (cached 48MB) CPU [1%@1728,1%@1728,0%@1728,0%@1728,0%@729,0%@729] GR3D_FREQ 0% cpu@52.312C soc2@50.656C soc0@51.343C gpu@51.656C tj@52.312C soc1@52.281C VDD_IN 4491mW/6936mW VDD_CPU_GPU_CV 516mW/2115mW VDD_SOC 1430mW/1782mW
09-13-2026 15:10:43 RAM 2283/7620MB (lfb 28x4MB) SWAP 811/8192MB (cached 51MB) CPU [3%@1728,2%@1728,0%@1728,0%@1728,1%@729,3%@729] GR3D_FREQ 0% cpu@52.281C soc2@50.656C soc0@51.343C gpu@51.562C tj@52.281C soc1@52.156C VDD_IN 4610mW/6929mW VDD_CPU_GPU_CV 595mW/2110mW VDD_SOC 1430mW/1781mW
09-13-2026 15:10:44 RAM 2283/7620MB (lfb 28x4MB) SWAP 811/8192MB (cached 52MB) CPU [0%@729,0%@729,0%@729,0%@729,0%@729,0%@729] GR3D_FREQ 0% cpu@52.437C soc2@50.812C soc0@51.375C gpu@51.687C tj@52.125C soc1@52.062C VDD_IN 4530mW/6921mW VDD_CPU_GPU_CV 555mW/2105mW VDD_SOC 1430mW/1780mW
09-13-2026 15:10:44 RAM 2282/7620MB (lfb 28x4MB) SWAP 811/8192MB (cached 52MB) CPU [3%@1728,0%@1728,0%@1728,0%@1728,0%@729,0%@729] GR3D_FREQ 0% cpu@52.25C soc2@50.718C soc0@51.218C gpu@51.531C tj@52.25C soc1@52C VDD_IN 4530mW/6913mW VDD_CPU_GPU_CV 555mW/2100mW VDD_SOC 1430mW/1779mW
09-13-2026 15:10:45 RAM 2282/7620MB (lfb 28x4MB) SWAP 811/8192MB (cached 52MB) CPU [0%@729,0%@729,0%@729,0%@729,0%@729,0%@729] GR3D_FREQ 0% cpu@52.406C soc2@50.718C soc0@51.406C gpu@51.406C tj@52.406C soc1@51.968C VDD_IN 4491mW/6905mW VDD_CPU_GPU_CV 515mW/2095mW VDD_SOC 1430mW/1778mW
09-13-2026 15:10:45 RAM 2282/7620MB (lfb 28x4MB) SWAP 811/8192MB (cached 52MB) CPU [0%@1728,0%@1728,0%@1728,0%@1728,0%@729,0%@729] GR3D_FREQ 0% cpu@52.312C soc2@50.593C soc0@51.281C gpu@51.562C tj@52.312C soc1@51.937C VDD_IN 4491mW/6898mW VDD_CPU_GPU_CV 515mW/2090mW VDD_SOC 1430mW/1777mW
09-13-2026 15:10:46 RAM 2282/7620MB (lfb 28x4MB) SWAP 811/8192MB (cached 52MB) CPU [0%@729,0%@729,0%@729,1%@729,0%@729,0%@729] GR3D_FREQ 0% cpu@52.187C soc2@50.656C soc0@51.312C gpu@51.406C tj@52.187C soc1@52.156C VDD_IN 4530mW/6890mW VDD_CPU_GPU_CV 516mW/2085mW VDD_SOC 1470mW/1776mW
09-13-2026 15:10:46 RAM 2282/7620MB (lfb 28x4MB) SWAP 811/8192MB (cached 52MB) CPU [0%@1728,0%@1728,0%@1728,0%@1728,0%@729,0%@729] GR3D_FREQ 0% cpu@52.062C soc2@50.656C soc0@51.25C gpu@51.468C tj@52.062C soc1@52.031C VDD_IN 4491mW/6882mW VDD_CPU_GPU_CV 515mW/2080mW VDD_SOC 1430mW/1775mW
09-13-2026 15:10:47 RAM 2282/7620MB (lfb 28x4MB) SWAP 811/8192MB (cached 52MB) CPU [0%@729,0%@729,0%@729,0%@729,0%@729,0%@729] GR3D_FREQ 0% cpu@52.281C soc2@50.75C soc0@51.218C gpu@51.437C tj@52.218C soc1@51.968C VDD_IN 4491mW/6875mW VDD_CPU_GPU_CV 515mW/2075mW VDD_SOC 1430mW/1773mW
09-13-2026 15:10:47 RAM 2282/7620MB (lfb 28x4MB) SWAP 811/8192MB (cached 52MB) CPU [0%@1728,0%@1728,0%@1728,0%@1728,0%@729,0%@729] GR3D_FREQ 0% cpu@52.375C soc2@50.656C soc0@51.156C gpu@51.406C tj@52.375C soc1@52C VDD_IN 4491mW/6867mW VDD_CPU_GPU_CV 516mW/2070mW VDD_SOC 1430mW/1772mW
09-13-2026 15:10:48 RAM 2282/7620MB (lfb 28x4MB) SWAP 811/8192MB (cached 52MB) CPU [0%@729,0%@729,0%@729,1%@729,0%@729,0%@729] GR3D_FREQ 0% cpu@52.156C soc2@50.625C soc0@51.343C gpu@51.312C tj@52.156C soc1@51.875C VDD_IN 4451mW/6860mW VDD_CPU_GPU_CV 515mW/2065mW VDD_SOC 1430mW/1771mW
09-13-2026 15:10:48 RAM 2283/7620MB (lfb 28x4MB) SWAP 811/8192MB (cached 52MB) CPU [1%@1728,0%@1728,0%@1728,0%@1728,0%@729,0%@729] GR3D_FREQ 0% cpu@52.187C soc2@50.531C soc0@51.312C gpu@51.593C tj@52.187C soc1@52.187C VDD_IN 4451mW/6852mW VDD_CPU_GPU_CV 515mW/2060mW VDD_SOC 1430mW/1770mW
09-13-2026 15:10:49 RAM 2284/7620MB (lfb 28x4MB) SWAP 810/8192MB (cached 53MB) CPU [1%@1728,7%@1728,0%@1728,1%@1728,0%@729,1%@729] GR3D_FREQ 0% cpu@52.031C soc2@50.468C soc0@51.187C gpu@51.281C tj@52.031C soc1@51.968C VDD_IN 4491mW/6845mW VDD_CPU_GPU_CV 515mW/2055mW VDD_SOC 1430mW/1769mW
09-13-2026 15:10:49 RAM 2284/7620MB (lfb 28x4MB) SWAP 810/8192MB (cached 53MB) CPU [0%@729,0%@729,0%@729,1%@729,0%@729,0%@729] GR3D_FREQ 0% cpu@52.031C soc2@50.656C soc0@51.125C gpu@51.562C tj@52.031C soc1@51.906C VDD_IN 4491mW/6837mW VDD_CPU_GPU_CV 515mW/2050mW VDD_SOC 1430mW/1768mW
09-13-2026 15:10:50 RAM 2284/7620MB (lfb 28x4MB) SWAP 810/8192MB (cached 53MB) CPU [1%@1728,0%@1728,0%@1728,0%@1728,0%@729,0%@729] GR3D_FREQ 0% cpu@52.031C soc2@50.625C soc0@51.093C gpu@51.5C tj@52.031C soc1@51.968C VDD_IN 4451mW/6830mW VDD_CPU_GPU_CV 515mW/2046mW VDD_SOC 1430mW/1767mW
09-13-2026 15:10:50 RAM 2284/7620MB (lfb 28x4MB) SWAP 810/8192MB (cached 53MB) CPU [0%@729,0%@729,0%@729,0%@729,0%@729,0%@729] GR3D_FREQ 0% cpu@52.281C soc2@50.593C soc0@51.281C gpu@51.531C tj@52.281C soc1@51.875C VDD_IN 4451mW/6822mW VDD_CPU_GPU_CV 516mW/2041mW VDD_SOC 1430mW/1766mW
09-13-2026 15:10:51 RAM 2284/7620MB (lfb 28x4MB) SWAP 810/8192MB (cached 53MB) CPU [0%@729,0%@729,0%@729,0%@729,0%@729,0%@729] GR3D_FREQ 0% cpu@52.218C soc2@50.468C soc0@51.218C gpu@51.343C tj@52.218C soc1@51.781C VDD_IN 4451mW/6815mW VDD_CPU_GPU_CV 515mW/2036mW VDD_SOC 1430mW/1765mW
09-13-2026 15:10:51 RAM 2284/7620MB (lfb 28x4MB) SWAP 810/8192MB (cached 53MB) CPU [0%@1728,0%@1728,0%@1728,1%@1728,0%@729,0%@729] GR3D_FREQ 0% cpu@52C soc2@50.468C soc0@51.125C gpu@51.5C tj@52C soc1@52C VDD_IN 4451mW/6808mW VDD_CPU_GPU_CV 516mW/2031mW VDD_SOC 1430mW/1764mW
09-13-2026 15:10:52 RAM 2285/7620MB (lfb 28x4MB) SWAP 810/8192MB (cached 53MB) CPU [0%@1728,0%@1728,0%@1728,0%@1728,0%@729,0%@729] GR3D_FREQ 0% cpu@51.937C soc2@50.5C soc0@51.156C gpu@51.312C tj@52.031C soc1@52.031C VDD_IN 4491mW/6800mW VDD_CPU_GPU_CV 516mW/2027mW VDD_SOC 1430mW/1763mW
09-13-2026 15:10:52 RAM 2285/7620MB (lfb 28x4MB) SWAP 810/8192MB (cached 53MB) CPU [1%@729,0%@729,0%@729,0%@729,0%@1728,0%@1728] GR3D_FREQ 0% cpu@52.156C soc2@50.468C soc0@51.125C gpu@51.25C tj@52.031C soc1@51.812C VDD_IN 4570mW/6794mW VDD_CPU_GPU_CV 516mW/2022mW VDD_SOC 1430mW/1762mW
09-13-2026 15:10:53 RAM 2285/7620MB (lfb 28x4MB) SWAP 810/8192MB (cached 53MB) CPU [1%@729,0%@729,0%@729,0%@729,0%@729,0%@729] GR3D_FREQ 0% cpu@52.218C soc2@50.531C soc0@51.125C gpu@51.281C tj@52.218C soc1@51.906C VDD_IN 4491mW/6787mW VDD_CPU_GPU_CV 515mW/2017mW VDD_SOC 1430mW/1761mW
09-13-2026 15:10:53 RAM 2285/7620MB (lfb 28x4MB) SWAP 810/8192MB (cached 53MB) CPU [0%@1728,0%@1728,0%@1728,0%@1728,0%@729,0%@729] GR3D_FREQ 0% cpu@51.968C soc2@50.468C soc0@51.125C gpu@51.218C tj@51.968C soc1@51.812C VDD_IN 4451mW/6779mW VDD_CPU_GPU_CV 515mW/2013mW VDD_SOC 1430mW/1760mW
09-13-2026 15:10:54 RAM 2286/7620MB (lfb 28x4MB) SWAP 810/8192MB (cached 54MB) CPU [0%@1728,0%@1728,0%@1728,0%@1728,0%@729,0%@729] GR3D_FREQ 0% cpu@52.031C soc2@50.468C soc0@51.062C gpu@51.218C tj@52.031C soc1@51.687C VDD_IN 4451mW/6772mW VDD_CPU_GPU_CV 516mW/2008mW VDD_SOC 1430mW/1759mW
09-13-2026 15:10:54 RAM 2286/7620MB (lfb 28x4MB) SWAP 809/8192MB (cached 54MB) CPU [0%@729,0%@729,0%@729,0%@729,0%@729,0%@729] GR3D_FREQ 0% cpu@51.906C soc2@50.468C soc0@51.093C gpu@51.218C tj@51.968C soc1@51.968C VDD_IN 4451mW/6765mW VDD_CPU_GPU_CV 516mW/2004mW VDD_SOC 1430mW/1758mW
09-13-2026 15:10:55 RAM 2286/7620MB (lfb 28x4MB) SWAP 809/8192MB (cached 54MB) CPU [0%@1728,0%@1728,0%@1728,1%@1728,0%@729,0%@729] GR3D_FREQ 0% cpu@51.968C soc2@50.562C soc0@51.125C gpu@51.187C tj@51.968C soc1@51.812C VDD_IN 4451mW/6758mW VDD_CPU_GPU_CV 516mW/1999mW VDD_SOC 1430mW/1757mW
09-13-2026 15:10:55 RAM 2286/7620MB (lfb 28x4MB) SWAP 809/8192MB (cached 54MB) CPU [0%@1728,0%@1728,0%@1728,0%@1728,0%@729,0%@729] GR3D_FREQ 0% cpu@51.937C soc2@50.468C soc0@51.093C gpu@51.218C tj@51.937C soc1@51.812C VDD_IN 4451mW/6751mW VDD_CPU_GPU_CV 516mW/1995mW VDD_SOC 1430mW/1756mW
09-13-2026 15:10:56 RAM 2286/7620MB (lfb 28x4MB) SWAP 809/8192MB (cached 54MB) CPU [0%@1728,1%@1728,0%@1728,0%@1728,0%@729,0%@729] GR3D_FREQ 0% cpu@52.031C soc2@50.375C soc0@50.968C gpu@51.218C tj@52.031C soc1@51.75C VDD_IN 4451mW/6744mW VDD_CPU_GPU_CV 515mW/1990mW VDD_SOC 1430mW/1755mW
09-13-2026 15:10:56 RAM 2287/7620MB (lfb 28x4MB) SWAP 809/8192MB (cached 54MB) CPU [0%@1728,0%@1728,0%@1728,0%@1728,0%@729,0%@729] GR3D_FREQ 0% cpu@52.125C soc2@50.406C soc0@51.031C gpu@51.156C tj@52.125C soc1@51.656C VDD_IN 4451mW/6737mW VDD_CPU_GPU_CV 516mW/1986mW VDD_SOC 1430mW/1754mW
09-13-2026 15:10:57 RAM 2288/7620MB (lfb 28x4MB) SWAP 809/8192MB (cached 55MB) CPU [0%@1728,2%@1728,3%@1728,3%@1728,0%@729,0%@729] GR3D_FREQ 0% cpu@51.937C soc2@50.375C soc0@51.125C gpu@51.437C tj@51.937C soc1@51.656C VDD_IN 4491mW/6731mW VDD_CPU_GPU_CV 516mW/1981mW VDD_SOC 1430mW/1753mW
09-13-2026 15:10:57 RAM 2288/7620MB (lfb 28x4MB) SWAP 809/8192MB (cached 55MB) CPU [1%@1728,0%@1728,0%@1728,1%@1728,0%@729,0%@729] GR3D_FREQ 0% cpu@51.968C soc2@50.406C soc0@51C gpu@51.093C tj@51.968C soc1@51.906C VDD_IN 4451mW/6724mW VDD_CPU_GPU_CV 516mW/1977mW VDD_SOC 1430mW/1752mW
09-13-2026 15:10:58 RAM 2288/7620MB (lfb 28x4MB) SWAP 809/8192MB (cached 55MB) CPU [0%@1728,0%@1728,0%@1728,0%@1728,0%@729,0%@729] GR3D_FREQ 0% cpu@51.875C soc2@50.281C soc0@51C gpu@51.343C tj@51.875C soc1@51.781C VDD_IN 4451mW/6717mW VDD_CPU_GPU_CV 515mW/1973mW VDD_SOC 1430mW/1751mW
09-13-2026 15:10:58 RAM 2288/7620MB (lfb 28x4MB) SWAP 809/8192MB (cached 55MB) CPU [0%@1728,0%@1728,0%@1728,1%@1728,0%@729,0%@729] GR3D_FREQ 0% cpu@52.062C soc2@50.437C soc0@50.906C gpu@51.156C tj@51.937C soc1@51.718C VDD_IN 4451mW/6710mW VDD_CPU_GPU_CV 515mW/1968mW VDD_SOC 1430mW/1750mW
09-13-2026 15:10:59 RAM 2288/7620MB (lfb 28x4MB) SWAP 809/8192MB (cached 55MB) CPU [0%@1728,0%@1728,0%@1728,0%@1728,0%@729,0%@729] GR3D_FREQ 0% cpu@51.875C soc2@50.437C soc0@51.093C gpu@51.468C tj@51.875C soc1@51.656C VDD_IN 4451mW/6704mW VDD_CPU_GPU_CV 516mW/1964mW VDD_SOC 1430mW/1749mW
09-13-2026 15:10:59 RAM 2288/7620MB (lfb 28x4MB) SWAP 809/8192MB (cached 55MB) CPU [0%@729,0%@729,0%@729,0%@729,0%@729,0%@729] GR3D_FREQ 0% cpu@52C soc2@50.281C soc0@51.093C gpu@51.25C tj@52C soc1@51.687C VDD_IN 4530mW/6697mW VDD_CPU_GPU_CV 515mW/1960mW VDD_SOC 1430mW/1748mW
09-13-2026 15:11:00 RAM 2289/7620MB (lfb 28x4MB) SWAP 809/8192MB (cached 55MB) CPU [0%@729,0%@729,0%@729,0%@729,0%@729,0%@729] GR3D_FREQ 0% cpu@51.843C soc2@50.343C soc0@50.937C gpu@51.343C tj@51.937C soc1@51.875C VDD_IN 4491mW/6691mW VDD_CPU_GPU_CV 516mW/1956mW VDD_SOC 1430mW/1747mW
09-13-2026 15:11:00 RAM 2289/7620MB (lfb 28x4MB) SWAP 809/8192MB (cached 55MB) CPU [1%@1728,1%@1728,0%@1728,1%@1728,0%@729,0%@729] GR3D_FREQ 0% cpu@51.843C soc2@50.281C soc0@50.968C gpu@51.218C tj@51.843C soc1@51.718C VDD_IN 4491mW/6684mW VDD_CPU_GPU_CV 516mW/1951mW VDD_SOC 1430mW/1746mW
09-13-2026 15:11:01 RAM 2289/7620MB (lfb 28x4MB) SWAP 809/8192MB (cached 55MB) CPU [0%@1728,0%@1728,0%@1728,0%@1728,0%@729,0%@729] GR3D_FREQ 0% cpu@51.812C soc2@50.312C soc0@50.843C gpu@51.281C tj@51.812C soc1@51.718C VDD_IN 4451mW/6678mW VDD_CPU_GPU_CV 516mW/1947mW VDD_SOC 1430mW/1745mW
09-13-2026 15:11:01 RAM 2289/7620MB (lfb 28x4MB) SWAP 809/8192MB (cached 55MB) CPU [0%@1728,0%@1728,0%@1728,0%@1728,0%@729,0%@729] GR3D_FREQ 0% cpu@51.937C soc2@50.312C soc0@50.875C gpu@51.125C tj@51.937C soc1@51.687C VDD_IN 4451mW/6671mW VDD_CPU_GPU_CV 516mW/1943mW VDD_SOC 1430mW/1744mW
09-13-2026 15:11:02 RAM 2289/7620MB (lfb 28x4MB) SWAP 809/8192MB (cached 55MB) CPU [0%@1728,0%@1728,0%@1728,0%@1728,0%@729,0%@729] GR3D_FREQ 0% cpu@52.125C soc2@50.343C soc0@51C gpu@51.031C tj@52.125C soc1@51.625C VDD_IN 4491mW/6665mW VDD_CPU_GPU_CV 516mW/1939mW VDD_SOC 1430mW/1743mW
09-13-2026 15:11:02 RAM 2296/7620MB (lfb 28x4MB) SWAP 806/8192MB (cached 61MB) CPU [7%@729,3%@729,0%@729,0%@1728,0%@729,0%@729] GR3D_FREQ 0% cpu@51.875C soc2@50.375C soc0@50.968C gpu@51.125C tj@51.875C soc1@51.625C VDD_IN 4610mW/6659mW VDD_CPU_GPU_CV 596mW/1935mW VDD_SOC 1430mW/1743mW
09-13-2026 15:11:03 RAM 2296/7620MB (lfb 28x4MB) SWAP 806/8192MB (cached 62MB) CPU [0%@1728,0%@1728,0%@1728,1%@1728,0%@729,0%@729] GR3D_FREQ 0% cpu@51.906C soc2@50.25C soc0@50.968C gpu@51.031C tj@51.906C soc1@51.812C VDD_IN 4530mW/6653mW VDD_CPU_GPU_CV 556mW/1931mW VDD_SOC 1430mW/1742mW
09-13-2026 15:11:03 RAM 2296/7620MB (lfb 28x4MB) SWAP 806/8192MB (cached 62MB) CPU [0%@729,0%@729,0%@729,1%@729,0%@729,0%@729] GR3D_FREQ 0% cpu@51.75C soc2@50.312C soc0@50.843C gpu@51.031C tj@51.75C soc1@51.687C VDD_IN 4491mW/6647mW VDD_CPU_GPU_CV 516mW/1927mW VDD_SOC 1430mW/1741mW
09-13-2026 15:11:04 RAM 2296/7620MB (lfb 28x4MB) SWAP 806/8192MB (cached 62MB) CPU [1%@1728,0%@1728,0%@1728,0%@1728,0%@729,0%@729] GR3D_FREQ 0% cpu@52.031C soc2@50.375C soc0@50.843C gpu@51.031C tj@51.937C soc1@51.656C VDD_IN 4451mW/6640mW VDD_CPU_GPU_CV 516mW/1923mW VDD_SOC 1430mW/1740mW
09-13-2026 15:11:04 RAM 2296/7620MB (lfb 28x4MB) SWAP 806/8192MB (cached 62MB) CPU [1%@1728,1%@1728,0%@1728,0%@1728,0%@729,0%@729] GR3D_FREQ 0% cpu@51.75C soc2@50.25C soc0@50.875C gpu@51.406C tj@51.75C soc1@51.562C VDD_IN 4451mW/6634mW VDD_CPU_GPU_CV 516mW/1919mW VDD_SOC 1430mW/1739mW
09-13-2026 15:11:05 RAM 2296/7620MB (lfb 28x4MB) SWAP 806/8192MB (cached 62MB) CPU [0%@729,0%@729,0%@729,1%@729,0%@729,0%@729] GR3D_FREQ 0% cpu@51.937C soc2@50.156C soc0@50.937C gpu@50.937C tj@51.937C soc1@51.625C VDD_IN 4451mW/6628mW VDD_CPU_GPU_CV 516mW/1915mW VDD_SOC 1430mW/1738mW
09-13-2026 15:11:06 RAM 2296/7620MB (lfb 28x4MB) SWAP 806/8192MB (cached 62MB) CPU [0%@1728,0%@1728,0%@1728,1%@1728,0%@729,0%@729] GR3D_FREQ 0% cpu@51.75C soc2@50.187C soc0@50.968C gpu@51.281C tj@51.937C soc1@51.656C VDD_IN 4491mW/6622mW VDD_CPU_GPU_CV 516mW/1911mW VDD_SOC 1430mW/1737mW
09-13-2026 15:11:06 RAM 2296/7620MB (lfb 28x4MB) SWAP 806/8192MB (cached 62MB) CPU [0%@1728,0%@1728,0%@1728,0%@1728,0%@729,0%@729] GR3D_FREQ 0% cpu@51.843C soc2@50.218C soc0@50.906C gpu@51.187C tj@51.843C soc1@51.656C VDD_IN 4570mW/6616mW VDD_CPU_GPU_CV 516mW/1907mW VDD_SOC 1470mW/1736mW
09-13-2026 15:11:07 RAM 2297/7620MB (lfb 28x4MB) SWAP 806/8192MB (cached 62MB) CPU [0%@729,0%@729,0%@729,0%@729,0%@729,0%@729] GR3D_FREQ 0% cpu@51.656C soc2@50.25C soc0@50.843C gpu@51.343C tj@51.656C soc1@51.5C VDD_IN 4530mW/6610mW VDD_CPU_GPU_CV 516mW/1903mW VDD_SOC 1430mW/1736mW
09-13-2026 15:11:07 RAM 2297/7620MB (lfb 28x4MB) SWAP 806/8192MB (cached 62MB) CPU [0%@1728,0%@1728,0%@1728,0%@1728,0%@729,0%@729] GR3D_FREQ 0% cpu@51.843C soc2@50.187C soc0@50.843C gpu@51.156C tj@51.843C soc1@51.625C VDD_IN 4491mW/6604mW VDD_CPU_GPU_CV 516mW/1899mW VDD_SOC 1430mW/1735mW
09-13-2026 15:11:08 RAM 2297/7620MB (lfb 28x4MB) SWAP 806/8192MB (cached 62MB) CPU [1%@1728,0%@1728,0%@1728,0%@1728,0%@729,0%@729] GR3D_FREQ 0% cpu@51.968C soc2@50.125C soc0@50.843C gpu@51.031C tj@51.968C soc1@51.5C VDD_IN 4491mW/6598mW VDD_CPU_GPU_CV 516mW/1895mW VDD_SOC 1430mW/1734mW
09-13-2026 15:11:08 RAM 2297/7620MB (lfb 28x4MB) SWAP 806/8192MB (cached 62MB) CPU [0%@1728,0%@1728,0%@1728,0%@1728,0%@729,0%@729] GR3D_FREQ 0% cpu@51.75C soc2@50.156C soc0@50.875C gpu@51.062C tj@51.75C soc1@51.562C VDD_IN 4451mW/6592mW VDD_CPU_GPU_CV 516mW/1891mW VDD_SOC 1430mW/1733mW
09-13-2026 15:11:09 RAM 2297/7620MB (lfb 28x4MB) SWAP 806/8192MB (cached 62MB) CPU [0%@729,0%@729,0%@729,0%@729,0%@729,0%@729] GR3D_FREQ 0% cpu@51.656C soc2@50.062C soc0@50.812C gpu@50.968C tj@51.718C soc1@51.687C VDD_IN 4451mW/6586mW VDD_CPU_GPU_CV 516mW/1887mW VDD_SOC 1430mW/1732mW
09-13-2026 15:11:09 RAM 2297/7620MB (lfb 28x4MB) SWAP 806/8192MB (cached 62MB) CPU [0%@1728,0%@1728,0%@1728,0%@1728,0%@729,0%@729] GR3D_FREQ 0% cpu@51.687C soc2@50.25C soc0@50.812C gpu@51.062C tj@51.687C soc1@51.593C VDD_IN 4451mW/6580mW VDD_CPU_GPU_CV 516mW/1884mW VDD_SOC 1430mW/1731mW
09-13-2026 15:11:10 RAM 2297/7620MB (lfb 28x4MB) SWAP 806/8192MB (cached 62MB) CPU [0%@1728,1%@1728,0%@1728,1%@1728,0%@729,0%@729] GR3D_FREQ 0% cpu@51.937C soc2@50.218C soc0@50.718C gpu@51C tj@51.937C soc1@51.531C VDD_IN 4451mW/6574mW VDD_CPU_GPU_CV 516mW/1880mW VDD_SOC 1430mW/1730mW
09-13-2026 15:11:10 RAM 2297/7620MB (lfb 28x4MB) SWAP 806/8192MB (cached 62MB) CPU [3%@1728,0%@1728,0%@1728,1%@1728,0%@729,0%@729] GR3D_FREQ 0% cpu@51.75C soc2@50.156C soc0@50.781C gpu@51.031C tj@51.75C soc1@51.468C VDD_IN 4451mW/6568mW VDD_CPU_GPU_CV 516mW/1876mW VDD_SOC 1430mW/1730mW
09-13-2026 15:11:11 RAM 2298/7620MB (lfb 28x4MB) SWAP 805/8192MB (cached 63MB) CPU [0%@729,0%@729,0%@729,0%@729,0%@729,0%@729] GR3D_FREQ 0% cpu@51.812C soc2@50.062C soc0@50.812C gpu@50.906C tj@51.812C soc1@51.531C VDD_IN 4491mW/6563mW VDD_CPU_GPU_CV 516mW/1872mW VDD_SOC 1430mW/1729mW
09-13-2026 15:11:11 RAM 2298/7620MB (lfb 28x4MB) SWAP 805/8192MB (cached 63MB) CPU [0%@1728,0%@1728,0%@1728,0%@1728,0%@729,0%@729] GR3D_FREQ 0% cpu@51.812C soc2@50.031C soc0@50.812C gpu@50.875C tj@51.812C soc1@51.656C VDD_IN 4451mW/6557mW VDD_CPU_GPU_CV 516mW/1868mW VDD_SOC 1430mW/1728mW
09-13-2026 15:11:12 RAM 2298/7620MB (lfb 28x4MB) SWAP 805/8192MB (cached 63MB) CPU [1%@1728,0%@1728,0%@1728,0%@1728,0%@729,0%@729] GR3D_FREQ 0% cpu@51.718C soc2@50C soc0@50.687C gpu@50.968C tj@51.718C soc1@51.531C VDD_IN 4451mW/6551mW VDD_CPU_GPU_CV 516mW/1865mW VDD_SOC 1430mW/1727mW
09-13-2026 15:11:12 RAM 2298/7620MB (lfb 28x4MB) SWAP 805/8192MB (cached 63MB) CPU [0%@1728,2%@1728,1%@1728,0%@1728,0%@729,0%@729] GR3D_FREQ 0% cpu@51.468C soc2@50.187C soc0@50.718C gpu@50.906C tj@51.5C soc1@51.531C VDD_IN 4491mW/6545mW VDD_CPU_GPU_CV 516mW/1861mW VDD_SOC 1430mW/1726mW
09-13-2026 15:11:13 RAM 2301/7620MB (lfb 28x4MB) SWAP 805/8192MB (cached 63MB) CPU [2%@1574,10%@1574,4%@1574,2%@1574,3%@729,0%@729] GR3D_FREQ 0% cpu@51.937C soc2@49.968C soc0@50.687C gpu@51.125C tj@51.937C soc1@51.437C VDD_IN 4610mW/6540mW VDD_CPU_GPU_CV 596mW/1858mW VDD_SOC 1430mW/1726mW
09-13-2026 15:11:13 RAM 2300/7620MB (lfb 28x4MB) SWAP 804/8192MB (cached 63MB) CPU [4%@729,4%@729,7%@729,2%@729,0%@729,2%@729] GR3D_FREQ 0% cpu@51.875C soc2@50.093C soc0@50.812C gpu@50.875C tj@51.875C soc1@51.437C VDD_IN 4650mW/6535mW VDD_CPU_GPU_CV 596mW/1854mW VDD_SOC 1430mW/1725mW
09-13-2026 15:11:14 RAM 2300/7620MB (lfb 28x4MB) SWAP 804/8192MB (cached 63MB) CPU [0%@729,0%@729,0%@729,1%@729,0%@729,0%@729] GR3D_FREQ 0% cpu@51.593C soc2@49.968C soc0@50.781C gpu@51.062C tj@51.593C soc1@51.406C VDD_IN 4530mW/6529mW VDD_CPU_GPU_CV 516mW/1850mW VDD_SOC 1430mW/1724mW
09-13-2026 15:11:14 RAM 2300/7620MB (lfb 28x4MB) SWAP 804/8192MB (cached 63MB) CPU [0%@1728,0%@1728,0%@1728,1%@1728,0%@729,0%@729] GR3D_FREQ 0% cpu@51.687C soc2@50.062C soc0@50.718C gpu@50.937C tj@51.687C soc1@51.593C VDD_IN 4491mW/6524mW VDD_CPU_GPU_CV 516mW/1847mW VDD_SOC 1430mW/1723mW
09-13-2026 15:11:15 RAM 2300/7620MB (lfb 28x4MB) SWAP 804/8192MB (cached 63MB) CPU [0%@1728,3%@1728,1%@1728,1%@1728,0%@729,0%@729] GR3D_FREQ 0% cpu@51.593C soc2@49.968C soc0@50.687C gpu@51.031C tj@51.593C soc1@51.468C VDD_IN 4451mW/6518mW VDD_CPU_GPU_CV 516mW/1843mW VDD_SOC 1430mW/1722mW
09-13-2026 15:11:15 RAM 2300/7620MB (lfb 28x4MB) SWAP 804/8192MB (cached 63MB) CPU [0%@1728,0%@1728,0%@1728,0%@1728,0%@729,0%@729] GR3D_FREQ 0% cpu@51.75C soc2@50.031C soc0@50.625C gpu@50.843C tj@51.531C soc1@51.406C VDD_IN 4451mW/6513mW VDD_CPU_GPU_CV 516mW/1840mW VDD_SOC 1430mW/1722mW
09-13-2026 15:11:16 RAM 2300/7620MB (lfb 28x4MB) SWAP 804/8192MB (cached 63MB) CPU [1%@1728,0%@1728,0%@1728,0%@1728,0%@729,0%@729] GR3D_FREQ 0% cpu@51.5C soc2@50.031C soc0@50.656C gpu@51.093C tj@51.5C soc1@51.343C VDD_IN 4451mW/6507mW VDD_CPU_GPU_CV 516mW/1836mW VDD_SOC 1430mW/1721mW
09-13-2026 15:11:16 RAM 2300/7620MB (lfb 28x4MB) SWAP 804/8192MB (cached 63MB) CPU [0%@1728,0%@1728,0%@1728,0%@1728,0%@729,0%@729] GR3D_FREQ 0% cpu@51.656C soc2@49.968C soc0@50.718C gpu@50.875C tj@51.656C soc1@51.406C VDD_IN 4451mW/6501mW VDD_CPU_GPU_CV 516mW/1833mW VDD_SOC 1430mW/1720mW
09-13-2026 15:11:17 RAM 2300/7620MB (lfb 28x4MB) SWAP 804/8192MB (cached 63MB) CPU [1%@729,0%@729,0%@729,0%@729,0%@729,0%@729] GR3D_FREQ 0% cpu@51.75C soc2@49.906C soc0@50.75C gpu@50.968C tj@51.75C soc1@51.25C VDD_IN 4491mW/6496mW VDD_CPU_GPU_CV 516mW/1829mW VDD_SOC 1430mW/1719mW
09-13-2026 15:11:17 RAM 2300/7620MB (lfb 28x4MB) SWAP 804/8192MB (cached 64MB) CPU [0%@1728,0%@1728,1%@1728,0%@1728,0%@729,0%@729] GR3D_FREQ 0% cpu@51.562C soc2@49.968C soc0@50.625C gpu@50.843C tj@51.593C soc1@51.593C VDD_IN 4491mW/6491mW VDD_CPU_GPU_CV 516mW/1825mW VDD_SOC 1430mW/1718mW
09-13-2026 15:11:18 RAM 2300/7620MB (lfb 28x4MB) SWAP 804/8192MB (cached 64MB) CPU [0%@1728,0%@1728,1%@1728,0%@1728,0%@729,0%@729] GR3D_FREQ 0% cpu@51.5C soc2@49.968C soc0@50.593C gpu@50.906C tj@51.625C soc1@51.406C VDD_IN 4491mW/6485mW VDD_CPU_GPU_CV 516mW/1822mW VDD_SOC 1430mW/1718mW
09-13-2026 15:11:18 RAM 2300/7620MB (lfb 28x4MB) SWAP 804/8192MB (cached 64MB) CPU [0%@1113,0%@1113,0%@1113,0%@1113,0%@729,0%@729] GR3D_FREQ 0% cpu@51.625C soc2@50.031C soc0@50.531C gpu@50.812C tj@51.625C soc1@51.375C VDD_IN 4491mW/6480mW VDD_CPU_GPU_CV 516mW/1819mW VDD_SOC 1430mW/1717mW
09-13-2026 15:11:19 RAM 2300/7620MB (lfb 28x4MB) SWAP 804/8192MB (cached 64MB) CPU [0%@1728,0%@1728,0%@1728,0%@1728,0%@729,0%@729] GR3D_FREQ 0% cpu@51.75C soc2@49.937C soc0@50.593C gpu@50.781C tj@51.75C soc1@51.343C VDD_IN 4451mW/6475mW VDD_CPU_GPU_CV 516mW/1815mW VDD_SOC 1430mW/1716mW
09-13-2026 15:11:19 RAM 2300/7620MB (lfb 28x4MB) SWAP 804/8192MB (cached 64MB) CPU [0%@1728,0%@1728,0%@1728,0%@1728,0%@729,0%@729] GR3D_FREQ 0% cpu@51.437C soc2@49.906C soc0@50.687C gpu@50.812C tj@51.437C soc1@51.312C VDD_IN 4451mW/6469mW VDD_CPU_GPU_CV 516mW/1812mW VDD_SOC 1430mW/1715mW
09-13-2026 15:11:20 RAM 2300/7620MB (lfb 28x4MB) SWAP 804/8192MB (cached 64MB) CPU [0%@1728,0%@1728,31%@1728,0%@1728,0%@729,0%@729] GR3D_FREQ 0% cpu@51.875C soc2@49.937C soc0@50.593C gpu@50.781C tj@51.875C soc1@51.187C VDD_IN 4570mW/6464mW VDD_CPU_GPU_CV 596mW/1808mW VDD_SOC 1430mW/1715mW
09-13-2026 15:11:20 RAM 2299/7620MB (lfb 28x4MB) SWAP 803/8192MB (cached 64MB) CPU [1%@1728,1%@1728,2%@1728,1%@1728,0%@729,0%@729] GR3D_FREQ 0% cpu@51.468C soc2@49.937C soc0@50.625C gpu@50.812C tj@51.5C soc1@51.5C VDD_IN 4530mW/6459mW VDD_CPU_GPU_CV 556mW/1805mW VDD_SOC 1430mW/1714mW
09-13-2026 15:11:21 RAM 2299/7620MB (lfb 28x4MB) SWAP 803/8192MB (cached 64MB) CPU [0%@1728,0%@1728,0%@1728,0%@1728,0%@729,0%@729] GR3D_FREQ 0% cpu@51.468C soc2@49.906C soc0@50.562C gpu@50.687C tj@51.468C soc1@51.343C VDD_IN 4491mW/6454mW VDD_CPU_GPU_CV 516mW/1802mW VDD_SOC 1430mW/1713mW
09-13-2026 15:11:21 RAM 2299/7620MB (lfb 28x4MB) SWAP 803/8192MB (cached 64MB) CPU [1%@1728,0%@1728,0%@1728,1%@1728,0%@729,0%@729] GR3D_FREQ 0% cpu@51.406C soc2@49.968C soc0@50.593C gpu@50.75C tj@51.406C soc1@51.25C VDD_IN 4451mW/6449mW VDD_CPU_GPU_CV 516mW/1798mW VDD_SOC 1430mW/1712mW
09-13-2026 15:11:22 RAM 2299/7620MB (lfb 28x4MB) SWAP 803/8192MB (cached 64MB) CPU [0%@729,0%@729,0%@729,0%@729,0%@729,0%@729] GR3D_FREQ 0% cpu@51.656C soc2@49.937C soc0@50.781C gpu@50.656C tj@51.656C soc1@51.312C VDD_IN 4451mW/6444mW VDD_CPU_GPU_CV 516mW/1795mW VDD_SOC 1430mW/1712mW
09-13-2026 15:11:22 RAM 2300/7620MB (lfb 28x4MB) SWAP 803/8192MB (cached 64MB) CPU [0%@1728,0%@1728,1%@1728,0%@1728,0%@729,0%@729] GR3D_FREQ 0% cpu@51.625C soc2@49.937C soc0@50.625C gpu@50.906C tj@51.625C soc1@51.218C VDD_IN 4451mW/6438mW VDD_CPU_GPU_CV 516mW/1792mW VDD_SOC 1430mW/1711mW
09-13-2026 15:11:23 RAM 2300/7620MB (lfb 28x4MB) SWAP 803/8192MB (cached 64MB) CPU [0%@1728,0%@1728,0%@1728,1%@1728,0%@729,0%@729] GR3D_FREQ 0% cpu@51.437C soc2@49.937C soc0@50.531C gpu@50.718C tj@51.437C soc1@51.218C VDD_IN 4451mW/6433mW VDD_CPU_GPU_CV 516mW/1788mW VDD_SOC 1430mW/1710mW
09-13-2026 15:11:23 RAM 2300/7620MB (lfb 28x4MB) SWAP 803/8192MB (cached 64MB) CPU [0%@729,0%@729,0%@729,0%@729,0%@729,0%@729] GR3D_FREQ 0% cpu@51.437C soc2@49.812C soc0@50.562C gpu@50.687C tj@51.437C soc1@51.406C VDD_IN 4451mW/6428mW VDD_CPU_GPU_CV 516mW/1785mW VDD_SOC 1430mW/1709mW
09-13-2026 15:11:24 RAM 2300/7620MB (lfb 28x4MB) SWAP 803/8192MB (cached 64MB) CPU [3%@1728,0%@1728,1%@1728,1%@1728,0%@729,0%@729] GR3D_FREQ 0% cpu@51.375C soc2@49.812C soc0@50.5C gpu@50.687C tj@51.375C soc1@51.281C VDD_IN 4451mW/6423mW VDD_CPU_GPU_CV 516mW/1782mW VDD_SOC 1430mW/1709mW
09-13-2026 15:11:24 RAM 2300/7620MB (lfb 28x4MB) SWAP 803/8192MB (cached 65MB) CPU [0%@729,0%@729,0%@729,0%@729,0%@729,0%@729] GR3D_FREQ 0% cpu@51.343C soc2@49.875C soc0@50.437C gpu@50.906C tj@51.375C soc1@51.312C VDD_IN 4451mW/6418mW VDD_CPU_GPU_CV 516mW/1779mW VDD_SOC 1430mW/1708mW
09-13-2026 15:11:25 RAM 2300/7620MB (lfb 28x4MB) SWAP 803/8192MB (cached 65MB) CPU [0%@1728,0%@1728,0%@1728,0%@1728,0%@729,0%@729] GR3D_FREQ 0% cpu@51.437C soc2@49.812C soc0@50.468C gpu@50.625C tj@51.343C soc1@51.25C VDD_IN 4451mW/6413mW VDD_CPU_GPU_CV 516mW/1775mW VDD_SOC 1430mW/1707mW
09-13-2026 15:11:25 RAM 2300/7620MB (lfb 28x4MB) SWAP 803/8192MB (cached 65MB) CPU [0%@1728,0%@1728,0%@1728,0%@1728,0%@729,0%@729] GR3D_FREQ 0% cpu@51.437C soc2@49.812C soc0@50.656C gpu@50.843C tj@51.437C soc1@51.218C VDD_IN 4491mW/6408mW VDD_CPU_GPU_CV 516mW/1772mW VDD_SOC 1430mW/1707mW
09-13-2026 15:11:26 RAM 2300/7620MB (lfb 28x4MB) SWAP 803/8192MB (cached 65MB) CPU [0%@1728,1%@1728,0%@1728,0%@1728,0%@729,0%@729] GR3D_FREQ 0% cpu@51.593C soc2@49.875C soc0@50.5C gpu@50.593C tj@51.593C soc1@51.156C VDD_IN 4451mW/6403mW VDD_CPU_GPU_CV 516mW/1769mW VDD_SOC 1430mW/1706mW
09-13-2026 15:11:26 RAM 2300/7620MB (lfb 28x4MB) SWAP 803/8192MB (cached 65MB) CPU [0%@1728,0%@1728,0%@1728,0%@1728,0%@729,0%@729] GR3D_FREQ 0% cpu@51.312C soc2@49.781C soc0@50.468C gpu@50.843C tj@51.312C soc1@51.093C VDD_IN 4491mW/6398mW VDD_CPU_GPU_CV 476mW/1766mW VDD_SOC 1430mW/1705mW
09-13-2026 15:11:27 RAM 2301/7620MB (lfb 28x4MB) SWAP 803/8192MB (cached 65MB) CPU [0%@1728,0%@1728,0%@1728,0%@1728,0%@729,0%@729] GR3D_FREQ 0% cpu@51.375C soc2@49.718C soc0@50.5C gpu@50.625C tj@51.375C soc1@51.343C VDD_IN 4491mW/6393mW VDD_CPU_GPU_CV 516mW/1762mW VDD_SOC 1430mW/1704mW
09-13-2026 15:11:27 RAM 2301/7620MB (lfb 28x4MB) SWAP 803/8192MB (cached 65MB) CPU [1%@729,0%@729,0%@729,5%@729,0%@729,0%@729] GR3D_FREQ 0% cpu@51.312C soc2@49.875C soc0@50.437C gpu@50.875C tj@51.312C soc1@51.187C VDD_IN 4451mW/6388mW VDD_CPU_GPU_CV 516mW/1759mW VDD_SOC 1430mW/1704mW
09-13-2026 15:11:28 RAM 2301/7620MB (lfb 28x4MB) SWAP 803/8192MB (cached 65MB) CPU [0%@1728,0%@1728,0%@1728,0%@1728,0%@729,0%@729] GR3D_FREQ 0% cpu@51.468C soc2@49.812C soc0@50.531C gpu@50.937C tj@51.468C soc1@51.125C VDD_IN 4491mW/6383mW VDD_CPU_GPU_CV 516mW/1756mW VDD_SOC 1430mW/1703mW
09-13-2026 15:11:28 RAM 2301/7620MB (lfb 28x4MB) SWAP 803/8192MB (cached 66MB) CPU [0%@1728,0%@1728,0%@1728,1%@1728,0%@729,0%@729] GR3D_FREQ 0% cpu@51.593C soc2@49.812C soc0@50.531C gpu@50.781C tj@51.593C soc1@51.156C VDD_IN 4451mW/6379mW VDD_CPU_GPU_CV 516mW/1753mW VDD_SOC 1430mW/1702mW
09-13-2026 15:11:29 RAM 2301/7620MB (lfb 28x4MB) SWAP 803/8192MB (cached 66MB) CPU [0%@729,0%@729,0%@729,0%@729,0%@729,0%@729] GR3D_FREQ 0% cpu@51.375C soc2@49.812C soc0@50.437C gpu@50.937C tj@51.375C soc1@51.062C VDD_IN 4451mW/6374mW VDD_CPU_GPU_CV 516mW/1750mW VDD_SOC 1430mW/1702mW
09-13-2026 15:11:29 RAM 2301/7620MB (lfb 28x4MB) SWAP 803/8192MB (cached 66MB) CPU [0%@1728,0%@1728,0%@1728,0%@1728,0%@729,0%@729] GR3D_FREQ 0% cpu@51.406C soc2@49.687C soc0@50.468C gpu@50.75C tj@51.406C soc1@51.187C VDD_IN 4451mW/6369mW VDD_CPU_GPU_CV 516mW/1747mW VDD_SOC 1430mW/1701mW
09-13-2026 15:11:30 RAM 2302/7620MB (lfb 28x4MB) SWAP 803/8192MB (cached 66MB) CPU [0%@1728,0%@1728,0%@1728,0%@1728,0%@729,0%@729] GR3D_FREQ 0% cpu@51.281C soc2@49.781C soc0@50.437C gpu@50.593C tj@51.281C soc1@51.281C VDD_IN 4451mW/6364mW VDD_CPU_GPU_CV 516mW/1744mW VDD_SOC 1430mW/1700mW
09-13-2026 15:11:30 RAM 2302/7620MB (lfb 28x4MB) SWAP 803/8192MB (cached 66MB) CPU [0%@729,0%@729,0%@729,0%@729,0%@729,0%@729] GR3D_FREQ 0% cpu@51.218C soc2@49.781C soc0@50.375C gpu@50.718C tj@51.25C soc1@51.25C VDD_IN 4451mW/6359mW VDD_CPU_GPU_CV 516mW/1741mW VDD_SOC 1430mW/1700mW
09-13-2026 15:11:31 RAM 2302/7620MB (lfb 28x4MB) SWAP 803/8192MB (cached 66MB) CPU [0%@1728,0%@1728,0%@1728,1%@1728,0%@729,0%@729] GR3D_FREQ 0% cpu@51.375C soc2@49.75C soc0@50.312C gpu@50.625C tj@51.375C soc1@51.156C VDD_IN 4451mW/6355mW VDD_CPU_GPU_CV 516mW/1738mW VDD_SOC 1430mW/1699mW
09-13-2026 15:11:31 RAM 2302/7620MB (lfb 28x4MB) SWAP 803/8192MB (cached 66MB) CPU [0%@1728,1%@1728,0%@1728,0%@1728,0%@729,0%@729] GR3D_FREQ 0% cpu@51.437C soc2@49.781C soc0@50.468C gpu@50.718C tj@51.437C soc1@51C VDD_IN 4491mW/6350mW VDD_CPU_GPU_CV 516mW/1734mW VDD_SOC 1430mW/1698mW
09-13-2026 15:11:32 RAM 2302/7620MB (lfb 28x4MB) SWAP 803/8192MB (cached 66MB) CPU [3%@729,0%@729,0%@729,0%@729,0%@729,0%@729] GR3D_FREQ 0% cpu@51.5C soc2@49.718C soc0@50.437C gpu@50.562C tj@51.5C soc1@51.031C VDD_IN 4451mW/6345mW VDD_CPU_GPU_CV 516mW/1731mW VDD_SOC 1430mW/1698mW
09-13-2026 15:11:32 RAM 2302/7620MB (lfb 28x4MB) SWAP 803/8192MB (cached 66MB) CPU [3%@1728,0%@1728,0%@1728,0%@1728,0%@729,0%@729] GR3D_FREQ 0% cpu@51.281C soc2@49.656C soc0@50.437C gpu@50.625C tj@51.281C soc1@51.062C VDD_IN 4491mW/6341mW VDD_CPU_GPU_CV 516mW/1728mW VDD_SOC 1430mW/1697mW
09-13-2026 15:11:33 RAM 2302/7620MB (lfb 28x4MB) SWAP 802/8192MB (cached 66MB) CPU [0%@1728,0%@1728,0%@1728,1%@1728,0%@729,0%@729] GR3D_FREQ 0% cpu@51.25C soc2@49.75C soc0@50.343C gpu@50.593C tj@51.25C soc1@51.093C VDD_IN 4530mW/6336mW VDD_CPU_GPU_CV 516mW/1725mW VDD_SOC 1430mW/1696mW
09-13-2026 15:11:33 RAM 2303/7620MB (lfb 28x4MB) SWAP 802/8192MB (cached 66MB) CPU [0%@1728,0%@1728,0%@1728,1%@1728,0%@729,0%@729] GR3D_FREQ 0% cpu@51.156C soc2@49.718C soc0@50.406C gpu@50.437C tj@51.156C soc1@51.093C VDD_IN 4491mW/6332mW VDD_CPU_GPU_CV 516mW/1722mW VDD_SOC 1430mW/1696mW
09-13-2026 15:11:34 RAM 2303/7620MB (lfb 28x4MB) SWAP 802/8192MB (cached 66MB) CPU [0%@1728,0%@1728,0%@1728,0%@1728,0%@729,0%@729] GR3D_FREQ 0% cpu@51.562C soc2@49.687C soc0@50.312C gpu@50.5C tj@51.562C soc1@51.031C VDD_IN 4491mW/6327mW VDD_CPU_GPU_CV 516mW/1719mW VDD_SOC 1430mW/1695mW
09-13-2026 15:11:34 RAM 2303/7620MB (lfb 28x4MB) SWAP 802/8192MB (cached 66MB) CPU [0%@1728,0%@1728,0%@1728,0%@1728,0%@729,0%@729] GR3D_FREQ 0% cpu@51.281C soc2@49.687C soc0@50.5C gpu@50.5C tj@51.281C soc1@51.031C VDD_IN 4491mW/6323mW VDD_CPU_GPU_CV 516mW/1717mW VDD_SOC 1430mW/1694mW
09-13-2026 15:11:35 RAM 2303/7620MB (lfb 28x4MB) SWAP 802/8192MB (cached 67MB) CPU [0%@1728,1%@1728,0%@1728,0%@1728,0%@729,0%@729] GR3D_FREQ 0% cpu@51.406C soc2@49.562C soc0@50.437C gpu@50.468C tj@51.406C soc1@51C VDD_IN 4451mW/6318mW VDD_CPU_GPU_CV 516mW/1714mW VDD_SOC 1430mW/1694mW
09-13-2026 15:11:35 RAM 2303/7620MB (lfb 28x4MB) SWAP 802/8192MB (cached 67MB) CPU [0%@729,0%@729,0%@729,1%@729,0%@729,0%@729] GR3D_FREQ 0% cpu@51.218C soc2@49.562C soc0@50.406C gpu@50.5C tj@51.218C soc1@51.125C VDD_IN 4491mW/6314mW VDD_CPU_GPU_CV 516mW/1711mW VDD_SOC 1430mW/1693mW
09-13-2026 15:11:36 RAM 2303/7620MB (lfb 28x4MB) SWAP 802/8192MB (cached 67MB) CPU [0%@1728,0%@1728,0%@1728,0%@1728,0%@729,0%@729] GR3D_FREQ 0% cpu@51.218C soc2@49.656C soc0@50.343C gpu@50.687C tj@51.218C soc1@51.031C VDD_IN 4491mW/6309mW VDD_CPU_GPU_CV 516mW/1708mW VDD_SOC 1430mW/1692mW
09-13-2026 15:11:36 RAM 2303/7620MB (lfb 28x4MB) SWAP 802/8192MB (cached 67MB) CPU [0%@729,0%@729,0%@729,0%@729,0%@729,0%@729] GR3D_FREQ 0% cpu@51.406C soc2@49.75C soc0@50.312C gpu@50.5C tj@51.406C soc1@51.031C VDD_IN 4451mW/6305mW VDD_CPU_GPU_CV 516mW/1705mW VDD_SOC 1430mW/1692mW
09-13-2026 15:11:37 RAM 2303/7620MB (lfb 28x4MB) SWAP 802/8192MB (cached 67MB) CPU [0%@1728,0%@1728,0%@1728,0%@1728,0%@729,0%@729] GR3D_FREQ 0% cpu@51.343C soc2@49.687C soc0@50.5C gpu@50.718C tj@51.343C soc1@50.968C VDD_IN 4451mW/6300mW VDD_CPU_GPU_CV 516mW/1702mW VDD_SOC 1430mW/1691mW
09-13-2026 15:11:37 RAM 2303/7620MB (lfb 28x4MB) SWAP 802/8192MB (cached 67MB) CPU [0%@729,0%@729,0%@729,0%@729,0%@729,0%@729] GR3D_FREQ 0% cpu@51.406C soc2@49.625C soc0@50.375C gpu@50.593C tj@51.406C soc1@50.937C VDD_IN 4451mW/6296mW VDD_CPU_GPU_CV 516mW/1699mW VDD_SOC 1430mW/1691mW
09-13-2026 15:11:38 RAM 2304/7620MB (lfb 28x4MB) SWAP 802/8192MB (cached 67MB) CPU [0%@1728,0%@1728,0%@1728,0%@1728,0%@729,0%@729] GR3D_FREQ 0% cpu@51.218C soc2@49.562C soc0@50.312C gpu@50.687C tj@51.218C soc1@50.875C VDD_IN 4451mW/6291mW VDD_CPU_GPU_CV 516mW/1696mW VDD_SOC 1430mW/1690mW
09-13-2026 15:11:38 RAM 2304/7620MB (lfb 28x4MB) SWAP 802/8192MB (cached 67MB) CPU [1%@1728,0%@1728,0%@1728,1%@1728,0%@729,0%@729] GR3D_FREQ 0% cpu@51.062C soc2@49.531C soc0@50.312C gpu@50.593C tj@51.218C soc1@51.062C VDD_IN 4451mW/6287mW VDD_CPU_GPU_CV 516mW/1693mW VDD_SOC 1430mW/1689mW
09-13-2026 15:11:39 RAM 2304/7620MB (lfb 28x4MB) SWAP 802/8192MB (cached 67MB) CPU [1%@729,0%@729,0%@729,0%@729,0%@729,0%@729] GR3D_FREQ 0% cpu@51.125C soc2@49.5C soc0@50.25C gpu@50.625C tj@51.125C soc1@50.937C VDD_IN 4491mW/6283mW VDD_CPU_GPU_CV 516mW/1691mW VDD_SOC 1430mW/1689mW
09-13-2026 15:11:39 RAM 2304/7620MB (lfb 28x4MB) SWAP 802/8192MB (cached 67MB) CPU [0%@1728,0%@1728,0%@1728,3%@1728,0%@729,0%@729] GR3D_FREQ 0% cpu@51.062C soc2@49.625C soc0@50.312C gpu@50.5C tj@51.062C soc1@50.937C VDD_IN 4530mW/6278mW VDD_CPU_GPU_CV 516mW/1688mW VDD_SOC 1430mW/1688mW
09-13-2026 15:11:40 RAM 2304/7620MB (lfb 28x4MB) SWAP 802/8192MB (cached 67MB) CPU [0%@1728,0%@1728,0%@1728,0%@1728,0%@729,0%@729] GR3D_FREQ 0% cpu@51.25C soc2@49.625C soc0@50.437C gpu@50.593C tj@51.25C soc1@50.968C VDD_IN 4530mW/6274mW VDD_CPU_GPU_CV 516mW/1685mW VDD_SOC 1430mW/1687mW
09-13-2026 15:11:40 RAM 2305/7620MB (lfb 28x4MB) SWAP 802/8192MB (cached 67MB) CPU [0%@729,0%@729,0%@729,0%@729,0%@729,0%@729] GR3D_FREQ 0% cpu@51.312C soc2@49.562C soc0@50.343C gpu@50.531C tj@51.312C soc1@50.875C VDD_IN 4491mW/6270mW VDD_CPU_GPU_CV 516mW/1682mW VDD_SOC 1430mW/1687mW
09-13-2026 15:11:41 RAM 2305/7620MB (lfb 28x4MB) SWAP 802/8192MB (cached 67MB) CPU [1%@1728,0%@1728,0%@1728,0%@1728,0%@729,0%@729] GR3D_FREQ 0% cpu@51.062C soc2@49.531C soc0@50.281C gpu@50.437C tj@51.062C soc1@50.812C VDD_IN 4451mW/6266mW VDD_CPU_GPU_CV 516mW/1679mW VDD_SOC 1430mW/1686mW
09-13-2026 15:11:41 RAM 2305/7620MB (lfb 28x4MB) SWAP 802/8192MB (cached 68MB) CPU [0%@1728,0%@1728,0%@1728,0%@1728,0%@729,0%@729] GR3D_FREQ 0% cpu@51.156C soc2@49.5C soc0@50.281C gpu@50.375C tj@51.156C soc1@50.937C VDD_IN 4491mW/6261mW VDD_CPU_GPU_CV 516mW/1677mW VDD_SOC 1430mW/1686mW
09-13-2026 15:11:42 RAM 2305/7620MB (lfb 28x4MB) SWAP 802/8192MB (cached 68MB) CPU [0%@1728,1%@1728,0%@1728,2%@1728,0%@729,0%@729] GR3D_FREQ 0% cpu@51.062C soc2@49.593C soc0@50.312C gpu@50.437C tj@51.062C soc1@50.906C VDD_IN 4491mW/6257mW VDD_CPU_GPU_CV 516mW/1674mW VDD_SOC 1430mW/1685mW
09-13-2026 15:11:42 RAM 2305/7620MB (lfb 28x4MB) SWAP 802/8192MB (cached 68MB) CPU [0%@1728,0%@1728,0%@1728,0%@1728,0%@729,0%@729] GR3D_FREQ 0% cpu@51.281C soc2@49.593C soc0@50.218C gpu@50.468C tj@51.281C soc1@50.937C VDD_IN 4451mW/6253mW VDD_CPU_GPU_CV 516mW/1671mW VDD_SOC 1430mW/1684mW
09-13-2026 15:11:43 RAM 2305/7620MB (lfb 28x4MB) SWAP 801/8192MB (cached 68MB) CPU [0%@1113,1%@1113,0%@1113,1%@1113,0%@729,0%@729] GR3D_FREQ 0% cpu@51.437C soc2@49.468C soc0@50.343C gpu@50.343C tj@51.437C soc1@50.843C VDD_IN 4451mW/6249mW VDD_CPU_GPU_CV 516mW/1669mW VDD_SOC 1430mW/1684mW
09-13-2026 15:11:43 RAM 2306/7620MB (lfb 28x4MB) SWAP 801/8192MB (cached 68MB) CPU [1%@1728,0%@1728,0%@1728,0%@1728,1%@729,0%@729] GR3D_FREQ 0% cpu@51.125C soc2@49.593C soc0@50.25C gpu@50.406C tj@51.125C soc1@50.812C VDD_IN 4451mW/6244mW VDD_CPU_GPU_CV 516mW/1666mW VDD_SOC 1430mW/1683mW
09-13-2026 15:11:44 RAM 2306/7620MB (lfb 28x4MB) SWAP 801/8192MB (cached 68MB) CPU [0%@1728,0%@1728,0%@1728,0%@1728,0%@729,0%@729] GR3D_FREQ 0% cpu@51.156C soc2@49.5C soc0@50.156C gpu@50.437C tj@51.25C soc1@50.843C VDD_IN 4451mW/6240mW VDD_CPU_GPU_CV 516mW/1663mW VDD_SOC 1430mW/1683mW
09-13-2026 15:11:44 RAM 2306/7620MB (lfb 28x4MB) SWAP 801/8192MB (cached 68MB) CPU [0%@1728,0%@1728,0%@1728,0%@1728,0%@729,0%@729] GR3D_FREQ 0% cpu@51.093C soc2@49.437C soc0@50.156C gpu@50.656C tj@51.093C soc1@50.937C VDD_IN 4491mW/6236mW VDD_CPU_GPU_CV 516mW/1660mW VDD_SOC 1430mW/1682mW
09-13-2026 15:11:45 RAM 2306/7620MB (lfb 28x4MB) SWAP 801/8192MB (cached 68MB) CPU [0%@1728,1%@1728,0%@1728,0%@1728,0%@729,0%@729] GR3D_FREQ 0% cpu@50.968C soc2@49.593C soc0@50.218C gpu@50.312C tj@51.062C soc1@50.812C VDD_IN 4451mW/6232mW VDD_CPU_GPU_CV 516mW/1658mW VDD_SOC 1430mW/1681mW
09-13-2026 15:11:45 RAM 2306/7620MB (lfb 28x4MB) SWAP 801/8192MB (cached 68MB) CPU [0%@1728,0%@1728,0%@1728,1%@1728,0%@729,0%@729] GR3D_FREQ 0% cpu@51.093C soc2@49.5C soc0@50.093C gpu@50.687C tj@51.093C soc1@50.843C VDD_IN 4451mW/6228mW VDD_CPU_GPU_CV 516mW/1655mW VDD_SOC 1430mW/1681mW
09-13-2026 15:11:46 RAM 2306/7620MB (lfb 28x4MB) SWAP 801/8192MB (cached 68MB) CPU [0%@1728,0%@1728,0%@1728,0%@1728,0%@729,0%@729] GR3D_FREQ 0% cpu@51.218C soc2@49.5C soc0@50.312C gpu@50.25C tj@51.218C soc1@50.812C VDD_IN 4491mW/6224mW VDD_CPU_GPU_CV 516mW/1652mW VDD_SOC 1430mW/1680mW
09-13-2026 15:11:47 RAM 2306/7620MB (lfb 28x4MB) SWAP 801/8192MB (cached 68MB) CPU [0%@1728,1%@1728,0%@1728,0%@1728,1%@729,0%@729] GR3D_FREQ 0% cpu@51.281C soc2@49.531C soc0@50.218C gpu@50.531C tj@51.281C soc1@50.812C VDD_IN 4491mW/6220mW VDD_CPU_GPU_CV 516mW/1650mW VDD_SOC 1430mW/1680mW
09-13-2026 15:11:47 RAM 2306/7620MB (lfb 28x4MB) SWAP 801/8192MB (cached 68MB) CPU [0%@1728,0%@1728,0%@1728,1%@1728,0%@729,0%@729] GR3D_FREQ 0% cpu@51.125C soc2@49.406C soc0@50.218C gpu@50.343C tj@51.125C soc1@50.812C VDD_IN 4491mW/6216mW VDD_CPU_GPU_CV 516mW/1647mW VDD_SOC 1430mW/1679mW
09-13-2026 15:11:48 RAM 2306/7620MB (lfb 28x4MB) SWAP 801/8192MB (cached 68MB) CPU [0%@1728,0%@1728,0%@1728,0%@1728,0%@729,1%@729] GR3D_FREQ 0% cpu@51.125C soc2@49.5C soc0@50.156C gpu@50.531C tj@51.125C soc1@50.875C VDD_IN 4451mW/6212mW VDD_CPU_GPU_CV 516mW/1645mW VDD_SOC 1430mW/1679mW
09-13-2026 15:11:48 RAM 2306/7620MB (lfb 28x4MB) SWAP 801/8192MB (cached 68MB) CPU [1%@1728,1%@1728,0%@1728,0%@1728,0%@729,0%@729] GR3D_FREQ 0% cpu@51C soc2@49.468C soc0@50.062C gpu@50.25C tj@51C soc1@50.937C VDD_IN 4451mW/6208mW VDD_CPU_GPU_CV 516mW/1642mW VDD_SOC 1430mW/1678mW
09-13-2026 15:11:49 RAM 2306/7620MB (lfb 28x4MB) SWAP 801/8192MB (cached 68MB) CPU [0%@1728,0%@1728,0%@1728,0%@1728,0%@729,0%@729] GR3D_FREQ 0% cpu@51.312C soc2@49.468C soc0@50.093C gpu@50.468C tj@51.312C soc1@50.781C VDD_IN 4451mW/6204mW VDD_CPU_GPU_CV 516mW/1639mW VDD_SOC 1430mW/1677mW
09-13-2026 15:11:49 RAM 2308/7620MB (lfb 28x4MB) SWAP 801/8192MB (cached 69MB) CPU [1%@729,0%@729,0%@729,5%@729,0%@729,0%@729] GR3D_FREQ 0% cpu@50.968C soc2@49.531C soc0@50.218C gpu@50.25C tj@50.968C soc1@50.812C VDD_IN 4491mW/6200mW VDD_CPU_GPU_CV 516mW/1637mW VDD_SOC 1430mW/1677mW
09-13-2026 15:11:50 RAM 2308/7620MB (lfb 28x4MB) SWAP 801/8192MB (cached 69MB) CPU [0%@1728,0%@1728,0%@1728,0%@1728,0%@729,0%@729] GR3D_FREQ 0% cpu@51.125C soc2@49.468C soc0@50.187C gpu@50.5C tj@51.125C soc1@50.718C VDD_IN 4451mW/6196mW VDD_CPU_GPU_CV 516mW/1634mW VDD_SOC 1430mW/1676mW
09-13-2026 15:11:50 RAM 2308/7620MB (lfb 28x4MB) SWAP 801/8192MB (cached 69MB) CPU [1%@729,0%@729,0%@729,0%@729,0%@729,0%@729] GR3D_FREQ 0% cpu@50.937C soc2@49.406C soc0@50.125C gpu@50.406C tj@51.125C soc1@50.718C VDD_IN 4451mW/6192mW VDD_CPU_GPU_CV 516mW/1632mW VDD_SOC 1430mW/1676mW
09-13-2026 15:11:51 RAM 2308/7620MB (lfb 28x4MB) SWAP 800/8192MB (cached 69MB) CPU [1%@1728,0%@1728,0%@1728,2%@1728,0%@729,0%@729] GR3D_FREQ 0% cpu@51.062C soc2@49.375C soc0@50.062C gpu@50.468C tj@51.062C soc1@50.906C VDD_IN 4491mW/6188mW VDD_CPU_GPU_CV 516mW/1629mW VDD_SOC 1430mW/1675mW
09-13-2026 15:11:51 RAM 2308/7620MB (lfb 28x4MB) SWAP 800/8192MB (cached 69MB) CPU [0%@1728,0%@1728,0%@1728,0%@1728,0%@729,0%@729] GR3D_FREQ 0% cpu@50.937C soc2@49.531C soc0@50.093C gpu@50.343C tj@50.937C soc1@50.843C VDD_IN 4491mW/6184mW VDD_CPU_GPU_CV 516mW/1627mW VDD_SOC 1430mW/1675mW
09-13-2026 15:11:52 RAM 2308/7620MB (lfb 28x4MB) SWAP 800/8192MB (cached 69MB) CPU [0%@1728,0%@1728,0%@1728,1%@1728,0%@729,0%@729] GR3D_FREQ 0% cpu@51.093C soc2@49.5C soc0@50C gpu@50.375C tj@51.093C soc1@50.75C VDD_IN 4491mW/6180mW VDD_CPU_GPU_CV 516mW/1624mW VDD_SOC 1430mW/1674mW
09-13-2026 15:11:52 RAM 2308/7620MB (lfb 28x4MB) SWAP 800/8192MB (cached 69MB) CPU [0%@1728,0%@1728,0%@1728,0%@1728,0%@729,0%@729] GR3D_FREQ 0% cpu@51.218C soc2@49.531C soc0@50.125C gpu@50.312C tj@51.218C soc1@50.75C VDD_IN 4451mW/6176mW VDD_CPU_GPU_CV 516mW/1622mW VDD_SOC 1430mW/1674mW
09-13-2026 15:11:53 RAM 2308/7620MB (lfb 28x4MB) SWAP 800/8192MB (cached 69MB) CPU [0%@1728,0%@1728,0%@1728,0%@1728,0%@729,1%@729] GR3D_FREQ 0% cpu@51C soc2@49.437C soc0@50.187C gpu@50.343C tj@51C soc1@50.687C VDD_IN 4451mW/6172mW VDD_CPU_GPU_CV 516mW/1619mW VDD_SOC 1430mW/1673mW
09-13-2026 15:11:53 RAM 2312/7620MB (lfb 28x4MB) SWAP 800/8192MB (cached 69MB) CPU [1%@729,0%@729,0%@729,0%@729,0%@729,0%@729] GR3D_FREQ 0% cpu@50.968C soc2@49.406C soc0@50.125C gpu@50.343C tj@50.968C soc1@50.937C VDD_IN 4491mW/6169mW VDD_CPU_GPU_CV 516mW/1617mW VDD_SOC 1430mW/1672mW
09-13-2026 15:11:54 RAM 2312/7620MB (lfb 28x4MB) SWAP 800/8192MB (cached 69MB) CPU [0%@1728,0%@1728,0%@1728,0%@1728,0%@729,0%@729] GR3D_FREQ 0% cpu@50.937C soc2@49.375C soc0@50.062C gpu@50.218C tj@50.937C soc1@50.75C VDD_IN 4491mW/6165mW VDD_CPU_GPU_CV 516mW/1614mW VDD_SOC 1430mW/1672mW
09-13-2026 15:11:54 RAM 2313/7620MB (lfb 28x4MB) SWAP 800/8192MB (cached 69MB) CPU [1%@1728,0%@1728,0%@1728,0%@1728,0%@729,0%@729] GR3D_FREQ 0% cpu@50.937C soc2@49.5C soc0@50.031C gpu@50.281C tj@50.937C soc1@50.718C VDD_IN 4491mW/6161mW VDD_CPU_GPU_CV 516mW/1612mW VDD_SOC 1430mW/1671mW
09-13-2026 15:11:55 RAM 2313/7620MB (lfb 28x4MB) SWAP 800/8192MB (cached 69MB) CPU [0%@1728,0%@1728,0%@1728,1%@1728,0%@729,0%@729] GR3D_FREQ 0% cpu@51.031C soc2@49.406C soc0@50.062C gpu@50.218C tj@51.031C soc1@50.718C VDD_IN 4491mW/6157mW VDD_CPU_GPU_CV 516mW/1609mW VDD_SOC 1430mW/1671mW
09-13-2026 15:11:55 RAM 2313/7620MB (lfb 28x4MB) SWAP 800/8192MB (cached 69MB) CPU [0%@1728,0%@1728,0%@1728,0%@1728,0%@729,0%@729] GR3D_FREQ 0% cpu@51.062C soc2@49.375C soc0@50.218C gpu@50.25C tj@51.062C soc1@50.625C VDD_IN 4451mW/6154mW VDD_CPU_GPU_CV 516mW/1607mW VDD_SOC 1430mW/1670mW
09-13-2026 15:11:56 RAM 2313/7620MB (lfb 28x4MB) SWAP 800/8192MB (cached 69MB) CPU [0%@729,0%@729,1%@729,1%@729,0%@729,0%@729] GR3D_FREQ 0% cpu@51.156C soc2@49.343C soc0@50.156C gpu@50.218C tj@51.156C soc1@50.687C VDD_IN 4491mW/6150mW VDD_CPU_GPU_CV 516mW/1604mW VDD_SOC 1430mW/1670mW
09-13-2026 15:11:56 RAM 2313/7620MB (lfb 28x4MB) SWAP 800/8192MB (cached 70MB) CPU [0%@1728,0%@1728,0%@1113,0%@1113,0%@729,0%@729] GR3D_FREQ 0% cpu@50.937C soc2@49.375C soc0@50.062C gpu@50.5C tj@50.937C soc1@50.843C VDD_IN 4491mW/6146mW VDD_CPU_GPU_CV 516mW/1602mW VDD_SOC 1430mW/1669mW
09-13-2026 15:11:57 RAM 2313/7620MB (lfb 28x4MB) SWAP 800/8192MB (cached 70MB) CPU [0%@729,1%@729,0%@729,0%@729,0%@729,0%@729] GR3D_FREQ 0% cpu@50.781C soc2@49.375C soc0@50.062C gpu@50.218C tj@50.781C soc1@50.781C VDD_IN 4451mW/6143mW VDD_CPU_GPU_CV 516mW/1600mW VDD_SOC 1430mW/1669mW
09-13-2026 15:11:57 RAM 2313/7620MB (lfb 28x4MB) SWAP 800/8192MB (cached 70MB) CPU [1%@1728,0%@1728,0%@1728,1%@1728,0%@729,0%@729] GR3D_FREQ 0% cpu@51C soc2@49.312C soc0@50.031C gpu@50.531C tj@50.937C soc1@50.687C VDD_IN 4491mW/6139mW VDD_CPU_GPU_CV 516mW/1597mW VDD_SOC 1430mW/1668mW
09-13-2026 15:11:58 RAM 2313/7620MB (lfb 28x4MB) SWAP 800/8192MB (cached 70MB) CPU [0%@1728,1%@1728,0%@1728,1%@1728,0%@729,0%@729] GR3D_FREQ 0% cpu@51.125C soc2@49.312C soc0@50C gpu@50.156C tj@51.125C soc1@50.687C VDD_IN 4451mW/6135mW VDD_CPU_GPU_CV 516mW/1595mW VDD_SOC 1430mW/1668mW
09-13-2026 15:11:58 RAM 2313/7620MB (lfb 28x4MB) SWAP 800/8192MB (cached 70MB) CPU [0%@729,0%@729,0%@729,0%@729,0%@729,0%@729] GR3D_FREQ 0% cpu@50.906C soc2@49.281C soc0@50.125C gpu@50.437C tj@50.906C soc1@50.562C VDD_IN 4451mW/6131mW VDD_CPU_GPU_CV 516mW/1593mW VDD_SOC 1430mW/1667mW
09-13-2026 15:11:59 RAM 2313/7620MB (lfb 28x4MB) SWAP 800/8192MB (cached 70MB) CPU [0%@1728,0%@1728,0%@1728,0%@1728,0%@729,0%@729] GR3D_FREQ 0% cpu@50.937C soc2@49.437C soc0@50C gpu@50.125C tj@51C soc1@50.562C VDD_IN 4451mW/6128mW VDD_CPU_GPU_CV 516mW/1590mW VDD_SOC 1430mW/1667mW
09-13-2026 15:11:59 RAM 2313/7620MB (lfb 28x4MB) SWAP 800/8192MB (cached 70MB) CPU [1%@1728,0%@1728,0%@1728,0%@1728,0%@729,1%@729] GR3D_FREQ 0% cpu@50.843C soc2@49.218C soc0@49.968C gpu@50.343C tj@50.843C soc1@50.781C VDD_IN 4451mW/6124mW VDD_CPU_GPU_CV 516mW/1588mW VDD_SOC 1430mW/1666mW
09-13-2026 15:12:00 RAM 2313/7620MB (lfb 28x4MB) SWAP 800/8192MB (cached 70MB) CPU [1%@729,0%@729,0%@729,0%@729,0%@729,0%@729] GR3D_FREQ 0% cpu@50.906C soc2@49.25C soc0@50C gpu@50.25C tj@50.906C soc1@50.687C VDD_IN 4491mW/6121mW VDD_CPU_GPU_CV 516mW/1585mW VDD_SOC 1430mW/1666mW
09-13-2026 15:12:00 RAM 2313/7620MB (lfb 28x4MB) SWAP 800/8192MB (cached 70MB) CPU [0%@1728,0%@1728,1%@1728,0%@1728,0%@729,0%@729] GR3D_FREQ 0% cpu@50.812C soc2@49.343C soc0@49.968C gpu@50.375C tj@50.812C soc1@50.593C VDD_IN 4451mW/6117mW VDD_CPU_GPU_CV 516mW/1583mW VDD_SOC 1430mW/1665mW
09-13-2026 15:12:01 RAM 2314/7620MB (lfb 28x4MB) SWAP 800/8192MB (cached 70MB) CPU [0%@1728,2%@1728,0%@1728,0%@1728,0%@729,0%@729] GR3D_FREQ 0% cpu@50.968C soc2@49.312C soc0@49.875C gpu@50.25C tj@50.968C soc1@50.593C VDD_IN 4491mW/6113mW VDD_CPU_GPU_CV 516mW/1581mW VDD_SOC 1430mW/1665mW
09-13-2026 15:12:01 RAM 2314/7620MB (lfb 28x4MB) SWAP 800/8192MB (cached 70MB) CPU [0%@1728,0%@1728,0%@1728,0%@1728,0%@729,2%@729] GR3D_FREQ 0% cpu@51.062C soc2@49.218C soc0@50C gpu@50.25C tj@51.062C soc1@50.562C VDD_IN 4491mW/6110mW VDD_CPU_GPU_CV 516mW/1579mW VDD_SOC 1430mW/1664mW
09-13-2026 15:12:02 RAM 2314/7620MB (lfb 28x4MB) SWAP 799/8192MB (cached 71MB) CPU [0%@729,0%@729,0%@729,0%@729,0%@729,0%@729] GR3D_FREQ 0% cpu@50.875C soc2@49.312C soc0@50.093C gpu@50.218C tj@50.875C soc1@50.531C VDD_IN 4451mW/6106mW VDD_CPU_GPU_CV 516mW/1576mW VDD_SOC 1430mW/1663mW
09-13-2026 15:12:02 RAM 2316/7620MB (lfb 28x4MB) SWAP 799/8192MB (cached 71MB) CPU [0%@729,0%@729,1%@729,4%@729,0%@729,0%@729] GR3D_FREQ 0% cpu@50.937C soc2@49.218C soc0@49.937C gpu@50.187C tj@51C soc1@50.687C VDD_IN 4530mW/6103mW VDD_CPU_GPU_CV 516mW/1574mW VDD_SOC 1430mW/1663mW
09-13-2026 15:12:03 RAM 2317/7620MB (lfb 28x4MB) SWAP 799/8192MB (cached 71MB) CPU [8%@729,9%@729,8%@729,10%@729,1%@729,0%@729] GR3D_FREQ 0% cpu@50.875C soc2@49.281C soc0@49.937C gpu@50.187C tj@50.875C soc1@50.75C VDD_IN 4650mW/6100mW VDD_CPU_GPU_CV 596mW/1572mW VDD_SOC 1430mW/1662mW
09-13-2026 15:12:03 RAM 2328/7620MB (lfb 28x4MB) SWAP 798/8192MB (cached 71MB) CPU [12%@1574,18%@1574,12%@1574,19%@1574,4%@1267,3%@1267] GR3D_FREQ 0% cpu@51.375C soc2@49.343C soc0@49.968C gpu@50.218C tj@51.375C soc1@50.625C VDD_IN 4888mW/6097mW VDD_CPU_GPU_CV 755mW/1570mW VDD_SOC 1470mW/1662mW
09-13-2026 15:12:04 RAM 2352/7620MB (lfb 28x4MB) SWAP 798/8192MB (cached 70MB) CPU [11%@1728,0%@1728,1%@1728,70%@1728,1%@729,0%@729] GR3D_FREQ 0% cpu@50.968C soc2@49.343C soc0@49.937C gpu@50.218C tj@50.968C soc1@50.625C VDD_IN 5206mW/6095mW VDD_CPU_GPU_CV 992mW/1569mW VDD_SOC 1470mW/1662mW
09-13-2026 15:12:04 RAM 2470/7620MB (lfb 115x2MB) SWAP 798/8192MB (cached 70MB) CPU [19%@1728,13%@1728,13%@1728,82%@1728,14%@729,15%@729] GR3D_FREQ 0% cpu@51.468C soc2@49.437C soc0@49.968C gpu@50.25C tj@51.468C soc1@50.5C VDD_IN 5643mW/6094mW VDD_CPU_GPU_CV 1388mW/1568mW VDD_SOC 1470mW/1661mW
09-13-2026 15:12:05 RAM 2518/7620MB (lfb 69x2MB) SWAP 798/8192MB (cached 70MB) CPU [16%@1728,12%@1728,14%@1728,80%@1728,12%@729,12%@729] GR3D_FREQ 0% cpu@51.437C soc2@49.406C soc0@50.031C gpu@50.625C tj@51.437C soc1@50.718C VDD_IN 5683mW/6093mW VDD_CPU_GPU_CV 1428mW/1568mW VDD_SOC 1470mW/1661mW
09-13-2026 15:12:05 RAM 2538/7620MB (lfb 55x2MB) SWAP 798/8192MB (cached 70MB) CPU [2%@1728,0%@1728,0%@1728,88%@1728,0%@729,0%@729] GR3D_FREQ 0% cpu@51.468C soc2@49.437C soc0@50C gpu@50.343C tj@51.531C soc1@50.75C VDD_IN 5643mW/6092mW VDD_CPU_GPU_CV 1388mW/1568mW VDD_SOC 1470mW/1660mW
09-13-2026 15:12:06 RAM 2549/7620MB (lfb 47x2MB) SWAP 798/8192MB (cached 70MB) CPU [2%@1728,0%@1728,1%@1728,91%@1728,0%@729,0%@729] GR3D_FREQ 0% cpu@51.375C soc2@49.5C soc0@50C gpu@50.562C tj@51.375C soc1@50.625C VDD_IN 5683mW/6092mW VDD_CPU_GPU_CV 1388mW/1567mW VDD_SOC 1470mW/1660mW
09-13-2026 15:12:06 RAM 2562/7620MB (lfb 40x2MB) SWAP 798/8192MB (cached 71MB) CPU [0%@1728,0%@1728,0%@1728,100%@1728,0%@729,0%@729] GR3D_FREQ 0% cpu@51.781C soc2@49.468C soc0@50.062C gpu@50.468C tj@51.781C soc1@50.687C VDD_IN 5723mW/6091mW VDD_CPU_GPU_CV 1428mW/1567mW VDD_SOC 1470mW/1660mW
09-13-2026 15:12:07 RAM 2572/7620MB (lfb 33x2MB) SWAP 798/8192MB (cached 71MB) CPU [5%@1728,0%@1728,0%@1728,88%@1728,0%@729,0%@729] GR3D_FREQ 0% cpu@51.406C soc2@49.437C soc0@50C gpu@50.375C tj@51.437C soc1@50.562C VDD_IN 5683mW/6090mW VDD_CPU_GPU_CV 1349mW/1567mW VDD_SOC 1510mW/1659mW
09-13-2026 15:12:07 RAM 2595/7620MB (lfb 17x2MB) SWAP 798/8192MB (cached 71MB) CPU [1%@1728,0%@1728,0%@1728,88%@1728,0%@729,0%@729] GR3D_FREQ 0% cpu@51.593C soc2@49.437C soc0@50C gpu@50.562C tj@51.593C soc1@50.781C VDD_IN 5683mW/6089mW VDD_CPU_GPU_CV 1388mW/1566mW VDD_SOC 1470mW/1659mW
09-13-2026 15:12:08 RAM 2529/7620MB (lfb 18x2MB) SWAP 798/8192MB (cached 71MB) CPU [4%@1728,0%@1728,0%@1728,79%@1728,0%@729,3%@729] GR3D_FREQ 0% cpu@51.468C soc2@49.531C soc0@50C gpu@50.375C tj@51.468C soc1@50.718C VDD_IN 5603mW/6088mW VDD_CPU_GPU_CV 1269mW/1566mW VDD_SOC 1510mW/1659mW
09-13-2026 15:12:08 RAM 2545/7620MB (lfb 10x2MB) SWAP 798/8192MB (cached 71MB) CPU [3%@1728,0%@1728,0%@1728,94%@1728,0%@729,0%@729] GR3D_FREQ 0% cpu@51.781C soc2@49.531C soc0@50.093C gpu@50.25C tj@51.781C soc1@50.718C VDD_IN 5683mW/6087mW VDD_CPU_GPU_CV 1388mW/1565mW VDD_SOC 1470mW/1658mW
09-13-2026 15:12:09 RAM 2550/7620MB (lfb 5x2MB) SWAP 798/8192MB (cached 71MB) CPU [0%@1728,0%@1728,0%@1728,96%@1728,0%@729,0%@729] GR3D_FREQ 0% cpu@51.437C soc2@49.437C soc0@50.093C gpu@50.625C tj@51.437C soc1@50.687C VDD_IN 5723mW/6086mW VDD_CPU_GPU_CV 1349mW/1565mW VDD_SOC 1510mW/1658mW
09-13-2026 15:12:09 RAM 2528/7620MB (lfb 530x1MB) SWAP 798/8192MB (cached 71MB) CPU [3%@1728,0%@1728,1%@1728,89%@1728,0%@729,2%@729] GR3D_FREQ 0% cpu@51.593C soc2@49.5C soc0@50C gpu@50.375C tj@51.593C soc1@50.593C VDD_IN 5762mW/6086mW VDD_CPU_GPU_CV 1428mW/1564mW VDD_SOC 1510mW/1658mW
09-13-2026 15:12:10 RAM 2430/7620MB (lfb 2x2MB) SWAP 797/8192MB (cached 71MB) CPU [4%@1728,0%@1728,0%@1728,81%@1728,0%@729,4%@729] GR3D_FREQ 0% cpu@51.437C soc2@49.437C soc0@50C gpu@50.593C tj@51.437C soc1@50.75C VDD_IN 5643mW/6085mW VDD_CPU_GPU_CV 1388mW/1564mW VDD_SOC 1470mW/1657mW
09-13-2026 15:12:10 RAM 2332/7620MB (lfb 530x1MB) SWAP 797/8192MB (cached 71MB) CPU [7%@1728,1%@1728,0%@1728,75%@1728,0%@729,5%@729] GR3D_FREQ 0% cpu@51.75C soc2@49.531C soc0@50C gpu@50.531C tj@51.75C soc1@50.687C VDD_IN 5564mW/6084mW VDD_CPU_GPU_CV 1349mW/1564mW VDD_SOC 1470mW/1657mW
09-13-2026 15:12:11 RAM 2285/7620MB (lfb 526x1MB) SWAP 797/8192MB (cached 71MB) CPU [3%@1728,0%@1728,1%@1728,90%@1728,0%@729,2%@729] GR3D_FREQ 0% cpu@51.437C soc2@49.468C soc0@50.156C gpu@50.468C tj@51.437C soc1@50.687C VDD_IN 5603mW/6083mW VDD_CPU_GPU_CV 1428mW/1563mW VDD_SOC 1470mW/1656mW
09-13-2026 15:12:11 RAM 2256/7620MB (lfb 523x1MB) SWAP 797/8192MB (cached 71MB) CPU [0%@1651,0%@1651,0%@1651,96%@1651,0%@729,2%@729] GR3D_FREQ 0% cpu@51.5C soc2@49.5C soc0@50.062C gpu@50.468C tj@51.5C soc1@50.625C VDD_IN 5643mW/6082mW VDD_CPU_GPU_CV 1428mW/1563mW VDD_SOC 1470mW/1656mW
09-13-2026 15:12:12 RAM 2068/7620MB (lfb 521x1MB) SWAP 797/8192MB (cached 71MB) CPU [6%@1728,0%@1728,1%@1728,80%@1728,0%@729,11%@729] GR3D_FREQ 0% cpu@51.562C soc2@49.5C soc0@50.062C gpu@50.406C tj@51.562C soc1@50.812C VDD_IN 5683mW/6081mW VDD_CPU_GPU_CV 1309mW/1563mW VDD_SOC 1510mW/1656mW
09-13-2026 15:12:12 RAM 1973/7620MB (lfb 516x1MB) SWAP 797/8192MB (cached 71MB) CPU [15%@1728,13%@1728,14%@1728,90%@1728,19%@729,15%@729] GR3D_FREQ 0% cpu@51.687C soc2@49.531C soc0@50.031C gpu@50.343C tj@51.687C soc1@50.718C VDD_IN 5842mW/6080mW VDD_CPU_GPU_CV 1507mW/1562mW VDD_SOC 1510mW/1655mW
09-13-2026 15:12:13 RAM 1921/7620MB (lfb 505x1MB) SWAP 797/8192MB (cached 71MB) CPU [4%@1728,0%@1728,0%@1728,85%@1728,11%@729,0%@729] GR3D_FREQ 0% cpu@51.5C soc2@49.593C soc0@50.031C gpu@50.593C tj@51.5C soc1@50.75C VDD_IN 5762mW/6080mW VDD_CPU_GPU_CV 1428mW/1562mW VDD_SOC 1510mW/1655mW
09-13-2026 15:12:13 RAM 1890/7620MB (lfb 498x1MB) SWAP 797/8192MB (cached 71MB) CPU [4%@1728,1%@1728,1%@1728,87%@1728,7%@729,0%@729] GR3D_FREQ 0% cpu@51.687C soc2@49.5C soc0@50.187C gpu@50.406C tj@51.687C soc1@50.718C VDD_IN 5723mW/6079mW VDD_CPU_GPU_CV 1428mW/1562mW VDD_SOC 1510mW/1655mW
09-13-2026 15:12:14 RAM 1884/7620MB (lfb 495x1MB) SWAP 797/8192MB (cached 72MB) CPU [0%@1728,0%@1728,0%@1728,98%@1728,1%@729,1%@729] GR3D_FREQ 0% cpu@51.437C soc2@49.5C soc0@50.125C gpu@50.593C tj@51.593C soc1@50.718C VDD_IN 5762mW/6078mW VDD_CPU_GPU_CV 1349mW/1561mW VDD_SOC 1510mW/1655mW
09-13-2026 15:12:14 RAM 1874/7620MB (lfb 491x1MB) SWAP 797/8192MB (cached 72MB) CPU [3%@1728,2%@1728,0%@1728,90%@1728,0%@729,4%@729] GR3D_FREQ 0% cpu@51.625C soc2@49.5C soc0@50C gpu@50.437C tj@51.625C soc1@50.906C VDD_IN 5723mW/6078mW VDD_CPU_GPU_CV 1388mW/1561mW VDD_SOC 1510mW/1654mW
09-13-2026 15:12:15 RAM 1880/7620MB (lfb 487x1MB) SWAP 797/8192MB (cached 72MB) CPU [2%@1728,0%@1728,0%@1728,97%@1728,0%@729,3%@729] GR3D_FREQ 0% cpu@51.593C soc2@49.593C soc0@50.093C gpu@50.656C tj@51.593C soc1@50.718C VDD_IN 5762mW/6077mW VDD_CPU_GPU_CV 1468mW/1561mW VDD_SOC 1470mW/1654mW
09-13-2026 15:12:15 RAM 1889/7620MB (lfb 483x1MB) SWAP 797/8192MB (cached 72MB) CPU [1%@1728,0%@1728,0%@1728,93%@1728,0%@729,2%@729] GR3D_FREQ 0% cpu@51.906C soc2@49.593C soc0@50C gpu@50.562C tj@51.906C soc1@50.656C VDD_IN 5762mW/6076mW VDD_CPU_GPU_CV 1507mW/1561mW VDD_SOC 1470mW/1653mW
09-13-2026 15:12:16 RAM 1898/7620MB (lfb 481x1MB) SWAP 797/8192MB (cached 72MB) CPU [0%@1728,2%@1728,0%@1728,98%@1728,0%@729,1%@729] GR3D_FREQ 0% cpu@52C soc2@49.562C soc0@50.156C gpu@50.468C tj@52C soc1@50.687C VDD_IN 5882mW/6076mW VDD_CPU_GPU_CV 1547mW/1561mW VDD_SOC 1510mW/1653mW
09-13-2026 15:12:16 RAM 1900/7620MB (lfb 480x1MB) SWAP 797/8192MB (cached 72MB) CPU [0%@1728,0%@1728,0%@1728,100%@1728,0%@729,0%@729] GR3D_FREQ 0% cpu@51.437C soc2@49.5C soc0@50.125C gpu@50.281C tj@51.437C soc1@50.625C VDD_IN 5802mW/6075mW VDD_CPU_GPU_CV 1309mW/1560mW VDD_SOC 1550mW/1653mW
09-13-2026 15:12:17 RAM 1923/7620MB (lfb 462x1MB) SWAP 797/8192MB (cached 72MB) CPU [7%@1574,0%@1574,0%@1574,78%@1574,1%@729,11%@729] GR3D_FREQ 0% cpu@51.406C soc2@49.5C soc0@50.031C gpu@50.406C tj@51.406C soc1@50.75C VDD_IN 5643mW/6075mW VDD_CPU_GPU_CV 1269mW/1560mW VDD_SOC 1510mW/1653mW
09-13-2026 15:12:17 RAM 1933/7620MB (lfb 453x1MB) SWAP 797/8192MB (cached 72MB) CPU [4%@1728,0%@1728,0%@1728,85%@1728,0%@729,6%@729] GR3D_FREQ 0% cpu@51.593C soc2@49.5C soc0@50.031C gpu@50.375C tj@51.593C soc1@50.718C VDD_IN 5643mW/6074mW VDD_CPU_GPU_CV 1349mW/1559mW VDD_SOC 1470mW/1652mW
09-13-2026 15:12:18 RAM 1945/7620MB (lfb 448x1MB) SWAP 797/8192MB (cached 72MB) CPU [1%@1728,1%@1728,0%@1728,94%@1728,0%@729,5%@729] GR3D_FREQ 0% cpu@51.468C soc2@49.593C soc0@50.125C gpu@50.593C tj@51.468C soc1@50.687C VDD_IN 5643mW/6073mW VDD_CPU_GPU_CV 1428mW/1559mW VDD_SOC 1470mW/1652mW
09-13-2026 15:12:18 RAM 1965/7620MB (lfb 444x1MB) SWAP 797/8192MB (cached 72MB) CPU [0%@1728,0%@1728,0%@1728,93%@1728,0%@729,3%@729] GR3D_FREQ 0% cpu@51.687C soc2@49.593C soc0@50.187C gpu@50.5C tj@51.687C soc1@50.687C VDD_IN 5683mW/6072mW VDD_CPU_GPU_CV 1428mW/1559mW VDD_SOC 1470mW/1652mW
09-13-2026 15:12:19 RAM 1975/7620MB (lfb 440x1MB) SWAP 796/8192MB (cached 72MB) CPU [1%@1728,0%@1728,0%@1728,98%@1728,0%@729,0%@729] GR3D_FREQ 0% cpu@51.5C soc2@49.5C soc0@50.062C gpu@50.687C tj@51.5C soc1@50.687C VDD_IN 5723mW/6071mW VDD_CPU_GPU_CV 1388mW/1558mW VDD_SOC 1510mW/1651mW
09-13-2026 15:12:19 RAM 1996/7620MB (lfb 436x1MB) SWAP 796/8192MB (cached 72MB) CPU [0%@1728,0%@1728,0%@1728,100%@1728,0%@729,3%@729] GR3D_FREQ 0% cpu@51.625C soc2@49.531C soc0@50.062C gpu@50.437C tj@51.625C soc1@50.781C VDD_IN 5723mW/6071mW VDD_CPU_GPU_CV 1309mW/1558mW VDD_SOC 1510mW/1651mW
09-13-2026 15:12:20 RAM 1996/7620MB (lfb 435x1MB) SWAP 796/8192MB (cached 72MB) CPU [0%@1728,1%@1728,0%@1728,100%@1728,0%@729,1%@729] GR3D_FREQ 0% cpu@51.437C soc2@49.531C soc0@50.093C gpu@50.437C tj@51.437C soc1@50.812C VDD_IN 5762mW/6070mW VDD_CPU_GPU_CV 1230mW/1557mW VDD_SOC 1550mW/1651mW
09-13-2026 15:12:20 RAM 1999/7620MB (lfb 434x1MB) SWAP 796/8192MB (cached 72MB) CPU [0%@1728,0%@1728,0%@1728,98%@1728,2%@729,1%@729] GR3D_FREQ 0% cpu@51.781C soc2@49.625C soc0@50.25C gpu@50.406C tj@51.781C soc1@50.718C VDD_IN 5762mW/6069mW VDD_CPU_GPU_CV 1428mW/1557mW VDD_SOC 1510mW/1651mW
09-13-2026 15:12:21 RAM 2009/7620MB (lfb 429x1MB) SWAP 796/8192MB (cached 72MB) CPU [1%@1728,1%@1728,0%@1728,92%@1728,1%@729,1%@729] GR3D_FREQ 0% cpu@51.781C soc2@49.5C soc0@50.156C gpu@50.531C tj@51.781C soc1@50.718C VDD_IN 5683mW/6069mW VDD_CPU_GPU_CV 1388mW/1557mW VDD_SOC 1470mW/1650mW
09-13-2026 15:12:21 RAM 2066/7620MB (lfb 409x1MB) SWAP 796/8192MB (cached 72MB) CPU [5%@1728,0%@1728,1%@1728,88%@1728,16%@729,0%@729] GR3D_FREQ 0% cpu@51.718C soc2@49.5C soc0@50.093C gpu@50.375C tj@51.718C soc1@50.906C VDD_IN 5802mW/6068mW VDD_CPU_GPU_CV 1468mW/1556mW VDD_SOC 1510mW/1650mW
09-13-2026 15:12:22 RAM 2106/7620MB (lfb 402x1MB) SWAP 796/8192MB (cached 72MB) CPU [0%@1728,0%@1728,0%@1728,100%@1728,5%@729,0%@729] GR3D_FREQ 0% cpu@51.5C soc2@49.625C soc0@50.093C gpu@50.656C tj@51.5C soc1@50.781C VDD_IN 5723mW/6067mW VDD_CPU_GPU_CV 1349mW/1556mW VDD_SOC 1510mW/1650mW
09-13-2026 15:12:22 RAM 2125/7620MB (lfb 395x1MB) SWAP 796/8192MB (cached 72MB) CPU [3%@1728,0%@1728,0%@1728,89%@1728,6%@729,0%@729] GR3D_FREQ 68% cpu@51.593C soc2@49.593C soc0@50.312C gpu@50.625C tj@51.593C soc1@50.75C VDD_IN 5723mW/6067mW VDD_CPU_GPU_CV 1388mW/1556mW VDD_SOC 1510mW/1649mW
09-13-2026 15:12:23 RAM 2131/7620MB (lfb 389x1MB) SWAP 796/8192MB (cached 73MB) CPU [2%@1728,1%@1728,0%@1728,86%@1728,5%@729,2%@729] GR3D_FREQ 0% cpu@51.781C soc2@49.593C soc0@50.218C gpu@50.656C tj@51.781C soc1@50.687C VDD_IN 5762mW/6066mW VDD_CPU_GPU_CV 1269mW/1555mW VDD_SOC 1550mW/1649mW
09-13-2026 15:12:23 RAM 2135/7620MB (lfb 386x1MB) SWAP 796/8192MB (cached 73MB) CPU [0%@1728,0%@1728,0%@1728,98%@1728,0%@729,1%@729] GR3D_FREQ 0% cpu@51.687C soc2@49.625C soc0@50.125C gpu@50.468C tj@51.687C soc1@50.968C VDD_IN 5683mW/6065mW VDD_CPU_GPU_CV 1349mW/1555mW VDD_SOC 1510mW/1649mW
09-13-2026 15:12:24 RAM 2217/7620MB (lfb 369x1MB) SWAP 795/8192MB (cached 73MB) CPU [5%@1728,25%@1728,1%@1728,59%@1728,1%@729,16%@729] GR3D_FREQ 0% cpu@51.5C soc2@49.562C soc0@50.093C gpu@50.468C tj@51.5C soc1@50.875C VDD_IN 5762mW/6065mW VDD_CPU_GPU_CV 1428mW/1554mW VDD_SOC 1510mW/1649mW
09-13-2026 15:12:24 RAM 2246/7620MB (lfb 363x1MB) SWAP 795/8192MB (cached 73MB) CPU [0%@1728,100%@1728,0%@1728,0%@1728,0%@729,6%@729] GR3D_FREQ 0% cpu@51.593C soc2@49.718C soc0@50.156C gpu@50.75C tj@51.5C soc1@50.812C VDD_IN 5723mW/6064mW VDD_CPU_GPU_CV 1349mW/1554mW VDD_SOC 1510mW/1648mW
09-13-2026 15:12:25 RAM 2329/7620MB (lfb 343x1MB) SWAP 795/8192MB (cached 73MB) CPU [0%@1728,100%@1728,1%@1728,0%@1728,0%@729,18%@729] GR3D_FREQ 0% cpu@51.875C soc2@49.656C soc0@50.093C gpu@50.406C tj@51.875C soc1@50.812C VDD_IN 5961mW/6064mW VDD_CPU_GPU_CV 1507mW/1554mW VDD_SOC 1550mW/1648mW
09-13-2026 15:12:25 RAM 2345/7620MB (lfb 338x1MB) SWAP 795/8192MB (cached 73MB) CPU [0%@1728,100%@1728,0%@1728,0%@1728,0%@729,1%@729] GR3D_FREQ 0% cpu@51.562C soc2@49.718C soc0@50.187C gpu@50.781C tj@51.562C soc1@50.75C VDD_IN 5842mW/6063mW VDD_CPU_GPU_CV 1388mW/1554mW VDD_SOC 1550mW/1648mW
09-13-2026 15:12:26 RAM 2346/7620MB (lfb 338x1MB) SWAP 795/8192MB (cached 73MB) CPU [1%@1728,100%@1728,0%@1728,0%@1728,0%@729,0%@729] GR3D_FREQ 0% cpu@51.437C soc2@49.625C soc0@50.062C gpu@50.687C tj@51.437C soc1@51.062C VDD_IN 5723mW/6063mW VDD_CPU_GPU_CV 1349mW/1553mW VDD_SOC 1510mW/1648mW
09-13-2026 15:12:26 RAM 2363/7620MB (lfb 334x1MB) SWAP 795/8192MB (cached 73MB) CPU [1%@1728,100%@1728,0%@1728,0%@1728,0%@729,5%@729] GR3D_FREQ 0% cpu@51.468C soc2@49.718C soc0@50.187C gpu@50.562C tj@51.468C soc1@50.812C VDD_IN 5921mW/6062mW VDD_CPU_GPU_CV 1428mW/1553mW VDD_SOC 1550mW/1647mW
09-13-2026 15:12:27 RAM 2411/7620MB (lfb 323x1MB) SWAP 795/8192MB (cached 73MB) CPU [5%@1728,100%@1728,2%@1728,0%@1728,0%@729,12%@729] GR3D_FREQ 0% cpu@51.562C soc2@49.718C soc0@50.093C gpu@50.625C tj@51.562C soc1@50.812C VDD_IN 5802mW/6062mW VDD_CPU_GPU_CV 1349mW/1553mW VDD_SOC 1510mW/1647mW
09-13-2026 15:12:27 RAM 2413/7620MB (lfb 323x1MB) SWAP 795/8192MB (cached 73MB) CPU [0%@1728,100%@1728,0%@1728,0%@1728,0%@729,0%@729] GR3D_FREQ 0% cpu@51.625C soc2@49.593C soc0@50.312C gpu@50.5C tj@51.625C soc1@50.75C VDD_IN 5723mW/6061mW VDD_CPU_GPU_CV 1349mW/1552mW VDD_SOC 1510mW/1647mW
09-13-2026 15:12:28 RAM 2434/7620MB (lfb 317x1MB) SWAP 795/8192MB (cached 73MB) CPU [0%@1728,100%@1728,0%@1728,1%@1728,0%@729,4%@729] GR3D_FREQ 0% cpu@51.656C soc2@49.687C soc0@50.281C gpu@50.375C tj@51.656C soc1@50.75C VDD_IN 5762mW/6061mW VDD_CPU_GPU_CV 1309mW/1552mW VDD_SOC 1510mW/1647mW
09-13-2026 15:12:28 RAM 2462/7620MB (lfb 309x1MB) SWAP 795/8192MB (cached 73MB) CPU [0%@1728,100%@1728,0%@1728,1%@1728,9%@729,0%@729] GR3D_FREQ 0% cpu@51.468C soc2@49.593C soc0@50.156C gpu@50.781C tj@51.468C soc1@51.031C VDD_IN 5723mW/6060mW VDD_CPU_GPU_CV 1309mW/1551mW VDD_SOC 1510mW/1646mW
09-13-2026 15:12:29 RAM 2474/7620MB (lfb 304x1MB) SWAP 795/8192MB (cached 73MB) CPU [2%@1728,100%@1728,0%@1728,1%@1728,0%@729,0%@729] GR3D_FREQ 0% cpu@51.437C soc2@49.75C soc0@50.125C gpu@50.5C tj@51.437C soc1@50.875C VDD_IN 5802mW/6060mW VDD_CPU_GPU_CV 1349mW/1551mW VDD_SOC 1510mW/1646mW
09-13-2026 15:12:29 RAM 2487/7620MB (lfb 300x1MB) SWAP 795/8192MB (cached 73MB) CPU [0%@1728,100%@1728,0%@1728,0%@1728,0%@729,3%@729] GR3D_FREQ 0% cpu@51.593C soc2@49.656C soc0@50.25C gpu@50.718C tj@51.468C soc1@50.843C VDD_IN 5762mW/6059mW VDD_CPU_GPU_CV 1309mW/1550mW VDD_SOC 1510mW/1646mW
09-13-2026 15:12:30 RAM 2502/7620MB (lfb 296x1MB) SWAP 795/8192MB (cached 73MB) CPU [0%@1728,100%@1728,0%@1728,0%@1728,0%@729,4%@729] GR3D_FREQ 0% cpu@51.625C soc2@49.687C soc0@50.125C gpu@50.687C tj@51.625C soc1@50.812C VDD_IN 5762mW/6058mW VDD_CPU_GPU_CV 1269mW/1550mW VDD_SOC 1550mW/1646mW
09-13-2026 15:12:31 RAM 2502/7620MB (lfb 296x1MB) SWAP 795/8192MB (cached 73MB) CPU [0%@1728,100%@1728,0%@1728,0%@1728,2%@729,0%@729] GR3D_FREQ 0% cpu@51.5C soc2@49.593C soc0@50.187C gpu@50.593C tj@51.5C soc1@50.968C VDD_IN 5723mW/6058mW VDD_CPU_GPU_CV 1190mW/1549mW VDD_SOC 1550mW/1645mW
09-13-2026 15:12:31 RAM 2807/7620MB (lfb 319x1MB) SWAP 795/8192MB (cached 73MB) CPU [4%@1728,59%@1728,11%@1728,25%@1728,0%@1728,39%@1728] GR3D_FREQ 8% cpu@51.562C soc2@49.625C soc0@50.187C gpu@50.593C tj@51.562C soc1@51.031C VDD_IN 5961mW/6058mW VDD_CPU_GPU_CV 1428mW/1549mW VDD_SOC 1550mW/1645mW
09-13-2026 15:12:32 RAM 4298/7620MB (lfb 319x1MB) SWAP 795/8192MB (cached 73MB) CPU [0%@729,0%@729,5%@729,1%@729,0%@1728,100%@1728] GR3D_FREQ 0% cpu@51.437C soc2@49.656C soc0@50.187C gpu@50.5C tj@51.437C soc1@50.843C VDD_IN 5921mW/6057mW VDD_CPU_GPU_CV 1388mW/1549mW VDD_SOC 1589mW/1645mW
09-13-2026 15:12:32 RAM 5094/7620MB (lfb 251x1MB) SWAP 795/8192MB (cached 74MB) CPU [3%@1728,20%@1728,2%@1728,1%@1728,3%@729,55%@729] GR3D_FREQ 0% cpu@51.687C soc2@49.656C soc0@50.187C gpu@50.656C tj@51.687C soc1@50.843C VDD_IN 6200mW/6058mW VDD_CPU_GPU_CV 1468mW/1548mW VDD_SOC 1666mW/1645mW
09-13-2026 15:12:33 RAM 5138/7620MB (lfb 246x1MB) SWAP 795/8192MB (cached 74MB) CPU [5%@1728,91%@1728,0%@1728,0%@1728,0%@729,0%@729] GR3D_FREQ 1% cpu@51.625C soc2@49.781C soc0@50.375C gpu@50.562C tj@51.625C soc1@50.843C VDD_IN 5961mW/6057mW VDD_CPU_GPU_CV 1468mW/1548mW VDD_SOC 1550mW/1645mW
09-13-2026 15:12:33 RAM 5130/7620MB (lfb 227x1MB) SWAP 795/8192MB (cached 74MB) CPU [29%@1728,85%@1728,0%@1728,0%@1728,1%@729,33%@729] GR3D_FREQ 19% cpu@51.75C soc2@49.843C soc0@50.281C gpu@50.687C tj@51.75C soc1@50.812C VDD_IN 6359mW/6058mW VDD_CPU_GPU_CV 1626mW/1548mW VDD_SOC 1666mW/1645mW
09-13-2026 15:12:34 RAM 5131/7620MB (lfb 227x1MB) SWAP 795/8192MB (cached 74MB) CPU [25%@1574,44%@1574,27%@1574,1%@1574,0%@729,0%@729] GR3D_FREQ 18% cpu@51.937C soc2@49.75C soc0@50.281C gpu@50.656C tj@51.937C soc1@50.906C VDD_IN 6160mW/6058mW VDD_CPU_GPU_CV 1507mW/1548mW VDD_SOC 1666mW/1645mW
09-13-2026 15:12:34 RAM 5133/7620MB (lfb 3x1MB) SWAP 794/8192MB (cached 74MB) CPU [24%@1728,0%@1728,78%@1728,0%@1728,0%@729,0%@729] GR3D_FREQ 13% cpu@52.031C soc2@49.718C soc0@50.187C gpu@50.781C tj@52.031C soc1@50.968C VDD_IN 6239mW/6059mW VDD_CPU_GPU_CV 1507mW/1548mW VDD_SOC 1666mW/1645mW
09-13-2026 15:12:35 RAM 5131/7620MB (lfb 45x256kB) SWAP 794/8192MB (cached 74MB) CPU [25%@1728,11%@1728,75%@1728,0%@1728,0%@1574,17%@1574] GR3D_FREQ 8% cpu@51.937C soc2@49.812C soc0@50.218C gpu@50.687C tj@51.937C soc1@50.937C VDD_IN 6398mW/6059mW VDD_CPU_GPU_CV 1626mW/1548mW VDD_SOC 1666mW/1645mW
09-13-2026 15:12:35 RAM 5128/7620MB (lfb 19x1MB) SWAP 794/8192MB (cached 74MB) CPU [4%@1190,0%@1190,88%@1190,0%@1190,0%@729,76%@729] GR3D_FREQ 77% cpu@51.531C soc2@49.812C soc0@50.218C gpu@50.687C tj@51.531C soc1@50.906C VDD_IN 6398mW/6060mW VDD_CPU_GPU_CV 1785mW/1549mW VDD_SOC 1626mW/1645mW
09-13-2026 15:12:36 RAM 5137/7620MB (lfb 1x2MB) SWAP 794/8192MB (cached 74MB) CPU [2%@1728,0%@1728,66%@1728,0%@1728,17%@729,0%@729] GR3D_FREQ 0% cpu@52.062C soc2@49.781C soc0@50.375C gpu@50.593C tj@52.062C soc1@50.937C VDD_IN 6319mW/6060mW VDD_CPU_GPU_CV 1428mW/1549mW VDD_SOC 1706mW/1645mW
09-13-2026 15:12:36 RAM 5136/7620MB (lfb 1x2MB) SWAP 794/8192MB (cached 74MB) CPU [1%@1728,0%@1728,100%@1728,0%@1728,0%@1267,0%@1267] GR3D_FREQ 0% cpu@51.687C soc2@49.718C soc0@50.281C gpu@50.625C tj@51.687C soc1@50.75C VDD_IN 5882mW/6060mW VDD_CPU_GPU_CV 1269mW/1548mW VDD_SOC 1589mW/1645mW
09-13-2026 15:12:37 RAM 5136/7620MB (lfb 1x2MB) SWAP 794/8192MB (cached 74MB) CPU [0%@1728,0%@1728,100%@1728,0%@1728,1%@729,0%@729] GR3D_FREQ 0% cpu@51.843C soc2@49.718C soc0@50.312C gpu@50.718C tj@51.906C soc1@51.062C VDD_IN 5802mW/6059mW VDD_CPU_GPU_CV 1230mW/1548mW VDD_SOC 1589mW/1645mW
09-13-2026 15:12:37 RAM 5355/7620MB (lfb 44x256kB) SWAP 794/8192MB (cached 74MB) CPU [10%@1728,53%@1728,34%@1728,7%@1728,10%@1267,28%@1267] GR3D_FREQ 9% cpu@51.625C soc2@49.843C soc0@50.187C gpu@50.968C tj@51.625C soc1@50.968C VDD_IN 6001mW/6059mW VDD_CPU_GPU_CV 1468mW/1547mW VDD_SOC 1589mW/1645mW
09-13-2026 15:12:38 RAM 5379/7620MB (lfb 3x1MB) SWAP 794/8192MB (cached 74MB) CPU [12%@1728,80%@1728,6%@1728,1%@1728,2%@960,38%@960] GR3D_FREQ 0% cpu@51.875C soc2@49.781C soc0@50.406C gpu@50.843C tj@51.875C soc1@50.937C VDD_IN 5961mW/6059mW VDD_CPU_GPU_CV 1507mW/1547mW VDD_SOC 1550mW/1645mW
09-13-2026 15:12:38 RAM 5374/7620MB (lfb 44x512kB) SWAP 794/8192MB (cached 74MB) CPU [51%@1728,50%@1728,0%@1728,0%@1728,0%@729,29%@729] GR3D_FREQ 0% cpu@51.781C soc2@49.843C soc0@50.468C gpu@50.75C tj@51.781C soc1@50.906C VDD_IN 5842mW/6059mW VDD_CPU_GPU_CV 1507mW/1547mW VDD_SOC 1550mW/1645mW
09-13-2026 15:12:39 RAM 5389/7620MB (lfb 38x512kB) SWAP 794/8192MB (cached 74MB) CPU [10%@1651,83%@1651,0%@1651,3%@1651,0%@729,20%@729] GR3D_FREQ 99% cpu@51.937C soc2@49.968C soc0@50.375C gpu@52.656C tj@52.656C soc1@50.875C VDD_IN 8279mW/6063mW VDD_CPU_GPU_CV 3316mW/1551mW VDD_SOC 1779mW/1645mW
09-13-2026 15:12:39 RAM 5395/7620MB (lfb 1x1MB) SWAP 794/8192MB (cached 74MB) CPU [3%@1728,96%@1728,0%@1728,0%@1728,5%@729,0%@729] GR3D_FREQ 0% cpu@52.218C soc2@50.468C soc0@50.562C gpu@51.843C tj@52.218C soc1@51.25C VDD_IN 12122mW/6074mW VDD_CPU_GPU_CV 6237mW/1559mW VDD_SOC 2046mW/1646mW
09-13-2026 15:12:40 RAM 5398/7620MB (lfb 1x1MB) SWAP 794/8192MB (cached 74MB) CPU [1%@1728,100%@1728,0%@1728,0%@1728,0%@729,0%@729] GR3D_FREQ 0% cpu@52.125C soc2@50.312C soc0@50.468C gpu@51.125C tj@52.125C soc1@51.218C VDD_IN 7883mW/6078mW VDD_CPU_GPU_CV 3085mW/1562mW VDD_SOC 1663mW/1646mW
09-13-2026 15:12:40 RAM 5401/7620MB (lfb 1x1MB) SWAP 794/8192MB (cached 75MB) CPU [0%@1728,100%@1728,1%@1728,0%@1728,0%@729,0%@729] GR3D_FREQ 0% cpu@52.031C soc2@50.125C soc0@50.687C gpu@50.968C tj@52.031C soc1@51.187C VDD_IN 6467mW/6078mW VDD_CPU_GPU_CV 2020mW/1563mW VDD_SOC 1547mW/1645mW
09-13-2026 15:12:41 RAM 5403/7620MB (lfb 1x1MB) SWAP 794/8192MB (cached 75MB) CPU [0%@1728,98%@1728,0%@1728,0%@1728,0%@729,0%@729] GR3D_FREQ 0% cpu@52.062C soc2@50C soc0@50.593C gpu@50.781C tj@52.062C soc1@51.187C VDD_IN 6041mW/6078mW VDD_CPU_GPU_CV 1666mW/1563mW VDD_SOC 1510mW/1645mW
09-13-2026 15:12:41 RAM 5404/7620MB (lfb 1x1MB) SWAP 794/8192MB (cached 75MB) CPU [1%@1728,100%@1728,1%@1728,0%@1728,0%@729,0%@729] GR3D_FREQ 0% cpu@51.937C soc2@50.031C soc0@50.531C gpu@51.156C tj@52.031C soc1@51.187C VDD_IN 5921mW/6078mW VDD_CPU_GPU_CV 1587mW/1563mW VDD_SOC 1510mW/1645mW
09-13-2026 15:12:42 RAM 5406/7620MB (lfb 1x1MB) SWAP 794/8192MB (cached 75MB) CPU [1%@1728,100%@1728,0%@1728,0%@1728,0%@729,0%@729] GR3D_FREQ 0% cpu@52C soc2@49.968C soc0@50.406C gpu@50.875C tj@52C soc1@51.25C VDD_IN 5921mW/6078mW VDD_CPU_GPU_CV 1547mW/1563mW VDD_SOC 1510mW/1645mW
09-13-2026 15:12:42 RAM 5405/7620MB (lfb 1x1MB) SWAP 794/8192MB (cached 75MB) CPU [2%@1344,86%@1344,20%@1344,0%@1344,14%@1728,1%@1728] GR3D_FREQ 0% cpu@52.218C soc2@50.187C soc0@50.5C gpu@51.062C tj@52.218C soc1@51.218C VDD_IN 6001mW/6078mW VDD_CPU_GPU_CV 1666mW/1563mW VDD_SOC 1510mW/1644mW
09-13-2026 15:12:43 RAM 5406/7620MB (lfb 1x1MB) SWAP 793/8192MB (cached 75MB) CPU [0%@729,0%@1728,70%@1728,0%@1728,100%@1728,1%@1728] GR3D_FREQ 0% cpu@52.656C soc2@49.968C soc0@50.468C gpu@50.968C tj@52.656C soc1@51.156C VDD_IN 6200mW/6078mW VDD_CPU_GPU_CV 1825mW/1564mW VDD_SOC 1507mW/1644mW
09-13-2026 15:12:43 RAM 5408/7620MB (lfb 1x1MB) SWAP 793/8192MB (cached 75MB) CPU [0%@729,0%@729,0%@729,1%@729,100%@1728,0%@1728] GR3D_FREQ 0% cpu@52.156C soc2@49.937C soc0@50.593C gpu@51C tj@52.156C soc1@51.156C VDD_IN 5961mW/6078mW VDD_CPU_GPU_CV 1626mW/1564mW VDD_SOC 1510mW/1644mW
09-13-2026 15:12:44 RAM 5411/7620MB (lfb 5x512kB) SWAP 793/8192MB (cached 75MB) CPU [2%@729,0%@1728,1%@1728,0%@1728,100%@1728,2%@1728] GR3D_FREQ 0% cpu@52.406C soc2@50C soc0@50.593C gpu@50.968C tj@52.406C soc1@51.156C VDD_IN 5961mW/6077mW VDD_CPU_GPU_CV 1587mW/1564mW VDD_SOC 1510mW/1644mW
09-13-2026 15:12:44 RAM 5413/7620MB (lfb 12x512kB) SWAP 793/8192MB (cached 75MB) CPU [1%@729,0%@729,0%@729,0%@729,100%@1728,4%@1728] GR3D_FREQ 0% cpu@52.218C soc2@49.906C soc0@50.562C gpu@50.781C tj@52.218C soc1@51.375C VDD_IN 5921mW/6077mW VDD_CPU_GPU_CV 1587mW/1564mW VDD_SOC 1510mW/1643mW
09-13-2026 15:12:45 RAM 5415/7620MB (lfb 12x512kB) SWAP 793/8192MB (cached 75MB) CPU [0%@1728,1%@1728,1%@1728,1%@1728,100%@1728,0%@1728] GR3D_FREQ 0% cpu@52.187C soc2@49.968C soc0@50.531C gpu@50.906C tj@52.187C soc1@51.281C VDD_IN 5882mW/6077mW VDD_CPU_GPU_CV 1547mW/1564mW VDD_SOC 1510mW/1643mW
09-13-2026 15:12:45 RAM 5417/7620MB (lfb 12x512kB) SWAP 793/8192MB (cached 75MB) CPU [0%@1728,0%@1728,1%@1728,1%@1728,100%@1728,0%@1728] GR3D_FREQ 0% cpu@52.156C soc2@50C soc0@50.468C gpu@50.812C tj@52.156C soc1@51.218C VDD_IN 5882mW/6076mW VDD_CPU_GPU_CV 1547mW/1564mW VDD_SOC 1510mW/1643mW
09-13-2026 15:12:46 RAM 5418/7620MB (lfb 12x512kB) SWAP 793/8192MB (cached 75MB) CPU [1%@1728,0%@1728,0%@1728,1%@1728,100%@1728,0%@1728] GR3D_FREQ 0% cpu@52.25C soc2@49.968C soc0@50.406C gpu@50.906C tj@52.25C soc1@51.187C VDD_IN 5882mW/6076mW VDD_CPU_GPU_CV 1547mW/1564mW VDD_SOC 1510mW/1643mW
09-13-2026 15:12:46 RAM 5420/7620MB (lfb 12x512kB) SWAP 793/8192MB (cached 75MB) CPU [0%@1728,0%@1728,0%@1728,0%@1728,100%@1728,0%@1728] GR3D_FREQ 0% cpu@52.531C soc2@49.968C soc0@50.593C gpu@50.812C tj@52.531C soc1@51.125C VDD_IN 5882mW/6076mW VDD_CPU_GPU_CV 1547mW/1564mW VDD_SOC 1510mW/1642mW
09-13-2026 15:12:47 RAM 5421/7620MB (lfb 12x512kB) SWAP 793/8192MB (cached 75MB) CPU [0%@1728,0%@1728,1%@1728,0%@1728,100%@1728,0%@1728] GR3D_FREQ 0% cpu@52.25C soc2@49.937C soc0@50.5C gpu@50.875C tj@52.156C soc1@51.125C VDD_IN 5882mW/6075mW VDD_CPU_GPU_CV 1547mW/1564mW VDD_SOC 1510mW/1642mW
09-13-2026 15:12:47 RAM 5423/7620MB (lfb 12x512kB) SWAP 793/8192MB (cached 75MB) CPU [1%@729,1%@729,0%@729,0%@729,100%@1728,0%@1728] GR3D_FREQ 0% cpu@52.468C soc2@49.968C soc0@50.468C gpu@50.812C tj@52.468C soc1@51.187C VDD_IN 5882mW/6075mW VDD_CPU_GPU_CV 1547mW/1564mW VDD_SOC 1510mW/1642mW
09-13-2026 15:12:48 RAM 5424/7620MB (lfb 12x512kB) SWAP 793/8192MB (cached 75MB) CPU [0%@1728,0%@1728,0%@1728,0%@1728,100%@1728,0%@1728] GR3D_FREQ 0% cpu@52.25C soc2@49.968C soc0@50.468C gpu@50.937C tj@52.25C soc1@51.343C VDD_IN 5882mW/6075mW VDD_CPU_GPU_CV 1547mW/1564mW VDD_SOC 1510mW/1642mW
09-13-2026 15:12:48 RAM 5426/7620MB (lfb 12x512kB) SWAP 793/8192MB (cached 75MB) CPU [1%@1728,0%@1728,0%@1728,0%@1728,100%@1728,0%@1728] GR3D_FREQ 0% cpu@52.281C soc2@50.062C soc0@50.531C gpu@50.843C tj@52.281C soc1@51.312C VDD_IN 5882mW/6074mW VDD_CPU_GPU_CV 1547mW/1564mW VDD_SOC 1510mW/1642mW
09-13-2026 15:12:49 RAM 5429/7620MB (lfb 12x512kB) SWAP 792/8192MB (cached 75MB) CPU [4%@1728,0%@1728,0%@1728,3%@1728,100%@1728,0%@1728] GR3D_FREQ 0% cpu@52.125C soc2@50.062C soc0@50.468C gpu@50.875C tj@52.125C soc1@51.25C VDD_IN 5921mW/6074mW VDD_CPU_GPU_CV 1547mW/1564mW VDD_SOC 1510mW/1641mW
09-13-2026 15:12:49 RAM 5431/7620MB (lfb 12x512kB) SWAP 791/8192MB (cached 75MB) CPU [2%@1728,0%@1728,0%@1728,0%@1728,100%@1728,0%@1728] GR3D_FREQ 0% cpu@52.187C soc2@50C soc0@50.593C gpu@50.843C tj@52.187C soc1@51.25C VDD_IN 5921mW/6074mW VDD_CPU_GPU_CV 1547mW/1564mW VDD_SOC 1510mW/1641mW
09-13-2026 15:12:50 RAM 5432/7620MB (lfb 12x512kB) SWAP 791/8192MB (cached 75MB) CPU [1%@1728,1%@1728,1%@1728,0%@1728,100%@1728,0%@1728] GR3D_FREQ 0% cpu@52.468C soc2@50.062C soc0@50.468C gpu@50.906C tj@52.468C soc1@51.187C VDD_IN 5882mW/6073mW VDD_CPU_GPU_CV 1547mW/1564mW VDD_SOC 1510mW/1641mW
09-13-2026 15:12:50 RAM 5434/7620MB (lfb 12x512kB) SWAP 791/8192MB (cached 76MB) CPU [0%@729,0%@729,0%@729,0%@729,100%@1728,0%@1728] GR3D_FREQ 0% cpu@52.281C soc2@49.968C soc0@50.562C gpu@50.906C tj@52.281C soc1@51.187C VDD_IN 5882mW/6073mW VDD_CPU_GPU_CV 1547mW/1564mW VDD_SOC 1510mW/1641mW
09-13-2026 15:12:51 RAM 5435/7620MB (lfb 12x512kB) SWAP 791/8192MB (cached 76MB) CPU [0%@1728,0%@1728,0%@1728,0%@1728,100%@1728,0%@1728] GR3D_FREQ 0% cpu@52.312C soc2@49.968C soc0@50.562C gpu@50.906C tj@52.312C soc1@51.343C VDD_IN 5882mW/6073mW VDD_CPU_GPU_CV 1547mW/1564mW VDD_SOC 1510mW/1640mW
09-13-2026 15:12:51 RAM 5437/7620MB (lfb 12x512kB) SWAP 791/8192MB (cached 76MB) CPU [1%@1728,0%@1728,0%@1728,1%@1728,100%@1728,0%@1728] GR3D_FREQ 0% cpu@52.218C soc2@49.968C soc0@50.531C gpu@50.875C tj@52.218C soc1@51.343C VDD_IN 5882mW/6072mW VDD_CPU_GPU_CV 1547mW/1564mW VDD_SOC 1510mW/1640mW
09-13-2026 15:12:52 RAM 5438/7620MB (lfb 12x512kB) SWAP 791/8192MB (cached 76MB) CPU [0%@1728,0%@1728,0%@1728,1%@1728,100%@1728,0%@1728] GR3D_FREQ 0% cpu@51.906C soc2@50C soc0@50.5C gpu@50.843C tj@51.906C soc1@51.281C VDD_IN 5882mW/6072mW VDD_CPU_GPU_CV 1468mW/1563mW VDD_SOC 1510mW/1640mW
09-13-2026 15:12:52 RAM 5439/7620MB (lfb 12x512kB) SWAP 791/8192MB (cached 76MB) CPU [0%@1728,0%@1728,0%@1728,2%@1728,100%@1728,0%@1728] GR3D_FREQ 0% cpu@51.937C soc2@49.937C soc0@50.468C gpu@50.75C tj@51.937C soc1@51.312C VDD_IN 5842mW/6072mW VDD_CPU_GPU_CV 1309mW/1563mW VDD_SOC 1550mW/1640mW
09-13-2026 15:12:53 RAM 5442/7620MB (lfb 12x512kB) SWAP 791/8192MB (cached 76MB) CPU [0%@960,5%@960,1%@960,0%@960,100%@1728,0%@1728] GR3D_FREQ 0% cpu@52.343C soc2@49.968C soc0@50.75C gpu@50.906C tj@52.343C soc1@51.187C VDD_IN 5842mW/6071mW VDD_CPU_GPU_CV 1388mW/1563mW VDD_SOC 1510mW/1640mW
09-13-2026 15:12:53 RAM 5447/7620MB (lfb 12x512kB) SWAP 791/8192MB (cached 76MB) CPU [13%@1113,6%@1113,8%@1728,4%@1728,100%@1728,2%@1728] GR3D_FREQ 0% cpu@52.468C soc2@50.031C soc0@50.625C gpu@50.812C tj@52.468C soc1@51.187C VDD_IN 6001mW/6071mW VDD_CPU_GPU_CV 1587mW/1563mW VDD_SOC 1510mW/1639mW
09-13-2026 15:12:54 RAM 5449/7620MB (lfb 12x512kB) SWAP 791/8192MB (cached 76MB) CPU [0%@1728,0%@1728,0%@1728,3%@1728,100%@1728,0%@1728] GR3D_FREQ 0% cpu@52.281C soc2@49.968C soc0@50.5C gpu@51.125C tj@52.281C soc1@51.187C VDD_IN 5921mW/6071mW VDD_CPU_GPU_CV 1547mW/1563mW VDD_SOC 1510mW/1639mW
09-13-2026 15:12:54 RAM 5450/7620MB (lfb 12x512kB) SWAP 791/8192MB (cached 76MB) CPU [0%@1728,0%@1728,0%@1728,0%@1728,100%@1728,0%@1728] GR3D_FREQ 0% cpu@52.218C soc2@49.968C soc0@50.531C gpu@50.937C tj@52.375C soc1@51.406C VDD_IN 5921mW/6071mW VDD_CPU_GPU_CV 1547mW/1563mW VDD_SOC 1510mW/1639mW
09-13-2026 15:12:55 RAM 5452/7620MB (lfb 12x512kB) SWAP 791/8192MB (cached 76MB) CPU [0%@1728,0%@1728,0%@1728,0%@1728,100%@1728,0%@1728] GR3D_FREQ 0% cpu@52.343C soc2@50.031C soc0@50.562C gpu@51.125C tj@52.343C soc1@51.281C VDD_IN 5921mW/6070mW VDD_CPU_GPU_CV 1547mW/1563mW VDD_SOC 1510mW/1639mW
09-13-2026 15:12:55 RAM 5453/7620MB (lfb 12x512kB) SWAP 791/8192MB (cached 76MB) CPU [1%@729,0%@729,1%@729,0%@729,100%@1728,0%@1728] GR3D_FREQ 0% cpu@52.562C soc2@50.031C soc0@50.5C gpu@50.843C tj@52.562C soc1@51.25C VDD_IN 5921mW/6070mW VDD_CPU_GPU_CV 1547mW/1563mW VDD_SOC 1510mW/1638mW
09-13-2026 15:12:56 RAM 5455/7620MB (lfb 12x512kB) SWAP 791/8192MB (cached 76MB) CPU [1%@1728,3%@1728,0%@1728,0%@1728,100%@1728,0%@1728] GR3D_FREQ 0% cpu@52.625C soc2@50.093C soc0@50.718C gpu@51.125C tj@52.625C soc1@51.218C VDD_IN 5921mW/6070mW VDD_CPU_GPU_CV 1547mW/1563mW VDD_SOC 1510mW/1638mW
09-13-2026 15:12:56 RAM 5491/7620MB (lfb 7x512kB) SWAP 791/8192MB (cached 76MB) CPU [0%@729,0%@729,0%@729,1%@729,100%@1728,3%@1728] GR3D_FREQ 0% cpu@52.218C soc2@50C soc0@50.656C gpu@50.75C tj@52.218C soc1@51.218C VDD_IN 5882mW/6069mW VDD_CPU_GPU_CV 1547mW/1563mW VDD_SOC 1510mW/1638mW
09-13-2026 15:12:57 RAM 5488/7620MB (lfb 10x512kB) SWAP 791/8192MB (cached 76MB) CPU [2%@1728,1%@1728,0%@1728,4%@1728,50%@1344,29%@1344] GR3D_FREQ 0% cpu@51.843C soc2@50C soc0@50.593C gpu@51.156C tj@51.843C soc1@51.343C VDD_IN 5683mW/6069mW VDD_CPU_GPU_CV 1388mW/1562mW VDD_SOC 1470mW/1638mW
09-13-2026 15:12:57 RAM 5488/7620MB (lfb 3x1MB) SWAP 791/8192MB (cached 76MB) CPU [6%@729,0%@729,0%@729,2%@729,6%@1728,79%@1728] GR3D_FREQ 0% cpu@51.875C soc2@49.937C soc0@50.562C gpu@50.781C tj@51.875C soc1@51.406C VDD_IN 5603mW/6068mW VDD_CPU_GPU_CV 1349mW/1562mW VDD_SOC 1470mW/1637mW
09-13-2026 15:12:58 RAM 5496/7620MB (lfb 4x1MB) SWAP 791/8192MB (cached 77MB) CPU [1%@1728,0%@1728,0%@1728,6%@1728,0%@1728,100%@1728] GR3D_FREQ 0% cpu@51.968C soc2@50.062C soc0@50.531C gpu@51.125C tj@51.968C soc1@51.343C VDD_IN 5802mW/6067mW VDD_CPU_GPU_CV 1507mW/1562mW VDD_SOC 1470mW/1637mW
09-13-2026 15:12:58 RAM 5498/7620MB (lfb 4x1MB) SWAP 791/8192MB (cached 77MB) CPU [1%@729,0%@729,0%@729,0%@729,0%@1728,100%@1728] GR3D_FREQ 0% cpu@52.187C soc2@50.125C soc0@50.5C gpu@50.812C tj@52.187C soc1@51.312C VDD_IN 5842mW/6067mW VDD_CPU_GPU_CV 1547mW/1562mW VDD_SOC 1470mW/1637mW
09-13-2026 15:12:59 RAM 5498/7620MB (lfb 4x1MB) SWAP 791/8192MB (cached 76MB) CPU [0%@1728,0%@1728,0%@1728,1%@1728,0%@1728,100%@1728] GR3D_FREQ 0% cpu@52.187C soc2@50.062C soc0@50.687C gpu@51.062C tj@52.187C soc1@51.25C VDD_IN 5882mW/6067mW VDD_CPU_GPU_CV 1547mW/1562mW VDD_SOC 1510mW/1637mW
09-13-2026 15:12:59 RAM 5498/7620MB (lfb 4x1MB) SWAP 791/8192MB (cached 76MB) CPU [0%@1728,0%@1728,0%@1728,0%@1728,0%@1728,100%@1728] GR3D_FREQ 0% cpu@52.218C soc2@49.968C soc0@50.75C gpu@50.875C tj@52.218C soc1@51.25C VDD_IN 5882mW/6066mW VDD_CPU_GPU_CV 1547mW/1562mW VDD_SOC 1470mW/1636mW
09-13-2026 15:13:00 RAM 5498/7620MB (lfb 4x1MB) SWAP 791/8192MB (cached 77MB) CPU [0%@729,0%@729,0%@729,0%@729,0%@1728,100%@1728] GR3D_FREQ 0% cpu@52.187C soc2@50C soc0@50.625C gpu@51.062C tj@52.187C soc1@51.218C VDD_IN 5882mW/6066mW VDD_CPU_GPU_CV 1547mW/1562mW VDD_SOC 1470mW/1636mW
09-13-2026 15:13:00 RAM 5498/7620MB (lfb 4x1MB) SWAP 791/8192MB (cached 77MB) CPU [0%@1728,1%@1728,1%@1728,0%@1728,0%@1728,100%@1728] GR3D_FREQ 0% cpu@52.093C soc2@50C soc0@50.593C gpu@50.937C tj@52.156C soc1@51.375C VDD_IN 5882mW/6066mW VDD_CPU_GPU_CV 1547mW/1562mW VDD_SOC 1470mW/1636mW
09-13-2026 15:13:01 RAM 5499/7620MB (lfb 4x1MB) SWAP 791/8192MB (cached 77MB) CPU [3%@729,0%@729,0%@729,0%@729,0%@1728,100%@1728] GR3D_FREQ 0% cpu@52.062C soc2@50.093C soc0@50.531C gpu@51C tj@52.062C soc1@51.437C VDD_IN 5882mW/6065mW VDD_CPU_GPU_CV 1547mW/1562mW VDD_SOC 1470mW/1635mW
09-13-2026 15:13:01 RAM 5499/7620MB (lfb 4x1MB) SWAP 790/8192MB (cached 77MB) CPU [0%@729,0%@729,0%@1728,0%@1728,0%@1728,100%@1728] GR3D_FREQ 0% cpu@52.312C soc2@50.093C soc0@50.5C gpu@51C tj@52.312C soc1@51.375C VDD_IN 5882mW/6065mW VDD_CPU_GPU_CV 1587mW/1562mW VDD_SOC 1470mW/1635mW
09-13-2026 15:13:02 RAM 5499/7620MB (lfb 4x1MB) SWAP 790/8192MB (cached 77MB) CPU [0%@1728,0%@1728,0%@1728,1%@1728,0%@1728,100%@1728] GR3D_FREQ 0% cpu@52.25C soc2@50.031C soc0@50.687C gpu@51.093C tj@52.25C soc1@51.312C VDD_IN 5882mW/6065mW VDD_CPU_GPU_CV 1587mW/1562mW VDD_SOC 1470mW/1635mW
09-13-2026 15:13:02 RAM 5499/7620MB (lfb 4x1MB) SWAP 790/8192MB (cached 77MB) CPU [1%@1728,2%@1728,0%@1728,0%@1728,0%@1728,100%@1728] GR3D_FREQ 0% cpu@52.156C soc2@50.062C soc0@50.687C gpu@50.906C tj@52.156C soc1@51.218C VDD_IN 5882mW/6064mW VDD_CPU_GPU_CV 1587mW/1562mW VDD_SOC 1470mW/1635mW
09-13-2026 15:13:03 RAM 5499/7620MB (lfb 4x1MB) SWAP 790/8192MB (cached 77MB) CPU [0%@729,0%@729,0%@729,0%@729,0%@1728,100%@1728] GR3D_FREQ 0% cpu@52.125C soc2@50C soc0@50.562C gpu@51.031C tj@52.125C soc1@51.531C VDD_IN 5882mW/6064mW VDD_CPU_GPU_CV 1587mW/1562mW VDD_SOC 1470mW/1634mW
09-13-2026 15:13:03 RAM 5499/7620MB (lfb 4x1MB) SWAP 790/8192MB (cached 77MB) CPU [1%@729,0%@729,0%@729,0%@729,0%@1728,100%@1728] GR3D_FREQ 0% cpu@51.968C soc2@50C soc0@50.625C gpu@50.968C tj@51.968C soc1@51.437C VDD_IN 5882mW/6064mW VDD_CPU_GPU_CV 1587mW/1562mW VDD_SOC 1470mW/1634mW
09-13-2026 15:13:04 RAM 5500/7620MB (lfb 4x1MB) SWAP 790/8192MB (cached 77MB) CPU [0%@729,1%@729,0%@729,0%@729,0%@1728,100%@1728] GR3D_FREQ 0% cpu@52.031C soc2@50.187C soc0@50.625C gpu@50.906C tj@52.031C soc1@51.468C VDD_IN 5882mW/6064mW VDD_CPU_GPU_CV 1587mW/1562mW VDD_SOC 1470mW/1634mW
09-13-2026 15:13:04 RAM 5500/7620MB (lfb 4x1MB) SWAP 790/8192MB (cached 77MB) CPU [3%@729,0%@729,0%@729,0%@729,0%@1728,100%@1728] GR3D_FREQ 0% cpu@52.062C soc2@50.093C soc0@50.593C gpu@51C tj@52.062C soc1@51.375C VDD_IN 5842mW/6063mW VDD_CPU_GPU_CV 1547mW/1562mW VDD_SOC 1470mW/1633mW
09-13-2026 15:13:05 RAM 5500/7620MB (lfb 4x1MB) SWAP 790/8192MB (cached 77MB) CPU [0%@1728,0%@1728,0%@1728,3%@1728,0%@1728,100%@1728] GR3D_FREQ 0% cpu@52.281C soc2@50.125C soc0@50.718C gpu@50.937C tj@52.281C soc1@51.312C VDD_IN 5842mW/6063mW VDD_CPU_GPU_CV 1547mW/1562mW VDD_SOC 1470mW/1633mW
09-13-2026 15:13:05 RAM 5501/7620MB (lfb 4x1MB) SWAP 790/8192MB (cached 77MB) CPU [0%@729,1%@729,0%@729,0%@729,0%@1728,100%@1728] GR3D_FREQ 0% cpu@52.281C soc2@50.093C soc0@50.75C gpu@50.968C tj@52.281C soc1@51.312C VDD_IN 5842mW/6062mW VDD_CPU_GPU_CV 1547mW/1562mW VDD_SOC 1470mW/1633mW
09-13-2026 15:13:06 RAM 5501/7620MB (lfb 4x1MB) SWAP 790/8192MB (cached 77MB) CPU [0%@729,1%@729,0%@729,0%@729,0%@1728,100%@1728] GR3D_FREQ 0% cpu@52.093C soc2@50.062C soc0@50.656C gpu@50.937C tj@52.093C soc1@51.531C VDD_IN 5842mW/6062mW VDD_CPU_GPU_CV 1547mW/1562mW VDD_SOC 1470mW/1633mW
09-13-2026 15:13:06 RAM 5502/7620MB (lfb 4x1MB) SWAP 790/8192MB (cached 77MB) CPU [0%@1728,0%@1728,0%@1728,0%@1728,0%@1728,100%@1728] GR3D_FREQ 0% cpu@52.093C soc2@50C soc0@50.656C gpu@50.906C tj@52.093C soc1@51.468C VDD_IN 5842mW/6062mW VDD_CPU_GPU_CV 1587mW/1562mW VDD_SOC 1470mW/1632mW
09-13-2026 15:13:07 RAM 5503/7620MB (lfb 4x1MB) SWAP 790/8192MB (cached 77MB) CPU [0%@1728,1%@1728,0%@1728,1%@1728,0%@1728,100%@1728] GR3D_FREQ 0% cpu@51.968C soc2@50.187C soc0@50.593C gpu@51C tj@52.031C soc1@51.375C VDD_IN 5802mW/6061mW VDD_CPU_GPU_CV 1547mW/1562mW VDD_SOC 1470mW/1632mW
09-13-2026 15:13:07 RAM 5501/7620MB (lfb 4x1MB) SWAP 790/8192MB (cached 77MB) CPU [1%@729,0%@729,0%@729,2%@729,0%@1728,100%@1728] GR3D_FREQ 0% cpu@52.281C soc2@50.093C soc0@50.687C gpu@51.187C tj@52.281C soc1@51.343C VDD_IN 5842mW/6061mW VDD_CPU_GPU_CV 1587mW/1562mW VDD_SOC 1470mW/1632mW
09-13-2026 15:13:08 RAM 5504/7620MB (lfb 6x1MB) SWAP 790/8192MB (cached 77MB) CPU [1%@1728,0%@1728,1%@1728,0%@1728,4%@1728,94%@1728] GR3D_FREQ 0% cpu@52.093C soc2@50.125C soc0@50.75C gpu@50.875C tj@52.093C soc1@51.375C VDD_IN 5802mW/6060mW VDD_CPU_GPU_CV 1507mW/1562mW VDD_SOC 1470mW/1631mW
09-13-2026 15:13:08 RAM 5546/7620MB (lfb 12x512kB) SWAP 789/8192MB (cached 77MB) CPU [0%@1728,1%@1728,0%@1728,3%@1728,0%@1728,100%@1728] GR3D_FREQ 1% cpu@52.187C soc2@50.156C soc0@50.75C gpu@51.218C tj@52.187C soc1@51.375C VDD_IN 6359mW/6061mW VDD_CPU_GPU_CV 1825mW/1562mW VDD_SOC 1587mW/1631mW
09-13-2026 15:13:09 RAM 5553/7620MB (lfb 1x1MB) SWAP 789/8192MB (cached 77MB) CPU [2%@729,7%@729,0%@729,1%@729,7%@1728,96%@1728] GR3D_FREQ 99% cpu@52.281C soc2@50.25C soc0@50.718C gpu@51.343C tj@52.281C soc1@51.625C VDD_IN 7261mW/6063mW VDD_CPU_GPU_CV 2337mW/1564mW VDD_SOC 1703mW/1632mW
09-13-2026 15:13:09 RAM 5581/7620MB (lfb 6x512kB) SWAP 789/8192MB (cached 77MB) CPU [1%@729,0%@729,0%@729,6%@729,0%@1728,98%@1728] GR3D_FREQ 20% cpu@52.125C soc2@50.187C soc0@50.656C gpu@51.375C tj@52.218C soc1@51.625C VDD_IN 7063mW/6065mW VDD_CPU_GPU_CV 2258mW/1565mW VDD_SOC 1666mW/1632mW
09-13-2026 15:13:10 RAM 5604/7620MB (lfb 3x1MB) SWAP 789/8192MB (cached 77MB) CPU [1%@1728,0%@1728,0%@1728,0%@1728,3%@1728,100%@1728] GR3D_FREQ 0% cpu@52.156C soc2@50.437C soc0@50.718C gpu@51.312C tj@52.156C soc1@51.5C VDD_IN 7380mW/6067mW VDD_CPU_GPU_CV 2452mW/1566mW VDD_SOC 1703mW/1632mW
09-13-2026 15:13:10 RAM 5631/7620MB (lfb 7x512kB) SWAP 789/8192MB (cached 77MB) CPU [2%@1728,0%@1728,1%@1728,2%@1728,1%@1728,98%@1728] GR3D_FREQ 0% cpu@52.656C soc2@50.343C soc0@50.656C gpu@51.468C tj@52.656C soc1@51.5C VDD_IN 7102mW/6069mW VDD_CPU_GPU_CV 2258mW/1567mW VDD_SOC 1666mW/1632mW
09-13-2026 15:13:11 RAM 5648/7620MB (lfb 4x1MB) SWAP 789/8192MB (cached 77MB) CPU [0%@1728,0%@1728,0%@1728,1%@1728,4%@1728,98%@1728] GR3D_FREQ 0% cpu@52.437C soc2@50.406C soc0@51C gpu@51.312C tj@52.437C soc1@51.5C VDD_IN 7380mW/6071mW VDD_CPU_GPU_CV 2452mW/1569mW VDD_SOC 1703mW/1632mW
09-13-2026 15:13:12 RAM 5678/7620MB (lfb 2x1MB) SWAP 789/8192MB (cached 77MB) CPU [0%@729,0%@729,0%@729,7%@729,0%@1728,97%@1728] GR3D_FREQ 99% cpu@52.593C soc2@50.343C soc0@50.906C gpu@51.718C tj@52.593C soc1@51.437C VDD_IN 7261mW/6073mW VDD_CPU_GPU_CV 2373mW/1570mW VDD_SOC 1703mW/1632mW
09-13-2026 15:13:12 RAM 5699/7620MB (lfb 5x512kB) SWAP 789/8192MB (cached 77MB) CPU [1%@729,0%@729,1%@729,0%@729,0%@1728,98%@1728] GR3D_FREQ 0% cpu@52.375C soc2@50.406C soc0@50.843C gpu@51.718C tj@52.375C soc1@51.437C VDD_IN 7301mW/6075mW VDD_CPU_GPU_CV 2373mW/1571mW VDD_SOC 1703mW/1632mW
09-13-2026 15:13:13 RAM 5723/7620MB (lfb 11x1MB) SWAP 789/8192MB (cached 77MB) CPU [1%@729,0%@729,0%@729,0%@729,4%@1728,100%@1728] GR3D_FREQ 99% cpu@52.406C soc2@50.437C soc0@50.937C gpu@51.875C tj@52.562C soc1@51.656C VDD_IN 7578mW/6077mW VDD_CPU_GPU_CV 2531mW/1573mW VDD_SOC 1743mW/1632mW
09-13-2026 15:13:13 RAM 5744/7620MB (lfb 4x1MB) SWAP 789/8192MB (cached 77MB) CPU [1%@1728,0%@1728,0%@1728,11%@1728,0%@1728,98%@1728] GR3D_FREQ 6% cpu@52.25C soc2@50.531C soc0@50.968C gpu@51.437C tj@52.25C soc1@51.625C VDD_IN 7221mW/6079mW VDD_CPU_GPU_CV 2333mW/1574mW VDD_SOC 1663mW/1632mW
09-13-2026 15:13:14 RAM 5771/7620MB (lfb 25x1MB) SWAP 789/8192MB (cached 77MB) CPU [0%@1728,1%@1728,0%@1728,0%@1728,4%@1728,98%@1728] GR3D_FREQ 0% cpu@52.312C soc2@50.468C soc0@50.875C gpu@51.718C tj@52.312C soc1@51.562C VDD_IN 7459mW/6081mW VDD_CPU_GPU_CV 2491mW/1576mW VDD_SOC 1703mW/1632mW
09-13-2026 15:13:14 RAM 5904/7620MB (lfb 8x1MB) SWAP 789/8192MB (cached 77MB) CPU [62%@1728,0%@1728,0%@1728,0%@1728,20%@729,24%@729] GR3D_FREQ 0% cpu@52.5C soc2@50.5C soc0@51.031C gpu@51.343C tj@52.5C soc1@51.593C VDD_IN 6547mW/6082mW VDD_CPU_GPU_CV 1743mW/1576mW VDD_SOC 1666mW/1633mW
09-13-2026 15:13:15 RAM 5904/7620MB (lfb 3x1MB) SWAP 789/8192MB (cached 77MB) CPU [66%@729,0%@729,0%@729,7%@1728,36%@1728,0%@1728] GR3D_FREQ 0% cpu@52.312C soc2@50.375C soc0@50.968C gpu@51.312C tj@52.312C soc1@51.531C VDD_IN 6001mW/6082mW VDD_CPU_GPU_CV 1388mW/1576mW VDD_SOC 1589mW/1632mW
09-13-2026 15:13:15 RAM 6425/7620MB (lfb 8x512kB) SWAP 789/8192MB (cached 77MB) CPU [0%@1728,1%@1728,0%@1728,0%@1728,100%@1728,0%@1728] GR3D_FREQ 11% cpu@52.343C soc2@50.343C soc0@50.937C gpu@51.187C tj@52.343C soc1@51.562C VDD_IN 5921mW/6082mW VDD_CPU_GPU_CV 1309mW/1575mW VDD_SOC 1589mW/1632mW
09-13-2026 15:13:16 RAM 6664/7620MB (lfb 8x512kB) SWAP 789/8192MB (cached 77MB) CPU [0%@1728,0%@1728,0%@1728,0%@1728,100%@1728,0%@1728] GR3D_FREQ 0% cpu@52.281C soc2@50.281C soc0@50.968C gpu@51.281C tj@52.281C soc1@51.687C VDD_IN 5882mW/6082mW VDD_CPU_GPU_CV 1230mW/1575mW VDD_SOC 1589mW/1632mW
09-13-2026 15:13:16 RAM 6664/7620MB (lfb 8x512kB) SWAP 789/8192MB (cached 77MB) CPU [0%@1728,1%@1728,0%@1728,0%@1728,100%@1728,0%@1728] GR3D_FREQ 0% cpu@52.031C soc2@50.312C soc0@50.781C gpu@51.218C tj@52.031C soc1@51.625C VDD_IN 5683mW/6081mW VDD_CPU_GPU_CV 1150mW/1574mW VDD_SOC 1550mW/1632mW
09-13-2026 15:13:17 RAM 6711/7620MB (lfb 3x1MB) SWAP 789/8192MB (cached 77MB) CPU [0%@729,0%@729,0%@729,1%@729,96%@1728,5%@1728] GR3D_FREQ 0% cpu@52.406C soc2@50.343C soc0@50.843C gpu@51.406C tj@52.406C soc1@51.593C VDD_IN 6319mW/6081mW VDD_CPU_GPU_CV 1587mW/1574mW VDD_SOC 1626mW/1632mW
09-13-2026 15:13:17 RAM 6712/7620MB (lfb 2x1MB) SWAP 789/8192MB (cached 77MB) CPU [1%@729,1%@729,0%@729,6%@729,100%@1728,0%@1728] GR3D_FREQ 0% cpu@52.343C soc2@50.406C soc0@51C gpu@51.187C tj@52.343C soc1@51.593C VDD_IN 6001mW/6081mW VDD_CPU_GPU_CV 1349mW/1574mW VDD_SOC 1589mW/1632mW
09-13-2026 15:13:18 RAM 6712/7620MB (lfb 2x1MB) SWAP 789/8192MB (cached 77MB) CPU [1%@1728,0%@1728,1%@1728,1%@1728,100%@1728,0%@1728] GR3D_FREQ 88% cpu@52.593C soc2@50.343C soc0@50.968C gpu@51.437C tj@52.593C soc1@51.5C VDD_IN 5842mW/6081mW VDD_CPU_GPU_CV 1269mW/1573mW VDD_SOC 1589mW/1632mW
09-13-2026 15:13:18 RAM 6714/7620MB (lfb 17x512kB) SWAP 789/8192MB (cached 77MB) CPU [0%@1728,0%@1728,0%@1728,0%@1728,100%@1728,0%@1728] GR3D_FREQ 0% cpu@52.312C soc2@50.25C soc0@50.906C gpu@51.218C tj@52.312C soc1@51.562C VDD_IN 5921mW/6080mW VDD_CPU_GPU_CV 1269mW/1573mW VDD_SOC 1589mW/1632mW
09-13-2026 15:13:19 RAM 6714/7620MB (lfb 17x512kB) SWAP 789/8192MB (cached 77MB) CPU [0%@1728,0%@1728,0%@1728,1%@1728,100%@1728,0%@1728] GR3D_FREQ 0% cpu@52.093C soc2@50.281C soc0@50.906C gpu@51.218C tj@52.093C soc1@51.531C VDD_IN 5683mW/6080mW VDD_CPU_GPU_CV 1150mW/1572mW VDD_SOC 1550mW/1632mW
09-13-2026 15:13:19 RAM 6857/7620MB (lfb 94x512kB) SWAP 789/8192MB (cached 77MB) CPU [20%@1728,25%@1728,62%@1728,16%@1728,43%@729,36%@729] GR3D_FREQ 0% cpu@52.75C soc2@50.468C soc0@50.906C gpu@51.25C tj@52.75C soc1@51.656C VDD_IN 6279mW/6080mW VDD_CPU_GPU_CV 1706mW/1572mW VDD_SOC 1547mW/1632mW
09-13-2026 15:13:20 RAM 7137/7620MB (lfb 9x512kB) SWAP 789/8192MB (cached 77MB) CPU [11%@1728,0%@1728,90%@1728,2%@1728,0%@1267,41%@1267] GR3D_FREQ 0% cpu@52.75C soc2@50.5C soc0@50.843C gpu@51.187C tj@52.75C soc1@51.562C VDD_IN 6279mW/6080mW VDD_CPU_GPU_CV 1666mW/1572mW VDD_SOC 1587mW/1632mW
09-13-2026 15:13:20 RAM 7243/7620MB (lfb 13x256kB) SWAP 789/8192MB (cached 75MB) CPU [10%@1728,0%@1728,84%@1728,9%@1728,15%@1728,20%@1728] GR3D_FREQ 0% cpu@52.687C soc2@50.5C soc0@51C gpu@51.625C tj@52.687C soc1@51.5C VDD_IN 6944mW/6082mW VDD_CPU_GPU_CV 2099mW/1573mW VDD_SOC 1666mW/1632mW
09-13-2026 15:13:21 RAM 7358/7620MB (lfb 4x256kB) SWAP 966/8192MB (cached 126MB) CPU [52%@1190,15%@1190,20%@1190,7%@1190,93%@1728,1%@1728] GR3D_FREQ 0% cpu@52.718C soc2@50.593C soc0@51.031C gpu@51.375C tj@52.718C soc1@51.593C VDD_IN 7182mW/6084mW VDD_CPU_GPU_CV 2495mW/1575mW VDD_SOC 1624mW/1632mW
09-13-2026 15:13:21 RAM 7397/7620MB (lfb 1x256kB) SWAP 1132/8192MB (cached 141MB) CPU [19%@1728,0%@1728,9%@1728,42%@1728,42%@1344,29%@1344] GR3D_FREQ 99% cpu@52.406C soc2@50.625C soc0@50.968C gpu@52.5C tj@52.5C soc1@51.625C VDD_IN 7883mW/6087mW VDD_CPU_GPU_CV 2847mW/1577mW VDD_SOC 1743mW/1632mW
09-13-2026 15:13:22 RAM 7403/7620MB (lfb 2x2MB) SWAP 1132/8192MB (cached 141MB) CPU [1%@1728,26%@1728,0%@1728,0%@1728,0%@729,0%@729] GR3D_FREQ 99% cpu@53.093C soc2@51.281C soc0@51.25C gpu@54.562C tj@54.562C soc1@51.718C VDD_IN 16372mW/6103mW VDD_CPU_GPU_CV 9299mW/1589mW VDD_SOC 2502mW/1633mW
09-13-2026 15:13:22 RAM 7404/7620MB (lfb 4x2MB) SWAP 1132/8192MB (cached 141MB) CPU [3%@729,4%@729,0%@729,1%@729,0%@729,0%@729] GR3D_FREQ 99% cpu@53.437C soc2@51.906C soc0@51.531C gpu@55.343C tj@55.343C soc1@52.031C VDD_IN 19884mW/6125mW VDD_CPU_GPU_CV 11364mW/1605mW VDD_SOC 3496mW/1636mW
09-13-2026 15:13:23 RAM 7398/7620MB (lfb 4x2MB) SWAP 1132/8192MB (cached 141MB) CPU [2%@729,3%@729,0%@729,0%@729,0%@729,0%@729] GR3D_FREQ 99% cpu@53.718C soc2@52.375C soc0@51.781C gpu@55.906C tj@55.906C soc1@52.187C VDD_IN 21366mW/6150mW VDD_CPU_GPU_CV 12059mW/1622mW VDD_SOC 4033mW/1640mW
09-13-2026 15:13:23 RAM 7399/7620MB (lfb 4x2MB) SWAP 1132/8192MB (cached 141MB) CPU [1%@729,0%@729,1%@729,2%@729,0%@729,0%@729] GR3D_FREQ 99% cpu@54.093C soc2@52.593C soc0@51.968C gpu@56.125C tj@56.125C soc1@52.343C VDD_IN 21599mW/6175mW VDD_CPU_GPU_CV 12097mW/1639mW VDD_SOC 4149mW/1644mW
09-13-2026 15:13:24 RAM 7401/7620MB (lfb 4x2MB) SWAP 1131/8192MB (cached 143MB) CPU [4%@1728,0%@1728,0%@1728,3%@1728,2%@1113,19%@1113] GR3D_FREQ 99% cpu@54.5C soc2@52.812C soc0@52.343C gpu@56.593C tj@56.593C soc1@52.593C VDD_IN 20667mW/6198mW VDD_CPU_GPU_CV 11191mW/1654mW VDD_SOC 4227mW/1648mW
09-13-2026 15:13:24 RAM 7401/7620MB (lfb 4x2MB) SWAP 1131/8192MB (cached 143MB) CPU [0%@729,0%@729,0%@729,0%@729,0%@729,0%@729] GR3D_FREQ 99% cpu@54.562C soc2@53.093C soc0@52.593C gpu@56.75C tj@56.75C soc1@52.593C VDD_IN 22145mW/6223mW VDD_CPU_GPU_CV 12039mW/1671mW VDD_SOC 4568mW/1653mW
09-13-2026 15:13:25 RAM 7402/7620MB (lfb 4x2MB) SWAP 1131/8192MB (cached 143MB) CPU [1%@729,3%@729,0%@729,0%@729,0%@1728,76%@1728] GR3D_FREQ 99% cpu@54.968C soc2@53.281C soc0@52.656C gpu@57.093C tj@57.093C soc1@52.718C VDD_IN 21951mW/6248mW VDD_CPU_GPU_CV 12077mW/1687mW VDD_SOC 4452mW/1657mW
09-13-2026 15:13:25 RAM 7402/7620MB (lfb 4x2MB) SWAP 1131/8192MB (cached 143MB) CPU [0%@1728,0%@1728,0%@1728,1%@1728,0%@1728,100%@1728] GR3D_FREQ 99% cpu@55.062C soc2@53.5C soc0@52.812C gpu@56.687C tj@56.687C soc1@53.093C VDD_IN 21680mW/6273mW VDD_CPU_GPU_CV 11905mW/1704mW VDD_SOC 4375mW/1662mW
09-13-2026 15:13:26 RAM 7402/7620MB (lfb 4x2MB) SWAP 1131/8192MB (cached 143MB) CPU [0%@729,1%@729,0%@729,1%@729,0%@1728,100%@1728] GR3D_FREQ 99% cpu@55.218C soc2@53.781C soc0@52.906C gpu@57.375C tj@57.375C soc1@53.25C VDD_IN 21835mW/6298mW VDD_CPU_GPU_CV 12000mW/1720mW VDD_SOC 4414mW/1666mW
09-13-2026 15:13:26 RAM 7389/7620MB (lfb 4x2MB) SWAP 1146/8192MB (cached 142MB) CPU [1%@729,1%@729,7%@729,2%@729,0%@1728,96%@1728] GR3D_FREQ 87% cpu@55.687C soc2@53.812C soc0@53.093C gpu@56.5C tj@56.5C soc1@53.281C VDD_IN 20667mW/6321mW VDD_CPU_GPU_CV 9686mW/1733mW VDD_SOC 4964mW/1671mW
09-13-2026 15:13:27 RAM 7389/7620MB (lfb 4x2MB) SWAP 1146/8192MB (cached 142MB) CPU [1%@1728,0%@1728,0%@1728,0%@1728,0%@1728,100%@1728] GR3D_FREQ 88% cpu@55.687C soc2@53.781C soc0@53.375C gpu@56.625C tj@56.625C soc1@53.375C VDD_IN 20317mW/6343mW VDD_CPU_GPU_CV 8658mW/1744mW VDD_SOC 5313mW/1677mW
09-13-2026 15:13:27 RAM 7392/7620MB (lfb 4x2MB) SWAP 1146/8192MB (cached 144MB) CPU [4%@1728,3%@1728,0%@1728,2%@1728,0%@1728,100%@1728] GR3D_FREQ 88% cpu@55.937C soc2@53.843C soc0@53.406C gpu@56.562C tj@56.562C soc1@53.562C VDD_IN 20239mW/6365mW VDD_CPU_GPU_CV 8349mW/1754mW VDD_SOC 5390mW/1683mW
09-13-2026 15:13:28 RAM 7420/7620MB (lfb 15x1MB) SWAP 1197/8192MB (cached 142MB) CPU [22%@1728,24%@1728,17%@1728,27%@1728,20%@1651,92%@1651] GR3D_FREQ 0% cpu@56.281C soc2@53.875C soc0@53.375C gpu@55C tj@56.281C soc1@53.625C VDD_IN 15823mW/6380mW VDD_CPU_GPU_CV 6314mW/1761mW VDD_SOC 4262mW/1687mW
09-13-2026 15:13:28 RAM 7413/7620MB (lfb 6x1MB) SWAP 1270/8192MB (cached 137MB) CPU [4%@1728,9%@1728,1%@1728,88%@1728,1%@729,16%@729] GR3D_FREQ 0% cpu@55.218C soc2@53.343C soc0@53.187C gpu@54.312C tj@55.218C soc1@53.75C VDD_IN 9911mW/6386mW VDD_CPU_GPU_CV 3227mW/1764mW VDD_SOC 2996mW/1689mW
09-13-2026 15:13:29 RAM 7458/7620MB (lfb 6x512kB) SWAP 1553/8192MB (cached 135MB) CPU [8%@1728,0%@1728,0%@1728,94%@1728,0%@1728,88%@1728] GR3D_FREQ 0% cpu@55.093C soc2@53C soc0@53.156C gpu@53.843C tj@55.093C soc1@53.718C VDD_IN 8385mW/6389mW VDD_CPU_GPU_CV 2369mW/1765mW VDD_SOC 2689mW/1691mW
09-13-2026 15:13:29 RAM 7302/7620MB (lfb 1x2MB) SWAP 1714/8192MB (cached 130MB) CPU [15%@883,0%@883,1%@883,70%@883,9%@1420,38%@1420] GR3D_FREQ 0% cpu@54.75C soc2@52.906C soc0@53.125C gpu@53.593C tj@54.75C soc1@53.656C VDD_IN 6944mW/6390mW VDD_CPU_GPU_CV 1663mW/1764mW VDD_SOC 2178mW/1692mW
09-13-2026 15:13:30 RAM 6948/7620MB (lfb 15x1MB) SWAP 1739/8192MB (cached 132MB) CPU [9%@1190,0%@1190,3%@1190,73%@1190,0%@729,8%@729] GR3D_FREQ 99% cpu@54.593C soc2@52.812C soc0@52.968C gpu@54.281C tj@54.593C soc1@53.531C VDD_IN 7102mW/6391mW VDD_CPU_GPU_CV 2017mW/1765mW VDD_SOC 1861mW/1692mW
09-13-2026 15:13:30 RAM 7251/7620MB (lfb 2x1MB) SWAP 1871/8192MB (cached 141MB) CPU [12%@1728,0%@1728,1%@1728,90%@1728,1%@729,42%@729] GR3D_FREQ 99% cpu@54.812C soc2@52.968C soc0@53.031C gpu@55.718C tj@55.718C soc1@53.5C VDD_IN 10999mW/6398mW VDD_CPU_GPU_CV 5344mW/1770mW VDD_SOC 1971mW/1692mW
09-13-2026 15:13:31 RAM 7258/7620MB (lfb 1x4MB) SWAP 1871/8192MB (cached 141MB) CPU [1%@1728,0%@1728,0%@1728,100%@1728,34%@1728,0%@1728] GR3D_FREQ 99% cpu@55.437C soc2@53.656C soc0@53.218C gpu@57.468C tj@57.468C soc1@53.781C VDD_IN 18309mW/6417mW VDD_CPU_GPU_CV 10686mW/1784mW VDD_SOC 2962mW/1694mW
09-13-2026 15:13:31 RAM 7257/7620MB (lfb 1x4MB) SWAP 1871/8192MB (cached 141MB) CPU [0%@1728,0%@1728,0%@1728,100%@1728,0%@729,0%@729] GR3D_FREQ 99% cpu@56.093C soc2@54.25C soc0@53.437C gpu@57.562C tj@57.562C soc1@54C VDD_IN 21211mW/6440mW VDD_CPU_GPU_CV 12136mW/1801mW VDD_SOC 3878mW/1698mW
09-13-2026 15:13:32 RAM 7255/7620MB (lfb 1x4MB) SWAP 1871/8192MB (cached 141MB) CPU [0%@1728,1%@1728,0%@1728,100%@1728,2%@729,1%@729] GR3D_FREQ 99% cpu@56.187C soc2@54.5C soc0@53.875C gpu@58.312C tj@58.312C soc1@54C VDD_IN 21990mW/6464mW VDD_CPU_GPU_CV 12616mW/1817mW VDD_SOC 4065mW/1701mW
09-13-2026 15:13:32 RAM 7255/7620MB (lfb 1x4MB) SWAP 1871/8192MB (cached 141MB) CPU [0%@1728,0%@1728,0%@1728,100%@1728,0%@729,0%@729] GR3D_FREQ 99% cpu@56.5C soc2@54.843C soc0@54.031C gpu@58.437C tj@58.437C soc1@54.156C VDD_IN 22145mW/6488mW VDD_CPU_GPU_CV 12731mW/1834mW VDD_SOC 4104mW/1705mW
09-13-2026 15:13:33 RAM 7255/7620MB (lfb 1x4MB) SWAP 1871/8192MB (cached 141MB) CPU [0%@1728,0%@1728,1%@1728,100%@1728,0%@1728,2%@1728] GR3D_FREQ 99% cpu@56.562C soc2@55.031C soc0@54.218C gpu@58.593C tj@58.593C soc1@54.5C VDD_IN 22106mW/6513mW VDD_CPU_GPU_CV 12616mW/1851mW VDD_SOC 4143mW/1709mW
09-13-2026 15:13:33 RAM 7255/7620MB (lfb 1x4MB) SWAP 1871/8192MB (cached 141MB) CPU [0%@1728,0%@1728,0%@1728,100%@1728,0%@729,0%@729] GR3D_FREQ 99% cpu@56.781C soc2@55.156C soc0@54.437C gpu@58.531C tj@58.531C soc1@54.625C VDD_IN 21796mW/6537mW VDD_CPU_GPU_CV 12539mW/1868mW VDD_SOC 4026mW/1712mW
09-13-2026 15:13:34 RAM 7255/7620MB (lfb 1x4MB) SWAP 1871/8192MB (cached 141MB) CPU [0%@1728,0%@1728,0%@1728,100%@1728,1%@729,0%@729] GR3D_FREQ 99% cpu@57.062C soc2@55.312C soc0@54.656C gpu@58.968C tj@58.968C soc1@54.718C VDD_IN 22145mW/6561mW VDD_CPU_GPU_CV 12231mW/1884mW VDD_SOC 4375mW/1717mW
09-13-2026 15:13:34 RAM 7255/7620MB (lfb 1x4MB) SWAP 1871/8192MB (cached 141MB) CPU [0%@1728,0%@1728,0%@1728,100%@1728,0%@729,0%@729] GR3D_FREQ 99% cpu@57.281C soc2@55.5C soc0@54.812C gpu@58.968C tj@58.968C soc1@54.875C VDD_IN 21680mW/6584mW VDD_CPU_GPU_CV 11846mW/1899mW VDD_SOC 4414mW/1721mW
09-13-2026 15:13:35 RAM 7256/7620MB (lfb 1x4MB) SWAP 1871/8192MB (cached 141MB) CPU [1%@1728,0%@1728,0%@1728,100%@1728,1%@729,0%@729] GR3D_FREQ 99% cpu@57.375C soc2@55.687C soc0@54.843C gpu@59.281C tj@59.281C soc1@55.125C VDD_IN 21757mW/6608mW VDD_CPU_GPU_CV 12039mW/1915mW VDD_SOC 4336mW/1725mW
09-13-2026 15:13:35 RAM 7256/7620MB (lfb 1x4MB) SWAP 1871/8192MB (cached 141MB) CPU [0%@1728,0%@1728,0%@1728,100%@1728,1%@729,0%@729] GR3D_FREQ 99% cpu@57.5C soc2@55.875C soc0@55C gpu@59.281C tj@59.281C soc1@55.156C VDD_IN 21719mW/6631mW VDD_CPU_GPU_CV 11962mW/1931mW VDD_SOC 4375mW/1729mW
09-13-2026 15:13:36 RAM 7256/7620MB (lfb 1x4MB) SWAP 1871/8192MB (cached 141MB) CPU [0%@1728,0%@1728,0%@1728,100%@1728,0%@729,1%@729] GR3D_FREQ 99% cpu@57.687C soc2@56.093C soc0@55.25C gpu@59.343C tj@59.343C soc1@55.281C VDD_IN 21602mW/6654mW VDD_CPU_GPU_CV 11885mW/1946mW VDD_SOC 4375mW/1733mW
09-13-2026 15:13:36 RAM 7256/7620MB (lfb 1x4MB) SWAP 1871/8192MB (cached 141MB) CPU [0%@1728,0%@1728,0%@1728,100%@1728,0%@729,0%@729] GR3D_FREQ 99% cpu@57.906C soc2@56.156C soc0@55.25C gpu@59.468C tj@59.468C soc1@55.468C VDD_IN 21641mW/6677mW VDD_CPU_GPU_CV 11846mW/1961mW VDD_SOC 4375mW/1737mW
09-13-2026 15:13:37 RAM 7256/7620MB (lfb 1x4MB) SWAP 1871/8192MB (cached 141MB) CPU [1%@1728,0%@1728,0%@1728,92%@1728,0%@729,0%@729] GR3D_FREQ 86% cpu@57.906C soc2@56.218C soc0@55.468C gpu@58.906C tj@58.906C soc1@55.625C VDD_IN 20317mW/6698mW VDD_CPU_GPU_CV 10342mW/1974mW VDD_SOC 4498mW/1741mW
09-13-2026 15:13:37 RAM 7258/7620MB (lfb 1x4MB) SWAP 1871/8192MB (cached 142MB) CPU [2%@1728,1%@1728,1%@1728,100%@1728,0%@729,0%@729] GR3D_FREQ 99% cpu@58.031C soc2@56.375C soc0@55.5C gpu@58.625C tj@58.625C soc1@55.75C VDD_IN 20356mW/6719mW VDD_CPU_GPU_CV 8929mW/1985mW VDD_SOC 5197mW/1747mW
09-13-2026 15:13:38 RAM 7262/7620MB (lfb 1x4MB) SWAP 1869/8192MB (cached 142MB) CPU [22%@1728,23%@1728,30%@1728,100%@1728,12%@883,8%@883] GR3D_FREQ 87% cpu@58.375C soc2@56.531C soc0@55.562C gpu@59.031C tj@59.031C soc1@55.781C VDD_IN 20744mW/6741mW VDD_CPU_GPU_CV 8876mW/1995mW VDD_SOC 5390mW/1752mW
09-13-2026 15:13:38 RAM 7262/7620MB (lfb 1x4MB) SWAP 1869/8192MB (cached 142MB) CPU [14%@1728,13%@1728,13%@1728,88%@1728,15%@1190,13%@1190] GR3D_FREQ 0% cpu@58.75C soc2@56.343C soc0@55.812C gpu@57.656C tj@58.75C soc1@55.875C VDD_IN 16982mW/6756mW VDD_CPU_GPU_CV 6914mW/2003mW VDD_SOC 4560mW/1757mW
09-13-2026 15:13:39 RAM 7352/7620MB (lfb 8x1MB) SWAP 1935/8192MB (cached 144MB) CPU [13%@1728,92%@1728,7%@1728,3%@1728,6%@1113,43%@1113] GR3D_FREQ 0% cpu@57.312C soc2@55.906C soc0@55.625C gpu@56.75C tj@57.312C soc1@55.906C VDD_IN 10486mW/6762mW VDD_CPU_GPU_CV 3581mW/2005mW VDD_SOC 3114mW/1759mW
09-13-2026 15:13:39 RAM 7407/7620MB (lfb 9x256kB) SWAP 2148/8192MB (cached 159MB) CPU [4%@1728,79%@1728,1%@1728,0%@1728,2%@729,70%@729] GR3D_FREQ 0% cpu@57C soc2@55.406C soc0@55.468C gpu@56.343C tj@57C soc1@56.125C VDD_IN 8266mW/6764mW VDD_CPU_GPU_CV 2250mW/2006mW VDD_SOC 2689mW/1760mW
09-13-2026 15:13:40 RAM 7002/7620MB (lfb 16x1MB) SWAP 2175/8192MB (cached 137MB) CPU [9%@1728,71%@1728,1%@1728,1%@1728,15%@729,2%@729] GR3D_FREQ 99% cpu@56.937C soc2@55.375C soc0@55.281C gpu@57.75C tj@57.75C soc1@56.031C VDD_IN 8899mW/6768mW VDD_CPU_GPU_CV 2996mW/2007mW VDD_SOC 2487mW/1761mW
09-13-2026 15:13:40 RAM 7005/7620MB (lfb 1x4MB) SWAP 2175/8192MB (cached 137MB) CPU [1%@1728,98%@1728,0%@1728,1%@1728,0%@729,43%@729] GR3D_FREQ 99% cpu@57.75C soc2@56.156C soc0@55.5C gpu@59.562C tj@59.562C soc1@56C VDD_IN 18435mW/6785mW VDD_CPU_GPU_CV 10105mW/2020mW VDD_SOC 3657mW/1764mW
09-13-2026 15:13:41 RAM 7007/7620MB (lfb 2x4MB) SWAP 2175/8192MB (cached 137MB) CPU [0%@1728,100%@1728,0%@1728,0%@1728,0%@729,2%@729] GR3D_FREQ 99% cpu@57.875C soc2@56.625C soc0@55.937C gpu@59.968C tj@59.968C soc1@56.031C VDD_IN 21211mW/6807mW VDD_CPU_GPU_CV 12097mW/2035mW VDD_SOC 3994mW/1767mW
09-13-2026 15:13:41 RAM 7008/7620MB (lfb 2x4MB) SWAP 2175/8192MB (cached 137MB) CPU [1%@1728,100%@1728,1%@1728,3%@1728,0%@729,0%@729] GR3D_FREQ 99% cpu@58.343C soc2@56.875C soc0@56.093C gpu@60.812C tj@60.562C soc1@56.187C VDD_IN 22106mW/6831mW VDD_CPU_GPU_CV 12770mW/2051mW VDD_SOC 4065mW/1771mW
09-13-2026 15:13:42 RAM 7008/7620MB (lfb 2x4MB) SWAP 2175/8192MB (cached 137MB) CPU [0%@1728,100%@1728,1%@1728,0%@1728,0%@729,1%@729] GR3D_FREQ 99% cpu@58.468C soc2@57.156C soc0@56.218C gpu@60.562C tj@60.562C soc1@56.468C VDD_IN 22147mW/6854mW VDD_CPU_GPU_CV 12672mW/2067mW VDD_SOC 4136mW/1774mW
09-13-2026 15:13:42 RAM 7005/7620MB (lfb 2x4MB) SWAP 2175/8192MB (cached 138MB) CPU [0%@1728,100%@1728,0%@1728,1%@1728,0%@729,7%@729] GR3D_FREQ 99% cpu@58.593C soc2@57.468C soc0@56.375C gpu@60.906C tj@60.906C soc1@56.562C VDD_IN 22147mW/6877mW VDD_CPU_GPU_CV 12441mW/2083mW VDD_SOC 4290mW/1778mW
09-13-2026 15:13:43 RAM 7005/7620MB (lfb 2x4MB) SWAP 2175/8192MB (cached 138MB) CPU [1%@1728,100%@1728,0%@1728,0%@1728,0%@729,20%@729] GR3D_FREQ 99% cpu@58.843C soc2@57.656C soc0@56.625C gpu@60.843C tj@60.843C soc1@56.781C VDD_IN 21757mW/6899mW VDD_CPU_GPU_CV 11962mW/2098mW VDD_SOC 4375mW/1782mW
09-13-2026 15:13:43 RAM 7006/7620MB (lfb 2x4MB) SWAP 2174/8192MB (cached 139MB) CPU [0%@1728,100%@1728,0%@1728,0%@1728,0%@729,1%@729] GR3D_FREQ 99% cpu@59.062C soc2@57.687C soc0@56.687C gpu@60.937C tj@60.937C soc1@56.875C VDD_IN 21641mW/6922mW VDD_CPU_GPU_CV 11885mW/2113mW VDD_SOC 4375mW/1786mW
09-13-2026 15:13:44 RAM 7007/7620MB (lfb 2x4MB) SWAP 2174/8192MB (cached 139MB) CPU [1%@1728,100%@1728,0%@1728,0%@1728,0%@729,0%@729] GR3D_FREQ 99% cpu@59.062C soc2@57.875C soc0@56.937C gpu@61.156C tj@61.156C soc1@57.156C VDD_IN 21641mW/6944mW VDD_CPU_GPU_CV 11923mW/2127mW VDD_SOC 4336mW/1790mW
09-13-2026 15:13:44 RAM 7007/7620MB (lfb 2x4MB) SWAP 2174/8192MB (cached 139MB) CPU [0%@1728,100%@1728,0%@1728,0%@1728,0%@729,0%@729] GR3D_FREQ 99% cpu@59.062C soc2@58.093C soc0@57.031C gpu@61.281C tj@61.281C soc1@57.187C VDD_IN 21680mW/6966mW VDD_CPU_GPU_CV 11808mW/2142mW VDD_SOC 4414mW/1794mW
09-13-2026 15:13:45 RAM 7006/7620MB (lfb 2x4MB) SWAP 2174/8192MB (cached 139MB) CPU [1%@1728,100%@1728,0%@1728,0%@1728,0%@729,0%@729] GR3D_FREQ 87% cpu@59.343C soc2@58.156C soc0@57.125C gpu@60.5C tj@60.5C soc1@57.187C VDD_IN 20939mW/6987mW VDD_CPU_GPU_CV 10111mW/2154mW VDD_SOC 4917mW/1799mW
09-13-2026 15:13:45 RAM 7006/7620MB (lfb 2x4MB) SWAP 2174/8192MB (cached 139MB) CPU [0%@1728,100%@1728,0%@1728,0%@1728,0%@729,0%@729] GR3D_FREQ 99% cpu@59.593C soc2@58.218C soc0@57.281C gpu@60.781C tj@60.781C soc1@57.312C VDD_IN 20472mW/7007mW VDD_CPU_GPU_CV 8798mW/2164mW VDD_SOC 5313mW/1804mW
09-13-2026 15:13:46 RAM 7007/7620MB (lfb 2x4MB) SWAP 2174/8192MB (cached 139MB) CPU [0%@1728,100%@1728,0%@1728,1%@1728,0%@729,1%@729] GR3D_FREQ 89% cpu@59.406C soc2@58.25C soc0@57.343C gpu@60.625C tj@60.625C soc1@57.437C VDD_IN 20317mW/7027mW VDD_CPU_GPU_CV 8427mW/2173mW VDD_SOC 5429mW/1809mW
09-13-2026 15:13:46 RAM 7007/7620MB (lfb 2x4MB) SWAP 2174/8192MB (cached 139MB) CPU [21%@1651,96%@1651,15%@1651,16%@1651,14%@1344,14%@1344] GR3D_FREQ 0% cpu@60.437C soc2@58.062C soc0@57.375C gpu@59.343C tj@60.437C soc1@57.656C VDD_IN 17568mW/7043mW VDD_CPU_GPU_CV 7148mW/2181mW VDD_SOC 4716mW/1814mW
09-13-2026 15:13:47 RAM 7189/7620MB (lfb 25x1MB) SWAP 2174/8192MB (cached 139MB) CPU [2%@1728,96%@1728,0%@1728,2%@1728,3%@729,0%@729] GR3D_FREQ 0% cpu@58.968C soc2@57.625C soc0@57.187C gpu@58.5C tj@58.968C soc1@57.718C VDD_IN 10565mW/7048mW VDD_CPU_GPU_CV 3536mW/2183mW VDD_SOC 3148mW/1816mW
09-13-2026 15:13:47 RAM 7070/7620MB (lfb 1x2MB) SWAP 2290/8192MB (cached 84MB) CPU [4%@1728,98%@1728,0%@1728,0%@1728,54%@1190,2%@1190] GR3D_FREQ 0% cpu@59C soc2@57.187C soc0@57.25C gpu@57.937C tj@59C soc1@57.625C VDD_IN 8464mW/7050mW VDD_CPU_GPU_CV 2329mW/2183mW VDD_SOC 2729mW/1817mW
09-13-2026 15:13:48 RAM 6735/7620MB (lfb 10x2MB) SWAP 2290/8192MB (cached 84MB) CPU [0%@1728,100%@1728,0%@1728,0%@1728,0%@729,0%@729] GR3D_FREQ 99% cpu@59.062C soc2@57.5C soc0@57.187C gpu@60.562C tj@60.562C soc1@57.531C VDD_IN 14201mW/7061mW VDD_CPU_GPU_CV 6714mW/2190mW VDD_SOC 3329mW/1819mW
09-13-2026 15:13:48 RAM 6738/7620MB (lfb 1x4MB) SWAP 2290/8192MB (cached 84MB) CPU [0%@1728,100%@1728,0%@1728,0%@1728,0%@729,56%@729] GR3D_FREQ 99% cpu@59.437C soc2@58.125C soc0@57.312C gpu@61.656C tj@61.656C soc1@57.812C VDD_IN 19922mW/7080mW VDD_CPU_GPU_CV 11153mW/2203mW VDD_SOC 3845mW/1822mW
09-13-2026 15:13:49 RAM 6753/7620MB (lfb 1x4MB) SWAP 2286/8192MB (cached 95MB) CPU [7%@1728,100%@1728,1%@1728,0%@1728,9%@1728,22%@1728] GR3D_FREQ 99% cpu@59.75C soc2@58.687C soc0@57.593C gpu@61.718C tj@61.718C soc1@57.812C VDD_IN 22029mW/7102mW VDD_CPU_GPU_CV 12539mW/2218mW VDD_SOC 4181mW/1826mW
09-13-2026 15:13:49 RAM 6756/7620MB (lfb 1x4MB) SWAP 2285/8192MB (cached 97MB) CPU [2%@1728,100%@1728,0%@1728,1%@1728,0%@729,9%@729] GR3D_FREQ 99% cpu@60.187C soc2@58.75C soc0@57.75C gpu@62.312C tj@62.312C soc1@57.968C VDD_IN 22264mW/7125mW VDD_CPU_GPU_CV 12787mW/2234mW VDD_SOC 4174mW/1829mW
09-13-2026 15:13:50 RAM 6756/7620MB (lfb 1x4MB) SWAP 2285/8192MB (cached 98MB) CPU [3%@1728,100%@1728,0%@1728,0%@1728,0%@729,0%@729] GR3D_FREQ 99% cpu@60.187C soc2@58.968C soc0@58C gpu@62.593C tj@62.593C soc1@58.031C VDD_IN 22225mW/7147mW VDD_CPU_GPU_CV 12825mW/2250mW VDD_SOC 4097mW/1833mW
09-13-2026 15:13:50 RAM 6757/7620MB (lfb 1x4MB) SWAP 2285/8192MB (cached 98MB) CPU [0%@1728,100%@1728,0%@1728,0%@1728,0%@729,0%@729] GR3D_FREQ 99% cpu@60.406C soc2@59.125C soc0@58.156C gpu@62.312C tj@62.312C soc1@58.343C VDD_IN 22186mW/7169mW VDD_CPU_GPU_CV 12633mW/2265mW VDD_SOC 4174mW/1836mW
09-13-2026 15:13:51 RAM 6757/7620MB (lfb 1x4MB) SWAP 2285/8192MB (cached 98MB) CPU [0%@1728,100%@1728,0%@1728,1%@1728,0%@729,0%@729] GR3D_FREQ 99% cpu@60.437C soc2@59.187C soc0@58.25C gpu@62.718C tj@62.718C soc1@58.468C VDD_IN 22068mW/7191mW VDD_CPU_GPU_CV 12672mW/2280mW VDD_SOC 4097mW/1839mW
09-13-2026 15:13:51 RAM 6757/7620MB (lfb 1x4MB) SWAP 2285/8192MB (cached 98MB) CPU [1%@1728,100%@1728,0%@1728,1%@1728,0%@729,0%@729] GR3D_FREQ 99% cpu@60.562C soc2@59.468C soc0@58.343C gpu@62.843C tj@62.843C soc1@58.562C VDD_IN 21835mW/7213mW VDD_CPU_GPU_CV 11962mW/2295mW VDD_SOC 4375mW/1843mW
09-13-2026 15:13:52 RAM 6757/7620MB (lfb 1x4MB) SWAP 2285/8192MB (cached 98MB) CPU [0%@1728,100%@1728,0%@1728,0%@1728,0%@729,0%@729] GR3D_FREQ 99% cpu@60.906C soc2@59.531C soc0@58.656C gpu@62.812C tj@62.812C soc1@58.625C VDD_IN 21602mW/7234mW VDD_CPU_GPU_CV 11731mW/2309mW VDD_SOC 4414mW/1847mW
09-13-2026 15:13:52 RAM 6757/7620MB (lfb 1x4MB) SWAP 2285/8192MB (cached 98MB) CPU [1%@1728,100%@1728,0%@1728,0%@1728,0%@729,0%@729] GR3D_FREQ 99% cpu@60.968C soc2@59.593C soc0@58.718C gpu@63.125C tj@63.125C soc1@58.718C VDD_IN 21641mW/7255mW VDD_CPU_GPU_CV 11885mW/2323mW VDD_SOC 4336mW/1851mW
09-13-2026 15:13:53 RAM 6757/7620MB (lfb 1x4MB) SWAP 2285/8192MB (cached 98MB) CPU [0%@729,5%@729,1%@729,0%@729,94%@1728,0%@1728] GR3D_FREQ 99% cpu@61.031C soc2@59.781C soc0@58.75C gpu@63.093C tj@63.093C soc1@59.093C VDD_IN 21563mW/7276mW VDD_CPU_GPU_CV 11808mW/2336mW VDD_SOC 4375mW/1854mW
09-13-2026 15:13:53 RAM 6757/7620MB (lfb 1x4MB) SWAP 2285/8192MB (cached 98MB) CPU [0%@729,0%@729,0%@729,0%@729,100%@1728,1%@1728] GR3D_FREQ 99% cpu@61.062C soc2@59.906C soc0@58.968C gpu@63.406C tj@63.406C soc1@59.093C VDD_IN 21602mW/7297mW VDD_CPU_GPU_CV 11808mW/2350mW VDD_SOC 4375mW/1858mW
09-13-2026 15:13:54 RAM 6759/7620MB (lfb 1x4MB) SWAP 2282/8192MB (cached 103MB) CPU [11%@1728,10%@1728,3%@1728,0%@1728,100%@1728,2%@1728] GR3D_FREQ 99% cpu@61.281C soc2@60.062C soc0@58.906C gpu@63.343C tj@63.343C soc1@59.093C VDD_IN 21486mW/7318mW VDD_CPU_GPU_CV 11654mW/2364mW VDD_SOC 4375mW/1862mW
09-13-2026 15:13:54 RAM 6766/7620MB (lfb 1x4MB) SWAP 2277/8192MB (cached 105MB) CPU [9%@729,9%@729,4%@729,15%@729,100%@1728,0%@1728] GR3D_FREQ 99% cpu@61.562C soc2@60.156C soc0@59.218C gpu@62.875C tj@62.875C soc1@59.187C VDD_IN 21369mW/7338mW VDD_CPU_GPU_CV 11057mW/2377mW VDD_SOC 4607mW/1866mW
09-13-2026 15:13:55 RAM 6766/7620MB (lfb 1x4MB) SWAP 2277/8192MB (cached 106MB) CPU [0%@1113,1%@1113,1%@1113,0%@1113,98%@1728,0%@1728] GR3D_FREQ 88% cpu@61.687C soc2@60.156C soc0@59.281C gpu@62.718C tj@62.718C soc1@59.187C VDD_IN 20788mW/7358mW VDD_CPU_GPU_CV 9223mW/2387mW VDD_SOC 5265mW/1871mW
09-13-2026 15:13:56 RAM 6766/7620MB (lfb 1x4MB) SWAP 2277/8192MB (cached 106MB) CPU [0%@1728,0%@1728,0%@1728,0%@1728,100%@1728,0%@1728] GR3D_FREQ 83% cpu@61.531C soc2@60.281C soc0@59.343C gpu@62.593C tj@62.593C soc1@59.656C VDD_IN 20628mW/7377mW VDD_CPU_GPU_CV 8644mW/2396mW VDD_SOC 5429mW/1876mW
09-13-2026 15:13:56 RAM 6841/7620MB (lfb 1x4MB) SWAP 2277/8192MB (cached 106MB) CPU [23%@1728,19%@1728,16%@1728,18%@1728,93%@1728,18%@1728] GR3D_FREQ 0% cpu@62.062C soc2@60.187C soc0@59.437C gpu@61.406C tj@62.062C soc1@59.687C VDD_IN 17333mW/7392mW VDD_CPU_GPU_CV 7070mW/2403mW VDD_SOC 4638mW/1880mW
09-13-2026 15:13:57 RAM 7183/7620MB (lfb 43x1MB) SWAP 2277/8192MB (cached 106MB) CPU [1%@1728,0%@1728,1%@1728,0%@1728,98%@1728,3%@1728] GR3D_FREQ 0% cpu@61.093C soc2@59.625C soc0@59.156C gpu@60.343C tj@61.062C soc1@59.625C VDD_IN 10526mW/7396mW VDD_CPU_GPU_CV 3497mW/2404mW VDD_SOC 3148mW/1882mW
09-13-2026 15:13:57 RAM 6762/7620MB (lfb 1x4MB) SWAP 2321/8192MB (cached 94MB) CPU [58%@1728,0%@1728,0%@1728,0%@1728,42%@729,27%@729] GR3D_FREQ 0% cpu@61.343C soc2@59.5C soc0@59.062C gpu@60C tj@61.343C soc1@59.562C VDD_IN 8464mW/7398mW VDD_CPU_GPU_CV 2250mW/2404mW VDD_SOC 2764mW/1883mW
09-13-2026 15:13:58 RAM 6768/7620MB (lfb 1x4MB) SWAP 2321/8192MB (cached 94MB) CPU [100%@1728,0%@1728,3%@1728,0%@1728,0%@1728,28%@1728] GR3D_FREQ 99% cpu@61.156C soc2@60.031C soc0@59.218C gpu@63.156C tj@63.156C soc1@59.5C VDD_IN 17724mW/7413mW VDD_CPU_GPU_CV 9308mW/2414mW VDD_SOC 3702mW/1886mW
09-13-2026 15:13:58 RAM 6768/7620MB (lfb 1x4MB) SWAP 2321/8192MB (cached 94MB) CPU [100%@1728,0%@1728,0%@1728,0%@1728,0%@1728,0%@1728] GR3D_FREQ 99% cpu@61.625C soc2@60.437C soc0@59.5C gpu@64.031C tj@64.031C soc1@59.656C VDD_IN 21059mW/7432mW VDD_CPU_GPU_CV 11751mW/2427mW VDD_SOC 4104mW/1889mW
09-13-2026 15:13:59 RAM 6768/7620MB (lfb 1x4MB) SWAP 2321/8192MB (cached 94MB) CPU [100%@1728,0%@1728,1%@1728,0%@1728,0%@729,0%@729] GR3D_FREQ 99% cpu@61.718C soc2@60.812C soc0@59.687C gpu@64.093C tj@64.093C soc1@59.968C VDD_IN 21874mW/7453mW VDD_CPU_GPU_CV 12556mW/2442mW VDD_SOC 4058mW/1892mW
09-13-2026 15:13:59 RAM 6768/7620MB (lfb 1x4MB) SWAP 2321/8192MB (cached 94MB) CPU [100%@1728,0%@1728,0%@1728,0%@1728,0%@1190,0%@1190] GR3D_FREQ 99% cpu@62C soc2@61.062C soc0@59.75C gpu@64.406C tj@64.406C soc1@60C VDD_IN 22535mW/7475mW VDD_CPU_GPU_CV 12825mW/2457mW VDD_SOC 4252mW/1895mW
09-13-2026 15:14:00 RAM 6768/7620MB (lfb 1x4MB) SWAP 2321/8192MB (cached 94MB) CPU [100%@1728,0%@1728,1%@1728,1%@1728,0%@729,0%@729] GR3D_FREQ 99% cpu@62.156C soc2@61.156C soc0@60.031C gpu@64.312C tj@64.312C soc1@60.062C VDD_IN 22264mW/7496mW VDD_CPU_GPU_CV 12748mW/2472mW VDD_SOC 4174mW/1899mW
09-13-2026 15:14:00 RAM 6768/7620MB (lfb 1x4MB) SWAP 2320/8192MB (cached 94MB) CPU [100%@1728,0%@1728,0%@1728,0%@1728,0%@729,0%@729] GR3D_FREQ 99% cpu@62.468C soc2@61.187C soc0@60.187C gpu@64.781C tj@64.781C soc1@60.093C VDD_IN 21954mW/7517mW VDD_CPU_GPU_CV 12595mW/2486mW VDD_SOC 4097mW/1902mW
09-13-2026 15:14:01 RAM 6768/7620MB (lfb 1x4MB) SWAP 2320/8192MB (cached 94MB) CPU [100%@1728,0%@1728,0%@1728,0%@1728,0%@729,0%@729] GR3D_FREQ 99% cpu@62.468C soc2@61.406C soc0@60.406C gpu@64.531C tj@64.531C soc1@60.406C VDD_IN 22109mW/7538mW VDD_CPU_GPU_CV 12288mW/2500mW VDD_SOC 4329mW/1905mW
09-13-2026 15:14:01 RAM 6770/7620MB (lfb 1x4MB) SWAP 2320/8192MB (cached 94MB) CPU [100%@1728,0%@1728,0%@1728,9%@1728,0%@729,0%@729] GR3D_FREQ 99% cpu@62.687C soc2@61.562C soc0@60.343C gpu@65C tj@65C soc1@60.406C VDD_IN 21719mW/7558mW VDD_CPU_GPU_CV 11846mW/2514mW VDD_SOC 4368mW/1909mW
09-13-2026 15:14:02 RAM 6772/7620MB (lfb 1x4MB) SWAP 2320/8192MB (cached 94MB) CPU [17%@1113,30%@1113,23%@1113,12%@1113,98%@1728,22%@1728] GR3D_FREQ 99% cpu@63C soc2@61.562C soc0@60.687C gpu@64.687C tj@64.687C soc1@60.5C VDD_IN 21486mW/7578mW VDD_CPU_GPU_CV 11769mW/2527mW VDD_SOC 4336mW/1912mW
09-13-2026 15:14:02 RAM 6775/7620MB (lfb 1x4MB) SWAP 2320/8192MB (cached 94MB) CPU [22%@1728,10%@1728,21%@1728,12%@1728,100%@1728,2%@1728] GR3D_FREQ 99% cpu@63.187C soc2@61.625C soc0@60.718C gpu@65.093C tj@65.093C soc1@60.593C VDD_IN 21369mW/7598mW VDD_CPU_GPU_CV 11769mW/2540mW VDD_SOC 4297mW/1916mW
09-13-2026 15:14:03 RAM 6776/7620MB (lfb 1x4MB) SWAP 2320/8192MB (cached 94MB) CPU [23%@1728,12%@1728,8%@1728,12%@1728,100%@1728,3%@1728] GR3D_FREQ 99% cpu@62.968C soc2@61.656C soc0@60.812C gpu@64.968C tj@64.968C soc1@60.75C VDD_IN 21369mW/7618mW VDD_CPU_GPU_CV 11654mW/2553mW VDD_SOC 4336mW/1919mW
09-13-2026 15:14:03 RAM 6777/7620MB (lfb 1x4MB) SWAP 2320/8192MB (cached 94MB) CPU [10%@1728,16%@1728,14%@1728,9%@1728,100%@1728,3%@1728] GR3D_FREQ 99% cpu@63.187C soc2@61.781C soc0@60.906C gpu@65.468C tj@65.468C soc1@60.875C VDD_IN 21563mW/7637mW VDD_CPU_GPU_CV 11808mW/2566mW VDD_SOC 4375mW/1923mW
09-13-2026 15:14:04 RAM 6775/7620MB (lfb 1x4MB) SWAP 2319/8192MB (cached 95MB) CPU [6%@729,12%@729,6%@1728,4%@1728,100%@1728,2%@1728] GR3D_FREQ 99% cpu@63.125C soc2@61.906C soc0@61C gpu@65.25C tj@65.25C soc1@61.062C VDD_IN 21525mW/7657mW VDD_CPU_GPU_CV 11693mW/2579mW VDD_SOC 4375mW/1926mW
09-13-2026 15:14:04 RAM 6775/7620MB (lfb 1x4MB) SWAP 2319/8192MB (cached 95MB) CPU [0%@729,1%@729,2%@729,2%@729,100%@1728,0%@1728] GR3D_FREQ 97% cpu@63.218C soc2@62.125C soc0@61.125C gpu@64.781C tj@64.781C soc1@61.125C VDD_IN 21098mW/7676mW VDD_CPU_GPU_CV 10325mW/2590mW VDD_SOC 4840mW/1930mW
09-13-2026 15:14:05 RAM 6775/7620MB (lfb 1x4MB) SWAP 2319/8192MB (cached 95MB) CPU [0%@1728,0%@1728,0%@1728,1%@1728,100%@1728,0%@1728] GR3D_FREQ 88% cpu@63.343C soc2@62.093C soc0@61.156C gpu@64.687C tj@64.687C soc1@61.187C VDD_IN 20865mW/7695mW VDD_CPU_GPU_CV 9054mW/2600mW VDD_SOC 5343mW/1935mW
09-13-2026 15:14:05 RAM 6776/7620MB (lfb 1x4MB) SWAP 2319/8192MB (cached 95MB) CPU [0%@1728,0%@1728,1%@1728,4%@1728,100%@1728,0%@1728] GR3D_FREQ 87% cpu@63.437C soc2@62.156C soc0@61.375C gpu@64.937C tj@64.937C soc1@61.25C VDD_IN 20710mW/7713mW VDD_CPU_GPU_CV 8644mW/2608mW VDD_SOC 5498mW/1940mW
09-13-2026 15:14:06 RAM 6821/7620MB (lfb 3x4MB) SWAP 2318/8192MB (cached 97MB) CPU [21%@1728,18%@1728,42%@1728,21%@1728,70%@729,21%@729] GR3D_FREQ 0% cpu@63.937C soc2@61.843C soc0@61.312C gpu@63.031C tj@63.937C soc1@61.343C VDD_IN 14962mW/7724mW VDD_CPU_GPU_CV 5846mW/2613mW VDD_SOC 4105mW/1943mW
09-13-2026 15:14:06 RAM 6853/7620MB (lfb 2x4MB) SWAP 2318/8192MB (cached 98MB) CPU [0%@1728,0%@1728,100%@1728,3%@1728,0%@729,17%@729] GR3D_FREQ 0% cpu@63.156C soc2@61.375C soc0@61.156C gpu@62.281C tj@63.156C soc1@61.468C VDD_IN 9895mW/7727mW VDD_CPU_GPU_CV 3070mW/2613mW VDD_SOC 3035mW/1945mW
09-13-2026 15:14:07 RAM 6836/7620MB (lfb 1x2MB) SWAP 2318/8192MB (cached 98MB) CPU [0%@1728,1%@1728,100%@1728,0%@1728,1%@729,0%@729] GR3D_FREQ 99% cpu@63.343C soc2@61.906C soc0@61.062C gpu@65.218C tj@65.218C soc1@61.5C VDD_IN 17099mW/7740mW VDD_CPU_GPU_CV 8803mW/2622mW VDD_SOC 3663mW/1947mW
09-13-2026 15:14:07 RAM 6836/7620MB (lfb 1x2MB) SWAP 2318/8192MB (cached 98MB) CPU [0%@1728,0%@1728,100%@1728,0%@1728,0%@729,0%@729] GR3D_FREQ 99% cpu@63.812C soc2@62.187C soc0@61.5C gpu@65.656C tj@65.656C soc1@61.5C VDD_IN 20904mW/7758mW VDD_CPU_GPU_CV 11789mW/2635mW VDD_SOC 4026mW/1950mW
09-13-2026 15:14:08 RAM 6836/7620MB (lfb 1x2MB) SWAP 2318/8192MB (cached 98MB) CPU [1%@1728,0%@1728,100%@1728,0%@1728,0%@729,0%@729] GR3D_FREQ 99% cpu@64.281C soc2@62.468C soc0@61.562C gpu@66.125C tj@66.125C soc1@61.531C VDD_IN 22147mW/7779mW VDD_CPU_GPU_CV 12748mW/2649mW VDD_SOC 4136mW/1953mW
09-13-2026 15:14:08 RAM 6836/7620MB (lfb 1x2MB) SWAP 2318/8192MB (cached 98MB) CPU [1%@1728,0%@1728,100%@1728,1%@1728,0%@729,0%@729] GR3D_FREQ 99% cpu@64.218C soc2@62.625C soc0@61.812C gpu@66.593C tj@66.593C soc1@61.906C VDD_IN 22535mW/7799mW VDD_CPU_GPU_CV 12864mW/2664mW VDD_SOC 4213mW/1956mW
09-13-2026 15:14:09 RAM 6836/7620MB (lfb 1x2MB) SWAP 2317/8192MB (cached 98MB) CPU [0%@1728,0%@1728,100%@1728,0%@1728,0%@729,0%@729] GR3D_FREQ 99% cpu@64.343C soc2@62.781C soc0@61.875C gpu@66.656C tj@66.656C soc1@61.937C VDD_IN 22225mW/7820mW VDD_CPU_GPU_CV 12825mW/2678mW VDD_SOC 4097mW/1959mW
09-13-2026 15:14:09 RAM 6836/7620MB (lfb 1x2MB) SWAP 2317/8192MB (cached 98MB) CPU [0%@1728,0%@1728,100%@1728,0%@1728,1%@729,0%@729] GR3D_FREQ 99% cpu@64.656C soc2@62.812C soc0@61.906C gpu@66.343C tj@66.343C soc1@61.968C VDD_IN 21915mW/7839mW VDD_CPU_GPU_CV 12057mW/2691mW VDD_SOC 4368mW/1963mW
09-13-2026 15:14:10 RAM 6836/7620MB (lfb 1x2MB) SWAP 2317/8192MB (cached 98MB) CPU [1%@1728,0%@1728,100%@1728,0%@1728,0%@729,0%@729] GR3D_FREQ 99% cpu@64.875C soc2@63.031C soc0@62.218C gpu@66.25C tj@66.25C soc1@62C VDD_IN 21525mW/7859mW VDD_CPU_GPU_CV 11654mW/2703mW VDD_SOC 4414mW/1966mW
09-13-2026 15:14:10 RAM 6836/7620MB (lfb 1x2MB) SWAP 2317/8192MB (cached 98MB) CPU [0%@1728,0%@1728,100%@1728,0%@1728,0%@729,0%@729] GR3D_FREQ 99% cpu@64.781C soc2@63.093C soc0@62.187C gpu@66.625C tj@66.625C soc1@62.125C VDD_IN 21602mW/7878mW VDD_CPU_GPU_CV 11808mW/2716mW VDD_SOC 4375mW/1969mW
09-13-2026 15:14:11 RAM 6837/7620MB (lfb 1x2MB) SWAP 2316/8192MB (cached 98MB) CPU [0%@1728,0%@1728,100%@1728,8%@1728,0%@729,0%@729] GR3D_FREQ 99% cpu@64.781C soc2@63.281C soc0@62.375C gpu@66.5C tj@66.5C soc1@62.25C VDD_IN 21447mW/7897mW VDD_CPU_GPU_CV 11693mW/2729mW VDD_SOC 4375mW/1973mW
09-13-2026 15:14:11 RAM 6837/7620MB (lfb 1x2MB) SWAP 2316/8192MB (cached 98MB) CPU [0%@1728,0%@1728,100%@1728,2%@1728,0%@729,0%@729] GR3D_FREQ 99% cpu@65.187C soc2@63.437C soc0@62.468C gpu@66.531C tj@66.531C soc1@62.375C VDD_IN 21408mW/7915mW VDD_CPU_GPU_CV 11462mW/2741mW VDD_SOC 4530mW/1976mW
09-13-2026 15:14:12 RAM 6837/7620MB (lfb 1x2MB) SWAP 2316/8192MB (cached 99MB) CPU [3%@1728,0%@1728,100%@1728,1%@1728,0%@729,0%@729] GR3D_FREQ 99% cpu@65.093C soc2@63.375C soc0@62.593C gpu@65.968C tj@65.968C soc1@62.375C VDD_IN 20671mW/7933mW VDD_CPU_GPU_CV 9262mW/2750mW VDD_SOC 5227mW/1981mW
09-13-2026 15:14:12 RAM 6838/7620MB (lfb 1x2MB) SWAP 2316/8192MB (cached 99MB) CPU [1%@1728,0%@1728,100%@1728,0%@1728,0%@729,1%@729] GR3D_FREQ 99% cpu@65.468C soc2@63.406C soc0@62.625C gpu@65.937C tj@66.218C soc1@62.562C VDD_IN 20516mW/7951mW VDD_CPU_GPU_CV 8606mW/2758mW VDD_SOC 5429mW/1986mW
09-13-2026 15:14:13 RAM 6838/7620MB (lfb 1x2MB) SWAP 2316/8192MB (cached 99MB) CPU [1%@1728,0%@1728,100%@1728,0%@1728,0%@729,0%@729] GR3D_FREQ 97% cpu@65.312C soc2@63.468C soc0@62.625C gpu@66.093C tj@66.093C soc1@62.781C VDD_IN 20472mW/7968mW VDD_CPU_GPU_CV 8413mW/2766mW VDD_SOC 5507mW/1991mW
09-13-2026 15:14:13 RAM 6838/7620MB (lfb 1x2MB) SWAP 2316/8192MB (cached 99MB) CPU [16%@1728,17%@1728,93%@1728,21%@1728,20%@729,22%@729] GR3D_FREQ 0% cpu@65.281C soc2@63.062C soc0@62.625C gpu@64.156C tj@65.281C soc1@62.812C VDD_IN 13103mW/7975mW VDD_CPU_GPU_CV 4888mW/2769mW VDD_SOC 3687mW/1993mW
09-13-2026 15:14:14 RAM 6838/7620MB (lfb 2x4MB) SWAP 2316/8192MB (cached 99MB) CPU [0%@1728,0%@1728,100%@1728,1%@1728,0%@729,0%@729] GR3D_FREQ 99% cpu@64.531C soc2@62.687C soc0@62.593C gpu@64.218C tj@64.531C soc1@62.781C VDD_IN 10013mW/7978mW VDD_CPU_GPU_CV 3148mW/2769mW VDD_SOC 3075mW/1994mW
09-13-2026 15:14:14 RAM 6838/7620MB (lfb 2x4MB) SWAP 2316/8192MB (cached 99MB) CPU [1%@1728,0%@1728,100%@1728,0%@1728,0%@729,0%@729] GR3D_FREQ 99% cpu@64.937C soc2@63.187C soc0@62.625C gpu@66.781C tj@66.781C soc1@62.687C VDD_IN 18669mW/7993mW VDD_CPU_GPU_CV 9895mW/2779mW VDD_SOC 3852mW/1997mW
09-13-2026 15:14:15 RAM 6838/7620MB (lfb 2x4MB) SWAP 2316/8192MB (cached 99MB) CPU [0%@1728,0%@1728,100%@1728,0%@1728,0%@729,0%@729] GR3D_FREQ 99% cpu@65.156C soc2@63.625C soc0@62.781C gpu@67.187C tj@67.062C soc1@62.937C VDD_IN 21447mW/8011mW VDD_CPU_GPU_CV 12116mW/2792mW VDD_SOC 4104mW/2000mW
09-13-2026 15:14:15 RAM 6838/7620MB (lfb 2x4MB) SWAP 2316/8192MB (cached 99MB) CPU [0%@1728,0%@1728,100%@1728,1%@1728,0%@729,0%@729] GR3D_FREQ 99% cpu@65.281C soc2@63.843C soc0@63C gpu@67.718C tj@67.718C soc1@62.937C VDD_IN 22341mW/8031mW VDD_CPU_GPU_CV 12825mW/2806mW VDD_SOC 4174mW/2003mW
09-13-2026 15:14:16 RAM 6838/7620MB (lfb 2x4MB) SWAP 2316/8192MB (cached 99MB) CPU [1%@1728,1%@1728,100%@1728,1%@1728,0%@729,0%@729] GR3D_FREQ 99% cpu@65.468C soc2@64C soc0@63.093C gpu@67.718C tj@67.718C soc1@62.968C VDD_IN 22380mW/8051mW VDD_CPU_GPU_CV 12902mW/2820mW VDD_SOC 4174mW/2006mW
09-13-2026 15:14:16 RAM 6838/7620MB (lfb 2x4MB) SWAP 2316/8192MB (cached 99MB) CPU [1%@1728,0%@1728,100%@1728,0%@1728,0%@729,0%@729] GR3D_FREQ 99% cpu@65.968C soc2@64.125C soc0@63.375C gpu@67.687C tj@67.687C soc1@63.093C VDD_IN 22418mW/8071mW VDD_CPU_GPU_CV 12595mW/2833mW VDD_SOC 4329mW/2009mW
09-13-2026 15:14:17 RAM 6838/7620MB (lfb 2x4MB) SWAP 2316/8192MB (cached 99MB) CPU [1%@1728,0%@1728,100%@1728,0%@1728,1%@729,0%@729] GR3D_FREQ 99% cpu@65.875C soc2@64.125C soc0@63.343C gpu@67.687C tj@67.687C soc1@63.25C VDD_IN 21838mW/8089mW VDD_CPU_GPU_CV 11942mW/2846mW VDD_SOC 4406mW/2012mW
09-13-2026 15:14:17 RAM 6838/7620MB (lfb 2x4MB) SWAP 2316/8192MB (cached 99MB) CPU [0%@1728,0%@1728,100%@1728,0%@1728,0%@729,0%@729] GR3D_FREQ 99% cpu@66.031C soc2@64.343C soc0@63.468C gpu@67.906C tj@67.906C soc1@63.437C VDD_IN 21525mW/8108mW VDD_CPU_GPU_CV 11693mW/2858mW VDD_SOC 4406mW/2016mW
09-13-2026 15:14:18 RAM 6838/7620MB (lfb 2x4MB) SWAP 2316/8192MB (cached 99MB) CPU [0%@1728,0%@1728,100%@1728,0%@1728,0%@729,0%@729] GR3D_FREQ 99% cpu@66.093C soc2@64.5C soc0@63.531C gpu@68.187C tj@68.187C soc1@63.406C VDD_IN 21486mW/8126mW VDD_CPU_GPU_CV 11769mW/2870mW VDD_SOC 4336mW/2019mW
09-13-2026 15:14:18 RAM 6838/7620MB (lfb 2x4MB) SWAP 2316/8192MB (cached 99MB) CPU [0%@1728,0%@1728,100%@1728,0%@1728,0%@729,0%@729] GR3D_FREQ 99% cpu@66.281C soc2@64.625C soc0@63.781C gpu@68.187C tj@68.187C soc1@63.5C VDD_IN 21486mW/8144mW VDD_CPU_GPU_CV 11731mW/2882mW VDD_SOC 4414mW/2022mW
09-13-2026 15:14:19 RAM 6838/7620MB (lfb 2x4MB) SWAP 2316/8192MB (cached 99MB) CPU [0%@1728,1%@1728,100%@1728,0%@1728,0%@729,0%@729] GR3D_FREQ 87% cpu@66.531C soc2@64.625C soc0@63.781C gpu@67.406C tj@67.406C soc1@63.656C VDD_IN 21176mW/8162mW VDD_CPU_GPU_CV 10654mW/2893mW VDD_SOC 4762mW/2026mW
09-13-2026 15:14:19 RAM 6838/7620MB (lfb 2x4MB) SWAP 2316/8192MB (cached 99MB) CPU [0%@1728,0%@1728,100%@1728,0%@1728,0%@729,0%@729] GR3D_FREQ 96% cpu@66.468C soc2@64.531C soc0@63.843C gpu@67.218C tj@67.218C soc1@63.968C VDD_IN 20671mW/8179mW VDD_CPU_GPU_CV 9015mW/2901mW VDD_SOC 5304mW/2030mW
09-13-2026 15:14:20 RAM 6840/7620MB (lfb 2x4MB) SWAP 2316/8192MB (cached 99MB) CPU [2%@1728,0%@1728,100%@1728,0%@1728,0%@729,0%@729] GR3D_FREQ 99% cpu@66.5C soc2@64.812C soc0@63.906C gpu@67.625C tj@67.625C soc1@63.906C VDD_IN 20516mW/8196mW VDD_CPU_GPU_CV 8567mW/2909mW VDD_SOC 5459mW/2035mW
09-13-2026 15:14:20 RAM 6843/7620MB (lfb 2x4MB) SWAP 2316/8192MB (cached 99MB) CPU [7%@1728,7%@1728,100%@1728,7%@1728,7%@729,2%@729] GR3D_FREQ 99% cpu@66.906C soc2@64.75C soc0@64.093C gpu@67.093C tj@67.093C soc1@63.937C VDD_IN 20400mW/8213mW VDD_CPU_GPU_CV 8374mW/2916mW VDD_SOC 5468mW/2040mW
09-13-2026 15:14:21 RAM 6822/7620MB (lfb 59x1MB) SWAP 2316/8192MB (cached 99MB) CPU [18%@1728,93%@1728,21%@1728,16%@1728,16%@729,19%@729] GR3D_FREQ 0% cpu@65.687C soc2@64.218C soc0@63.875C gpu@65.593C tj@65.687C soc1@64.031C VDD_IN 11828mW/8217mW VDD_CPU_GPU_CV 4237mW/2918mW VDD_SOC 3418mW/2041mW
09-13-2026 15:14:21 RAM 6935/7620MB (lfb 1x4MB) SWAP 2321/8192MB (cached 98MB) CPU [0%@1728,100%@1728,0%@1728,0%@1728,6%@729,2%@729] GR3D_FREQ 0% cpu@65.406C soc2@63.875C soc0@63.718C gpu@64.812C tj@65.5C soc1@64.093C VDD_IN 8924mW/8218mW VDD_CPU_GPU_CV 2483mW/2917mW VDD_SOC 2882mW/2043mW
09-13-2026 15:14:22 RAM 6718/7620MB (lfb 41x2MB) SWAP 2321/8192MB (cached 99MB) CPU [0%@1728,100%@1728,0%@1728,1%@1728,0%@729,0%@729] GR3D_FREQ 99% cpu@65.562C soc2@64.281C soc0@63.625C gpu@67.593C tj@67.593C soc1@63.968C VDD_IN 16189mW/8229mW VDD_CPU_GPU_CV 8235mW/2925mW VDD_SOC 3513mW/2045mW
09-13-2026 15:14:22 RAM 6718/7620MB (lfb 41x2MB) SWAP 2321/8192MB (cached 99MB) CPU [0%@1728,100%@1728,0%@1728,3%@1728,1%@729,0%@729] GR3D_FREQ 99% cpu@65.937C soc2@64.75C soc0@63.843C gpu@68.25C tj@68.25C soc1@64C VDD_IN 20982mW/8246mW VDD_CPU_GPU_CV 11500mW/2936mW VDD_SOC 4181mW/2047mW
09-13-2026 15:14:23 RAM 6718/7620MB (lfb 41x2MB) SWAP 2321/8192MB (cached 99MB) CPU [0%@1728,100%@1728,1%@1728,1%@1728,0%@729,0%@729] GR3D_FREQ 99% cpu@66.281C soc2@64.968C soc0@64.156C gpu@68.531C tj@68.531C soc1@64.062C VDD_IN 22070mW/8265mW VDD_CPU_GPU_CV 12595mW/2949mW VDD_SOC 4174mW/2050mW
09-13-2026 15:14:23 RAM 6719/7620MB (lfb 41x2MB) SWAP 2321/8192MB (cached 99MB) CPU [1%@1728,100%@1728,0%@1728,0%@1728,0%@729,0%@729] GR3D_FREQ 99% cpu@66.562C soc2@65.062C soc0@64.312C gpu@68.843C tj@68.843C soc1@64.375C VDD_IN 22535mW/8284mW VDD_CPU_GPU_CV 12880mW/2963mW VDD_SOC 4213mW/2053mW
09-13-2026 15:14:24 RAM 6719/7620MB (lfb 41x2MB) SWAP 2321/8192MB (cached 99MB) CPU [0%@1728,100%@1728,0%@1728,0%@1728,0%@729,0%@729] GR3D_FREQ 99% cpu@66.562C soc2@65.375C soc0@64.437C gpu@69.156C tj@69.156C soc1@64.437C VDD_IN 22573mW/8304mW VDD_CPU_GPU_CV 12880mW/2976mW VDD_SOC 4245mW/2056mW
09-13-2026 15:14:24 RAM 6719/7620MB (lfb 41x2MB) SWAP 2321/8192MB (cached 99MB) CPU [1%@1728,100%@1728,0%@1728,0%@1728,0%@729,0%@729] GR3D_FREQ 99% cpu@66.593C soc2@65.468C soc0@64.562C gpu@69.156C tj@69.156C soc1@64.5C VDD_IN 22341mW/8322mW VDD_CPU_GPU_CV 12765mW/2989mW VDD_SOC 4174mW/2059mW
09-13-2026 15:14:25 RAM 6719/7620MB (lfb 41x2MB) SWAP 2321/8192MB (cached 99MB) CPU [0%@1728,100%@1728,0%@1728,0%@1728,1%@729,0%@729] GR3D_FREQ 99% cpu@66.968C soc2@65.593C soc0@64.843C gpu@68.937C tj@68.937C soc1@64.5C VDD_IN 22457mW/8341mW VDD_CPU_GPU_CV 12459mW/3002mW VDD_SOC 4399mW/2062mW
09-13-2026 15:14:25 RAM 6719/7620MB (lfb 41x2MB) SWAP 2320/8192MB (cached 99MB) CPU [1%@1728,100%@1728,0%@1728,0%@1728,0%@729,0%@729] GR3D_FREQ 99% cpu@66.937C soc2@65.593C soc0@64.812C gpu@69.187C tj@69.187C soc1@64.656C VDD_IN 21876mW/8360mW VDD_CPU_GPU_CV 11942mW/3014mW VDD_SOC 4445mW/2065mW
09-13-2026 15:14:26 RAM 6719/7620MB (lfb 41x2MB) SWAP 2320/8192MB (cached 99MB) CPU [0%@1728,98%@1728,0%@1728,1%@1728,0%@729,0%@729] GR3D_FREQ 99% cpu@67.093C soc2@65.718C soc0@64.875C gpu@69.218C tj@69.218C soc1@64.906C VDD_IN 21525mW/8377mW VDD_CPU_GPU_CV 11693mW/3025mW VDD_SOC 4414mW/2069mW
09-13-2026 15:14:26 RAM 6719/7620MB (lfb 41x2MB) SWAP 2320/8192MB (cached 99MB) CPU [0%@1728,100%@1728,0%@1728,0%@1728,0%@729,0%@729] GR3D_FREQ 99% cpu@67.093C soc2@65.843C soc0@65C gpu@69.312C tj@69.312C soc1@64.906C VDD_IN 21525mW/8395mW VDD_CPU_GPU_CV 11769mW/3037mW VDD_SOC 4368mW/2072mW
09-13-2026 15:14:27 RAM 6719/7620MB (lfb 41x2MB) SWAP 2320/8192MB (cached 99MB) CPU [0%@1728,100%@1728,0%@1728,0%@1728,0%@729,0%@729] GR3D_FREQ 99% cpu@67.343C soc2@65.968C soc0@65.281C gpu@69.656C tj@69.656C soc1@64.875C VDD_IN 21447mW/8412mW VDD_CPU_GPU_CV 11616mW/3049mW VDD_SOC 4375mW/2075mW
09-13-2026 15:14:27 RAM 6721/7620MB (lfb 41x2MB) SWAP 2320/8192MB (cached 99MB) CPU [1%@1728,100%@1728,0%@1728,0%@1728,0%@729,0%@729] GR3D_FREQ 99% cpu@67.437C soc2@65.968C soc0@65.218C gpu@69.656C tj@69.656C soc1@65C VDD_IN 21563mW/8430mW VDD_CPU_GPU_CV 11731mW/3060mW VDD_SOC 4406mW/2078mW
09-13-2026 15:14:28 RAM 6721/7620MB (lfb 41x2MB) SWAP 2320/8192MB (cached 99MB) CPU [1%@1728,100%@1728,0%@1728,0%@1728,0%@729,0%@729] GR3D_FREQ 99% cpu@67.562C soc2@66.031C soc0@65.312C gpu@69.718C tj@69.718C soc1@65.218C VDD_IN 21447mW/8447mW VDD_CPU_GPU_CV 11577mW/3071mW VDD_SOC 4406mW/2081mW
09-13-2026 15:14:28 RAM 6721/7620MB (lfb 41x2MB) SWAP 2320/8192MB (cached 99MB) CPU [0%@1728,100%@1728,0%@1728,1%@1728,0%@729,0%@729] GR3D_FREQ 99% cpu@67.625C soc2@66.281C soc0@65.375C gpu@69.156C tj@69.156C soc1@65.218C VDD_IN 21369mW/8464mW VDD_CPU_GPU_CV 10885mW/3082mW VDD_SOC 4716mW/2084mW
09-13-2026 15:14:29 RAM 6721/7620MB (lfb 41x2MB) SWAP 2320/8192MB (cached 99MB) CPU [0%@1728,100%@1728,0%@1728,0%@1728,1%@729,0%@729] GR3D_FREQ 92% cpu@67.812C soc2@66.187C soc0@65.625C gpu@68.937C tj@68.937C soc1@65.281C VDD_IN 21020mW/8481mW VDD_CPU_GPU_CV 9246mW/3090mW VDD_SOC 5343mW/2089mW
09-13-2026 15:14:29 RAM 6721/7620MB (lfb 41x2MB) SWAP 2320/8192MB (cached 99MB) CPU [0%@1728,100%@1728,1%@1728,0%@1728,0%@729,0%@729] GR3D_FREQ 99% cpu@67.937C soc2@66.312C soc0@65.625C gpu@68.843C tj@68.843C soc1@65.343C VDD_IN 20865mW/8497mW VDD_CPU_GPU_CV 8707mW/3098mW VDD_SOC 5536mW/2093mW
09-13-2026 15:14:30 RAM 6683/7620MB (lfb 4x4MB) SWAP 2316/8192MB (cached 103MB) CPU [8%@1728,75%@1728,0%@1728,0%@1728,0%@729,0%@729] GR3D_FREQ 0% cpu@67.437C soc2@65.968C soc0@65.531C gpu@67.781C tj@67.781C soc1@65.625C VDD_IN 16201mW/8508mW VDD_CPU_GPU_CV 6303mW/3102mW VDD_SOC 4489mW/2096mW
09-13-2026 15:14:30 RAM 6702/7620MB (lfb 4x4MB) SWAP 2301/8192MB (cached 106MB) CPU [15%@1728,12%@1728,2%@1728,0%@1728,5%@1728,12%@1728] GR3D_FREQ 0% cpu@66.531C soc2@65.5C soc0@65.5C gpu@66.5C tj@66.531C soc1@65.531C VDD_IN 9595mW/8509mW VDD_CPU_GPU_CV 2833mW/3101mW VDD_SOC 3075mW/2098mW
09-13-2026 15:14:31 RAM 6727/7620MB (lfb 4x4MB) SWAP 2281/8192MB (cached 110MB) CPU [12%@1728,0%@1728,1%@1728,1%@1728,8%@729,19%@729] GR3D_FREQ 0% cpu@66.343C soc2@65.093C soc0@65.25C gpu@66.343C tj@66.343C soc1@65.468C VDD_IN 7328mW/8507mW VDD_CPU_GPU_CV 1542mW/3099mW VDD_SOC 2649mW/2098mW
09-13-2026 15:14:31 RAM 6754/7620MB (lfb 4x4MB) SWAP 2258/8192MB (cached 113MB) CPU [13%@1113,0%@1113,0%@1113,3%@1113,10%@1728,24%@1728] GR3D_FREQ 0% cpu@66.25C soc2@64.968C soc0@65.031C gpu@65.75C tj@66.25C soc1@65.281C VDD_IN 6071mW/8504mW VDD_CPU_GPU_CV 1188mW/3097mW VDD_SOC 2020mW/2098mW
09-13-2026 15:14:32 RAM 6776/7620MB (lfb 4x4MB) SWAP 2236/8192MB (cached 114MB) CPU [14%@729,1%@729,0%@1728,0%@1728,11%@1728,28%@1728] GR3D_FREQ 0% cpu@65.875C soc2@64.718C soc0@64.937C gpu@65.75C tj@65.875C soc1@65.093C VDD_IN 5475mW/8500mW VDD_CPU_GPU_CV 1030mW/3094mW VDD_SOC 1666mW/2098mW
09-13-2026 15:14:32 RAM 6799/7620MB (lfb 4x4MB) SWAP 2214/8192MB (cached 115MB) CPU [13%@729,0%@1728,0%@1728,0%@1728,12%@1728,24%@1728] GR3D_FREQ 0% cpu@65.812C soc2@64.531C soc0@64.875C gpu@65.375C tj@65.812C soc1@65.093C VDD_IN 5317mW/8496mW VDD_CPU_GPU_CV 992mW/3091mW VDD_SOC 1547mW/2097mW
09-13-2026 15:14:33 RAM 6832/7620MB (lfb 4x4MB) SWAP 2182/8192MB (cached 116MB) CPU [13%@729,0%@729,0%@729,1%@729,21%@1728,20%@1728] GR3D_FREQ 0% cpu@65.531C soc2@64.468C soc0@64.718C gpu@65.5C tj@65.593C soc1@65.093C VDD_IN 5285mW/8492mW VDD_CPU_GPU_CV 992mW/3089mW VDD_SOC 1507mW/2096mW
09-13-2026 15:14:33 RAM 6859/7620MB (lfb 4x4MB) SWAP 2158/8192MB (cached 118MB) CPU [13%@1728,0%@1728,1%@1728,0%@1728,20%@1728,27%@1728] GR3D_FREQ 0% cpu@65.562C soc2@64.281C soc0@64.531C gpu@65.187C tj@65.562C soc1@64.968C VDD_IN 5317mW/8488mW VDD_CPU_GPU_CV 1031mW/3086mW VDD_SOC 1507mW/2096mW
09-13-2026 15:14:34 RAM 6885/7620MB (lfb 4x4MB) SWAP 2135/8192MB (cached 120MB) CPU [12%@1728,0%@1728,0%@1728,0%@1728,11%@729,26%@729] GR3D_FREQ 0% cpu@65.281C soc2@64.343C soc0@64.406C gpu@65.281C tj@65.281C soc1@64.937C VDD_IN 5285mW/8483mW VDD_CPU_GPU_CV 1031mW/3083mW VDD_SOC 1507mW/2095mW
09-13-2026 15:14:34 RAM 6915/7620MB (lfb 4x4MB) SWAP 2122/8192MB (cached 137MB) CPU [9%@729,0%@729,0%@729,1%@729,7%@1728,42%@1728] GR3D_FREQ 0% cpu@65.468C soc2@64.187C soc0@64.437C gpu@64.937C tj@65.468C soc1@64.75C VDD_IN 5285mW/8479mW VDD_CPU_GPU_CV 1031mW/3080mW VDD_SOC 1507mW/2094mW
09-13-2026 15:14:35 RAM 6943/7620MB (lfb 4x4MB) SWAP 2096/8192MB (cached 140MB) CPU [14%@1728,0%@1728,0%@1728,0%@1728,7%@1113,34%@1113] GR3D_FREQ 0% cpu@65.468C soc2@64.093C soc0@64.437C gpu@65.062C tj@65.468C soc1@64.718C VDD_IN 5285mW/8475mW VDD_CPU_GPU_CV 1031mW/3078mW VDD_SOC 1507mW/2093mW
09-13-2026 15:14:35 RAM 6970/7620MB (lfb 4x4MB) SWAP 2071/8192MB (cached 142MB) CPU [15%@1728,0%@1728,1%@1728,3%@1728,2%@1113,31%@1113] GR3D_FREQ 0% cpu@65.5C soc2@64.031C soc0@64.375C gpu@65.187C tj@65.5C soc1@64.718C VDD_IN 5285mW/8471mW VDD_CPU_GPU_CV 1031mW/3075mW VDD_SOC 1507mW/2092mW
09-13-2026 15:14:36 RAM 6992/7620MB (lfb 4x4MB) SWAP 2047/8192MB (cached 143MB) CPU [10%@1728,0%@1728,0%@1728,0%@1728,6%@1728,21%@1728] GR3D_FREQ 0% cpu@65.187C soc2@63.968C soc0@64.218C gpu@64.906C tj@65.187C soc1@64.656C VDD_IN 5246mW/8467mW VDD_CPU_GPU_CV 992mW/3072mW VDD_SOC 1507mW/2092mW
09-13-2026 15:14:36 RAM 7008/7620MB (lfb 4x4MB) SWAP 2027/8192MB (cached 149MB) CPU [12%@729,0%@729,0%@729,0%@729,5%@1113,38%@1728] GR3D_FREQ 0% cpu@65C soc2@63.937C soc0@64.218C gpu@65.093C tj@65.093C soc1@64.75C VDD_IN 5285mW/8463mW VDD_CPU_GPU_CV 992mW/3070mW VDD_SOC 1507mW/2091mW
09-13-2026 15:14:37 RAM 7026/7620MB (lfb 4x4MB) SWAP 2011/8192MB (cached 152MB) CPU [8%@1728,0%@1728,0%@1728,0%@1728,5%@1113,31%@1113] GR3D_FREQ 0% cpu@65.031C soc2@63.937C soc0@64.093C gpu@64.781C tj@65.031C soc1@64.718C VDD_IN 5246mW/8458mW VDD_CPU_GPU_CV 992mW/3067mW VDD_SOC 1507mW/2090mW
09-13-2026 15:14:37 RAM 7055/7620MB (lfb 4x4MB) SWAP 1980/8192MB (cached 150MB) CPU [6%@1728,1%@1728,0%@1728,1%@1728,2%@1651,54%@1651] GR3D_FREQ 0% cpu@64.937C soc2@63.812C soc0@64.031C gpu@64.843C tj@64.937C soc1@64.625C VDD_IN 5365mW/8454mW VDD_CPU_GPU_CV 1071mW/3064mW VDD_SOC 1507mW/2089mW
09-13-2026 15:14:38 RAM 7072/7620MB (lfb 1x4MB) SWAP 1961/8192MB (cached 150MB) CPU [9%@1728,0%@1728,0%@1728,0%@1728,4%@883,49%@883] GR3D_FREQ 0% cpu@65.031C soc2@63.75C soc0@64C gpu@64.625C tj@65.031C soc1@64.562C VDD_IN 5285mW/8450mW VDD_CPU_GPU_CV 1031mW/3062mW VDD_SOC 1507mW/2089mW
09-13-2026 15:14:38 RAM 6872/7620MB (lfb 1x2MB) SWAP 1372/8192MB (cached 96MB) CPU [33%@1728,0%@1728,0%@1728,0%@1728,22%@1728,24%@1728] GR3D_FREQ 0% cpu@65.312C soc2@63.812C soc0@64.062C gpu@64.812C tj@65.312C soc1@64.437C VDD_IN 5405mW/8446mW VDD_CPU_GPU_CV 1111mW/3059mW VDD_SOC 1507mW/2088mW
09-13-2026 15:14:39 RAM 2294/7620MB (lfb 5x4MB) SWAP 811/8192MB (cached 52MB) CPU [2%@1728,0%@1728,28%@1728,0%@1728,92%@1728,36%@1728] GR3D_FREQ 0% cpu@65.625C soc2@63.812C soc0@63.843C gpu@64.687C tj@65.625C soc1@64.25C VDD_IN 6348mW/8444mW VDD_CPU_GPU_CV 1663mW/3057mW VDD_SOC 1626mW/2087mW
09-13-2026 15:14:39 RAM 2294/7620MB (lfb 5x4MB) SWAP 799/8192MB (cached 52MB) CPU [12%@1728,6%@1728,24%@1728,7%@1728,1%@1728,27%@1728] GR3D_FREQ 0% cpu@64.812C soc2@63.718C soc0@63.875C gpu@64.718C tj@64.812C soc1@64.281C VDD_IN 5634mW/8440mW VDD_CPU_GPU_CV 1267mW/3055mW VDD_SOC 1547mW/2087mW
09-13-2026 15:14:40 RAM 2295/7620MB (lfb 5x4MB) SWAP 799/8192MB (cached 52MB) CPU [0%@1728,1%@1728,0%@1728,0%@1728,0%@729,0%@729] GR3D_FREQ 0% cpu@64.531C soc2@63.562C soc0@63.75C gpu@64.406C tj@64.531C soc1@64.437C VDD_IN 4999mW/8436mW VDD_CPU_GPU_CV 872mW/3052mW VDD_SOC 1468mW/2086mW
09-13-2026 15:14:41 RAM 2295/7620MB (lfb 5x4MB) SWAP 799/8192MB (cached 52MB) CPU [0%@1728,0%@1728,0%@1728,0%@1728,0%@729,0%@729] GR3D_FREQ 0% cpu@64.687C soc2@63.593C soc0@63.75C gpu@64.281C tj@64.531C soc1@64.281C VDD_IN 4729mW/8431mW VDD_CPU_GPU_CV 674mW/3049mW VDD_SOC 1468mW/2085mW
09-13-2026 15:14:41 RAM 2295/7620MB (lfb 5x4MB) SWAP 799/8192MB (cached 52MB) CPU [0%@729,0%@729,0%@729,0%@729,0%@729,0%@729] GR3D_FREQ 0% cpu@64.718C soc2@63.375C soc0@63.656C gpu@64.281C tj@64.718C soc1@64.125C VDD_IN 4650mW/8426mW VDD_CPU_GPU_CV 595mW/3046mW VDD_SOC 1468mW/2084mW
09-13-2026 15:14:42 RAM 2295/7620MB (lfb 5x4MB) SWAP 799/8192MB (cached 52MB) CPU [0%@1728,0%@1728,0%@1728,1%@1728,0%@729,0%@729] GR3D_FREQ 0% cpu@64.468C soc2@63.375C soc0@63.75C gpu@64C tj@64.468C soc1@64.125C VDD_IN 4610mW/8421mW VDD_CPU_GPU_CV 555mW/3043mW VDD_SOC 1468mW/2083mW
09-13-2026 15:14:42 RAM 2295/7620MB (lfb 5x4MB) SWAP 799/8192MB (cached 52MB) CPU [1%@1728,0%@1728,1%@1728,0%@1728,0%@729,0%@729] GR3D_FREQ 0% cpu@64.406C soc2@63.281C soc0@63.562C gpu@64.062C tj@64.406C soc1@64.062C VDD_IN 4610mW/8416mW VDD_CPU_GPU_CV 555mW/3040mW VDD_SOC 1468mW/2083mW
09-13-2026 15:14:43 RAM 2295/7620MB (lfb 5x4MB) SWAP 799/8192MB (cached 52MB) CPU [0%@729,0%@729,2%@729,0%@729,0%@729,0%@729] GR3D_FREQ 0% cpu@64.187C soc2@63.187C soc0@63.531C gpu@63.875C tj@64.187C soc1@64.156C VDD_IN 4610mW/8411mW VDD_CPU_GPU_CV 555mW/3037mW VDD_SOC 1468mW/2082mW
09-13-2026 15:14:43 RAM 2294/7620MB (lfb 5x4MB) SWAP 798/8192MB (cached 52MB) CPU [22%@1728,22%@1728,21%@1728,11%@1728,52%@1728,9%@1728] GR3D_FREQ 0% cpu@64.562C soc2@63.156C soc0@63.437C gpu@63.937C tj@64.562C soc1@64.093C VDD_IN 5166mW/8407mW VDD_CPU_GPU_CV 1111mW/3034mW VDD_SOC 1468mW/2081mW
09-13-2026 15:14:44 RAM 2297/7620MB (lfb 5x4MB) SWAP 797/8192MB (cached 56MB) CPU [15%@1728,48%@1728,0%@1728,0%@1728,22%@729,2%@729] GR3D_FREQ 0% cpu@64.25C soc2@63.281C soc0@63.437C gpu@63.843C tj@64.156C soc1@64.031C VDD_IN 5047mW/8403mW VDD_CPU_GPU_CV 952mW/3031mW VDD_SOC 1468mW/2080mW
09-13-2026 15:14:44 RAM 2301/7620MB (lfb 5x4MB) SWAP 796/8192MB (cached 59MB) CPU [7%@1728,0%@1728,0%@1728,5%@1728,0%@729,0%@729] GR3D_FREQ 0% cpu@64.312C soc2@63.093C soc0@63.343C gpu@63.718C tj@64.312C soc1@63.968C VDD_IN 4769mW/8398mW VDD_CPU_GPU_CV 714mW/3028mW VDD_SOC 1468mW/2080mW
09-13-2026 15:14:45 RAM 2301/7620MB (lfb 5x4MB) SWAP 796/8192MB (cached 59MB) CPU [0%@729,0%@729,1%@729,1%@729,0%@729,0%@729] GR3D_FREQ 0% cpu@64.25C soc2@63.062C soc0@63.375C gpu@63.656C tj@64.25C soc1@64C VDD_IN 4650mW/8393mW VDD_CPU_GPU_CV 595mW/3025mW VDD_SOC 1468mW/2079mW
09-13-2026 15:14:45 RAM 2301/7620MB (lfb 5x4MB) SWAP 796/8192MB (cached 59MB) CPU [0%@1728,0%@1728,0%@1728,0%@1728,0%@729,0%@729] GR3D_FREQ 0% cpu@64C soc2@62.906C soc0@63.312C gpu@63.593C tj@64C soc1@63.875C VDD_IN 4610mW/8388mW VDD_CPU_GPU_CV 555mW/3022mW VDD_SOC 1468mW/2078mW
09-13-2026 15:14:46 RAM 2301/7620MB (lfb 5x4MB) SWAP 796/8192MB (cached 59MB) CPU [0%@1728,0%@1728,0%@1728,0%@1728,0%@729,0%@729] GR3D_FREQ 0% cpu@64.031C soc2@62.906C soc0@63.156C gpu@63.5C tj@64.031C soc1@63.781C VDD_IN 4610mW/8384mW VDD_CPU_GPU_CV 555mW/3019mW VDD_SOC 1468mW/2077mW
09-13-2026 15:14:46 RAM 2301/7620MB (lfb 5x4MB) SWAP 796/8192MB (cached 59MB) CPU [0%@1728,0%@1728,0%@1728,0%@1728,0%@729,0%@729] GR3D_FREQ 0% cpu@63.843C soc2@62.875C soc0@63.031C gpu@63.5C tj@63.843C soc1@63.812C VDD_IN 4570mW/8379mW VDD_CPU_GPU_CV 555mW/3016mW VDD_SOC 1468mW/2076mW
09-13-2026 15:14:47 RAM 2301/7620MB (lfb 5x4MB) SWAP 796/8192MB (cached 59MB) CPU [0%@1728,0%@1728,0%@1728,0%@1728,0%@729,0%@729] GR3D_FREQ 0% cpu@63.687C soc2@62.937C soc0@63.062C gpu@63.75C tj@63.781C soc1@63.781C VDD_IN 4610mW/8374mW VDD_CPU_GPU_CV 555mW/3013mW VDD_SOC 1468mW/2076mW
09-13-2026 15:14:47 RAM 2301/7620MB (lfb 5x4MB) SWAP 796/8192MB (cached 59MB) CPU [0%@1728,0%@1728,0%@1728,0%@1728,0%@729,0%@729] GR3D_FREQ 0% cpu@63.812C soc2@62.843C soc0@63.156C gpu@63.718C tj@63.75C soc1@63.75C VDD_IN 4610mW/8369mW VDD_CPU_GPU_CV 555mW/3010mW VDD_SOC 1468mW/2075mW
09-13-2026 15:14:48 RAM 2301/7620MB (lfb 5x4MB) SWAP 796/8192MB (cached 59MB) CPU [0%@729,0%@729,0%@729,0%@729,0%@729,0%@729] GR3D_FREQ 0% cpu@63.843C soc2@62.75C soc0@63C gpu@63.593C tj@63.843C soc1@63.656C VDD_IN 4610mW/8365mW VDD_CPU_GPU_CV 555mW/3007mW VDD_SOC 1468mW/2074mW
09-13-2026 15:14:48 RAM 2301/7620MB (lfb 5x4MB) SWAP 796/8192MB (cached 59MB) CPU [0%@1728,0%@1728,0%@1728,0%@1728,0%@729,0%@729] GR3D_FREQ 0% cpu@63.593C soc2@62.625C soc0@62.937C gpu@63.625C tj@63.625C soc1@63.5C VDD_IN 4610mW/8360mW VDD_CPU_GPU_CV 555mW/3003mW VDD_SOC 1468mW/2073mW
09-13-2026 15:14:49 RAM 2301/7620MB (lfb 5x4MB) SWAP 796/8192MB (cached 59MB) CPU [0%@1728,0%@1728,0%@1728,0%@1728,0%@729,0%@729] GR3D_FREQ 0% cpu@63.562C soc2@62.625C soc0@62.812C gpu@63.406C tj@63.625C soc1@63.625C VDD_IN 4610mW/8355mW VDD_CPU_GPU_CV 555mW/3000mW VDD_SOC 1468mW/2073mW
09-13-2026 15:14:49 RAM 2302/7620MB (lfb 5x4MB) SWAP 796/8192MB (cached 60MB) CPU [1%@1728,0%@1728,6%@1728,0%@1728,0%@729,0%@729] GR3D_FREQ 0% cpu@63.531C soc2@62.656C soc0@62.812C gpu@63.25C tj@63.531C soc1@63.531C VDD_IN 4610mW/8350mW VDD_CPU_GPU_CV 555mW/2997mW VDD_SOC 1468mW/2072mW
09-13-2026 15:14:50 RAM 2302/7620MB (lfb 5x4MB) SWAP 796/8192MB (cached 60MB) CPU [1%@1728,0%@1728,0%@1728,0%@1728,0%@729,0%@729] GR3D_FREQ 0% cpu@63.625C soc2@62.562C soc0@62.687C gpu@63.343C tj@63.625C soc1@63.406C VDD_IN 4610mW/8346mW VDD_CPU_GPU_CV 555mW/2994mW VDD_SOC 1468mW/2071mW
09-13-2026 15:14:50 RAM 2302/7620MB (lfb 5x4MB) SWAP 796/8192MB (cached 60MB) CPU [0%@729,1%@729,0%@729,0%@729,0%@729,0%@729] GR3D_FREQ 0% cpu@63.687C soc2@62.5C soc0@62.812C gpu@63.218C tj@63.687C soc1@63.281C VDD_IN 4610mW/8341mW VDD_CPU_GPU_CV 595mW/2991mW VDD_SOC 1468mW/2070mW
09-13-2026 15:14:51 RAM 2302/7620MB (lfb 5x4MB) SWAP 796/8192MB (cached 60MB) CPU [0%@1728,0%@1728,0%@1728,0%@1728,0%@729,0%@729] GR3D_FREQ 0% cpu@63.5C soc2@62.437C soc0@62.75C gpu@63.031C tj@63.5C soc1@63.281C VDD_IN 4610mW/8336mW VDD_CPU_GPU_CV 555mW/2988mW VDD_SOC 1468mW/2070mW
09-13-2026 15:14:51 RAM 2302/7620MB (lfb 5x4MB) SWAP 796/8192MB (cached 60MB) CPU [0%@729,0%@729,0%@729,1%@729,0%@729,0%@729] GR3D_FREQ 0% cpu@63.437C soc2@62.375C soc0@62.687C gpu@63.062C tj@63.437C soc1@63.187C VDD_IN 4610mW/8332mW VDD_CPU_GPU_CV 555mW/2985mW VDD_SOC 1470mW/2069mW
09-13-2026 15:14:52 RAM 2302/7620MB (lfb 5x4MB) SWAP 796/8192MB (cached 60MB) CPU [0%@1728,0%@1728,0%@1728,3%@1728,0%@729,0%@729] GR3D_FREQ 0% cpu@63.25C soc2@62.281C soc0@62.593C gpu@62.968C tj@63.281C soc1@63.281C VDD_IN 4650mW/8327mW VDD_CPU_GPU_CV 595mW/2982mW VDD_SOC 1468mW/2068mW
09-13-2026 15:14:52 RAM 2302/7620MB (lfb 5x4MB) SWAP 796/8192MB (cached 60MB) CPU [0%@729,0%@729,0%@729,0%@1728,0%@729,0%@729] GR3D_FREQ 0% cpu@63.187C soc2@62.312C soc0@62.531C gpu@62.968C tj@63.187C soc1@63.125C VDD_IN 4610mW/8322mW VDD_CPU_GPU_CV 555mW/2979mW VDD_SOC 1468mW/2067mW
09-13-2026 15:14:53 RAM 2302/7620MB (lfb 5x4MB) SWAP 796/8192MB (cached 60MB) CPU [1%@729,0%@1728,0%@1728,0%@1728,0%@729,0%@729] GR3D_FREQ 0% cpu@63.25C soc2@62.25C soc0@62.593C gpu@62.812C tj@63.25C soc1@63.093C VDD_IN 4610mW/8318mW VDD_CPU_GPU_CV 555mW/2976mW VDD_SOC 1468mW/2067mW
09-13-2026 15:14:53 RAM 2303/7620MB (lfb 5x4MB) SWAP 795/8192MB (cached 60MB) CPU [0%@1728,0%@1728,0%@1728,0%@1728,0%@729,0%@729] GR3D_FREQ 0% cpu@63.343C soc2@62.125C soc0@62.5C gpu@63.031C tj@63.343C soc1@63.093C VDD_IN 4570mW/8313mW VDD_CPU_GPU_CV 555mW/2973mW VDD_SOC 1468mW/2066mW
09-13-2026 15:14:54 RAM 2303/7620MB (lfb 5x4MB) SWAP 795/8192MB (cached 60MB) CPU [0%@729,0%@729,0%@729,0%@729,0%@729,0%@729] GR3D_FREQ 0% cpu@63.062C soc2@62.156C soc0@62.375C gpu@62.75C tj@63.312C soc1@63C VDD_IN 4610mW/8308mW VDD_CPU_GPU_CV 555mW/2970mW VDD_SOC 1468mW/2065mW
09-13-2026 15:14:54 RAM 2303/7620MB (lfb 5x4MB) SWAP 795/8192MB (cached 60MB) CPU [1%@729,0%@729,0%@729,0%@729,0%@729,0%@729] GR3D_FREQ 0% cpu@63.062C soc2@62.093C soc0@62.281C gpu@63C tj@63.093C soc1@63.093C VDD_IN 4610mW/8304mW VDD_CPU_GPU_CV 555mW/2967mW VDD_SOC 1468mW/2064mW
09-13-2026 15:14:55 RAM 2303/7620MB (lfb 5x4MB) SWAP 795/8192MB (cached 60MB) CPU [0%@729,1%@729,0%@729,1%@729,0%@729,0%@729] GR3D_FREQ 0% cpu@63C soc2@62.062C soc0@62.187C gpu@62.562C tj@63.062C soc1@63.062C VDD_IN 4570mW/8299mW VDD_CPU_GPU_CV 555mW/2964mW VDD_SOC 1468mW/2064mW
09-13-2026 15:14:55 RAM 2303/7620MB (lfb 5x4MB) SWAP 795/8192MB (cached 60MB) CPU [1%@1728,0%@1728,0%@1728,0%@1728,0%@729,0%@729] GR3D_FREQ 0% cpu@63.125C soc2@62C soc0@62.187C gpu@62.843C tj@63.125C soc1@62.906C VDD_IN 4570mW/8294mW VDD_CPU_GPU_CV 555mW/2961mW VDD_SOC 1428mW/2063mW
09-13-2026 15:14:56 RAM 2303/7620MB (lfb 5x4MB) SWAP 795/8192MB (cached 60MB) CPU [0%@729,0%@729,0%@729,0%@729,0%@729,0%@729] GR3D_FREQ 0% cpu@63.125C soc2@61.968C soc0@62.312C gpu@62.656C tj@63.125C soc1@62.812C VDD_IN 4570mW/8290mW VDD_CPU_GPU_CV 555mW/2958mW VDD_SOC 1428mW/2062mW
09-13-2026 15:14:56 RAM 2303/7620MB (lfb 5x4MB) SWAP 795/8192MB (cached 60MB) CPU [0%@729,0%@729,0%@729,0%@729,0%@729,0%@729] GR3D_FREQ 0% cpu@62.937C soc2@62C soc0@62.125C gpu@62.656C tj@62.937C soc1@62.843C VDD_IN 4610mW/8285mW VDD_CPU_GPU_CV 555mW/2955mW VDD_SOC 1428mW/2061mW
09-13-2026 15:14:57 RAM 2303/7620MB (lfb 5x4MB) SWAP 795/8192MB (cached 60MB) CPU [0%@729,0%@729,0%@729,0%@729,0%@729,0%@729] GR3D_FREQ 0% cpu@62.906C soc2@61.843C soc0@62.093C gpu@62.5C tj@62.937C soc1@62.718C VDD_IN 4610mW/8281mW VDD_CPU_GPU_CV 555mW/2952mW VDD_SOC 1428mW/2060mW
09-13-2026 15:14:57 RAM 2303/7620MB (lfb 5x4MB) SWAP 795/8192MB (cached 60MB) CPU [0%@1728,2%@1728,1%@1728,1%@1728,0%@729,0%@729] GR3D_FREQ 0% cpu@62.718C soc2@61.812C soc0@62.062C gpu@62.375C tj@62.937C soc1@62.937C VDD_IN 4610mW/8276mW VDD_CPU_GPU_CV 595mW/2949mW VDD_SOC 1428mW/2060mW
09-13-2026 15:14:58 RAM 2303/7620MB (lfb 5x4MB) SWAP 795/8192MB (cached 60MB) CPU [0%@1728,0%@1728,0%@1728,0%@1728,0%@729,0%@729] GR3D_FREQ 0% cpu@62.593C soc2@61.812C soc0@61.843C gpu@62.375C tj@62.718C soc1@62.718C VDD_IN 4610mW/8272mW VDD_CPU_GPU_CV 555mW/2946mW VDD_SOC 1428mW/2059mW
09-13-2026 15:14:58 RAM 2303/7620MB (lfb 5x4MB) SWAP 795/8192MB (cached 60MB) CPU [0%@729,0%@729,0%@729,0%@729,0%@729,0%@729] GR3D_FREQ 0% cpu@62.812C soc2@61.687C soc0@62.093C gpu@62.25C tj@62.812C soc1@62.718C VDD_IN 4610mW/8267mW VDD_CPU_GPU_CV 555mW/2943mW VDD_SOC 1468mW/2058mW
09-13-2026 15:14:59 RAM 2303/7620MB (lfb 5x4MB) SWAP 795/8192MB (cached 61MB) CPU [0%@729,0%@729,0%@729,0%@729,0%@729,0%@729] GR3D_FREQ 0% cpu@62.718C soc2@61.656C soc0@61.968C gpu@62.312C tj@62.718C soc1@62.5C VDD_IN 4610mW/8263mW VDD_CPU_GPU_CV 555mW/2940mW VDD_SOC 1428mW/2057mW
09-13-2026 15:14:59 RAM 2304/7620MB (lfb 5x4MB) SWAP 795/8192MB (cached 61MB) CPU [0%@1728,0%@1728,0%@1728,0%@1728,0%@729,0%@729] GR3D_FREQ 0% cpu@62.531C soc2@61.593C soc0@61.875C gpu@62.218C tj@62.531C soc1@62.5C VDD_IN 4570mW/8258mW VDD_CPU_GPU_CV 555mW/2937mW VDD_SOC 1428mW/2057mW
09-13-2026 15:15:00 RAM 2304/7620MB (lfb 5x4MB) SWAP 795/8192MB (cached 61MB) CPU [0%@1728,0%@1728,0%@1728,0%@1728,0%@729,0%@729] GR3D_FREQ 0% cpu@62.562C soc2@61.593C soc0@61.75C gpu@62.125C tj@62.562C soc1@62.531C VDD_IN 4570mW/8254mW VDD_CPU_GPU_CV 555mW/2934mW VDD_SOC 1428mW/2056mW
09-13-2026 15:15:00 RAM 2304/7620MB (lfb 5x4MB) SWAP 795/8192MB (cached 61MB) CPU [1%@729,0%@729,0%@729,1%@729,0%@729,0%@729] GR3D_FREQ 0% cpu@62.468C soc2@61.562C soc0@61.75C gpu@62.031C tj@62.468C soc1@62.468C VDD_IN 4610mW/8249mW VDD_CPU_GPU_CV 555mW/2932mW VDD_SOC 1428mW/2055mW
09-13-2026 15:15:01 RAM 2304/7620MB (lfb 5x4MB) SWAP 795/8192MB (cached 61MB) CPU [0%@729,0%@729,0%@729,1%@729,0%@729,0%@729] GR3D_FREQ 0% cpu@62.593C soc2@61.437C soc0@61.75C gpu@62.375C tj@62.593C soc1@62.468C VDD_IN 4610mW/8245mW VDD_CPU_GPU_CV 555mW/2929mW VDD_SOC 1428mW/2054mW
09-13-2026 15:15:01 RAM 2304/7620MB (lfb 5x4MB) SWAP 795/8192MB (cached 61MB) CPU [0%@729,2%@1728,1%@1728,0%@1728,0%@729,0%@729] GR3D_FREQ 0% cpu@62.625C soc2@61.5C soc0@61.781C gpu@61.937C tj@62.625C soc1@62.375C VDD_IN 4610mW/8240mW VDD_CPU_GPU_CV 595mW/2926mW VDD_SOC 1428mW/2053mW
09-13-2026 15:15:02 RAM 2304/7620MB (lfb 5x4MB) SWAP 795/8192MB (cached 61MB) CPU [0%@729,0%@729,0%@729,0%@729,0%@729,0%@729] GR3D_FREQ 0% cpu@62.437C soc2@61.281C soc0@61.687C gpu@62.25C tj@62.437C soc1@62.25C VDD_IN 4570mW/8236mW VDD_CPU_GPU_CV 555mW/2923mW VDD_SOC 1428mW/2053mW
09-13-2026 15:15:02 RAM 2304/7620MB (lfb 5x4MB) SWAP 795/8192MB (cached 61MB) CPU [3%@1728,0%@1728,0%@1728,0%@1728,0%@729,0%@729] GR3D_FREQ 0% cpu@62.375C soc2@61.375C soc0@61.531C gpu@62C tj@62.375C soc1@62.343C VDD_IN 4570mW/8231mW VDD_CPU_GPU_CV 555mW/2920mW VDD_SOC 1428mW/2052mW
09-13-2026 15:15:03 RAM 2304/7620MB (lfb 5x4MB) SWAP 795/8192MB (cached 61MB) CPU [0%@1728,1%@1728,0%@1728,0%@1728,0%@729,0%@729] GR3D_FREQ 0% cpu@62.187C soc2@61.218C soc0@61.468C gpu@62.187C tj@62.312C soc1@62.312C VDD_IN 4570mW/8227mW VDD_CPU_GPU_CV 555mW/2917mW VDD_SOC 1428mW/2051mW
09-13-2026 15:15:03 RAM 2304/7620MB (lfb 5x4MB) SWAP 795/8192MB (cached 61MB) CPU [0%@729,0%@729,0%@729,0%@729,0%@729,0%@729] GR3D_FREQ 0% cpu@62.093C soc2@61.25C soc0@61.375C gpu@61.937C tj@62.187C soc1@62.187C VDD_IN 4570mW/8222mW VDD_CPU_GPU_CV 555mW/2914mW VDD_SOC 1428mW/2050mW
09-13-2026 15:15:04 RAM 2304/7620MB (lfb 5x4MB) SWAP 795/8192MB (cached 61MB) CPU [0%@729,1%@729,0%@729,0%@729,0%@729,0%@729] GR3D_FREQ 0% cpu@62.25C soc2@61.218C soc0@61.531C gpu@61.781C tj@62.25C soc1@62.156C VDD_IN 4570mW/8218mW VDD_CPU_GPU_CV 555mW/2911mW VDD_SOC 1428mW/2050mW
09-13-2026 15:15:04 RAM 2305/7620MB (lfb 5x4MB) SWAP 795/8192MB (cached 61MB) CPU [0%@1728,0%@1728,0%@1728,0%@1728,0%@729,0%@729] GR3D_FREQ 0% cpu@62.281C soc2@61.125C soc0@61.406C gpu@61.812C tj@62.281C soc1@62.031C VDD_IN 4570mW/8213mW VDD_CPU_GPU_CV 555mW/2908mW VDD_SOC 1428mW/2049mW
09-13-2026 15:15:05 RAM 2305/7620MB (lfb 5x4MB) SWAP 795/8192MB (cached 61MB) CPU [1%@729,0%@729,0%@729,1%@729,0%@729,0%@729] GR3D_FREQ 0% cpu@62C soc2@61.125C soc0@61.281C gpu@61.656C tj@62C soc1@61.968C VDD_IN 4570mW/8209mW VDD_CPU_GPU_CV 555mW/2906mW VDD_SOC 1428mW/2048mW
09-13-2026 15:15:05 RAM 2305/7620MB (lfb 5x4MB) SWAP 795/8192MB (cached 61MB) CPU [2%@729,1%@729,0%@729,0%@729,0%@729,0%@729] GR3D_FREQ 0% cpu@61.968C soc2@61.062C soc0@61.281C gpu@61.562C tj@62.093C soc1@62.093C VDD_IN 4570mW/8205mW VDD_CPU_GPU_CV 555mW/2903mW VDD_SOC 1428mW/2047mW
09-13-2026 15:15:06 RAM 2305/7620MB (lfb 5x4MB) SWAP 795/8192MB (cached 61MB) CPU [0%@1728,0%@1728,0%@1728,0%@1728,0%@729,0%@729] GR3D_FREQ 0% cpu@61.906C soc2@61.125C soc0@61.156C gpu@61.625C tj@62.062C soc1@62.062C VDD_IN 4570mW/8200mW VDD_CPU_GPU_CV 555mW/2900mW VDD_SOC 1428mW/2047mW
09-13-2026 15:15:06 RAM 2305/7620MB (lfb 5x4MB) SWAP 794/8192MB (cached 62MB) CPU [0%@729,0%@729,0%@729,0%@729,0%@729,0%@729] GR3D_FREQ 0% cpu@62.093C soc2@60.937C soc0@61.343C gpu@61.437C tj@62.093C soc1@61.968C VDD_IN 4570mW/8196mW VDD_CPU_GPU_CV 555mW/2897mW VDD_SOC 1428mW/2046mW
09-13-2026 15:15:07 RAM 2305/7620MB (lfb 5x4MB) SWAP 794/8192MB (cached 62MB) CPU [0%@1728,0%@1728,0%@1728,0%@1728,0%@729,0%@729] GR3D_FREQ 0% cpu@62.093C soc2@61C soc0@61.218C gpu@61.531C tj@62.093C soc1@61.875C VDD_IN 4570mW/8191mW VDD_CPU_GPU_CV 555mW/2894mW VDD_SOC 1428mW/2045mW
09-13-2026 15:15:07 RAM 2306/7620MB (lfb 5x4MB) SWAP 793/8192MB (cached 62MB) CPU [2%@1728,1%@1728,0%@1728,1%@1728,0%@729,0%@729] GR3D_FREQ 0% cpu@61.937C soc2@60.875C soc0@61.156C gpu@61.406C tj@61.937C soc1@61.812C VDD_IN 4610mW/8187mW VDD_CPU_GPU_CV 595mW/2891mW VDD_SOC 1428mW/2044mW
09-13-2026 15:15:08 RAM 2311/7620MB (lfb 5x4MB) SWAP 792/8192MB (cached 67MB) CPU [4%@1728,5%@1728,0%@1728,0%@1728,0%@729,0%@729] GR3D_FREQ 0% cpu@61.875C soc2@60.781C soc0@61.093C gpu@61.406C tj@61.875C soc1@61.781C VDD_IN 4610mW/8183mW VDD_CPU_GPU_CV 595mW/2889mW VDD_SOC 1428mW/2044mW
09-13-2026 15:15:08 RAM 2311/7620MB (lfb 5x4MB) SWAP 792/8192MB (cached 67MB) CPU [0%@1728,0%@1728,0%@1728,0%@1728,0%@729,0%@729] GR3D_FREQ 0% cpu@61.656C soc2@60.75C soc0@60.968C gpu@61.281C tj@61.875C soc1@61.875C VDD_IN 4570mW/8178mW VDD_CPU_GPU_CV 555mW/2886mW VDD_SOC 1428mW/2043mW
09-13-2026 15:15:09 RAM 2311/7620MB (lfb 5x4MB) SWAP 792/8192MB (cached 67MB) CPU [0%@1728,1%@1728,0%@1728,0%@1728,0%@729,0%@729] GR3D_FREQ 0% cpu@61.625C soc2@60.812C soc0@60.875C gpu@61.562C tj@61.718C soc1@61.718C VDD_IN 4570mW/8174mW VDD_CPU_GPU_CV 555mW/2883mW VDD_SOC 1428mW/2042mW
09-13-2026 15:15:09 RAM 2311/7620MB (lfb 5x4MB) SWAP 792/8192MB (cached 67MB) CPU [1%@729,0%@729,0%@729,1%@729,0%@729,0%@729] GR3D_FREQ 0% cpu@61.75C soc2@60.656C soc0@61.031C gpu@61.093C tj@61.75C soc1@61.656C VDD_IN 4570mW/8170mW VDD_CPU_GPU_CV 555mW/2880mW VDD_SOC 1428mW/2041mW
09-13-2026 15:15:10 RAM 2311/7620MB (lfb 5x4MB) SWAP 792/8192MB (cached 67MB) CPU [0%@1728,0%@1728,0%@1728,0%@1728,0%@729,0%@729] GR3D_FREQ 0% cpu@61.718C soc2@60.656C soc0@60.906C gpu@61.406C tj@61.718C soc1@61.625C VDD_IN 4570mW/8165mW VDD_CPU_GPU_CV 555mW/2878mW VDD_SOC 1430mW/2041mW
09-13-2026 15:15:10 RAM 2311/7620MB (lfb 5x4MB) SWAP 792/8192MB (cached 67MB) CPU [0%@729,0%@729,0%@729,0%@729,0%@729,0%@729] GR3D_FREQ 0% cpu@61.562C soc2@60.562C soc0@60.906C gpu@61.062C tj@61.718C soc1@61.562C VDD_IN 4570mW/8161mW VDD_CPU_GPU_CV 555mW/2875mW VDD_SOC 1430mW/2040mW
09-13-2026 15:15:11 RAM 2311/7620MB (lfb 5x4MB) SWAP 792/8192MB (cached 67MB) CPU [0%@1728,2%@1728,0%@1728,3%@1728,0%@729,0%@729] GR3D_FREQ 0% cpu@61.625C soc2@60.5C soc0@60.843C gpu@61.375C tj@61.656C soc1@61.656C VDD_IN 4650mW/8157mW VDD_CPU_GPU_CV 555mW/2872mW VDD_SOC 1470mW/2039mW
09-13-2026 15:15:11 RAM 2337/7620MB (lfb 5x4MB) SWAP 791/8192MB (cached 67MB) CPU [8%@1036,8%@1036,10%@1036,8%@1036,2%@1651,16%@1651] GR3D_FREQ 0% cpu@61.781C soc2@60.625C soc0@60.656C gpu@61.218C tj@61.781C soc1@61.625C VDD_IN 5087mW/8153mW VDD_CPU_GPU_CV 872mW/2870mW VDD_SOC 1468mW/2039mW
09-13-2026 15:15:12 RAM 2362/7620MB (lfb 5x4MB) SWAP 791/8192MB (cached 67MB) CPU [12%@1728,55%@1728,5%@1728,10%@1728,0%@1728,8%@1728] GR3D_FREQ 0% cpu@62.031C soc2@60.656C soc0@60.656C gpu@61.281C tj@62.031C soc1@61.5C VDD_IN 5484mW/8150mW VDD_CPU_GPU_CV 1190mW/2868mW VDD_SOC 1507mW/2038mW
09-13-2026 15:15:12 RAM 2483/7620MB (lfb 5x4MB) SWAP 790/8192MB (cached 67MB) CPU [56%@1728,44%@1728,20%@1728,13%@1728,15%@729,15%@729] GR3D_FREQ 0% cpu@62.062C soc2@60.781C soc0@60.843C gpu@61.218C tj@62.062C soc1@61.5C VDD_IN 5952mW/8148mW VDD_CPU_GPU_CV 1624mW/2866mW VDD_SOC 1507mW/2037mW
09-13-2026 15:15:13 RAM 2537/7620MB (lfb 5x4MB) SWAP 790/8192MB (cached 67MB) CPU [45%@1728,50%@1728,13%@1728,13%@1728,14%@729,14%@729] GR3D_FREQ 0% cpu@62C soc2@60.625C soc0@60.718C gpu@61.093C tj@62C soc1@61.406C VDD_IN 5912mW/8145mW VDD_CPU_GPU_CV 1584mW/2865mW VDD_SOC 1507mW/2037mW
09-13-2026 15:15:13 RAM 2557/7620MB (lfb 5x4MB) SWAP 790/8192MB (cached 67MB) CPU [53%@1728,34%@1728,0%@1728,0%@1728,0%@729,0%@729] GR3D_FREQ 0% cpu@62.125C soc2@60.625C soc0@60.593C gpu@61.031C tj@62.125C soc1@61.562C VDD_IN 5832mW/8142mW VDD_CPU_GPU_CV 1507mW/2863mW VDD_SOC 1507mW/2036mW
09-13-2026 15:15:14 RAM 2567/7620MB (lfb 5x4MB) SWAP 790/8192MB (cached 67MB) CPU [92%@1728,1%@1728,0%@1728,0%@1728,0%@729,0%@729] GR3D_FREQ 0% cpu@62.093C soc2@60.781C soc0@60.562C gpu@61.062C tj@62.093C soc1@61.437C VDD_IN 5832mW/8139mW VDD_CPU_GPU_CV 1468mW/2861mW VDD_SOC 1507mW/2035mW
09-13-2026 15:15:14 RAM 2580/7620MB (lfb 5x4MB) SWAP 790/8192MB (cached 67MB) CPU [100%@1728,0%@1728,0%@1728,0%@1728,0%@729,0%@729] GR3D_FREQ 0% cpu@62.093C soc2@60.656C soc0@60.531C gpu@61.406C tj@62.093C soc1@61.25C VDD_IN 5832mW/8137mW VDD_CPU_GPU_CV 1507mW/2860mW VDD_SOC 1507mW/2035mW
09-13-2026 15:15:15 RAM 2590/7620MB (lfb 5x4MB) SWAP 790/8192MB (cached 67MB) CPU [42%@1728,47%@1728,0%@1728,0%@1728,0%@729,0%@729] GR3D_FREQ 0% cpu@61.906C soc2@60.468C soc0@60.593C gpu@61.093C tj@61.906C soc1@61.25C VDD_IN 5793mW/8134mW VDD_CPU_GPU_CV 1428mW/2858mW VDD_SOC 1507mW/2034mW
09-13-2026 15:15:15 RAM 2613/7620MB (lfb 5x4MB) SWAP 790/8192MB (cached 67MB) CPU [2%@1728,88%@1728,0%@1728,0%@1728,0%@729,1%@729] GR3D_FREQ 0% cpu@61.812C soc2@60.468C soc0@60.5C gpu@61C tj@61.812C soc1@61.437C VDD_IN 5793mW/8131mW VDD_CPU_GPU_CV 1468mW/2856mW VDD_SOC 1507mW/2034mW
09-13-2026 15:15:16 RAM 2621/7620MB (lfb 5x4MB) SWAP 790/8192MB (cached 67MB) CPU [4%@1728,84%@1728,0%@1728,1%@1728,0%@729,0%@729] GR3D_FREQ 0% cpu@61.718C soc2@60.468C soc0@60.437C gpu@61.125C tj@61.718C soc1@61.312C VDD_IN 5753mW/8128mW VDD_CPU_GPU_CV 1388mW/2855mW VDD_SOC 1507mW/2033mW
09-13-2026 15:15:16 RAM 2636/7620MB (lfb 5x4MB) SWAP 790/8192MB (cached 67MB) CPU [1%@1728,95%@1728,0%@1728,0%@1728,0%@729,0%@729] GR3D_FREQ 0% cpu@61.593C soc2@60.437C soc0@60.437C gpu@60.937C tj@61.593C soc1@61.218C VDD_IN 5793mW/8126mW VDD_CPU_GPU_CV 1468mW/2853mW VDD_SOC 1507mW/2032mW
09-13-2026 15:15:17 RAM 2646/7620MB (lfb 5x4MB) SWAP 790/8192MB (cached 67MB) CPU [0%@1728,94%@1728,0%@1728,0%@1728,1%@729,0%@729] GR3D_FREQ 0% cpu@61.75C soc2@60.437C soc0@60.531C gpu@60.906C tj@61.75C soc1@61.25C VDD_IN 5832mW/8123mW VDD_CPU_GPU_CV 1428mW/2851mW VDD_SOC 1507mW/2032mW
09-13-2026 15:15:17 RAM 2671/7620MB (lfb 5x4MB) SWAP 790/8192MB (cached 68MB) CPU [2%@1728,92%@1728,0%@1728,0%@1728,0%@729,0%@729] GR3D_FREQ 0% cpu@61.687C soc2@60.468C soc0@60.437C gpu@61.125C tj@61.968C soc1@61.187C VDD_IN 5872mW/8120mW VDD_CPU_GPU_CV 1505mW/2850mW VDD_SOC 1507mW/2031mW
09-13-2026 15:15:18 RAM 2677/7620MB (lfb 5x4MB) SWAP 790/8192MB (cached 68MB) CPU [30%@1651,55%@1728,0%@1728,0%@1728,0%@729,0%@729] GR3D_FREQ 0% cpu@61.625C soc2@60.343C soc0@60.406C gpu@60.843C tj@61.625C soc1@61.062C VDD_IN 5713mW/8117mW VDD_CPU_GPU_CV 1468mW/2848mW VDD_SOC 1468mW/2030mW
09-13-2026 15:15:18 RAM 2679/7620MB (lfb 5x4MB) SWAP 790/8192MB (cached 68MB) CPU [7%@1728,76%@1728,0%@1728,0%@1728,0%@729,0%@729] GR3D_FREQ 0% cpu@61.562C soc2@60.343C soc0@60.437C gpu@61.062C tj@61.562C soc1@61.125C VDD_IN 5634mW/8114mW VDD_CPU_GPU_CV 1428mW/2846mW VDD_SOC 1468mW/2030mW
09-13-2026 15:15:19 RAM 2681/7620MB (lfb 5x4MB) SWAP 790/8192MB (cached 68MB) CPU [5%@1728,94%@1728,0%@1728,0%@1728,0%@729,0%@729] GR3D_FREQ 0% cpu@61.718C soc2@60.281C soc0@60.218C gpu@60.906C tj@61.718C soc1@61.062C VDD_IN 5713mW/8112mW VDD_CPU_GPU_CV 1507mW/2845mW VDD_SOC 1468mW/2029mW
09-13-2026 15:15:19 RAM 2685/7620MB (lfb 5x4MB) SWAP 790/8192MB (cached 68MB) CPU [3%@1728,86%@1728,4%@1728,0%@1728,0%@729,0%@729] GR3D_FREQ 0% cpu@61.625C soc2@60.25C soc0@60.375C gpu@61.062C tj@61.625C soc1@61.093C VDD_IN 5713mW/8109mW VDD_CPU_GPU_CV 1468mW/2843mW VDD_SOC 1468mW/2028mW
09-13-2026 15:15:20 RAM 2693/7620MB (lfb 1x2MB) SWAP 790/8192MB (cached 68MB) CPU [2%@1728,92%@1728,0%@1728,0%@1728,0%@729,0%@729] GR3D_FREQ 0% cpu@61.531C soc2@60.25C soc0@60.312C gpu@60.875C tj@61.531C soc1@60.968C VDD_IN 5762mW/8106mW VDD_CPU_GPU_CV 1349mW/2841mW VDD_SOC 1507mW/2028mW
09-13-2026 15:15:20 RAM 2591/7620MB (lfb 89x1MB) SWAP 790/8192MB (cached 68MB) CPU [14%@1728,88%@1728,13%@1728,12%@1728,18%@729,14%@729] GR3D_FREQ 0% cpu@61.562C soc2@60.25C soc0@60.218C gpu@60.781C tj@61.562C soc1@61.125C VDD_IN 5912mW/8103mW VDD_CPU_GPU_CV 1545mW/2840mW VDD_SOC 1507mW/2027mW
09-13-2026 15:15:21 RAM 2556/7620MB (lfb 99x1MB) SWAP 790/8192MB (cached 68MB) CPU [75%@1728,16%@1728,0%@1728,0%@1728,1%@729,1%@729] GR3D_FREQ 0% cpu@61.656C soc2@60.312C soc0@60.187C gpu@60.906C tj@61.656C soc1@61C VDD_IN 5832mW/8101mW VDD_CPU_GPU_CV 1505mW/2838mW VDD_SOC 1507mW/2027mW
09-13-2026 15:15:21 RAM 2499/7620MB (lfb 105x1MB) SWAP 790/8192MB (cached 68MB) CPU [82%@1728,0%@1728,7%@1728,0%@1728,0%@729,4%@729] GR3D_FREQ 0% cpu@61.562C soc2@60.281C soc0@60.156C gpu@60.718C tj@61.562C soc1@61C VDD_IN 5832mW/8098mW VDD_CPU_GPU_CV 1507mW/2837mW VDD_SOC 1468mW/2026mW
09-13-2026 15:15:22 RAM 2498/7620MB (lfb 106x1MB) SWAP 790/8192MB (cached 68MB) CPU [97%@1728,6%@1728,4%@1728,15%@1728,7%@729,6%@729] GR3D_FREQ 0% cpu@61.656C soc2@60.25C soc0@60.218C gpu@60.625C tj@61.656C soc1@60.968C VDD_IN 5952mW/8096mW VDD_CPU_GPU_CV 1505mW/2835mW VDD_SOC 1547mW/2025mW
09-13-2026 15:15:22 RAM 2463/7620MB (lfb 109x1MB) SWAP 790/8192MB (cached 68MB) CPU [64%@1728,40%@1728,9%@1728,14%@1728,9%@729,8%@729] GR3D_FREQ 0% cpu@61.937C soc2@60.312C soc0@60.187C gpu@60.937C tj@61.937C soc1@60.875C VDD_IN 6150mW/8093mW VDD_CPU_GPU_CV 1703mW/2834mW VDD_SOC 1507mW/2025mW
09-13-2026 15:15:23 RAM 2451/7620MB (lfb 107x1MB) SWAP 790/8192MB (cached 68MB) CPU [79%@1728,32%@1728,6%@1728,6%@1728,9%@729,6%@729] GR3D_FREQ 0% cpu@61.5C soc2@60.156C soc0@60.156C gpu@60.593C tj@61.5C soc1@61.062C VDD_IN 6150mW/8091mW VDD_CPU_GPU_CV 1743mW/2833mW VDD_SOC 1507mW/2024mW
09-13-2026 15:15:24 RAM 2438/7620MB (lfb 109x1MB) SWAP 790/8192MB (cached 68MB) CPU [96%@1728,0%@1728,0%@1728,0%@1728,2%@729,0%@729] GR3D_FREQ 0% cpu@61.812C soc2@60.218C soc0@60.093C gpu@60.812C tj@61.812C soc1@61C VDD_IN 5991mW/8089mW VDD_CPU_GPU_CV 1663mW/2831mW VDD_SOC 1507mW/2024mW
09-13-2026 15:15:24 RAM 2430/7620MB (lfb 111x1MB) SWAP 790/8192MB (cached 68MB) CPU [100%@1728,0%@1728,0%@1728,0%@1728,1%@729,0%@729] GR3D_FREQ 0% cpu@61.718C soc2@60.218C soc0@60.218C gpu@60.625C tj@61.718C soc1@60.937C VDD_IN 5991mW/8086mW VDD_CPU_GPU_CV 1624mW/2830mW VDD_SOC 1507mW/2023mW
09-13-2026 15:15:25 RAM 2430/7620MB (lfb 110x1MB) SWAP 790/8192MB (cached 68MB) CPU [100%@1728,0%@1728,0%@1728,0%@1728,1%@729,1%@729] GR3D_FREQ 0% cpu@61.437C soc2@60C soc0@60.093C gpu@60.468C tj@61.437C soc1@60.843C VDD_IN 5872mW/8084mW VDD_CPU_GPU_CV 1386mW/2828mW VDD_SOC 1547mW/2022mW
09-13-2026 15:15:25 RAM 2338/7620MB (lfb 118x1MB) SWAP 790/8192MB (cached 68MB) CPU [40%@1728,39%@1728,0%@1728,0%@1728,11%@729,0%@729] GR3D_FREQ 0% cpu@61.156C soc2@60.031C soc0@60.062C gpu@60.531C tj@61.156C soc1@60.968C VDD_IN 5713mW/8081mW VDD_CPU_GPU_CV 1349mW/2827mW VDD_SOC 1507mW/2022mW
09-13-2026 15:15:26 RAM 2324/7620MB (lfb 2x2MB) SWAP 790/8192MB (cached 68MB) CPU [2%@1728,92%@1728,0%@1728,0%@1728,2%@729,0%@729] GR3D_FREQ 0% cpu@61.218C soc2@60C soc0@59.968C gpu@60.406C tj@61.218C soc1@60.906C VDD_IN 5793mW/8078mW VDD_CPU_GPU_CV 1468mW/2825mW VDD_SOC 1468mW/2021mW
09-13-2026 15:15:26 RAM 2313/7620MB (lfb 17x2MB) SWAP 789/8192MB (cached 68MB) CPU [0%@1728,92%@1728,0%@1728,0%@1728,3%@729,0%@729] GR3D_FREQ 0% cpu@61.25C soc2@59.968C soc0@59.906C gpu@60.375C tj@61.156C soc1@60.875C VDD_IN 5802mW/8076mW VDD_CPU_GPU_CV 1507mW/2823mW VDD_SOC 1468mW/2021mW
09-13-2026 15:15:27 RAM 2329/7620MB (lfb 8x2MB) SWAP 789/8192MB (cached 68MB) CPU [93%@1728,4%@1728,0%@1728,0%@1728,0%@729,0%@729] GR3D_FREQ 0% cpu@61.625C soc2@60.093C soc0@60.093C gpu@60.593C tj@61.625C soc1@60.75C VDD_IN 5832mW/8073mW VDD_CPU_GPU_CV 1507mW/2822mW VDD_SOC 1468mW/2020mW
09-13-2026 15:15:27 RAM 2339/7620MB (lfb 2x2MB) SWAP 789/8192MB (cached 68MB) CPU [98%@1728,0%@1728,0%@1728,0%@1728,0%@729,0%@729] GR3D_FREQ 0% cpu@61.312C soc2@59.937C soc0@59.937C gpu@60.375C tj@61.312C soc1@60.625C VDD_IN 5872mW/8071mW VDD_CPU_GPU_CV 1428mW/2820mW VDD_SOC 1507mW/2019mW
09-13-2026 15:15:28 RAM 2342/7620MB (lfb 1x2MB) SWAP 789/8192MB (cached 68MB) CPU [100%@1728,1%@1728,1%@1728,2%@1728,0%@729,1%@729] GR3D_FREQ 0% cpu@61.156C soc2@59.937C soc0@59.906C gpu@60.562C tj@61.156C soc1@60.875C VDD_IN 5832mW/8068mW VDD_CPU_GPU_CV 1428mW/2819mW VDD_SOC 1507mW/2019mW
09-13-2026 15:15:28 RAM 2343/7620MB (lfb 1x2MB) SWAP 789/8192MB (cached 69MB) CPU [100%@1728,0%@1728,0%@1728,0%@1728,0%@729,0%@729] GR3D_FREQ 0% cpu@61.25C soc2@59.875C soc0@59.843C gpu@60.375C tj@61.25C soc1@60.781C VDD_IN 5832mW/8065mW VDD_CPU_GPU_CV 1309mW/2817mW VDD_SOC 1547mW/2018mW
09-13-2026 15:15:29 RAM 2339/7620MB (lfb 115x1MB) SWAP 789/8192MB (cached 69MB) CPU [98%@1728,0%@1728,0%@1728,1%@1728,0%@729,0%@729] GR3D_FREQ 0% cpu@61.187C soc2@59.937C soc0@59.687C gpu@60.281C tj@61.187C soc1@60.625C VDD_IN 5872mW/8063mW VDD_CPU_GPU_CV 1507mW/2815mW VDD_SOC 1507mW/2018mW
09-13-2026 15:15:29 RAM 2302/7620MB (lfb 135x1MB) SWAP 789/8192MB (cached 69MB) CPU [78%@1728,10%@1728,0%@1728,1%@1728,0%@729,3%@729] GR3D_FREQ 0% cpu@61.218C soc2@59.781C soc0@59.875C gpu@60.312C tj@61.218C soc1@60.562C VDD_IN 5793mW/8060mW VDD_CPU_GPU_CV 1468mW/2814mW VDD_SOC 1507mW/2017mW
09-13-2026 15:15:30 RAM 2272/7620MB (lfb 152x1MB) SWAP 789/8192MB (cached 69MB) CPU [27%@1728,70%@1728,0%@1728,1%@1728,0%@729,10%@729] GR3D_FREQ 0% cpu@61.125C soc2@59.75C soc0@59.812C gpu@60.156C tj@61.125C soc1@60.593C VDD_IN 5912mW/8058mW VDD_CPU_GPU_CV 1505mW/2812mW VDD_SOC 1507mW/2016mW
09-13-2026 15:15:30 RAM 2285/7620MB (lfb 153x1MB) SWAP 789/8192MB (cached 69MB) CPU [0%@1728,100%@1728,0%@1728,0%@1728,0%@729,3%@729] GR3D_FREQ 0% cpu@60.937C soc2@59.625C soc0@59.687C gpu@60.125C tj@60.937C soc1@60.593C VDD_IN 5832mW/8055mW VDD_CPU_GPU_CV 1388mW/2811mW VDD_SOC 1507mW/2016mW
09-13-2026 15:15:31 RAM 2274/7620MB (lfb 150x1MB) SWAP 789/8192MB (cached 69MB) CPU [4%@1728,58%@1728,1%@1728,1%@1728,11%@729,10%@729] GR3D_FREQ 0% cpu@60.718C soc2@59.718C soc0@59.656C gpu@60.375C tj@60.718C soc1@60.531C VDD_IN 5793mW/8053mW VDD_CPU_GPU_CV 1428mW/2809mW VDD_SOC 1507mW/2015mW
09-13-2026 15:15:31 RAM 2275/7620MB (lfb 150x1MB) SWAP 789/8192MB (cached 69MB) CPU [0%@1728,98%@1728,0%@1728,0%@1728,0%@729,1%@729] GR3D_FREQ 0% cpu@60.906C soc2@59.562C soc0@59.812C gpu@60.125C tj@60.906C soc1@60.468C VDD_IN 5832mW/8050mW VDD_CPU_GPU_CV 1309mW/2808mW VDD_SOC 1547mW/2015mW
09-13-2026 15:15:32 RAM 2269/7620MB (lfb 6x2MB) SWAP 789/8192MB (cached 69MB) CPU [5%@1728,87%@1728,0%@1728,0%@1728,4%@729,0%@729] GR3D_FREQ 0% cpu@61.031C soc2@59.687C soc0@59.718C gpu@60.281C tj@61.031C soc1@60.406C VDD_IN 5753mW/8048mW VDD_CPU_GPU_CV 1388mW/2806mW VDD_SOC 1507mW/2014mW
09-13-2026 15:15:32 RAM 2337/7620MB (lfb 136x1MB) SWAP 789/8192MB (cached 69MB) CPU [3%@1728,96%@1728,1%@1728,3%@1728,11%@729,0%@729] GR3D_FREQ 0% cpu@60.875C soc2@59.593C soc0@59.593C gpu@60.031C tj@60.875C soc1@60.5C VDD_IN 5912mW/8045mW VDD_CPU_GPU_CV 1505mW/2804mW VDD_SOC 1507mW/2014mW
09-13-2026 15:15:33 RAM 2357/7620MB (lfb 2x2MB) SWAP 789/8192MB (cached 69MB) CPU [0%@1728,100%@1728,0%@1728,1%@1728,9%@729,0%@729] GR3D_FREQ 0% cpu@60.875C soc2@59.531C soc0@59.625C gpu@60.062C tj@60.875C soc1@60.375C VDD_IN 5872mW/8043mW VDD_CPU_GPU_CV 1428mW/2803mW VDD_SOC 1507mW/2013mW
09-13-2026 15:15:33 RAM 2432/7620MB (lfb 110x1MB) SWAP 789/8192MB (cached 69MB) CPU [0%@1728,100%@1728,1%@1728,0%@1728,10%@729,0%@729] GR3D_FREQ 0% cpu@60.812C soc2@59.656C soc0@59.5C gpu@60.031C tj@60.75C soc1@60.343C VDD_IN 5952mW/8040mW VDD_CPU_GPU_CV 1465mW/2801mW VDD_SOC 1547mW/2013mW
09-13-2026 15:15:34 RAM 2435/7620MB (lfb 110x1MB) SWAP 788/8192MB (cached 69MB) CPU [0%@1728,100%@1728,0%@1728,0%@1728,0%@729,1%@729] GR3D_FREQ 0% cpu@60.968C soc2@59.625C soc0@59.562C gpu@59.968C tj@60.968C soc1@60.281C VDD_IN 5952mW/8038mW VDD_CPU_GPU_CV 1426mW/2800mW VDD_SOC 1547mW/2012mW
09-13-2026 15:15:34 RAM 2442/7620MB (lfb 108x1MB) SWAP 788/8192MB (cached 70MB) CPU [0%@1728,100%@1728,1%@1728,0%@1728,0%@729,0%@729] GR3D_FREQ 0% cpu@60.875C soc2@59.531C soc0@59.562C gpu@60.343C tj@60.875C soc1@60.25C VDD_IN 5872mW/8035mW VDD_CPU_GPU_CV 1428mW/2798mW VDD_SOC 1507mW/2011mW
09-13-2026 15:15:35 RAM 2464/7620MB (lfb 103x1MB) SWAP 788/8192MB (cached 70MB) CPU [1%@1728,100%@1728,0%@1728,3%@1728,3%@729,0%@729] GR3D_FREQ 0% cpu@60.718C soc2@59.468C soc0@59.468C gpu@59.968C tj@60.812C soc1@60.375C VDD_IN 5912mW/8033mW VDD_CPU_GPU_CV 1386mW/2797mW VDD_SOC 1547mW/2011mW
09-13-2026 15:15:35 RAM 2479/7620MB (lfb 99x1MB) SWAP 788/8192MB (cached 70MB) CPU [0%@1728,0%@1728,0%@1728,0%@1728,100%@1728,0%@1728] GR3D_FREQ 0% cpu@60.562C soc2@59.437C soc0@59.468C gpu@60.187C tj@60.562C soc1@60.25C VDD_IN 5762mW/8030mW VDD_CPU_GPU_CV 1309mW/2795mW VDD_SOC 1507mW/2010mW
09-13-2026 15:15:36 RAM 2506/7620MB (lfb 92x1MB) SWAP 788/8192MB (cached 70MB) CPU [0%@1728,0%@1728,3%@1728,0%@1728,100%@1728,2%@1728] GR3D_FREQ 0% cpu@60.875C soc2@59.406C soc0@59.375C gpu@60C tj@60.875C soc1@60.187C VDD_IN 5912mW/8028mW VDD_CPU_GPU_CV 1426mW/2793mW VDD_SOC 1547mW/2010mW
09-13-2026 15:15:36 RAM 2532/7620MB (lfb 86x1MB) SWAP 788/8192MB (cached 70MB) CPU [0%@729,0%@729,0%@729,0%@729,100%@1728,5%@1728] GR3D_FREQ 0% cpu@60.812C soc2@59.281C soc0@59.562C gpu@60.187C tj@60.75C soc1@60.218C VDD_IN 5832mW/8026mW VDD_CPU_GPU_CV 1388mW/2792mW VDD_SOC 1507mW/2009mW
09-13-2026 15:15:37 RAM 2546/7620MB (lfb 83x1MB) SWAP 788/8192MB (cached 70MB) CPU [0%@729,0%@729,0%@729,1%@729,100%@1728,2%@1728] GR3D_FREQ 0% cpu@61C soc2@59.218C soc0@59.375C gpu@59.906C tj@61C soc1@60.093C VDD_IN 5793mW/8023mW VDD_CPU_GPU_CV 1349mW/2790mW VDD_SOC 1507mW/2009mW
09-13-2026 15:15:37 RAM 2570/7620MB (lfb 76x1MB) SWAP 788/8192MB (cached 70MB) CPU [0%@1728,0%@1728,0%@1728,3%@1728,100%@1728,1%@1728] GR3D_FREQ 0% cpu@60.625C soc2@59.25C soc0@59.375C gpu@60.031C tj@60.625C soc1@60.125C VDD_IN 5872mW/8021mW VDD_CPU_GPU_CV 1388mW/2789mW VDD_SOC 1547mW/2008mW
09-13-2026 15:15:38 RAM 2596/7620MB (lfb 70x1MB) SWAP 788/8192MB (cached 70MB) CPU [0%@1728,0%@1728,0%@1728,0%@1728,100%@1728,2%@1728] GR3D_FREQ 0% cpu@60.656C soc2@59.125C soc0@59.281C gpu@59.937C tj@60.656C soc1@60.25C VDD_IN 5793mW/8018mW VDD_CPU_GPU_CV 1349mW/2787mW VDD_SOC 1507mW/2008mW
09-13-2026 15:15:38 RAM 2597/7620MB (lfb 70x1MB) SWAP 788/8192MB (cached 70MB) CPU [3%@1728,1%@1728,0%@1728,1%@1728,100%@1728,0%@1728] GR3D_FREQ 0% cpu@60.531C soc2@59.281C soc0@59.218C gpu@59.937C tj@60.531C soc1@60.156C VDD_IN 5872mW/8016mW VDD_CPU_GPU_CV 1309mW/2785mW VDD_SOC 1547mW/2007mW
09-13-2026 15:15:39 RAM 2495/7620MB (lfb 87x1MB) SWAP 788/8192MB (cached 70MB) CPU [9%@1267,1%@1267,0%@1267,0%@1267,98%@1728,0%@1728] GR3D_FREQ 22% cpu@60.875C soc2@59.25C soc0@59.218C gpu@59.812C tj@60.75C soc1@60.031C VDD_IN 5832mW/8013mW VDD_CPU_GPU_CV 1349mW/2784mW VDD_SOC 1547mW/2007mW
09-13-2026 15:15:39 RAM 3629/7620MB (lfb 87x1MB) SWAP 788/8192MB (cached 70MB) CPU [18%@1728,16%@1728,1%@1728,1%@1728,98%@1728,0%@1728] GR3D_FREQ 0% cpu@60.656C soc2@59.156C soc0@59.406C gpu@59.937C tj@60.656C soc1@60.062C VDD_IN 5991mW/8011mW VDD_CPU_GPU_CV 1426mW/2782mW VDD_SOC 1587mW/2006mW
09-13-2026 15:15:40 RAM 5104/7620MB (lfb 87x1MB) SWAP 788/8192MB (cached 70MB) CPU [0%@1728,1%@1728,1%@1728,0%@1728,89%@1728,0%@1728] GR3D_FREQ 99% cpu@60.656C soc2@59.156C soc0@59.312C gpu@59.968C tj@60.656C soc1@60C VDD_IN 6705mW/8010mW VDD_CPU_GPU_CV 1782mW/2781mW VDD_SOC 1743mW/2006mW
09-13-2026 15:15:40 RAM 5127/7620MB (lfb 87x1MB) SWAP 788/8192MB (cached 70MB) CPU [7%@1728,0%@1728,87%@1728,1%@1728,0%@729,0%@729] GR3D_FREQ 9% cpu@61.062C soc2@59.125C soc0@59.187C gpu@59.718C tj@61.062C soc1@59.968C VDD_IN 6110mW/8007mW VDD_CPU_GPU_CV 1584mW/2780mW VDD_SOC 1587mW/2005mW
09-13-2026 15:15:41 RAM 5142/7620MB (lfb 47x1MB) SWAP 788/8192MB (cached 70MB) CPU [22%@1728,1%@1728,90%@1728,0%@1728,1%@1728,56%@1728] GR3D_FREQ 15% cpu@61.031C soc2@59.187C soc0@59.218C gpu@59.781C tj@61.031C soc1@60.062C VDD_IN 6705mW/8006mW VDD_CPU_GPU_CV 1901mW/2779mW VDD_SOC 1663mW/2005mW
09-13-2026 15:15:41 RAM 5140/7620MB (lfb 47x1MB) SWAP 788/8192MB (cached 70MB) CPU [20%@729,0%@729,68%@729,1%@729,2%@1728,26%@1728] GR3D_FREQ 22% cpu@60.312C soc2@59.187C soc0@59.093C gpu@59.625C tj@60.312C soc1@60C VDD_IN 6348mW/8004mW VDD_CPU_GPU_CV 1624mW/2777mW VDD_SOC 1666mW/2005mW
09-13-2026 15:15:42 RAM 5141/7620MB (lfb 47x1MB) SWAP 788/8192MB (cached 70MB) CPU [7%@729,0%@729,1%@729,1%@1728,2%@1574,80%@1574] GR3D_FREQ 22% cpu@60.343C soc2@59.093C soc0@59.093C gpu@59.718C tj@60.343C soc1@60C VDD_IN 6150mW/8002mW VDD_CPU_GPU_CV 1465mW/2776mW VDD_SOC 1626mW/2004mW
09-13-2026 15:15:42 RAM 5145/7620MB (lfb 190x256kB) SWAP 788/8192MB (cached 70MB) CPU [23%@1728,13%@1728,1%@1728,39%@1728,5%@729,26%@729] GR3D_FREQ 23% cpu@60.718C soc2@59.187C soc0@59.218C gpu@59.687C tj@60.718C soc1@59.906C VDD_IN 6229mW/8000mW VDD_CPU_GPU_CV 1545mW/2775mW VDD_SOC 1666mW/2004mW
09-13-2026 15:15:43 RAM 5146/7620MB (lfb 41x512kB) SWAP 788/8192MB (cached 70MB) CPU [19%@1728,44%@1728,35%@1728,10%@1728,30%@1728,19%@1728] GR3D_FREQ 8% cpu@60.562C soc2@59.093C soc0@59.125C gpu@59.718C tj@60.562C soc1@59.906C VDD_IN 6507mW/7998mW VDD_CPU_GPU_CV 1782mW/2774mW VDD_SOC 1666mW/2003mW
09-13-2026 15:15:43 RAM 5152/7620MB (lfb 42x512kB) SWAP 788/8192MB (cached 70MB) CPU [0%@729,4%@1728,0%@1728,0%@1728,5%@1344,58%@1344] GR3D_FREQ 0% cpu@60.156C soc2@59.031C soc0@59.093C gpu@59.593C tj@60.156C soc1@59.906C VDD_IN 6428mW/7997mW VDD_CPU_GPU_CV 1505mW/2772mW VDD_SOC 1706mW/2003mW
09-13-2026 15:15:44 RAM 5152/7620MB (lfb 42x512kB) SWAP 788/8192MB (cached 70MB) CPU [1%@1728,0%@1728,0%@1728,0%@1728,0%@1728,100%@1728] GR3D_FREQ 0% cpu@60.156C soc2@58.875C soc0@59C gpu@59.468C tj@60.156C soc1@60C VDD_IN 5991mW/7994mW VDD_CPU_GPU_CV 1307mW/2770mW VDD_SOC 1587mW/2003mW
09-13-2026 15:15:44 RAM 5152/7620MB (lfb 42x512kB) SWAP 788/8192MB (cached 70MB) CPU [0%@1728,0%@1728,1%@1728,0%@1728,1%@1728,100%@1728] GR3D_FREQ 0% cpu@60.125C soc2@59.125C soc0@59.031C gpu@59.468C tj@60.125C soc1@59.906C VDD_IN 5912mW/7992mW VDD_CPU_GPU_CV 1269mW/2769mW VDD_SOC 1587mW/2002mW
09-13-2026 15:15:45 RAM 5379/7620MB (lfb 3x256kB) SWAP 788/8192MB (cached 70MB) CPU [13%@1728,4%@1728,53%@1728,9%@1728,18%@1574,52%@1574] GR3D_FREQ 30% cpu@60.656C soc2@59.093C soc0@59C gpu@59.906C tj@60.656C soc1@59.906C VDD_IN 6150mW/7990mW VDD_CPU_GPU_CV 1545mW/2767mW VDD_SOC 1587mW/2002mW
09-13-2026 15:15:45 RAM 5398/7620MB (lfb 15x512kB) SWAP 787/8192MB (cached 71MB) CPU [18%@1728,70%@1728,6%@1728,0%@1728,1%@729,26%@729] GR3D_FREQ 0% cpu@60.281C soc2@59.062C soc0@59.062C gpu@59.437C tj@60.281C soc1@59.875C VDD_IN 5991mW/7988mW VDD_CPU_GPU_CV 1545mW/2766mW VDD_SOC 1547mW/2001mW
09-13-2026 15:15:46 RAM 5398/7620MB (lfb 7x512kB) SWAP 787/8192MB (cached 71MB) CPU [14%@1728,92%@1728,0%@1728,0%@1728,0%@729,34%@729] GR3D_FREQ 0% cpu@60.312C soc2@59C soc0@59C gpu@59.75C tj@60.312C soc1@59.906C VDD_IN 5952mW/7986mW VDD_CPU_GPU_CV 1545mW/2765mW VDD_SOC 1547mW/2001mW
09-13-2026 15:15:46 RAM 5395/7620MB (lfb 1x1MB) SWAP 787/8192MB (cached 71MB) CPU [13%@1651,78%@1651,15%@1651,0%@1651,0%@729,26%@729] GR3D_FREQ 0% cpu@60.281C soc2@58.875C soc0@58.906C gpu@59.531C tj@60.281C soc1@59.812C VDD_IN 5872mW/7983mW VDD_CPU_GPU_CV 1505mW/2763mW VDD_SOC 1507mW/2000mW
09-13-2026 15:15:47 RAM 5416/7620MB (lfb 9x512kB) SWAP 787/8192MB (cached 71MB) CPU [4%@1728,82%@1728,6%@1728,1%@1728,0%@729,2%@729] GR3D_FREQ 0% cpu@60.562C soc2@59.187C soc0@58.875C gpu@60.281C tj@60.562C soc1@59.968C VDD_IN 8899mW/7984mW VDD_CPU_GPU_CV 3587mW/2764mW VDD_SOC 1816mW/2000mW
09-13-2026 15:15:47 RAM 5418/7620MB (lfb 9x512kB) SWAP 787/8192MB (cached 71MB) CPU [0%@1728,100%@1728,0%@1728,0%@1728,0%@729,0%@729] GR3D_FREQ 0% cpu@60.312C soc2@59.062C soc0@59C gpu@59.562C tj@60.312C soc1@59.843C VDD_IN 6824mW/7983mW VDD_CPU_GPU_CV 2175mW/2764mW VDD_SOC 1584mW/1999mW
09-13-2026 15:15:48 RAM 5421/7620MB (lfb 7x512kB) SWAP 787/8192MB (cached 71MB) CPU [0%@1728,98%@1728,0%@1728,0%@1728,0%@729,0%@729] GR3D_FREQ 0% cpu@60.5C soc2@59.031C soc0@59.093C gpu@59.468C tj@60.5C soc1@59.656C VDD_IN 6229mW/7981mW VDD_CPU_GPU_CV 1782mW/2763mW VDD_SOC 1507mW/1999mW
09-13-2026 15:15:48 RAM 5422/7620MB (lfb 18x512kB) SWAP 787/8192MB (cached 71MB) CPU [0%@1728,100%@1728,0%@1728,1%@1728,8%@729,0%@729] GR3D_FREQ 0% cpu@60.562C soc2@58.937C soc0@59C gpu@59.437C tj@60.562C soc1@59.843C VDD_IN 6071mW/7979mW VDD_CPU_GPU_CV 1663mW/2761mW VDD_SOC 1507mW/1998mW
09-13-2026 15:15:49 RAM 5422/7620MB (lfb 4x1MB) SWAP 787/8192MB (cached 72MB) CPU [8%@1728,72%@1728,6%@1728,3%@1728,30%@1728,0%@1728] GR3D_FREQ 0% cpu@60.687C soc2@58.843C soc0@58.906C gpu@59.437C tj@60.687C soc1@59.906C VDD_IN 6071mW/7977mW VDD_CPU_GPU_CV 1663mW/2760mW VDD_SOC 1507mW/1998mW
09-13-2026 15:15:49 RAM 5425/7620MB (lfb 4x1MB) SWAP 786/8192MB (cached 73MB) CPU [3%@1728,2%@1728,0%@1728,0%@1728,100%@1728,0%@1728] GR3D_FREQ 0% cpu@60.562C soc2@58.75C soc0@58.875C gpu@59.25C tj@60.562C soc1@59.937C VDD_IN 5991mW/7975mW VDD_CPU_GPU_CV 1624mW/2759mW VDD_SOC 1507mW/1997mW
09-13-2026 15:15:50 RAM 5426/7620MB (lfb 4x1MB) SWAP 786/8192MB (cached 73MB) CPU [0%@1728,0%@1728,0%@1728,0%@1728,100%@1728,0%@1728] GR3D_FREQ 0% cpu@60.5C soc2@58.875C soc0@58.781C gpu@59.281C tj@60.5C soc1@59.843C VDD_IN 5991mW/7973mW VDD_CPU_GPU_CV 1624mW/2758mW VDD_SOC 1507mW/1997mW
09-13-2026 15:15:50 RAM 5428/7620MB (lfb 4x1MB) SWAP 786/8192MB (cached 73MB) CPU [1%@1728,0%@1728,0%@1728,0%@1728,100%@1728,0%@1728] GR3D_FREQ 0% cpu@60.406C soc2@58.75C soc0@58.812C gpu@59.25C tj@60.406C soc1@59.687C VDD_IN 5952mW/7970mW VDD_CPU_GPU_CV 1584mW/2756mW VDD_SOC 1507mW/1996mW
09-13-2026 15:15:51 RAM 5430/7620MB (lfb 4x1MB) SWAP 786/8192MB (cached 73MB) CPU [3%@729,3%@729,1%@729,1%@729,100%@1728,0%@1728] GR3D_FREQ 0% cpu@60.468C soc2@58.718C soc0@58.875C gpu@59.312C tj@60.468C soc1@59.562C VDD_IN 5952mW/7968mW VDD_CPU_GPU_CV 1584mW/2755mW VDD_SOC 1507mW/1996mW
09-13-2026 15:15:51 RAM 5432/7620MB (lfb 4x1MB) SWAP 786/8192MB (cached 73MB) CPU [0%@729,0%@729,0%@729,1%@729,100%@1728,0%@1728] GR3D_FREQ 0% cpu@60.531C soc2@58.718C soc0@58.843C gpu@59.156C tj@60.531C soc1@59.531C VDD_IN 5952mW/7966mW VDD_CPU_GPU_CV 1584mW/2754mW VDD_SOC 1507mW/1995mW
09-13-2026 15:15:52 RAM 5433/7620MB (lfb 4x1MB) SWAP 786/8192MB (cached 73MB) CPU [1%@1728,0%@1728,1%@1728,0%@1728,100%@1728,0%@1728] GR3D_FREQ 0% cpu@60.406C soc2@58.718C soc0@58.718C gpu@59.25C tj@60.406C soc1@59.531C VDD_IN 5952mW/7964mW VDD_CPU_GPU_CV 1584mW/2753mW VDD_SOC 1507mW/1995mW
09-13-2026 15:15:52 RAM 5435/7620MB (lfb 4x1MB) SWAP 786/8192MB (cached 73MB) CPU [0%@729,1%@729,1%@1728,0%@1728,100%@1728,0%@1728] GR3D_FREQ 0% cpu@60.375C soc2@58.593C soc0@58.718C gpu@59.187C tj@60.375C soc1@59.812C VDD_IN 5991mW/7962mW VDD_CPU_GPU_CV 1584mW/2751mW VDD_SOC 1507mW/1994mW
09-13-2026 15:15:53 RAM 5436/7620MB (lfb 3x1MB) SWAP 786/8192MB (cached 73MB) CPU [0%@1113,0%@1113,0%@1113,0%@1113,100%@1728,0%@1728] GR3D_FREQ 0% cpu@60.375C soc2@58.625C soc0@58.781C gpu@59.156C tj@60.375C soc1@59.656C VDD_IN 5991mW/7959mW VDD_CPU_GPU_CV 1584mW/2750mW VDD_SOC 1507mW/1994mW
09-13-2026 15:15:53 RAM 5438/7620MB (lfb 1x1MB) SWAP 786/8192MB (cached 73MB) CPU [0%@729,0%@729,0%@729,0%@729,100%@1728,0%@1728] GR3D_FREQ 0% cpu@60.593C soc2@58.687C soc0@58.562C gpu@59.093C tj@60.312C soc1@59.5C VDD_IN 5991mW/7957mW VDD_CPU_GPU_CV 1584mW/2749mW VDD_SOC 1507mW/1993mW
09-13-2026 15:15:54 RAM 5439/7620MB (lfb 17x512kB) SWAP 786/8192MB (cached 73MB) CPU [0%@729,1%@729,0%@729,0%@729,100%@1728,0%@1728] GR3D_FREQ 0% cpu@60.218C soc2@58.531C soc0@58.718C gpu@59.218C tj@60.218C soc1@59.5C VDD_IN 5991mW/7955mW VDD_CPU_GPU_CV 1584mW/2747mW VDD_SOC 1507mW/1993mW
09-13-2026 15:15:54 RAM 5440/7620MB (lfb 17x512kB) SWAP 786/8192MB (cached 73MB) CPU [0%@1728,1%@1728,1%@1728,1%@1728,100%@1728,0%@1728] GR3D_FREQ 0% cpu@60.312C soc2@58.593C soc0@58.687C gpu@59.156C tj@60.312C soc1@59.437C VDD_IN 5991mW/7953mW VDD_CPU_GPU_CV 1584mW/2746mW VDD_SOC 1507mW/1992mW
09-13-2026 15:15:55 RAM 5442/7620MB (lfb 17x512kB) SWAP 785/8192MB (cached 73MB) CPU [1%@729,0%@729,0%@729,0%@729,100%@1728,0%@1728] GR3D_FREQ 0% cpu@60.406C soc2@58.531C soc0@58.593C gpu@59.25C tj@60.406C soc1@59.406C VDD_IN 5991mW/7951mW VDD_CPU_GPU_CV 1624mW/2745mW VDD_SOC 1507mW/1991mW
09-13-2026 15:15:55 RAM 5444/7620MB (lfb 17x512kB) SWAP 785/8192MB (cached 73MB) CPU [0%@729,0%@729,0%@729,1%@729,100%@1728,0%@1728] GR3D_FREQ 0% cpu@60.218C soc2@58.5C soc0@58.625C gpu@59C tj@60.218C soc1@59.5C VDD_IN 5952mW/7949mW VDD_CPU_GPU_CV 1584mW/2744mW VDD_SOC 1507mW/1991mW
09-13-2026 15:15:56 RAM 5445/7620MB (lfb 17x512kB) SWAP 785/8192MB (cached 73MB) CPU [0%@1728,1%@1728,1%@1728,0%@1728,100%@1728,0%@1728] GR3D_FREQ 0% cpu@60.218C soc2@58.5C soc0@58.5C gpu@59.218C tj@60.218C soc1@59.437C VDD_IN 5952mW/7947mW VDD_CPU_GPU_CV 1584mW/2742mW VDD_SOC 1507mW/1990mW
09-13-2026 15:15:56 RAM 5448/7620MB (lfb 17x512kB) SWAP 785/8192MB (cached 73MB) CPU [1%@1728,0%@1728,0%@1728,1%@1728,100%@1728,0%@1728] GR3D_FREQ 0% cpu@60.25C soc2@58.562C soc0@58.5C gpu@59.281C tj@60.25C soc1@59.5C VDD_IN 5952mW/7944mW VDD_CPU_GPU_CV 1584mW/2741mW VDD_SOC 1507mW/1990mW
09-13-2026 15:15:57 RAM 5450/7620MB (lfb 17x512kB) SWAP 785/8192MB (cached 73MB) CPU [1%@1728,0%@1728,0%@1728,0%@1728,100%@1728,0%@1728] GR3D_FREQ 0% cpu@60.468C soc2@58.468C soc0@58.687C gpu@59.093C tj@60.468C soc1@59.343C VDD_IN 5952mW/7942mW VDD_CPU_GPU_CV 1584mW/2740mW VDD_SOC 1507mW/1989mW
09-13-2026 15:15:57 RAM 5452/7620MB (lfb 17x512kB) SWAP 785/8192MB (cached 74MB) CPU [0%@1728,5%@1728,0%@1728,2%@1728,100%@1728,0%@1728] GR3D_FREQ 0% cpu@60.437C soc2@58.5C soc0@58.593C gpu@59.343C tj@60.437C soc1@59.25C VDD_IN 5991mW/7940mW VDD_CPU_GPU_CV 1624mW/2739mW VDD_SOC 1507mW/1989mW
09-13-2026 15:15:58 RAM 5453/7620MB (lfb 17x512kB) SWAP 785/8192MB (cached 74MB) CPU [1%@1728,0%@1728,1%@1728,0%@1728,100%@1728,0%@1728] GR3D_FREQ 0% cpu@60.218C soc2@58.468C soc0@58.593C gpu@59.093C tj@60.218C soc1@59.218C VDD_IN 5952mW/7938mW VDD_CPU_GPU_CV 1584mW/2738mW VDD_SOC 1507mW/1988mW
09-13-2026 15:15:58 RAM 5455/7620MB (lfb 14x512kB) SWAP 785/8192MB (cached 74MB) CPU [0%@1728,1%@1728,0%@1728,0%@1728,100%@1728,0%@1728] GR3D_FREQ 0% cpu@60.093C soc2@58.375C soc0@58.437C gpu@59.218C tj@60.281C soc1@59.406C VDD_IN 5952mW/7936mW VDD_CPU_GPU_CV 1584mW/2736mW VDD_SOC 1507mW/1988mW
09-13-2026 15:15:59 RAM 5457/7620MB (lfb 13x512kB) SWAP 785/8192MB (cached 74MB) CPU [1%@729,0%@729,0%@729,1%@729,100%@1728,0%@1728] GR3D_FREQ 0% cpu@60.093C soc2@58.312C soc0@58.343C gpu@59.031C tj@60.093C soc1@59.406C VDD_IN 5952mW/7934mW VDD_CPU_GPU_CV 1584mW/2735mW VDD_SOC 1507mW/1987mW
09-13-2026 15:15:59 RAM 5458/7620MB (lfb 12x512kB) SWAP 785/8192MB (cached 74MB) CPU [1%@729,0%@729,0%@729,0%@729,100%@1728,0%@1728] GR3D_FREQ 0% cpu@59.812C soc2@58.375C soc0@58.437C gpu@59.187C tj@59.812C soc1@59.25C VDD_IN 5952mW/7932mW VDD_CPU_GPU_CV 1545mW/2734mW VDD_SOC 1507mW/1987mW
09-13-2026 15:16:00 RAM 5458/7620MB (lfb 12x512kB) SWAP 785/8192MB (cached 74MB) CPU [0%@729,1%@729,0%@729,1%@729,100%@1728,1%@1728] GR3D_FREQ 0% cpu@59.687C soc2@58.312C soc0@58.406C gpu@59C tj@59.687C soc1@59.25C VDD_IN 5872mW/7929mW VDD_CPU_GPU_CV 1346mW/2732mW VDD_SOC 1547mW/1986mW
09-13-2026 15:16:00 RAM 5459/7620MB (lfb 11x512kB) SWAP 785/8192MB (cached 74MB) CPU [0%@1728,0%@1728,0%@1728,0%@1728,100%@1728,0%@1728] GR3D_FREQ 0% cpu@60.125C soc2@58.437C soc0@58.5C gpu@59.093C tj@60.125C soc1@59.218C VDD_IN 5872mW/7927mW VDD_CPU_GPU_CV 1426mW/2731mW VDD_SOC 1507mW/1986mW
09-13-2026 15:16:01 RAM 5461/7620MB (lfb 11x512kB) SWAP 785/8192MB (cached 74MB) CPU [0%@1113,0%@1113,0%@1113,2%@1113,100%@1728,0%@1728] GR3D_FREQ 0% cpu@60.062C soc2@58.218C soc0@58.437C gpu@58.968C tj@60.062C soc1@59.125C VDD_IN 5952mW/7925mW VDD_CPU_GPU_CV 1545mW/2730mW VDD_SOC 1507mW/1985mW
09-13-2026 15:16:01 RAM 5462/7620MB (lfb 10x512kB) SWAP 785/8192MB (cached 74MB) CPU [1%@729,0%@1728,1%@1728,0%@1728,100%@1728,0%@1728] GR3D_FREQ 0% cpu@60.062C soc2@58.281C soc0@58.375C gpu@58.812C tj@60.062C soc1@59.25C VDD_IN 5952mW/7923mW VDD_CPU_GPU_CV 1584mW/2728mW VDD_SOC 1507mW/1985mW
09-13-2026 15:16:02 RAM 5464/7620MB (lfb 10x512kB) SWAP 785/8192MB (cached 74MB) CPU [0%@1728,0%@1728,0%@1728,3%@1728,100%@1728,0%@1728] GR3D_FREQ 0% cpu@59.937C soc2@58.312C soc0@58.25C gpu@58.906C tj@59.937C soc1@59.156C VDD_IN 5952mW/7921mW VDD_CPU_GPU_CV 1584mW/2727mW VDD_SOC 1507mW/1984mW
09-13-2026 15:16:02 RAM 5466/7620MB (lfb 10x512kB) SWAP 785/8192MB (cached 74MB) CPU [0%@1728,0%@1728,0%@1728,0%@1728,100%@1728,0%@1728] GR3D_FREQ 0% cpu@60C soc2@58.281C soc0@58.281C gpu@58.812C tj@60C soc1@59.218C VDD_IN 5952mW/7919mW VDD_CPU_GPU_CV 1584mW/2726mW VDD_SOC 1507mW/1984mW
09-13-2026 15:16:03 RAM 5467/7620MB (lfb 9x512kB) SWAP 785/8192MB (cached 74MB) CPU [0%@1728,0%@1728,0%@1728,0%@1728,100%@1728,0%@1728] GR3D_FREQ 0% cpu@60.25C soc2@58.25C soc0@58.218C gpu@58.843C tj@60.25C soc1@59.093C VDD_IN 5952mW/7917mW VDD_CPU_GPU_CV 1584mW/2725mW VDD_SOC 1507mW/1983mW
09-13-2026 15:16:03 RAM 5468/7620MB (lfb 8x512kB) SWAP 785/8192MB (cached 74MB) CPU [1%@1728,0%@1728,0%@1728,0%@1728,100%@1728,0%@1728] GR3D_FREQ 0% cpu@60.031C soc2@58.218C soc0@58.375C gpu@58.75C tj@59.937C soc1@59.093C VDD_IN 5952mW/7915mW VDD_CPU_GPU_CV 1584mW/2724mW VDD_SOC 1507mW/1983mW
09-13-2026 15:16:04 RAM 5471/7620MB (lfb 7x512kB) SWAP 785/8192MB (cached 74MB) CPU [0%@1728,0%@1728,0%@1728,1%@1728,100%@1728,1%@1728] GR3D_FREQ 0% cpu@59.937C soc2@58.125C soc0@58.343C gpu@58.75C tj@59.937C soc1@59.062C VDD_IN 5912mW/7913mW VDD_CPU_GPU_CV 1584mW/2722mW VDD_SOC 1468mW/1982mW
09-13-2026 15:16:04 RAM 5506/7620MB (lfb 7x512kB) SWAP 785/8192MB (cached 74MB) CPU [3%@729,0%@729,1%@729,0%@729,96%@1728,4%@1728] GR3D_FREQ 0% cpu@59.531C soc2@58.187C soc0@58.281C gpu@58.75C tj@59.562C soc1@59.218C VDD_IN 5872mW/7910mW VDD_CPU_GPU_CV 1545mW/2721mW VDD_SOC 1468mW/1982mW
09-13-2026 15:16:05 RAM 5506/7620MB (lfb 7x512kB) SWAP 785/8192MB (cached 74MB) CPU [6%@1113,0%@1113,1%@1113,1%@1113,10%@1344,72%@1344] GR3D_FREQ 0% cpu@59.375C soc2@58.031C soc0@58.218C gpu@58.593C tj@59.375C soc1@59.156C VDD_IN 5643mW/7908mW VDD_CPU_GPU_CV 1349mW/2720mW VDD_SOC 1468mW/1981mW
09-13-2026 15:16:06 RAM 5510/7620MB (lfb 10x512kB) SWAP 785/8192MB (cached 74MB) CPU [0%@729,3%@729,2%@729,0%@729,78%@1728,19%@1728] GR3D_FREQ 0% cpu@59.625C soc2@58.125C soc0@58.25C gpu@58.625C tj@59.625C soc1@59.031C VDD_IN 5753mW/7906mW VDD_CPU_GPU_CV 1468mW/2718mW VDD_SOC 1468mW/1981mW
09-13-2026 15:16:06 RAM 5512/7620MB (lfb 10x512kB) SWAP 784/8192MB (cached 74MB) CPU [1%@1728,1%@1728,0%@1728,0%@1728,100%@1728,0%@1728] GR3D_FREQ 0% cpu@60.031C soc2@58.156C soc0@58.187C gpu@58.5C tj@59.843C soc1@59C VDD_IN 5872mW/7904mW VDD_CPU_GPU_CV 1545mW/2717mW VDD_SOC 1468mW/1980mW
09-13-2026 15:16:07 RAM 5512/7620MB (lfb 10x512kB) SWAP 784/8192MB (cached 74MB) CPU [0%@1728,0%@1728,0%@1728,0%@1728,100%@1728,0%@1728] GR3D_FREQ 0% cpu@60.093C soc2@58.125C soc0@58.281C gpu@58.562C tj@60.093C soc1@59.031C VDD_IN 5912mW/7901mW VDD_CPU_GPU_CV 1584mW/2716mW VDD_SOC 1468mW/1979mW
09-13-2026 15:16:07 RAM 5512/7620MB (lfb 10x512kB) SWAP 784/8192MB (cached 74MB) CPU [1%@729,0%@729,0%@729,1%@729,100%@1728,0%@1728] GR3D_FREQ 0% cpu@59.875C soc2@58.093C soc0@58.187C gpu@58.5C tj@59.875C soc1@59C VDD_IN 5952mW/7899mW VDD_CPU_GPU_CV 1624mW/2715mW VDD_SOC 1468mW/1979mW
09-13-2026 15:16:08 RAM 5512/7620MB (lfb 10x512kB) SWAP 784/8192MB (cached 74MB) CPU [0%@1728,0%@1728,1%@1728,0%@1728,100%@1728,0%@1728] GR3D_FREQ 0% cpu@59.937C soc2@58.031C soc0@58.187C gpu@58.531C tj@59.937C soc1@59.156C VDD_IN 5952mW/7897mW VDD_CPU_GPU_CV 1624mW/2714mW VDD_SOC 1468mW/1978mW
09-13-2026 15:16:08 RAM 5512/7620MB (lfb 10x512kB) SWAP 784/8192MB (cached 74MB) CPU [0%@1728,0%@1728,0%@1728,0%@1728,100%@1728,0%@1728] GR3D_FREQ 0% cpu@59.75C soc2@58.031C soc0@58.125C gpu@58.843C tj@59.75C soc1@59.031C VDD_IN 5952mW/7895mW VDD_CPU_GPU_CV 1624mW/2712mW VDD_SOC 1468mW/1978mW
09-13-2026 15:16:09 RAM 5513/7620MB (lfb 10x512kB) SWAP 784/8192MB (cached 74MB) CPU [0%@1113,1%@1113,0%@1113,0%@1113,100%@1728,0%@1728] GR3D_FREQ 0% cpu@60.062C soc2@58.031C soc0@58.031C gpu@58.718C tj@60.062C soc1@58.937C VDD_IN 5952mW/7893mW VDD_CPU_GPU_CV 1624mW/2711mW VDD_SOC 1468mW/1977mW
09-13-2026 15:16:09 RAM 5513/7620MB (lfb 10x512kB) SWAP 784/8192MB (cached 75MB) CPU [0%@729,0%@1728,0%@1728,0%@1728,100%@1728,0%@1728] GR3D_FREQ 0% cpu@59.656C soc2@58.031C soc0@58.031C gpu@58.906C tj@59.656C soc1@58.968C VDD_IN 5952mW/7891mW VDD_CPU_GPU_CV 1624mW/2710mW VDD_SOC 1468mW/1977mW
09-13-2026 15:16:10 RAM 5513/7620MB (lfb 10x512kB) SWAP 784/8192MB (cached 75MB) CPU [0%@729,0%@729,0%@729,0%@729,100%@1728,0%@1728] GR3D_FREQ 0% cpu@59.906C soc2@57.968C soc0@58.156C gpu@58.593C tj@59.906C soc1@58.968C VDD_IN 5952mW/7889mW VDD_CPU_GPU_CV 1624mW/2709mW VDD_SOC 1468mW/1976mW
09-13-2026 15:16:10 RAM 5513/7620MB (lfb 10x512kB) SWAP 784/8192MB (cached 75MB) CPU [5%@1113,0%@1113,0%@1113,1%@1113,100%@1728,0%@1728] GR3D_FREQ 0% cpu@59.718C soc2@57.937C soc0@58.093C gpu@58.75C tj@59.718C soc1@59.062C VDD_IN 5952mW/7887mW VDD_CPU_GPU_CV 1624mW/2708mW VDD_SOC 1468mW/1976mW
09-13-2026 15:16:11 RAM 5513/7620MB (lfb 10x512kB) SWAP 784/8192MB (cached 75MB) CPU [1%@1728,0%@1728,0%@1728,0%@1728,100%@1728,0%@1728] GR3D_FREQ 0% cpu@59.75C soc2@57.968C soc0@58.062C gpu@58.593C tj@59.75C soc1@59.062C VDD_IN 5952mW/7885mW VDD_CPU_GPU_CV 1624mW/2707mW VDD_SOC 1468mW/1975mW
09-13-2026 15:16:11 RAM 5513/7620MB (lfb 10x512kB) SWAP 784/8192MB (cached 75MB) CPU [1%@1728,0%@1728,0%@1728,0%@1728,100%@1728,0%@1728] GR3D_FREQ 0% cpu@59.718C soc2@57.968C soc0@58C gpu@58.437C tj@59.718C soc1@59.031C VDD_IN 5952mW/7883mW VDD_CPU_GPU_CV 1624mW/2706mW VDD_SOC 1468mW/1975mW
09-13-2026 15:16:12 RAM 5513/7620MB (lfb 10x512kB) SWAP 784/8192MB (cached 75MB) CPU [1%@1728,0%@1728,1%@1728,0%@1728,100%@1728,0%@1728] GR3D_FREQ 0% cpu@59.593C soc2@57.968C soc0@57.968C gpu@58.5C tj@59.593C soc1@58.968C VDD_IN 5912mW/7881mW VDD_CPU_GPU_CV 1584mW/2704mW VDD_SOC 1468mW/1974mW
09-13-2026 15:16:12 RAM 5514/7620MB (lfb 10x512kB) SWAP 784/8192MB (cached 75MB) CPU [0%@729,0%@1728,0%@1728,3%@1728,98%@1728,0%@1728] GR3D_FREQ 0% cpu@59.906C soc2@57.937C soc0@57.968C gpu@58.437C tj@59.906C soc1@58.875C VDD_IN 5872mW/7879mW VDD_CPU_GPU_CV 1584mW/2703mW VDD_SOC 1468mW/1974mW
09-13-2026 15:16:13 RAM 5515/7620MB (lfb 10x512kB) SWAP 784/8192MB (cached 75MB) CPU [1%@1728,2%@1728,0%@1728,0%@1728,100%@1728,0%@1728] GR3D_FREQ 0% cpu@59.687C soc2@57.843C soc0@58.062C gpu@58.562C tj@59.687C soc1@58.875C VDD_IN 5912mW/7877mW VDD_CPU_GPU_CV 1624mW/2702mW VDD_SOC 1468mW/1973mW
09-13-2026 15:16:13 RAM 5515/7620MB (lfb 10x512kB) SWAP 784/8192MB (cached 75MB) CPU [0%@1728,0%@1728,0%@1728,0%@1728,100%@1728,0%@1728] GR3D_FREQ 0% cpu@59.718C soc2@57.843C soc0@57.875C gpu@58.406C tj@59.718C soc1@59.031C VDD_IN 5912mW/7875mW VDD_CPU_GPU_CV 1624mW/2701mW VDD_SOC 1468mW/1973mW
09-13-2026 15:16:14 RAM 5516/7620MB (lfb 10x512kB) SWAP 784/8192MB (cached 75MB) CPU [1%@1728,0%@1728,0%@1728,0%@1728,100%@1728,0%@1728] GR3D_FREQ 0% cpu@59.562C soc2@57.812C soc0@57.843C gpu@58.437C tj@59.562C soc1@58.906C VDD_IN 5912mW/7873mW VDD_CPU_GPU_CV 1624mW/2700mW VDD_SOC 1468mW/1972mW
09-13-2026 15:16:14 RAM 5517/7620MB (lfb 10x512kB) SWAP 784/8192MB (cached 75MB) CPU [0%@1728,0%@1728,0%@1728,0%@1728,100%@1728,0%@1728] GR3D_FREQ 0% cpu@59.531C soc2@57.906C soc0@57.875C gpu@58.375C tj@59.531C soc1@58.906C VDD_IN 5912mW/7871mW VDD_CPU_GPU_CV 1624mW/2699mW VDD_SOC 1468mW/1971mW
09-13-2026 15:16:15 RAM 5517/7620MB (lfb 10x512kB) SWAP 784/8192MB (cached 75MB) CPU [0%@1728,0%@1728,3%@1728,0%@1728,100%@1728,0%@1728] GR3D_FREQ 0% cpu@59.531C soc2@57.906C soc0@57.812C gpu@58.25C tj@59.531C soc1@58.812C VDD_IN 5872mW/7869mW VDD_CPU_GPU_CV 1624mW/2698mW VDD_SOC 1468mW/1971mW
09-13-2026 15:16:15 RAM 5524/7620MB (lfb 8x512kB) SWAP 784/8192MB (cached 75MB) CPU [0%@1728,0%@1728,1%@1728,0%@1728,100%@1728,1%@1728] GR3D_FREQ 0% cpu@59.531C soc2@57.781C soc0@58.062C gpu@58.343C tj@59.531C soc1@58.718C VDD_IN 5872mW/7867mW VDD_CPU_GPU_CV 1587mW/2696mW VDD_SOC 1468mW/1970mW
09-13-2026 15:16:16 RAM 5558/7620MB (lfb 3x1MB) SWAP 784/8192MB (cached 75MB) CPU [1%@729,0%@729,1%@729,0%@729,89%@1728,8%@1728] GR3D_FREQ 99% cpu@59.281C soc2@57.812C soc0@57.906C gpu@58.687C tj@59.281C soc1@58.687C VDD_IN 7210mW/7866mW VDD_CPU_GPU_CV 2294mW/2696mW VDD_SOC 1703mW/1970mW
09-13-2026 15:16:16 RAM 5584/7620MB (lfb 3x1MB) SWAP 784/8192MB (cached 75MB) CPU [1%@729,0%@729,0%@1728,3%@1728,50%@1728,32%@1728] GR3D_FREQ 81% cpu@59.375C soc2@57.875C soc0@58C gpu@59.156C tj@59.375C soc1@58.656C VDD_IN 8464mW/7866mW VDD_CPU_GPU_CV 3001mW/2696mW VDD_SOC 1898mW/1970mW
09-13-2026 15:16:17 RAM 5616/7620MB (lfb 1x1MB) SWAP 784/8192MB (cached 75MB) CPU [3%@1728,1%@1728,0%@1728,3%@1728,94%@1728,4%@1728] GR3D_FREQ 15% cpu@59.593C soc2@58C soc0@58C gpu@59.093C tj@59.593C soc1@58.906C VDD_IN 9279mW/7868mW VDD_CPU_GPU_CV 3548mW/2697mW VDD_SOC 1974mW/1970mW
09-13-2026 15:16:17 RAM 5653/7620MB (lfb 37x512kB) SWAP 784/8192MB (cached 75MB) CPU [0%@729,1%@729,2%@729,1%@729,96%@1728,3%@1728] GR3D_FREQ 29% cpu@59.5C soc2@58.093C soc0@57.906C gpu@59.437C tj@59.5C soc1@58.812C VDD_IN 9832mW/7870mW VDD_CPU_GPU_CV 3896mW/2698mW VDD_SOC 2050mW/1970mW
09-13-2026 15:16:18 RAM 5788/7620MB (lfb 9x512kB) SWAP 784/8192MB (cached 75MB) CPU [4%@729,3%@729,6%@729,16%@729,56%@1728,36%@1728] GR3D_FREQ 19% cpu@59.593C soc2@58.156C soc0@57.968C gpu@58.812C tj@59.437C soc1@58.843C VDD_IN 8978mW/7871mW VDD_CPU_GPU_CV 3351mW/2699mW VDD_SOC 1934mW/1970mW
09-13-2026 15:16:18 RAM 5792/7620MB (lfb 9x512kB) SWAP 784/8192MB (cached 75MB) CPU [4%@1728,6%@1728,9%@1728,2%@1728,4%@1728,100%@1728] GR3D_FREQ 0% cpu@59.437C soc2@58.062C soc0@58.156C gpu@58.593C tj@59.437C soc1@58.875C VDD_IN 6972mW/7870mW VDD_CPU_GPU_CV 2017mW/2698mW VDD_SOC 1703mW/1970mW
09-13-2026 15:16:19 RAM 5792/7620MB (lfb 1x1MB) SWAP 783/8192MB (cached 75MB) CPU [1%@1728,0%@1728,5%@1728,1%@1728,0%@1728,100%@1728] GR3D_FREQ 0% cpu@59.406C soc2@57.875C soc0@58.062C gpu@58.406C tj@59.406C soc1@58.781C VDD_IN 6031mW/7868mW VDD_CPU_GPU_CV 1426mW/2697mW VDD_SOC 1587mW/1969mW
09-13-2026 15:16:19 RAM 6327/7620MB (lfb 30x256kB) SWAP 783/8192MB (cached 75MB) CPU [1%@729,0%@729,0%@729,1%@729,0%@1728,100%@1728] GR3D_FREQ 0% cpu@59.25C soc2@57.875C soc0@57.968C gpu@58.343C tj@59.25C soc1@58.687C VDD_IN 5991mW/7866mW VDD_CPU_GPU_CV 1346mW/2696mW VDD_SOC 1587mW/1969mW
09-13-2026 15:16:20 RAM 6326/7620MB (lfb 123x256kB) SWAP 783/8192MB (cached 75MB) CPU [2%@729,1%@729,0%@729,10%@729,0%@1728,100%@1728] GR3D_FREQ 0% cpu@59.062C soc2@57.718C soc0@57.843C gpu@58.625C tj@59.062C soc1@58.937C VDD_IN 5912mW/7864mW VDD_CPU_GPU_CV 1307mW/2694mW VDD_SOC 1547mW/1969mW
09-13-2026 15:16:20 RAM 6352/7620MB (lfb 15x512kB) SWAP 783/8192MB (cached 75MB) CPU [1%@1728,0%@1728,12%@1728,1%@1728,0%@1728,94%@1728] GR3D_FREQ 14% cpu@59.093C soc2@57.781C soc0@57.843C gpu@58.25C tj@59.125C soc1@58.781C VDD_IN 6269mW/7863mW VDD_CPU_GPU_CV 1584mW/2693mW VDD_SOC 1587mW/1968mW
09-13-2026 15:16:21 RAM 6371/7620MB (lfb 11x512kB) SWAP 783/8192MB (cached 75MB) CPU [0%@729,0%@729,1%@729,1%@729,0%@1728,100%@1728] GR3D_FREQ 0% cpu@58.968C soc2@57.812C soc0@57.812C gpu@58.531C tj@58.968C soc1@58.687C VDD_IN 6110mW/7861mW VDD_CPU_GPU_CV 1426mW/2692mW VDD_SOC 1587mW/1968mW
09-13-2026 15:16:21 RAM 6371/7620MB (lfb 11x512kB) SWAP 783/8192MB (cached 75MB) CPU [0%@729,0%@729,0%@729,1%@729,0%@1728,100%@1728] GR3D_FREQ 0% cpu@59C soc2@57.656C soc0@57.906C gpu@58.343C tj@59C soc1@58.687C VDD_IN 5832mW/7859mW VDD_CPU_GPU_CV 1269mW/2690mW VDD_SOC 1547mW/1967mW
09-13-2026 15:16:22 RAM 6373/7620MB (lfb 9x512kB) SWAP 783/8192MB (cached 75MB) CPU [1%@1728,0%@1728,0%@1728,0%@1728,0%@1728,100%@1728] GR3D_FREQ 0% cpu@59.125C soc2@57.625C soc0@57.843C gpu@58.5C tj@59.125C soc1@58.531C VDD_IN 6031mW/7857mW VDD_CPU_GPU_CV 1386mW/2689mW VDD_SOC 1587mW/1967mW
09-13-2026 15:16:22 RAM 6373/7620MB (lfb 9x512kB) SWAP 783/8192MB (cached 75MB) CPU [0%@1728,0%@1728,0%@1728,0%@1728,0%@1728,100%@1728] GR3D_FREQ 0% cpu@59.062C soc2@57.593C soc0@57.812C gpu@58.25C tj@59.062C soc1@58.562C VDD_IN 5793mW/7855mW VDD_CPU_GPU_CV 1269mW/2688mW VDD_SOC 1547mW/1967mW
09-13-2026 15:16:23 RAM 6558/7620MB (lfb 9x512kB) SWAP 783/8192MB (cached 75MB) CPU [22%@1728,30%@1728,23%@1728,63%@1728,29%@729,50%@729] GR3D_FREQ 0% cpu@59.406C soc2@57.593C soc0@57.718C gpu@58.468C tj@59.406C soc1@58.843C VDD_IN 6388mW/7853mW VDD_CPU_GPU_CV 1822mW/2687mW VDD_SOC 1547mW/1966mW
09-13-2026 15:16:23 RAM 6955/7620MB (lfb 5x128kB) SWAP 783/8192MB (cached 75MB) CPU [1%@729,10%@729,0%@729,81%@729,2%@729,0%@729] GR3D_FREQ 99% cpu@59.187C soc2@58.031C soc0@57.75C gpu@60.718C tj@60.718C soc1@58.75C VDD_IN 11532mW/7857mW VDD_CPU_GPU_CV 5453mW/2690mW VDD_SOC 2086mW/1966mW
09-13-2026 15:16:24 RAM 6963/7620MB (lfb 1x1MB) SWAP 783/8192MB (cached 75MB) CPU [0%@1113,0%@1113,16%@1113,0%@1113,0%@1113,0%@1113] GR3D_FREQ 99% cpu@60.375C soc2@58.718C soc0@58.093C gpu@62C tj@62C soc1@58.718C VDD_IN 17763mW/7867mW VDD_CPU_GPU_CV 10028mW/2697mW VDD_SOC 2689mW/1967mW
09-13-2026 15:16:24 RAM 6959/7620MB (lfb 9x1MB) SWAP 783/8192MB (cached 75MB) CPU [2%@1728,0%@1728,3%@1728,17%@1728,0%@729,5%@729] GR3D_FREQ 99% cpu@60.406C soc2@59.25C soc0@58.375C gpu@62.656C tj@62.656C soc1@58.937C VDD_IN 20861mW/7880mW VDD_CPU_GPU_CV 11250mW/2706mW VDD_SOC 4033mW/1969mW
09-13-2026 15:16:25 RAM 6960/7620MB (lfb 9x1MB) SWAP 783/8192MB (cached 75MB) CPU [0%@1728,0%@1728,0%@1728,1%@1728,0%@729,0%@729] GR3D_FREQ 99% cpu@60.656C soc2@59.531C soc0@58.718C gpu@62.656C tj@62.656C soc1@59.031C VDD_IN 21757mW/7895mW VDD_CPU_GPU_CV 11654mW/2715mW VDD_SOC 4452mW/1972mW
09-13-2026 15:16:25 RAM 6960/7620MB (lfb 9x1MB) SWAP 783/8192MB (cached 76MB) CPU [3%@1728,0%@1728,0%@1728,98%@1728,0%@729,0%@729] GR3D_FREQ 99% cpu@61.375C soc2@59.687C soc0@58.812C gpu@62.156C tj@62.156C soc1@59.093C VDD_IN 20589mW/7907mW VDD_CPU_GPU_CV 9648mW/2722mW VDD_SOC 4925mW/1975mW
09-13-2026 15:16:26 RAM 6960/7620MB (lfb 9x1MB) SWAP 783/8192MB (cached 76MB) CPU [1%@1728,0%@1728,0%@1728,100%@1728,1%@729,0%@729] GR3D_FREQ 91% cpu@61.281C soc2@59.812C soc0@58.906C gpu@62.093C tj@62.093C soc1@59.406C VDD_IN 20162mW/7920mW VDD_CPU_GPU_CV 8528mW/2728mW VDD_SOC 5274mW/1978mW
09-13-2026 15:16:26 RAM 6961/7620MB (lfb 9x1MB) SWAP 783/8192MB (cached 76MB) CPU [0%@1728,0%@1728,0%@1728,100%@1728,1%@729,1%@729] GR3D_FREQ 87% cpu@61.312C soc2@60.062C soc0@59C gpu@62.187C tj@62.187C soc1@59.406C VDD_IN 20006mW/7932mW VDD_CPU_GPU_CV 8195mW/2733mW VDD_SOC 5390mW/1981mW
09-13-2026 15:16:27 RAM 7005/7620MB (lfb 9x1MB) SWAP 784/8192MB (cached 76MB) CPU [19%@1728,14%@1728,18%@1728,94%@1728,14%@1728,22%@1728] GR3D_FREQ 0% cpu@62.031C soc2@59.875C soc0@59.312C gpu@60.937C tj@62.031C soc1@59.593C VDD_IN 17294mW/7942mW VDD_CPU_GPU_CV 6953mW/2738mW VDD_SOC 4638mW/1984mW
09-13-2026 15:16:27 RAM 7038/7620MB (lfb 9x1MB) SWAP 786/8192MB (cached 74MB) CPU [58%@1728,7%@1728,3%@1728,6%@1728,94%@1728,12%@1728] GR3D_FREQ 0% cpu@61.093C soc2@59.531C soc0@59.093C gpu@60.031C tj@61.093C soc1@59.687C VDD_IN 10881mW/7945mW VDD_CPU_GPU_CV 3693mW/2739mW VDD_SOC 3188mW/1985mW
09-13-2026 15:16:28 RAM 7191/7620MB (lfb 8x256kB) SWAP 789/8192MB (cached 72MB) CPU [13%@729,0%@729,15%@729,0%@1728,100%@1728,0%@1728] GR3D_FREQ 99% cpu@61.125C soc2@59.906C soc0@59.156C gpu@62.968C tj@62.968C soc1@59.562C VDD_IN 17607mW/7954mW VDD_CPU_GPU_CV 8726mW/2745mW VDD_SOC 3936mW/1987mW
09-13-2026 15:16:28 RAM 7196/7620MB (lfb 1x2MB) SWAP 789/8192MB (cached 72MB) CPU [27%@1728,0%@1728,0%@1728,1%@1728,100%@1728,0%@1728] GR3D_FREQ 99% cpu@61.406C soc2@60.187C soc0@59.343C gpu@63.406C tj@63.406C soc1@59.906C VDD_IN 21602mW/7968mW VDD_CPU_GPU_CV 11654mW/2754mW VDD_SOC 4375mW/1990mW
09-13-2026 15:16:29 RAM 7197/7620MB (lfb 1x2MB) SWAP 789/8192MB (cached 72MB) CPU [0%@729,0%@729,0%@729,0%@729,100%@1728,1%@1728] GR3D_FREQ 99% cpu@61.625C soc2@60.625C soc0@59.5C gpu@63.875C tj@63.875C soc1@59.937C VDD_IN 22070mW/7983mW VDD_CPU_GPU_CV 11904mW/2763mW VDD_SOC 4484mW/1992mW
09-13-2026 15:16:29 RAM 7198/7620MB (lfb 1x2MB) SWAP 789/8192MB (cached 72MB) CPU [0%@1728,1%@1728,0%@1728,0%@1728,100%@1728,0%@1728] GR3D_FREQ 99% cpu@62.093C soc2@60.656C soc0@59.687C gpu@63.812C tj@63.812C soc1@59.968C VDD_IN 21719mW/7996mW VDD_CPU_GPU_CV 11769mW/2772mW VDD_SOC 4445mW/1995mW
09-13-2026 15:16:30 RAM 7198/7620MB (lfb 1x2MB) SWAP 789/8192MB (cached 72MB) CPU [0%@1728,0%@1728,0%@1728,0%@1728,100%@1728,0%@1728] GR3D_FREQ 99% cpu@61.937C soc2@60.937C soc0@60C gpu@64.281C tj@64.281C soc1@60.062C VDD_IN 21602mW/8010mW VDD_CPU_GPU_CV 11769mW/2781mW VDD_SOC 4368mW/1997mW
09-13-2026 15:16:30 RAM 7198/7620MB (lfb 1x2MB) SWAP 789/8192MB (cached 72MB) CPU [0%@729,0%@729,0%@729,0%@729,100%@1728,0%@1728] GR3D_FREQ 87% cpu@62.25C soc2@61C soc0@60.031C gpu@63.406C tj@63.406C soc1@60.156C VDD_IN 20749mW/8023mW VDD_CPU_GPU_CV 9824mW/2788mW VDD_SOC 4956mW/2000mW
09-13-2026 15:16:31 RAM 7198/7620MB (lfb 1x2MB) SWAP 789/8192MB (cached 72MB) CPU [1%@729,0%@729,0%@729,0%@729,100%@1728,0%@1728] GR3D_FREQ 87% cpu@62.375C soc2@60.906C soc0@60.156C gpu@63.562C tj@63.562C soc1@60.5C VDD_IN 20317mW/8035mW VDD_CPU_GPU_CV 8644mW/2794mW VDD_SOC 5313mW/2003mW
09-13-2026 15:16:31 RAM 7201/7620MB (lfb 1x2MB) SWAP 789/8192MB (cached 73MB) CPU [20%@1651,19%@1651,18%@1651,19%@1651,93%@1728,18%@1728] GR3D_FREQ 0% cpu@62.875C soc2@60.906C soc0@60.062C gpu@62.156C tj@62.875C soc1@60.625C VDD_IN 17227mW/8045mW VDD_CPU_GPU_CV 7058mW/2798mW VDD_SOC 4599mW/2006mW
09-13-2026 15:16:32 RAM 7376/7620MB (lfb 1x1MB) SWAP 814/8192MB (cached 71MB) CPU [92%@1728,6%@1728,19%@1728,7%@1728,34%@1728,8%@1728] GR3D_FREQ 0% cpu@61.937C soc2@60.531C soc0@60C gpu@61.156C tj@61.937C soc1@60.593C VDD_IN 10723mW/8047mW VDD_CPU_GPU_CV 3693mW/2799mW VDD_SOC 3148mW/2007mW
09-13-2026 15:16:32 RAM 7171/7620MB (lfb 66x256kB) SWAP 987/8192MB (cached 113MB) CPU [82%@1728,7%@1728,0%@1728,1%@1728,58%@1113,12%@1113] GR3D_FREQ 99% cpu@61.781C soc2@60.25C soc0@60.062C gpu@61.062C tj@61.781C soc1@60.375C VDD_IN 8924mW/8048mW VDD_CPU_GPU_CV 2562mW/2799mW VDD_SOC 2843mW/2008mW
09-13-2026 15:16:33 RAM 7310/7620MB (lfb 1x512kB) SWAP 1160/8192MB (cached 130MB) CPU [100%@1728,0%@1728,1%@1728,0%@1728,8%@729,36%@729] GR3D_FREQ 99% cpu@61.875C soc2@60.593C soc0@59.968C gpu@63.218C tj@63.218C soc1@60.406C VDD_IN 14045mW/8054mW VDD_CPU_GPU_CV 6324mW/2803mW VDD_SOC 3407mW/2009mW
09-13-2026 15:16:33 RAM 7313/7620MB (lfb 2x2MB) SWAP 1160/8192MB (cached 130MB) CPU [62%@729,0%@729,30%@1728,0%@1728,38%@1728,0%@1728] GR3D_FREQ 99% cpu@62.25C soc2@60.968C soc0@60.187C gpu@64.25C tj@64.25C soc1@60.5C VDD_IN 20395mW/8066mW VDD_CPU_GPU_CV 10980mW/2811mW VDD_SOC 4188mW/2012mW
09-13-2026 15:16:34 RAM 7314/7620MB (lfb 2x2MB) SWAP 1160/8192MB (cached 131MB) CPU [0%@1728,0%@1728,2%@1728,1%@1728,100%@1728,0%@1728] GR3D_FREQ 99% cpu@62.343C soc2@61.312C soc0@60.375C gpu@64.531C tj@64.531C soc1@60.812C VDD_IN 22186mW/8081mW VDD_CPU_GPU_CV 12172mW/2820mW VDD_SOC 4406mW/2014mW
09-13-2026 15:16:34 RAM 7315/7620MB (lfb 2x2MB) SWAP 1160/8192MB (cached 131MB) CPU [0%@1728,0%@1728,0%@1728,0%@1728,100%@1728,0%@1728] GR3D_FREQ 99% cpu@62.593C soc2@61.593C soc0@60.562C gpu@65.093C tj@64.718C soc1@60.875C VDD_IN 22341mW/8095mW VDD_CPU_GPU_CV 12288mW/2830mW VDD_SOC 4368mW/2016mW
09-13-2026 15:16:35 RAM 7315/7620MB (lfb 2x2MB) SWAP 1160/8192MB (cached 131MB) CPU [0%@729,0%@729,0%@729,1%@729,100%@1728,0%@1728] GR3D_FREQ 99% cpu@62.75C soc2@61.812C soc0@60.687C gpu@64.906C tj@64.906C soc1@60.875C VDD_IN 21915mW/8109mW VDD_CPU_GPU_CV 11904mW/2839mW VDD_SOC 4445mW/2019mW
09-13-2026 15:16:35 RAM 7315/7620MB (lfb 2x2MB) SWAP 1160/8192MB (cached 131MB) CPU [0%@729,1%@729,0%@729,0%@729,100%@1728,1%@1728] GR3D_FREQ 99% cpu@63C soc2@61.843C soc0@61C gpu@65.437C tj@65.437C soc1@60.968C VDD_IN 21525mW/8122mW VDD_CPU_GPU_CV 11616mW/2847mW VDD_SOC 4406mW/2021mW
09-13-2026 15:16:36 RAM 7316/7620MB (lfb 2x2MB) SWAP 1160/8192MB (cached 131MB) CPU [0%@729,0%@729,0%@729,0%@729,100%@1728,0%@1728] GR3D_FREQ 99% cpu@63.218C soc2@62C soc0@61.062C gpu@65.281C tj@65.281C soc1@61.062C VDD_IN 21563mW/8135mW VDD_CPU_GPU_CV 11769mW/2856mW VDD_SOC 4368mW/2024mW
09-13-2026 15:16:36 RAM 7316/7620MB (lfb 2x2MB) SWAP 1160/8192MB (cached 131MB) CPU [1%@1728,0%@1728,1%@1728,3%@1728,100%@1728,0%@1728] GR3D_FREQ 99% cpu@63.218C soc2@62.062C soc0@61.187C gpu@65.656C tj@65.656C soc1@61.156C VDD_IN 21602mW/8149mW VDD_CPU_GPU_CV 11827mW/2865mW VDD_SOC 4329mW/2026mW
09-13-2026 15:16:37 RAM 7315/7620MB (lfb 2x2MB) SWAP 1160/8192MB (cached 131MB) CPU [0%@1728,0%@1728,0%@1728,0%@1728,100%@1728,0%@1728] GR3D_FREQ 87% cpu@63.531C soc2@62.156C soc0@61.343C gpu@64.75C tj@64.625C soc1@61.468C VDD_IN 20943mW/8161mW VDD_CPU_GPU_CV 9901mW/2872mW VDD_SOC 4994mW/2029mW
09-13-2026 15:16:37 RAM 7316/7620MB (lfb 2x2MB) SWAP 1160/8192MB (cached 131MB) CPU [0%@1728,0%@1728,0%@1728,0%@1728,100%@1728,1%@1728] GR3D_FREQ 87% cpu@63.437C soc2@62.312C soc0@61.312C gpu@64.937C tj@64.937C soc1@61.593C VDD_IN 20516mW/8174mW VDD_CPU_GPU_CV 8760mW/2878mW VDD_SOC 5343mW/2032mW
09-13-2026 15:16:38 RAM 7343/7620MB (lfb 27x1MB) SWAP 1160/8192MB (cached 131MB) CPU [26%@1728,20%@1728,23%@1728,24%@1728,86%@729,20%@729] GR3D_FREQ 0% cpu@63.968C soc2@62.062C soc0@61.531C gpu@63.375C tj@63.968C soc1@61.625C VDD_IN 16474mW/8182mW VDD_CPU_GPU_CV 6681mW/2882mW VDD_SOC 4404mW/2034mW
09-13-2026 15:16:38 RAM 7444/7620MB (lfb 2x1MB) SWAP 1214/8192MB (cached 133MB) CPU [7%@1728,96%@1728,2%@1728,4%@1728,9%@883,29%@883] GR3D_FREQ 0% cpu@63.062C soc2@61.625C soc0@61.406C gpu@62.375C tj@63.062C soc1@61.562C VDD_IN 10289mW/8184mW VDD_CPU_GPU_CV 3418mW/2882mW VDD_SOC 3070mW/2035mW
09-13-2026 15:16:39 RAM 7459/7620MB (lfb 2x1MB) SWAP 1430/8192MB (cached 133MB) CPU [6%@1728,82%@1728,2%@1728,0%@1728,66%@729,2%@729] GR3D_FREQ 0% cpu@62.843C soc2@61.312C soc0@61.156C gpu@62.031C tj@62.843C soc1@61.781C VDD_IN 8305mW/8184mW VDD_CPU_GPU_CV 2171mW/2882mW VDD_SOC 2724mW/2036mW
09-13-2026 15:16:39 RAM 6913/7620MB (lfb 7x2MB) SWAP 1624/8192MB (cached 143MB) CPU [11%@1728,75%@1728,0%@1728,0%@1728,60%@729,0%@729] GR3D_FREQ 0% cpu@62.281C soc2@61.187C soc0@61C gpu@61.75C tj@62.281C soc1@61.593C VDD_IN 7012mW/8183mW VDD_CPU_GPU_CV 1779mW/2881mW VDD_SOC 2099mW/2036mW
09-13-2026 15:16:40 RAM 7211/7620MB (lfb 17x1MB) SWAP 1624/8192MB (cached 143MB) CPU [7%@1728,92%@1728,46%@1728,0%@1728,32%@1728,24%@1728] GR3D_FREQ 99% cpu@63.375C soc2@61.625C soc0@61.062C gpu@64.437C tj@64.437C soc1@61.593C VDD_IN 15236mW/8190mW VDD_CPU_GPU_CV 7665mW/2885mW VDD_SOC 3128mW/2037mW
09-13-2026 15:16:40 RAM 7213/7620MB (lfb 21x1MB) SWAP 1624/8192MB (cached 143MB) CPU [0%@729,11%@729,11%@729,5%@729,96%@1728,0%@1728] GR3D_FREQ 99% cpu@63.343C soc2@62.125C soc0@61.281C gpu@65.375C tj@65.375C soc1@61.718C VDD_IN 20788mW/8202mW VDD_CPU_GPU_CV 11288mW/2894mW VDD_SOC 4143mW/2039mW
09-13-2026 15:16:41 RAM 7213/7620MB (lfb 21x1MB) SWAP 1624/8192MB (cached 143MB) CPU [0%@729,0%@729,0%@1728,0%@1728,100%@1728,0%@1728] GR3D_FREQ 99% cpu@63.593C soc2@62.343C soc0@61.593C gpu@65.781C tj@65.781C soc1@61.843C VDD_IN 22341mW/8216mW VDD_CPU_GPU_CV 12403mW/2903mW VDD_SOC 4368mW/2042mW
09-13-2026 15:16:41 RAM 7213/7620MB (lfb 21x1MB) SWAP 1624/8192MB (cached 143MB) CPU [0%@729,0%@729,3%@729,1%@729,100%@1728,0%@1728] GR3D_FREQ 99% cpu@63.937C soc2@62.593C soc0@61.718C gpu@65.937C tj@65.937C soc1@61.843C VDD_IN 22575mW/8231mW VDD_CPU_GPU_CV 12344mW/2912mW VDD_SOC 4476mW/2044mW
09-13-2026 15:16:42 RAM 7213/7620MB (lfb 21x1MB) SWAP 1624/8192MB (cached 143MB) CPU [1%@729,0%@729,0%@729,0%@729,100%@1728,0%@1728] GR3D_FREQ 99% cpu@63.968C soc2@62.875C soc0@62.031C gpu@66.062C tj@66.062C soc1@62.125C VDD_IN 22418mW/8245mW VDD_CPU_GPU_CV 12172mW/2921mW VDD_SOC 4515mW/2047mW
09-13-2026 15:16:42 RAM 7215/7620MB (lfb 21x1MB) SWAP 1624/8192MB (cached 144MB) CPU [2%@729,0%@729,0%@729,0%@729,100%@1728,5%@1728] GR3D_FREQ 99% cpu@64.187C soc2@62.875C soc0@62.031C gpu@66.531C tj@66.531C soc1@62.218C VDD_IN 21799mW/8258mW VDD_CPU_GPU_CV 11788mW/2930mW VDD_SOC 4445mW/2049mW
09-13-2026 15:16:43 RAM 7215/7620MB (lfb 21x1MB) SWAP 1624/8192MB (cached 144MB) CPU [0%@729,0%@729,0%@729,1%@729,100%@1728,0%@1728] GR3D_FREQ 99% cpu@64.218C soc2@63.062C soc0@62.125C gpu@66.468C tj@66.468C soc1@62.312C VDD_IN 21605mW/8271mW VDD_CPU_GPU_CV 11788mW/2939mW VDD_SOC 4406mW/2051mW
09-13-2026 15:16:43 RAM 7217/7620MB (lfb 21x1MB) SWAP 1623/8192MB (cached 145MB) CPU [1%@1728,0%@1728,0%@1728,0%@1728,100%@1728,2%@1728] GR3D_FREQ 99% cpu@64.562C soc2@63.156C soc0@62.218C gpu@66.75C tj@66.75C soc1@62.312C VDD_IN 21563mW/8284mW VDD_CPU_GPU_CV 11808mW/2947mW VDD_SOC 4329mW/2053mW
09-13-2026 15:16:44 RAM 7217/7620MB (lfb 21x1MB) SWAP 1623/8192MB (cached 145MB) CPU [3%@729,0%@729,2%@729,1%@729,100%@1728,0%@1728] GR3D_FREQ 99% cpu@64.781C soc2@63.343C soc0@62.5C gpu@66.562C tj@66.562C soc1@62.437C VDD_IN 21563mW/8297mW VDD_CPU_GPU_CV 11654mW/2956mW VDD_SOC 4406mW/2056mW
09-13-2026 15:16:44 RAM 7217/7620MB (lfb 21x1MB) SWAP 1623/8192MB (cached 145MB) CPU [0%@1728,0%@1728,1%@1728,0%@1728,100%@1728,0%@1728] GR3D_FREQ 88% cpu@64.718C soc2@63.406C soc0@62.593C gpu@66.406C tj@66.406C soc1@62.531C VDD_IN 21214mW/8310mW VDD_CPU_GPU_CV 10692mW/2964mW VDD_SOC 4723mW/2058mW
09-13-2026 15:16:45 RAM 7217/7620MB (lfb 21x1MB) SWAP 1623/8192MB (cached 145MB) CPU [0%@1728,0%@1728,0%@1728,0%@1728,100%@1728,0%@1728] GR3D_FREQ 99% cpu@64.812C soc2@63.406C soc0@62.718C gpu@65.968C tj@65.968C soc1@62.875C VDD_IN 20633mW/8322mW VDD_CPU_GPU_CV 9015mW/2970mW VDD_SOC 5265mW/2061mW
09-13-2026 15:16:45 RAM 7218/7620MB (lfb 21x1MB) SWAP 1623/8192MB (cached 146MB) CPU [0%@729,1%@729,0%@729,0%@729,100%@1728,0%@1728] GR3D_FREQ 99% cpu@64.812C soc2@63.562C soc0@62.718C gpu@66.156C tj@66.156C soc1@62.906C VDD_IN 20477mW/8334mW VDD_CPU_GPU_CV 8490mW/2975mW VDD_SOC 5459mW/2065mW
09-13-2026 15:16:46 RAM 7217/7620MB (lfb 21x1MB) SWAP 1623/8192MB (cached 146MB) CPU [0%@1728,0%@1728,0%@1728,0%@1728,100%@1728,1%@1728] GR3D_FREQ 99% cpu@65.125C soc2@63.593C soc0@62.75C gpu@66.125C tj@66.125C soc1@63C VDD_IN 20477mW/8345mW VDD_CPU_GPU_CV 8335mW/2980mW VDD_SOC 5498mW/2068mW
09-13-2026 15:16:46 RAM 7357/7620MB (lfb 13x64kB) SWAP 1647/8192MB (cached 144MB) CPU [31%@1728,80%@1728,18%@1728,22%@1728,29%@729,32%@729] GR3D_FREQ 0% cpu@64.468C soc2@63.093C soc0@62.812C gpu@64.062C tj@64.375C soc1@62.937C VDD_IN 11985mW/8349mW VDD_CPU_GPU_CV 4230mW/2981mW VDD_SOC 3458mW/2069mW
09-13-2026 15:16:47 RAM 7133/7620MB (lfb 1x2MB) SWAP 1684/8192MB (cached 143MB) CPU [2%@1728,100%@1728,0%@1728,0%@1728,0%@729,14%@729] GR3D_FREQ 99% cpu@64.781C soc2@63.343C soc0@62.75C gpu@66.687C tj@66.687C soc1@62.875C VDD_IN 18084mW/8358mW VDD_CPU_GPU_CV 8983mW/2987mW VDD_SOC 4046mW/2071mW
09-13-2026 15:16:48 RAM 7140/7620MB (lfb 1x2MB) SWAP 1684/8192MB (cached 144MB) CPU [0%@1728,100%@1728,0%@1728,0%@1728,30%@729,0%@729] GR3D_FREQ 99% cpu@64.937C soc2@63.687C soc0@62.937C gpu@67.218C tj@67.218C soc1@63.031C VDD_IN 21567mW/8371mW VDD_CPU_GPU_CV 11481mW/2995mW VDD_SOC 4445mW/2074mW
09-13-2026 15:16:48 RAM 7141/7620MB (lfb 1x2MB) SWAP 1684/8192MB (cached 144MB) CPU [0%@1728,100%@1728,0%@1728,0%@1728,0%@729,0%@729] GR3D_FREQ 99% cpu@65.25C soc2@64C soc0@63.031C gpu@67.593C tj@67.593C soc1@63.218C VDD_IN 21683mW/8384mW VDD_CPU_GPU_CV 11635mW/3004mW VDD_SOC 4484mW/2076mW
09-13-2026 15:16:49 RAM 7141/7620MB (lfb 1x2MB) SWAP 1684/8192MB (cached 144MB) CPU [1%@1728,100%@1728,0%@1728,0%@1728,0%@729,0%@729] GR3D_FREQ 99% cpu@65.406C soc2@64.031C soc0@63.281C gpu@67.562C tj@67.562C soc1@63.218C VDD_IN 21450mW/8397mW VDD_CPU_GPU_CV 11577mW/3012mW VDD_SOC 4445mW/2078mW
09-13-2026 15:16:49 RAM 7143/7620MB (lfb 1x2MB) SWAP 1682/8192MB (cached 146MB) CPU [2%@1728,54%@1728,46%@1728,3%@1728,2%@729,5%@729] GR3D_FREQ 87% cpu@66.125C soc2@64.093C soc0@63.281C gpu@66.75C tj@66.875C soc1@63.281C VDD_IN 20594mW/8409mW VDD_CPU_GPU_CV 9323mW/3018mW VDD_SOC 5111mW/2081mW
09-13-2026 15:16:50 RAM 7143/7620MB (lfb 1x2MB) SWAP 1682/8192MB (cached 146MB) CPU [0%@1728,0%@1728,100%@1728,0%@1728,0%@729,1%@729] GR3D_FREQ 86% cpu@66C soc2@64.093C soc0@63.312C gpu@66.781C tj@66.781C soc1@63.593C VDD_IN 20245mW/8420mW VDD_CPU_GPU_CV 8451mW/3024mW VDD_SOC 5352mW/2084mW
09-13-2026 15:16:50 RAM 7143/7620MB (lfb 1x2MB) SWAP 1682/8192MB (cached 146MB) CPU [0%@1728,0%@1728,100%@1728,0%@1728,0%@1728,1%@1728] GR3D_FREQ 86% cpu@65.968C soc2@64.281C soc0@63.406C gpu@66.843C tj@66.843C soc1@63.562C VDD_IN 20128mW/8432mW VDD_CPU_GPU_CV 8220mW/3029mW VDD_SOC 5420mW/2088mW
09-13-2026 15:16:51 RAM 7158/7620MB (lfb 28x1MB) SWAP 1682/8192MB (cached 146MB) CPU [23%@1728,40%@1728,76%@1728,20%@1728,25%@729,24%@729] GR3D_FREQ 0% cpu@65.437C soc2@64.031C soc0@63.468C gpu@65.125C tj@65.437C soc1@63.75C VDD_IN 15055mW/8438mW VDD_CPU_GPU_CV 5885mW/3031mW VDD_SOC 4145mW/2090mW
09-13-2026 15:16:51 RAM 7168/7620MB (lfb 22x1MB) SWAP 1712/8192MB (cached 145MB) CPU [0%@1728,100%@1728,0%@1728,0%@1728,0%@729,28%@729] GR3D_FREQ 99% cpu@65.375C soc2@63.875C soc0@63.406C gpu@66.625C tj@66.625C soc1@63.593C VDD_IN 13260mW/8443mW VDD_CPU_GPU_CV 5435mW/3034mW VDD_SOC 3525mW/2091mW
09-13-2026 15:16:52 RAM 7178/7620MB (lfb 16x1MB) SWAP 1712/8192MB (cached 145MB) CPU [6%@1728,100%@1728,0%@1728,0%@1728,3%@729,1%@729] GR3D_FREQ 99% cpu@65.593C soc2@64.25C soc0@63.562C gpu@67.562C tj@67.562C soc1@63.593C VDD_IN 20317mW/8454mW VDD_CPU_GPU_CV 10710mW/3041mW VDD_SOC 4266mW/2093mW
09-13-2026 15:16:52 RAM 7178/7620MB (lfb 16x1MB) SWAP 1712/8192MB (cached 145MB) CPU [0%@1728,100%@1728,0%@1728,0%@1728,0%@729,0%@729] GR3D_FREQ 99% cpu@65.875C soc2@64.5C soc0@63.687C gpu@68.25C tj@68.25C soc1@63.875C VDD_IN 22186mW/8467mW VDD_CPU_GPU_CV 12057mW/3050mW VDD_SOC 4445mW/2095mW
09-13-2026 15:16:53 RAM 7177/7620MB (lfb 16x1MB) SWAP 1712/8192MB (cached 146MB) CPU [3%@1728,100%@1728,2%@1728,0%@1728,0%@729,0%@729] GR3D_FREQ 99% cpu@66.031C soc2@64.781C soc0@63.906C gpu@68.312C tj@68.312C soc1@63.875C VDD_IN 21954mW/8480mW VDD_CPU_GPU_CV 11865mW/3058mW VDD_SOC 4484mW/2098mW
09-13-2026 15:16:53 RAM 7177/7620MB (lfb 16x1MB) SWAP 1712/8192MB (cached 146MB) CPU [0%@1728,100%@1728,0%@1728,0%@1728,1%@729,0%@729] GR3D_FREQ 99% cpu@66.625C soc2@64.968C soc0@64.156C gpu@68.125C tj@68.125C soc1@64C VDD_IN 21412mW/8493mW VDD_CPU_GPU_CV 11481mW/3066mW VDD_SOC 4445mW/2100mW
09-13-2026 15:16:54 RAM 7177/7620MB (lfb 16x1MB) SWAP 1712/8192MB (cached 146MB) CPU [1%@1728,100%@1728,1%@1728,0%@1728,0%@729,0%@729] GR3D_FREQ 93% cpu@66.406C soc2@65C soc0@64.218C gpu@67.968C tj@67.968C soc1@64C VDD_IN 21373mW/8505mW VDD_CPU_GPU_CV 11539mW/3075mW VDD_SOC 4445mW/2102mW
09-13-2026 15:16:54 RAM 7177/7620MB (lfb 16x1MB) SWAP 1712/8192MB (cached 146MB) CPU [1%@1728,100%@1728,0%@1728,0%@1728,0%@729,0%@729] GR3D_FREQ 87% cpu@66.531C soc2@64.968C soc0@64.125C gpu@67.625C tj@67.625C soc1@64.343C VDD_IN 20594mW/8517mW VDD_CPU_GPU_CV 9208mW/3081mW VDD_SOC 5188mW/2105mW
09-13-2026 15:16:55 RAM 7177/7620MB (lfb 16x1MB) SWAP 1712/8192MB (cached 146MB) CPU [0%@1728,100%@1728,0%@1728,0%@1728,0%@729,0%@729] GR3D_FREQ 87% cpu@66.593C soc2@65.062C soc0@64.218C gpu@67.593C tj@67.593C soc1@64.375C VDD_IN 20361mW/8528mW VDD_CPU_GPU_CV 8490mW/3086mW VDD_SOC 5382mW/2108mW
09-13-2026 15:16:55 RAM 7177/7620MB (lfb 16x1MB) SWAP 1712/8192MB (cached 146MB) CPU [22%@1728,53%@1728,56%@1728,25%@1728,26%@729,28%@729] GR3D_FREQ 0% cpu@66.593C soc2@64.687C soc0@64.187C gpu@66.125C tj@66.593C soc1@64.312C VDD_IN 13747mW/8533mW VDD_CPU_GPU_CV 5309mW/3088mW VDD_SOC 3838mW/2110mW
09-13-2026 15:16:56 RAM 7289/7620MB (lfb 2x512kB) SWAP 1839/8192MB (cached 146MB) CPU [7%@1728,1%@1728,47%@1728,29%@1728,36%@1728,14%@1728] GR3D_FREQ 0% cpu@66.062C soc2@64.156C soc0@64.125C gpu@65.25C tj@66.062C soc1@64.312C VDD_IN 9279mW/8534mW VDD_CPU_GPU_CV 2715mW/3087mW VDD_SOC 2956mW/2111mW
09-13-2026 15:16:56 RAM 7061/7620MB (lfb 13x1MB) SWAP 1870/8192MB (cached 147MB) CPU [2%@1728,0%@1728,0%@1728,98%@1728,0%@729,13%@729] GR3D_FREQ 99% cpu@65.843C soc2@64.343C soc0@64C gpu@67.812C tj@67.812C soc1@64.25C VDD_IN 13966mW/8539mW VDD_CPU_GPU_CV 6246mW/3091mW VDD_SOC 3446mW/2112mW
09-13-2026 15:16:57 RAM 7068/7620MB (lfb 20x1MB) SWAP 1870/8192MB (cached 147MB) CPU [0%@1728,0%@1728,0%@1728,100%@1728,25%@729,0%@729] GR3D_FREQ 99% cpu@66.468C soc2@64.906C soc0@64.25C gpu@68.375C tj@68.375C soc1@64.468C VDD_IN 20439mW/8551mW VDD_CPU_GPU_CV 10826mW/3098mW VDD_SOC 4259mW/2114mW
09-13-2026 15:16:57 RAM 7068/7620MB (lfb 20x1MB) SWAP 1870/8192MB (cached 147MB) CPU [1%@1728,1%@1728,0%@1728,100%@1728,0%@729,0%@729] GR3D_FREQ 99% cpu@66.656C soc2@65.187C soc0@64.437C gpu@68.906C tj@68.906C soc1@64.437C VDD_IN 22343mW/8564mW VDD_CPU_GPU_CV 12267mW/3107mW VDD_SOC 4438mW/2116mW
09-13-2026 15:16:58 RAM 7070/7620MB (lfb 20x1MB) SWAP 1870/8192MB (cached 148MB) CPU [5%@1728,0%@1728,0%@1728,100%@1728,0%@729,2%@729] GR3D_FREQ 99% cpu@67.031C soc2@65.468C soc0@64.75C gpu@68.781C tj@68.781C soc1@64.531C VDD_IN 22575mW/8577mW VDD_CPU_GPU_CV 12305mW/3115mW VDD_SOC 4476mW/2119mW
09-13-2026 15:16:58 RAM 7069/7620MB (lfb 20x1MB) SWAP 1870/8192MB (cached 148MB) CPU [0%@1728,0%@1728,0%@1728,100%@1728,0%@729,0%@729] GR3D_FREQ 99% cpu@67C soc2@65.593C soc0@64.843C gpu@69.218C tj@69.218C soc1@64.656C VDD_IN 22109mW/8590mW VDD_CPU_GPU_CV 11980mW/3124mW VDD_SOC 4484mW/2121mW
09-13-2026 15:16:59 RAM 7069/7620MB (lfb 20x1MB) SWAP 1870/8192MB (cached 148MB) CPU [1%@1728,0%@1728,0%@1728,100%@1728,0%@729,0%@729] GR3D_FREQ 80% cpu@67.375C soc2@65.562C soc0@64.968C gpu@69.062C tj@69.062C soc1@64.843C VDD_IN 21412mW/8602mW VDD_CPU_GPU_CV 11462mW/3132mW VDD_SOC 4445mW/2123mW
09-13-2026 15:16:59 RAM 7070/7620MB (lfb 20x1MB) SWAP 1870/8192MB (cached 148MB) CPU [0%@1728,0%@1728,1%@1728,100%@1728,0%@729,1%@729] GR3D_FREQ 99% cpu@67.312C soc2@65.906C soc0@64.906C gpu@69.531C tj@69.531C soc1@64.937C VDD_IN 21567mW/8615mW VDD_CPU_GPU_CV 11750mW/3140mW VDD_SOC 4406mW/2125mW
09-13-2026 15:17:00 RAM 7070/7620MB (lfb 20x1MB) SWAP 1870/8192MB (cached 148MB) CPU [0%@1728,0%@1728,0%@1728,100%@1728,0%@729,0%@729] GR3D_FREQ 99% cpu@67.625C soc2@65.906C soc0@65.218C gpu@69.5C tj@69.5C soc1@65C VDD_IN 21408mW/8627mW VDD_CPU_GPU_CV 11654mW/3148mW VDD_SOC 4368mW/2127mW
09-13-2026 15:17:00 RAM 7070/7620MB (lfb 20x1MB) SWAP 1870/8192MB (cached 148MB) CPU [0%@1728,0%@1728,0%@1728,100%@1728,0%@729,0%@729] GR3D_FREQ 87% cpu@67.625C soc2@65.968C soc0@65.281C gpu@68.812C tj@68.812C soc1@65.093C VDD_IN 21020mW/8639mW VDD_CPU_GPU_CV 10231mW/3155mW VDD_SOC 4878mW/2130mW
09-13-2026 15:17:01 RAM 7071/7620MB (lfb 20x1MB) SWAP 1870/8192MB (cached 148MB) CPU [1%@1728,1%@1728,3%@1728,100%@1728,0%@729,3%@729] GR3D_FREQ 87% cpu@67.906C soc2@66C soc0@65.187C gpu@68.625C tj@68.625C soc1@65.25C VDD_IN 20633mW/8650mW VDD_CPU_GPU_CV 8899mW/3160mW VDD_SOC 5343mW/2133mW
09-13-2026 15:17:01 RAM 7071/7620MB (lfb 20x1MB) SWAP 1869/8192MB (cached 148MB) CPU [14%@1728,12%@1728,12%@1728,94%@1728,12%@1267,12%@1267] GR3D_FREQ 0% cpu@68.062C soc2@66C soc0@65.312C gpu@67.718C tj@68.062C soc1@65.25C VDD_IN 18210mW/8659mW VDD_CPU_GPU_CV 7511mW/3164mW VDD_SOC 4817mW/2136mW
09-13-2026 15:17:02 RAM 7349/7620MB (lfb 1x128kB) SWAP 1880/8192MB (cached 148MB) CPU [100%@1728,13%@1728,10%@1728,8%@1728,21%@729,13%@729] GR3D_FREQ 0% cpu@67.406C soc2@65.5C soc0@65.218C gpu@66.468C tj@67.406C soc1@65.312C VDD_IN 11099mW/8661mW VDD_CPU_GPU_CV 3805mW/3165mW VDD_SOC 3261mW/2137mW
09-13-2026 15:17:02 RAM 6904/7620MB (lfb 1x2MB) SWAP 2026/8192MB (cached 154MB) CPU [98%@1728,0%@1728,0%@1728,0%@1728,34%@729,20%@729] GR3D_FREQ 99% cpu@67.187C soc2@65.25C soc0@65.218C gpu@66.781C tj@67.187C soc1@65.218C VDD_IN 9240mW/8662mW VDD_CPU_GPU_CV 2755mW/3165mW VDD_SOC 2917mW/2137mW
09-13-2026 15:17:03 RAM 6906/7620MB (lfb 2x2MB) SWAP 2026/8192MB (cached 154MB) CPU [100%@1728,0%@1728,0%@1728,1%@1728,28%@1728,0%@1728] GR3D_FREQ 99% cpu@67.406C soc2@65.843C soc0@65.25C gpu@69.218C tj@69.218C soc1@65.562C VDD_IN 18872mW/8672mW VDD_CPU_GPU_CV 9818mW/3171mW VDD_SOC 4001mW/2139mW
09-13-2026 15:17:03 RAM 6906/7620MB (lfb 2x2MB) SWAP 2026/8192MB (cached 154MB) CPU [100%@1728,0%@1728,0%@1728,0%@1728,7%@729,0%@729] GR3D_FREQ 99% cpu@67.5C soc2@66.25C soc0@65.437C gpu@69.75C tj@69.75C soc1@65.437C VDD_IN 21838mW/8684mW VDD_CPU_GPU_CV 11904mW/3179mW VDD_SOC 4368mW/2141mW
09-13-2026 15:17:04 RAM 6907/7620MB (lfb 2x2MB) SWAP 2026/8192MB (cached 154MB) CPU [100%@1728,0%@1728,1%@1728,0%@1728,0%@729,0%@729] GR3D_FREQ 99% cpu@67.875C soc2@66.437C soc0@65.562C gpu@69.875C tj@69.875C soc1@65.468C VDD_IN 22691mW/8697mW VDD_CPU_GPU_CV 12497mW/3188mW VDD_SOC 4476mW/2144mW
09-13-2026 15:17:04 RAM 6907/7620MB (lfb 2x2MB) SWAP 2026/8192MB (cached 154MB) CPU [7%@1728,0%@1728,0%@1728,0%@1728,93%@1728,0%@1728] GR3D_FREQ 99% cpu@67.812C soc2@66.468C soc0@65.875C gpu@70.156C tj@70.156C soc1@65.625C VDD_IN 22575mW/8710mW VDD_CPU_GPU_CV 12382mW/3197mW VDD_SOC 4438mW/2146mW
09-13-2026 15:17:05 RAM 6907/7620MB (lfb 2x2MB) SWAP 2026/8192MB (cached 154MB) CPU [0%@729,0%@729,0%@729,0%@1728,100%@1728,0%@1728] GR3D_FREQ 99% cpu@68.093C soc2@66.562C soc0@65.968C gpu@70.125C tj@70.125C soc1@65.75C VDD_IN 22225mW/8723mW VDD_CPU_GPU_CV 11999mW/3205mW VDD_SOC 4515mW/2148mW
09-13-2026 15:17:05 RAM 6907/7620MB (lfb 2x2MB) SWAP 2026/8192MB (cached 154MB) CPU [0%@1728,0%@1728,1%@1728,0%@1728,100%@1728,0%@1728] GR3D_FREQ 79% cpu@68.156C soc2@66.656C soc0@66C gpu@69.718C tj@69.718C soc1@65.781C VDD_IN 21373mW/8735mW VDD_CPU_GPU_CV 11366mW/3213mW VDD_SOC 4484mW/2150mW
09-13-2026 15:17:06 RAM 6907/7620MB (lfb 2x2MB) SWAP 2026/8192MB (cached 154MB) CPU [1%@1728,0%@1728,0%@1728,0%@1728,100%@1728,0%@1728] GR3D_FREQ 99% cpu@68.312C soc2@66.875C soc0@66.031C gpu@70.656C tj@70.656C soc1@65.968C VDD_IN 21489mW/8747mW VDD_CPU_GPU_CV 11673mW/3221mW VDD_SOC 4406mW/2152mW
09-13-2026 15:17:06 RAM 6908/7620MB (lfb 2x2MB) SWAP 2026/8192MB (cached 155MB) CPU [0%@729,1%@729,1%@729,1%@729,100%@1728,0%@1728] GR3D_FREQ 99% cpu@68.343C soc2@66.937C soc0@66.218C gpu@70.468C tj@70.468C soc1@66.031C VDD_IN 21292mW/8759mW VDD_CPU_GPU_CV 11462mW/3228mW VDD_SOC 4368mW/2154mW
09-13-2026 15:17:07 RAM 6908/7620MB (lfb 2x2MB) SWAP 2026/8192MB (cached 155MB) CPU [1%@1728,0%@1728,0%@1728,3%@1728,100%@1728,0%@1728] GR3D_FREQ 99% cpu@68.562C soc2@67C soc0@66.218C gpu@70.906C tj@70.906C soc1@66.062C VDD_IN 21605mW/8771mW VDD_CPU_GPU_CV 11635mW/3236mW VDD_SOC 4484mW/2157mW
09-13-2026 15:17:07 RAM 6908/7620MB (lfb 2x2MB) SWAP 2026/8192MB (cached 155MB) CPU [0%@1728,0%@1728,1%@1728,1%@1728,100%@1728,1%@1728] GR3D_FREQ 87% cpu@68.75C soc2@67.031C soc0@66.468C gpu@70.125C tj@70.125C soc1@66.156C VDD_IN 21098mW/8782mW VDD_CPU_GPU_CV 10000mW/3243mW VDD_SOC 5025mW/2159mW
09-13-2026 15:17:08 RAM 6910/7620MB (lfb 2x2MB) SWAP 2024/8192MB (cached 155MB) CPU [6%@1728,15%@1728,3%@1728,8%@1728,100%@1728,4%@1728] GR3D_FREQ 84% cpu@69C soc2@67.062C soc0@66.468C gpu@70.125C tj@70.125C soc1@66.187C VDD_IN 20904mW/8794mW VDD_CPU_GPU_CV 9015mW/3248mW VDD_SOC 5411mW/2162mW
09-13-2026 15:17:08 RAM 6910/7620MB (lfb 2x2MB) SWAP 2024/8192MB (cached 155MB) CPU [6%@1728,21%@1728,8%@1728,27%@1728,100%@1728,11%@1728] GR3D_FREQ 89% cpu@68.843C soc2@67.062C soc0@66.531C gpu@70C tj@70C soc1@66.343C VDD_IN 20865mW/8805mW VDD_CPU_GPU_CV 8745mW/3253mW VDD_SOC 5527mW/2165mW
09-13-2026 15:17:09 RAM 6912/7620MB (lfb 2x2MB) SWAP 2023/8192MB (cached 158MB) CPU [22%@1728,17%@1728,16%@1728,19%@1728,96%@1728,20%@1728] GR3D_FREQ 0% cpu@69.406C soc2@67.062C soc0@66.593C gpu@68.937C tj@69.406C soc1@66.5C VDD_IN 17666mW/8813mW VDD_CPU_GPU_CV 7240mW/3257mW VDD_SOC 4708mW/2168mW
09-13-2026 15:17:09 RAM 6891/7620MB (lfb 32x1MB) SWAP 2023/8192MB (cached 158MB) CPU [7%@729,7%@729,5%@729,6%@729,100%@1728,3%@1728] GR3D_FREQ 99% cpu@68.218C soc2@66.625C soc0@66.375C gpu@68.812C tj@68.812C soc1@66.375C VDD_IN 11788mW/8816mW VDD_CPU_GPU_CV 4269mW/3258mW VDD_SOC 3373mW/2169mW
09-13-2026 15:17:10 RAM 6891/7620MB (lfb 32x1MB) SWAP 2023/8192MB (cached 158MB) CPU [0%@729,0%@729,0%@729,0%@729,100%@1728,0%@1728] GR3D_FREQ 99% cpu@68.625C soc2@67.062C soc0@66.468C gpu@70.937C tj@70.937C soc1@66.375C VDD_IN 19773mW/8826mW VDD_CPU_GPU_CV 10248mW/3264mW VDD_SOC 4227mW/2171mW
09-13-2026 15:17:10 RAM 6891/7620MB (lfb 32x1MB) SWAP 2023/8192MB (cached 158MB) CPU [0%@1728,1%@1728,1%@1728,0%@1728,100%@1728,0%@1728] GR3D_FREQ 99% cpu@68.906C soc2@67.406C soc0@66.843C gpu@70.968C tj@70.968C soc1@66.531C VDD_IN 22188mW/8839mW VDD_CPU_GPU_CV 11999mW/3273mW VDD_SOC 4515mW/2173mW
09-13-2026 15:17:11 RAM 6891/7620MB (lfb 32x1MB) SWAP 2023/8192MB (cached 158MB) CPU [0%@1728,1%@1728,1%@1728,0%@1728,100%@1728,1%@1728] GR3D_FREQ 99% cpu@69.187C soc2@67.5C soc0@67.031C gpu@71.25C tj@71.25C soc1@66.625C VDD_IN 22070mW/8851mW VDD_CPU_GPU_CV 11904mW/3281mW VDD_SOC 4515mW/2175mW
09-13-2026 15:17:11 RAM 6891/7620MB (lfb 32x1MB) SWAP 2023/8192MB (cached 158MB) CPU [1%@729,0%@729,0%@729,3%@729,100%@1728,0%@1728] GR3D_FREQ 99% cpu@69.156C soc2@67.625C soc0@66.968C gpu@71.187C tj@71.187C soc1@66.843C VDD_IN 21489mW/8863mW VDD_CPU_GPU_CV 11596mW/3288mW VDD_SOC 4445mW/2177mW
09-13-2026 15:17:12 RAM 6891/7620MB (lfb 32x1MB) SWAP 2023/8192MB (cached 158MB) CPU [1%@729,0%@729,0%@729,0%@729,15%@1728,84%@1728] GR3D_FREQ 99% cpu@69.312C soc2@67.656C soc0@67.062C gpu@71.25C tj@71.25C soc1@66.937C VDD_IN 21450mW/8875mW VDD_CPU_GPU_CV 11673mW/3296mW VDD_SOC 4406mW/2179mW
09-13-2026 15:17:12 RAM 6891/7620MB (lfb 32x1MB) SWAP 2023/8192MB (cached 158MB) CPU [1%@729,0%@729,1%@729,0%@729,0%@1728,100%@1728] GR3D_FREQ 87% cpu@69.375C soc2@67.781C soc0@67.187C gpu@70.656C tj@70.656C soc1@66.968C VDD_IN 20749mW/8886mW VDD_CPU_GPU_CV 9439mW/3302mW VDD_SOC 5149mW/2182mW
09-13-2026 15:17:13 RAM 6889/7620MB (lfb 32x1MB) SWAP 2023/8192MB (cached 158MB) CPU [0%@1728,0%@1728,0%@1728,1%@1728,0%@1728,100%@1728] GR3D_FREQ 99% cpu@69.468C soc2@67.75C soc0@67.187C gpu@70.562C tj@70.562C soc1@67.031C VDD_IN 20477mW/8896mW VDD_CPU_GPU_CV 8591mW/3307mW VDD_SOC 5420mW/2185mW
09-13-2026 15:17:13 RAM 6888/7620MB (lfb 1x2MB) SWAP 2021/8192MB (cached 159MB) CPU [27%@729,30%@729,28%@1728,24%@1728,18%@1728,94%@1728] GR3D_FREQ 0% cpu@69.406C soc2@67.531C soc0@67.281C gpu@69.062C tj@69.406C soc1@67.093C VDD_IN 15250mW/8902mW VDD_CPU_GPU_CV 6070mW/3309mW VDD_SOC 4138mW/2187mW
09-13-2026 15:17:14 RAM 6953/7620MB (lfb 26x1MB) SWAP 2021/8192MB (cached 159MB) CPU [0%@1728,0%@1728,0%@1728,0%@1728,2%@1728,100%@1728] GR3D_FREQ 0% cpu@68.718C soc2@66.968C soc0@66.906C gpu@68.156C tj@68.718C soc1@67.031C VDD_IN 10053mW/8903mW VDD_CPU_GPU_CV 3143mW/3309mW VDD_SOC 3070mW/2188mW
09-13-2026 15:17:14 RAM 6926/7620MB (lfb 1x2MB) SWAP 2021/8192MB (cached 159MB) CPU [4%@1728,1%@1728,3%@1728,0%@1728,7%@1728,100%@1728] GR3D_FREQ 99% cpu@69.062C soc2@67.5C soc0@67.031C gpu@71.031C tj@71.031C soc1@67.187C VDD_IN 18171mW/8912mW VDD_CPU_GPU_CV 9200mW/3315mW VDD_SOC 3962mW/2189mW
09-13-2026 15:17:15 RAM 6926/7620MB (lfb 1x2MB) SWAP 2021/8192MB (cached 159MB) CPU [0%@1728,0%@1728,0%@1728,1%@1728,0%@1728,100%@1728] GR3D_FREQ 99% cpu@69.343C soc2@67.906C soc0@67.343C gpu@71.562C tj@71.562C soc1@67.156C VDD_IN 21838mW/8924mW VDD_CPU_GPU_CV 11788mW/3322mW VDD_SOC 4445mW/2192mW
09-13-2026 15:17:15 RAM 6926/7620MB (lfb 1x2MB) SWAP 2021/8192MB (cached 159MB) CPU [0%@729,0%@729,0%@729,0%@729,0%@1728,100%@1728] GR3D_FREQ 99% cpu@69.687C soc2@68.093C soc0@67.375C gpu@71.843C tj@71.843C soc1@67.218C VDD_IN 22729mW/8937mW VDD_CPU_GPU_CV 12459mW/3331mW VDD_SOC 4515mW/2194mW
09-13-2026 15:17:16 RAM 6926/7620MB (lfb 1x2MB) SWAP 2021/8192MB (cached 159MB) CPU [0%@729,0%@729,1%@729,1%@729,0%@1728,100%@1728] GR3D_FREQ 99% cpu@69.781C soc2@68.312C soc0@67.562C gpu@71.843C tj@71.843C soc1@67.281C VDD_IN 22691mW/8949mW VDD_CPU_GPU_CV 12267mW/3339mW VDD_SOC 4553mW/2196mW
09-13-2026 15:17:16 RAM 6926/7620MB (lfb 1x2MB) SWAP 2021/8192MB (cached 159MB) CPU [1%@1728,1%@1728,0%@1728,0%@1728,0%@1728,100%@1728] GR3D_FREQ 99% cpu@70.156C soc2@68.343C soc0@67.781C gpu@71.812C tj@71.812C soc1@67.468C VDD_IN 21915mW/8961mW VDD_CPU_GPU_CV 11827mW/3347mW VDD_SOC 4476mW/2198mW
09-13-2026 15:17:17 RAM 6926/7620MB (lfb 1x2MB) SWAP 2021/8192MB (cached 159MB) CPU [0%@729,0%@729,0%@729,0%@729,0%@1728,100%@1728] GR3D_FREQ 99% cpu@69.906C soc2@68.406C soc0@67.875C gpu@71.968C tj@71.968C soc1@67.5C VDD_IN 21489mW/8973mW VDD_CPU_GPU_CV 11596mW/3355mW VDD_SOC 4445mW/2200mW
09-13-2026 15:17:17 RAM 6926/7620MB (lfb 1x2MB) SWAP 2021/8192MB (cached 159MB) CPU [0%@729,0%@729,0%@729,1%@729,0%@1728,100%@1728] GR3D_FREQ 99% cpu@70.062C soc2@68.468C soc0@67.968C gpu@72.375C tj@72.375C soc1@67.75C VDD_IN 21450mW/8984mW VDD_CPU_GPU_CV 11673mW/3362mW VDD_SOC 4368mW/2202mW
09-13-2026 15:17:18 RAM 6926/7620MB (lfb 1x2MB) SWAP 2021/8192MB (cached 159MB) CPU [1%@729,0%@729,0%@1728,0%@1728,0%@1728,100%@1728] GR3D_FREQ 99% cpu@70.031C soc2@68.656C soc0@68.062C gpu@72.093C tj@72.093C soc1@67.781C VDD_IN 21450mW/8996mW VDD_CPU_GPU_CV 11712mW/3370mW VDD_SOC 4368mW/2204mW
09-13-2026 15:17:18 RAM 6926/7620MB (lfb 1x2MB) SWAP 2021/8192MB (cached 159MB) CPU [1%@729,0%@729,0%@729,0%@729,0%@1728,100%@1728] GR3D_FREQ 99% cpu@70.343C soc2@68.718C soc0@67.968C gpu@71.781C tj@71.781C soc1@67.875C VDD_IN 20904mW/9007mW VDD_CPU_GPU_CV 9516mW/3376mW VDD_SOC 5141mW/2207mW
09-13-2026 15:17:19 RAM 6926/7620MB (lfb 1x2MB) SWAP 2021/8192MB (cached 159MB) CPU [0%@1728,0%@1728,1%@1728,0%@1728,0%@1728,100%@1728] GR3D_FREQ 87% cpu@70.718C soc2@68.75C soc0@68.093C gpu@71.593C tj@71.593C soc1@67.875C VDD_IN 20749mW/9018mW VDD_CPU_GPU_CV 8707mW/3380mW VDD_SOC 5459mW/2210mW
09-13-2026 15:17:19 RAM 6928/7620MB (lfb 30x1MB) SWAP 2021/8192MB (cached 159MB) CPU [29%@729,28%@729,32%@729,28%@729,54%@1728,65%@1728] GR3D_FREQ 0% cpu@70.375C soc2@68.406C soc0@68.218C gpu@70.187C tj@70.375C soc1@67.968C VDD_IN 14624mW/9023mW VDD_CPU_GPU_CV 5729mW/3383mW VDD_SOC 4027mW/2211mW
09-13-2026 15:17:20 RAM 7076/7620MB (lfb 25x1MB) SWAP 2024/8192MB (cached 160MB) CPU [1%@1728,0%@1728,0%@1728,1%@1728,100%@1728,0%@1728] GR3D_FREQ 0% cpu@69.875C soc2@67.906C soc0@67.968C gpu@69.218C tj@70.093C soc1@68.062C VDD_IN 9816mW/9024mW VDD_CPU_GPU_CV 2986mW/3382mW VDD_SOC 3030mW/2212mW
09-13-2026 15:17:20 RAM 6955/7620MB (lfb 7x1MB) SWAP 2024/8192MB (cached 160MB) CPU [7%@1036,0%@1036,0%@1036,0%@1728,100%@1728,0%@1728] GR3D_FREQ 99% cpu@70.031C soc2@68.406C soc0@67.968C gpu@72C tj@72C soc1@68.062C VDD_IN 17227mW/9031mW VDD_CPU_GPU_CV 8532mW/3387mW VDD_SOC 3891mW/2214mW
09-13-2026 15:17:21 RAM 6955/7620MB (lfb 22x1MB) SWAP 2024/8192MB (cached 160MB) CPU [10%@729,1%@729,0%@729,0%@729,100%@1728,0%@1728] GR3D_FREQ 99% cpu@70.25C soc2@68.75C soc0@68.125C gpu@72.468C tj@72.468C soc1@68.093C VDD_IN 21373mW/9042mW VDD_CPU_GPU_CV 11558mW/3394mW VDD_SOC 4329mW/2216mW
09-13-2026 15:17:21 RAM 6955/7620MB (lfb 22x1MB) SWAP 2024/8192MB (cached 160MB) CPU [0%@729,0%@729,1%@729,0%@729,100%@1728,0%@1728] GR3D_FREQ 99% cpu@70.406C soc2@68.968C soc0@68.375C gpu@72.875C tj@72.875C soc1@68.125C VDD_IN 22768mW/9055mW VDD_CPU_GPU_CV 12535mW/3403mW VDD_SOC 4515mW/2218mW
09-13-2026 15:17:22 RAM 6955/7620MB (lfb 22x1MB) SWAP 2024/8192MB (cached 160MB) CPU [0%@729,0%@729,0%@729,0%@729,100%@1728,0%@1728] GR3D_FREQ 99% cpu@70.781C soc2@69.031C soc0@68.718C gpu@72.968C tj@72.968C soc1@68.156C VDD_IN 22768mW/9067mW VDD_CPU_GPU_CV 12553mW/3411mW VDD_SOC 4476mW/2220mW
09-13-2026 15:17:22 RAM 6955/7620MB (lfb 22x1MB) SWAP 2024/8192MB (cached 160MB) CPU [2%@729,3%@729,0%@729,0%@729,100%@1728,0%@1728] GR3D_FREQ 99% cpu@71.093C soc2@69.218C soc0@68.718C gpu@72.843C tj@72.843C soc1@68.218C VDD_IN 22381mW/9080mW VDD_CPU_GPU_CV 12075mW/3419mW VDD_SOC 4553mW/2222mW
09-13-2026 15:17:23 RAM 6955/7620MB (lfb 22x1MB) SWAP 2024/8192MB (cached 160MB) CPU [0%@729,0%@729,0%@729,0%@729,100%@1728,0%@1728] GR3D_FREQ 99% cpu@70.937C soc2@69.312C soc0@68.781C gpu@72.937C tj@72.937C soc1@68.281C VDD_IN 21683mW/9091mW VDD_CPU_GPU_CV 11673mW/3427mW VDD_SOC 4484mW/2224mW
09-13-2026 15:17:23 RAM 6955/7620MB (lfb 22x1MB) SWAP 2024/8192MB (cached 160MB) CPU [0%@729,0%@729,0%@729,1%@729,100%@1728,0%@1728] GR3D_FREQ 99% cpu@71C soc2@69.312C soc0@68.75C gpu@73C tj@73C soc1@68.593C VDD_IN 21605mW/9102mW VDD_CPU_GPU_CV 11712mW/3434mW VDD_SOC 4445mW/2226mW
09-13-2026 15:17:24 RAM 6956/7620MB (lfb 22x1MB) SWAP 2024/8192MB (cached 160MB) CPU [1%@729,1%@729,0%@729,1%@729,100%@1728,0%@1728] GR3D_FREQ 99% cpu@71.062C soc2@69.562C soc0@68.906C gpu@73.156C tj@73.156C soc1@68.625C VDD_IN 21334mW/9114mW VDD_CPU_GPU_CV 11635mW/3442mW VDD_SOC 4368mW/2228mW
09-13-2026 15:17:24 RAM 6955/7620MB (lfb 22x1MB) SWAP 2024/8192MB (cached 160MB) CPU [3%@1728,0%@1728,0%@1728,0%@1728,100%@1728,0%@1728] GR3D_FREQ 99% cpu@71.125C soc2@69.593C soc0@69C gpu@73.156C tj@73.156C soc1@68.75C VDD_IN 21528mW/9125mW VDD_CPU_GPU_CV 11558mW/3449mW VDD_SOC 4484mW/2230mW
09-13-2026 15:17:25 RAM 6955/7620MB (lfb 22x1MB) SWAP 2024/8192MB (cached 160MB) CPU [1%@1728,0%@1728,0%@1728,1%@1728,100%@1728,0%@1728] GR3D_FREQ 99% cpu@71.281C soc2@69.687C soc0@69.218C gpu@72.75C tj@72.75C soc1@68.687C VDD_IN 21218mW/9136mW VDD_CPU_GPU_CV 10692mW/3456mW VDD_SOC 4754mW/2232mW
09-13-2026 15:17:25 RAM 6955/7620MB (lfb 22x1MB) SWAP 2024/8192MB (cached 160MB) CPU [0%@729,0%@729,0%@729,0%@729,100%@1728,0%@1728] GR3D_FREQ 89% cpu@71.593C soc2@69.687C soc0@69.156C gpu@72.437C tj@72.437C soc1@68.812C VDD_IN 20831mW/9146mW VDD_CPU_GPU_CV 9092mW/3461mW VDD_SOC 5373mW/2235mW
09-13-2026 15:17:26 RAM 6955/7620MB (lfb 22x1MB) SWAP 2024/8192MB (cached 160MB) CPU [0%@1728,1%@1728,0%@1728,0%@1728,100%@1728,0%@1728] GR3D_FREQ 87% cpu@71.5C soc2@69.687C soc0@69.218C gpu@72.406C tj@72.406C soc1@69.031C VDD_IN 20753mW/9157mW VDD_CPU_GPU_CV 8591mW/3465mW VDD_SOC 5527mW/2238mW
09-13-2026 15:17:26 RAM 6955/7620MB (lfb 22x1MB) SWAP 2024/8192MB (cached 160MB) CPU [0%@729,0%@729,0%@729,0%@729,100%@1728,0%@1728] GR3D_FREQ 87% cpu@71.625C soc2@69.781C soc0@69.218C gpu@72.5C tj@72.5C soc1@69C VDD_IN 20792mW/9167mW VDD_CPU_GPU_CV 8476mW/3470mW VDD_SOC 5605mW/2241mW
09-13-2026 15:17:27 RAM 6819/7620MB (lfb 29x1MB) SWAP 2024/8192MB (cached 160MB) CPU [21%@1728,18%@1728,16%@1728,94%@1728,26%@729,21%@729] GR3D_FREQ 1% cpu@71.281C soc2@69.218C soc0@69.062C gpu@70.625C tj@71.281C soc1@69C VDD_IN 12318mW/9170mW VDD_CPU_GPU_CV 4379mW/3471mW VDD_SOC 3570mW/2242mW
09-13-2026 15:17:27 RAM 6820/7620MB (lfb 29x1MB) SWAP 2024/8192MB (cached 160MB) CPU [0%@1728,0%@1728,1%@1728,100%@1728,0%@729,3%@729] GR3D_FREQ 99% cpu@71.718C soc2@69.656C soc0@69.093C gpu@73.437C tj@73.437C soc1@68.968C VDD_IN 19973mW/9180mW VDD_CPU_GPU_CV 10171mW/3477mW VDD_SOC 4336mW/2244mW
09-13-2026 15:17:28 RAM 6820/7620MB (lfb 29x1MB) SWAP 2023/8192MB (cached 160MB) CPU [0%@1728,0%@1728,0%@1728,100%@1728,0%@729,0%@729] GR3D_FREQ 99% cpu@71.937C soc2@69.906C soc0@69.5C gpu@73.531C tj@73.531C soc1@69.031C VDD_IN 21995mW/9192mW VDD_CPU_GPU_CV 11673mW/3484mW VDD_SOC 4592mW/2246mW
09-13-2026 15:17:28 RAM 6820/7620MB (lfb 29x1MB) SWAP 2023/8192MB (cached 160MB) CPU [0%@1728,0%@1728,1%@1728,100%@1728,0%@729,0%@729] GR3D_FREQ 99% cpu@71.968C soc2@70.062C soc0@69.468C gpu@73.562C tj@73.781C soc1@69.281C VDD_IN 21644mW/9203mW VDD_CPU_GPU_CV 11558mW/3491mW VDD_SOC 4522mW/2248mW
09-13-2026 15:17:29 RAM 6820/7620MB (lfb 29x1MB) SWAP 2023/8192MB (cached 160MB) CPU [1%@1728,0%@1728,0%@1728,100%@1728,0%@729,0%@729] GR3D_FREQ 99% cpu@71.937C soc2@70.156C soc0@69.468C gpu@73.281C tj@73.281C soc1@69.187C VDD_IN 21257mW/9214mW VDD_CPU_GPU_CV 11136mW/3498mW VDD_SOC 4561mW/2251mW
09-13-2026 15:17:29 RAM 6820/7620MB (lfb 29x1MB) SWAP 2023/8192MB (cached 160MB) CPU [0%@1728,0%@1728,0%@1728,100%@1728,0%@729,1%@729] GR3D_FREQ 93% cpu@72.343C soc2@70.281C soc0@69.531C gpu@72.906C tj@72.906C soc1@69.375C VDD_IN 20555mW/9224mW VDD_CPU_GPU_CV 9054mW/3503mW VDD_SOC 5227mW/2253mW
09-13-2026 15:17:30 RAM 6820/7620MB (lfb 29x1MB) SWAP 2023/8192MB (cached 160MB) CPU [0%@1728,0%@1728,0%@1728,100%@1728,0%@729,0%@729] GR3D_FREQ 87% cpu@72.156C soc2@70.125C soc0@69.75C gpu@72.812C tj@72.812C soc1@69.406C VDD_IN 20361mW/9234mW VDD_CPU_GPU_CV 8437mW/3508mW VDD_SOC 5420mW/2256mW
09-13-2026 15:17:30 RAM 6820/7620MB (lfb 29x1MB) SWAP 2023/8192MB (cached 160MB) CPU [0%@1728,1%@1728,0%@1728,100%@1728,0%@729,0%@729] GR3D_FREQ 87% cpu@72.25C soc2@70.187C soc0@69.687C gpu@73.031C tj@73.031C soc1@69.437C VDD_IN 20284mW/9244mW VDD_CPU_GPU_CV 8206mW/3512mW VDD_SOC 5498mW/2259mW
09-13-2026 15:17:31 RAM 6860/7620MB (lfb 30x1MB) SWAP 2023/8192MB (cached 161MB) CPU [62%@1728,20%@1728,22%@1728,56%@1728,28%@729,18%@729] GR3D_FREQ 0% cpu@71.812C soc2@70.062C soc0@69.687C gpu@71.437C tj@71.812C soc1@69.625C VDD_IN 13708mW/9248mW VDD_CPU_GPU_CV 5153mW/3513mW VDD_SOC 3871mW/2260mW
09-13-2026 15:17:32 RAM 7014/7620MB (lfb 3x1MB) SWAP 2023/8192MB (cached 161MB) CPU [100%@1728,0%@1728,1%@1728,0%@1728,0%@729,0%@729] GR3D_FREQ 0% cpu@71.687C soc2@69.625C soc0@69.531C gpu@70.781C tj@71.687C soc1@69.562C VDD_IN 9501mW/9248mW VDD_CPU_GPU_CV 2794mW/3513mW VDD_SOC 2996mW/2261mW
09-13-2026 15:17:32 RAM 6962/7620MB (lfb 22x1MB) SWAP 2023/8192MB (cached 161MB) CPU [78%@1728,11%@1728,1%@1728,0%@1728,20%@1728,0%@1728] GR3D_FREQ 99% cpu@71.687C soc2@69.875C soc0@69.687C gpu@73.468C tj@73.468C soc1@69.406C VDD_IN 18132mW/9256mW VDD_CPU_GPU_CV 9238mW/3518mW VDD_SOC 3962mW/2263mW
09-13-2026 15:17:33 RAM 6962/7620MB (lfb 22x1MB) SWAP 2023/8192MB (cached 161MB) CPU [1%@1728,1%@1728,0%@1728,1%@1728,100%@1728,0%@1728] GR3D_FREQ 99% cpu@72.093C soc2@70.343C soc0@69.875C gpu@74C tj@74C soc1@69.468C VDD_IN 21838mW/9267mW VDD_CPU_GPU_CV 11788mW/3525mW VDD_SOC 4484mW/2265mW
09-13-2026 15:17:33 RAM 6962/7620MB (lfb 22x1MB) SWAP 2023/8192MB (cached 161MB) CPU [1%@1728,0%@1728,0%@1728,0%@1728,100%@1728,0%@1728] GR3D_FREQ 99% cpu@72.125C soc2@70.437C soc0@69.968C gpu@74.343C tj@74.343C soc1@69.593C VDD_IN 22807mW/9280mW VDD_CPU_GPU_CV 12400mW/3533mW VDD_SOC 4546mW/2267mW
09-13-2026 15:17:34 RAM 6962/7620MB (lfb 22x1MB) SWAP 2023/8192MB (cached 161MB) CPU [1%@729,0%@729,0%@729,0%@729,100%@1728,0%@1728] GR3D_FREQ 99% cpu@72.406C soc2@70.625C soc0@70C gpu@74.156C tj@74.156C soc1@69.75C VDD_IN 22652mW/9292mW VDD_CPU_GPU_CV 12267mW/3541mW VDD_SOC 4553mW/2269mW
09-13-2026 15:17:34 RAM 6963/7620MB (lfb 22x1MB) SWAP 2023/8192MB (cached 161MB) CPU [0%@729,0%@729,0%@729,1%@729,100%@1728,0%@1728] GR3D_FREQ 99% cpu@72.312C soc2@70.656C soc0@70.062C gpu@74.281C tj@74.281C soc1@69.843C VDD_IN 21838mW/9303mW VDD_CPU_GPU_CV 11769mW/3549mW VDD_SOC 4476mW/2271mW
09-13-2026 15:17:35 RAM 6963/7620MB (lfb 22x1MB) SWAP 2023/8192MB (cached 161MB) CPU [1%@1728,0%@1728,1%@1728,0%@1728,100%@1728,0%@1728] GR3D_FREQ 99% cpu@72.312C soc2@70.718C soc0@70.031C gpu@74.187C tj@74.187C soc1@69.843C VDD_IN 21450mW/9314mW VDD_CPU_GPU_CV 11520mW/3556mW VDD_SOC 4445mW/2273mW
09-13-2026 15:17:35 RAM 6963/7620MB (lfb 22x1MB) SWAP 2023/8192MB (cached 161MB) CPU [0%@729,1%@729,0%@729,0%@729,100%@1728,0%@1728] GR3D_FREQ 99% cpu@72.625C soc2@70.843C soc0@70.375C gpu@74.343C tj@74.343C soc1@69.718C VDD_IN 21373mW/9324mW VDD_CPU_GPU_CV 11635mW/3563mW VDD_SOC 4368mW/2274mW
09-13-2026 15:17:36 RAM 6963/7620MB (lfb 22x1MB) SWAP 2022/8192MB (cached 161MB) CPU [0%@729,0%@729,0%@729,0%@729,100%@1728,0%@1728] GR3D_FREQ 99% cpu@72.531C soc2@70.656C soc0@70.25C gpu@74.218C tj@74.218C soc1@69.75C VDD_IN 21412mW/9335mW VDD_CPU_GPU_CV 11712mW/3570mW VDD_SOC 4368mW/2276mW
09-13-2026 15:17:36 RAM 6963/7620MB (lfb 22x1MB) SWAP 2022/8192MB (cached 161MB) CPU [0%@729,1%@729,0%@729,0%@729,100%@1728,0%@1728] GR3D_FREQ 87% cpu@72.625C soc2@70.687C soc0@70.218C gpu@73.843C tj@73.843C soc1@69.968C VDD_IN 20947mW/9345mW VDD_CPU_GPU_CV 9616mW/3575mW VDD_SOC 5141mW/2279mW
09-13-2026 15:17:37 RAM 6963/7620MB (lfb 22x1MB) SWAP 2022/8192MB (cached 161MB) CPU [0%@1728,0%@1728,0%@1728,1%@1728,100%@1728,0%@1728] GR3D_FREQ 87% cpu@72.437C soc2@70.656C soc0@70.218C gpu@73.437C tj@73.437C soc1@69.906C VDD_IN 20715mW/9356mW VDD_CPU_GPU_CV 8745mW/3580mW VDD_SOC 5450mW/2282mW
09-13-2026 15:17:37 RAM 6910/7620MB (lfb 22x1MB) SWAP 2022/8192MB (cached 161MB) CPU [33%@1728,33%@1728,34%@1728,28%@1728,70%@1728,48%@1728] GR3D_FREQ 0% cpu@72.281C soc2@70.343C soc0@70.093C gpu@72.062C tj@72.093C soc1@69.875C VDD_IN 14937mW/9361mW VDD_CPU_GPU_CV 5875mW/3582mW VDD_SOC 4099mW/2283mW
09-13-2026 15:17:38 RAM 7330/7620MB (lfb 1x256kB) SWAP 2027/8192MB (cached 161MB) CPU [0%@729,0%@729,0%@729,0%@729,1%@1728,98%@1728] GR3D_FREQ 0% cpu@71.656C soc2@69.718C soc0@70.031C gpu@70.875C tj@71.656C soc1@69.781C VDD_IN 9934mW/9361mW VDD_CPU_GPU_CV 3065mW/3582mW VDD_SOC 3070mW/2284mW
09-13-2026 15:17:38 RAM 6857/7620MB (lfb 1x2MB) SWAP 2048/8192MB (cached 160MB) CPU [0%@729,1%@729,0%@729,5%@1728,6%@1728,100%@1728] GR3D_FREQ 99% cpu@71.75C soc2@69.906C soc0@69.843C gpu@73.406C tj@73.406C soc1@69.562C VDD_IN 15406mW/9366mW VDD_CPU_GPU_CV 7198mW/3585mW VDD_SOC 3669mW/2285mW
09-13-2026 15:17:39 RAM 6861/7620MB (lfb 2x2MB) SWAP 2048/8192MB (cached 160MB) CPU [0%@729,25%@729,0%@729,0%@729,0%@1728,100%@1728] GR3D_FREQ 99% cpu@72.093C soc2@70.312C soc0@69.906C gpu@74C tj@74C soc1@69.593C VDD_IN 20986mW/9377mW VDD_CPU_GPU_CV 11231mW/3592mW VDD_SOC 4290mW/2287mW
09-13-2026 15:17:39 RAM 6861/7620MB (lfb 2x2MB) SWAP 2048/8192MB (cached 160MB) CPU [2%@1728,0%@1728,0%@1728,0%@1728,0%@1728,100%@1728] GR3D_FREQ 99% cpu@72.125C soc2@70.531C soc0@70.031C gpu@74.437C tj@74.437C soc1@69.625C VDD_IN 22652mW/9388mW VDD_CPU_GPU_CV 12420mW/3599mW VDD_SOC 4515mW/2289mW
09-13-2026 15:17:40 RAM 6861/7620MB (lfb 2x2MB) SWAP 2048/8192MB (cached 160MB) CPU [1%@1728,0%@1728,0%@1728,0%@1728,0%@1728,100%@1728] GR3D_FREQ 99% cpu@72.25C soc2@70.718C soc0@70.156C gpu@74.375C tj@74.375C soc1@69.906C VDD_IN 22846mW/9400mW VDD_CPU_GPU_CV 12591mW/3607mW VDD_SOC 4507mW/2291mW
09-13-2026 15:17:40 RAM 6862/7620MB (lfb 2x2MB) SWAP 2048/8192MB (cached 160MB) CPU [5%@1728,2%@1728,16%@1728,2%@1728,5%@1728,100%@1728] GR3D_FREQ 99% cpu@72.687C soc2@70.843C soc0@70.187C gpu@74.5C tj@74.5C soc1@69.906C VDD_IN 22729mW/9412mW VDD_CPU_GPU_CV 12247mW/3615mW VDD_SOC 4584mW/2293mW
09-13-2026 15:17:41 RAM 6861/7620MB (lfb 2x2MB) SWAP 2048/8192MB (cached 160MB) CPU [32%@1728,32%@1728,19%@1728,44%@1728,26%@1728,100%@1728] GR3D_FREQ 99% cpu@72.781C soc2@70.875C soc0@70.093C gpu@74.343C tj@74.218C soc1@69.875C VDD_IN 21721mW/9423mW VDD_CPU_GPU_CV 11750mW/3622mW VDD_SOC 4438mW/2295mW
09-13-2026 15:17:41 RAM 6863/7620MB (lfb 2x2MB) SWAP 2048/8192MB (cached 163MB) CPU [33%@1728,2%@1728,8%@1728,58%@1728,0%@1728,100%@1728] GR3D_FREQ 99% cpu@72.593C soc2@70.781C soc0@70.375C gpu@74.406C tj@74.406C soc1@69.875C VDD_IN 21334mW/9434mW VDD_CPU_GPU_CV 11520mW/3629mW VDD_SOC 4406mW/2297mW
09-13-2026 15:17:42 RAM 6866/7620MB (lfb 2x2MB) SWAP 2048/8192MB (cached 165MB) CPU [2%@1728,0%@1728,0%@1728,3%@1728,0%@1728,100%@1728] GR3D_FREQ 99% cpu@72.437C soc2@70.781C soc0@70.343C gpu@74.437C tj@74.437C soc1@69.875C VDD_IN 21296mW/9444mW VDD_CPU_GPU_CV 11596mW/3636mW VDD_SOC 4368mW/2299mW
09-13-2026 15:17:42 RAM 6866/7620MB (lfb 2x2MB) SWAP 2048/8192MB (cached 165MB) CPU [1%@729,10%@729,1%@729,10%@729,0%@1728,98%@1728] GR3D_FREQ 99% cpu@72.437C soc2@70.843C soc0@70.25C gpu@74.437C tj@74.437C soc1@69.906C VDD_IN 21296mW/9454mW VDD_CPU_GPU_CV 11443mW/3643mW VDD_SOC 4406mW/2300mW
09-13-2026 15:17:43 RAM 6866/7620MB (lfb 2x2MB) SWAP 2048/8192MB (cached 165MB) CPU [11%@1728,33%@1728,9%@1728,63%@1728,0%@1728,100%@1728] GR3D_FREQ 99% cpu@72.687C soc2@70.843C soc0@70.312C gpu@74.437C tj@74.437C soc1@70.062C VDD_IN 21528mW/9465mW VDD_CPU_GPU_CV 11558mW/3650mW VDD_SOC 4484mW/2302mW
09-13-2026 15:17:43 RAM 6867/7620MB (lfb 2x2MB) SWAP 2047/8192MB (cached 165MB) CPU [0%@1728,0%@1728,1%@1728,34%@1728,0%@1728,100%@1728] GR3D_FREQ 87% cpu@72.593C soc2@70.875C soc0@70.281C gpu@73.75C tj@73.75C soc1@69.937C VDD_IN 21141mW/9475mW VDD_CPU_GPU_CV 9654mW/3655mW VDD_SOC 5218mW/2305mW
09-13-2026 15:17:44 RAM 6867/7620MB (lfb 2x2MB) SWAP 2047/8192MB (cached 165MB) CPU [0%@1728,0%@1728,0%@1728,1%@1728,0%@1728,100%@1728] GR3D_FREQ 89% cpu@72.531C soc2@70.687C soc0@70.156C gpu@73.531C tj@73.531C soc1@69.906C VDD_IN 20870mW/9485mW VDD_CPU_GPU_CV 8808mW/3660mW VDD_SOC 5489mW/2308mW
09-13-2026 15:17:44 RAM 6867/7620MB (lfb 2x2MB) SWAP 2047/8192MB (cached 165MB) CPU [0%@1728,0%@1728,0%@1728,0%@1728,0%@1728,100%@1728] GR3D_FREQ 99% cpu@72.656C soc2@70.687C soc0@70.343C gpu@73.375C tj@73.375C soc1@69.843C VDD_IN 20792mW/9495mW VDD_CPU_GPU_CV 8553mW/3664mW VDD_SOC 5605mW/2311mW
09-13-2026 15:17:45 RAM 6938/7620MB (lfb 19x1MB) SWAP 2047/8192MB (cached 165MB) CPU [25%@1728,21%@1728,22%@1728,50%@1728,18%@729,62%@729] GR3D_FREQ 0% cpu@72.437C soc2@70.312C soc0@70.25C gpu@71.781C tj@72.437C soc1@69.875C VDD_IN 14624mW/9500mW VDD_CPU_GPU_CV 5651mW/3666mW VDD_SOC 4060mW/2312mW
09-13-2026 15:17:45 RAM 6806/7620MB (lfb 2x2MB) SWAP 2047/8192MB (cached 165MB) CPU [0%@1728,0%@1728,1%@1728,100%@1728,1%@729,0%@729] GR3D_FREQ 99% cpu@72.375C soc2@70.312C soc0@70.031C gpu@73.781C tj@73.781C soc1@69.968C VDD_IN 18366mW/9508mW VDD_CPU_GPU_CV 8929mW/3671mW VDD_SOC 4195mW/2314mW
09-13-2026 15:17:46 RAM 6806/7620MB (lfb 2x2MB) SWAP 2047/8192MB (cached 165MB) CPU [0%@1728,0%@1728,0%@1728,100%@1728,0%@729,0%@729] GR3D_FREQ 99% cpu@72.531C soc2@70.75C soc0@70.125C gpu@74.468C tj@74.468C soc1@70C VDD_IN 21801mW/9518mW VDD_CPU_GPU_CV 11520mW/3677mW VDD_SOC 4553mW/2316mW
09-13-2026 15:17:46 RAM 6806/7620MB (lfb 2x2MB) SWAP 2047/8192MB (cached 165MB) CPU [0%@1728,0%@1728,0%@1728,100%@1728,0%@729,0%@729] GR3D_FREQ 99% cpu@72.875C soc2@70.843C soc0@70.375C gpu@74.468C tj@74.468C soc1@69.875C VDD_IN 21799mW/9529mW VDD_CPU_GPU_CV 11635mW/3684mW VDD_SOC 4515mW/2318mW
09-13-2026 15:17:47 RAM 6806/7620MB (lfb 2x2MB) SWAP 2047/8192MB (cached 165MB) CPU [1%@1728,0%@1728,1%@1728,100%@1728,0%@729,0%@729] GR3D_FREQ 99% cpu@72.812C soc2@70.812C soc0@70.375C gpu@74.5C tj@74.5C soc1@69.937C VDD_IN 21257mW/9539mW VDD_CPU_GPU_CV 11328mW/3691mW VDD_SOC 4484mW/2320mW
09-13-2026 15:17:47 RAM 6806/7620MB (lfb 2x2MB) SWAP 2047/8192MB (cached 165MB) CPU [0%@1728,0%@1728,1%@1728,100%@1728,0%@729,0%@729] GR3D_FREQ 87% cpu@72.906C soc2@70.843C soc0@70.406C gpu@73.75C tj@73.75C soc1@70.125C VDD_IN 20792mW/9549mW VDD_CPU_GPU_CV 9577mW/3696mW VDD_SOC 5102mW/2322mW
09-13-2026 15:17:48 RAM 6806/7620MB (lfb 2x2MB) SWAP 2047/8192MB (cached 165MB) CPU [0%@1728,0%@1728,0%@1728,100%@1728,0%@729,0%@729] GR3D_FREQ 87% cpu@72.812C soc2@70.843C soc0@70.218C gpu@73.562C tj@73.562C soc1@70.125C VDD_IN 20521mW/9559mW VDD_CPU_GPU_CV 8668mW/3701mW VDD_SOC 5411mW/2325mW
09-13-2026 15:17:48 RAM 6806/7620MB (lfb 2x2MB) SWAP 2047/8192MB (cached 165MB) CPU [0%@1728,0%@1728,0%@1728,100%@1728,0%@729,0%@729] GR3D_FREQ 87% cpu@72.968C soc2@70.843C soc0@70.281C gpu@73.437C tj@73.437C soc1@70C VDD_IN 20477mW/9568mW VDD_CPU_GPU_CV 8360mW/3705mW VDD_SOC 5489mW/2327mW
09-13-2026 15:17:49 RAM 6810/7620MB (lfb 1x2MB) SWAP 2046/8192MB (cached 165MB) CPU [23%@1728,24%@1728,25%@1728,86%@1728,27%@729,25%@729] GR3D_FREQ 0% cpu@72.937C soc2@70.625C soc0@70.375C gpu@72.468C tj@72.937C soc1@69.937C VDD_IN 16681mW/9574mW VDD_CPU_GPU_CV 6670mW/3707mW VDD_SOC 4513mW/2329mW
09-13-2026 15:17:49 RAM 6854/7620MB (lfb 34x1MB) SWAP 2046/8192MB (cached 165MB) CPU [0%@1728,0%@1728,100%@1728,0%@1728,0%@729,0%@729] GR3D_FREQ 99% cpu@72.468C soc2@70.093C soc0@70.156C gpu@72.531C tj@72.531C soc1@70.218C VDD_IN 12024mW/9577mW VDD_CPU_GPU_CV 4465mW/3708mW VDD_SOC 3413mW/2330mW
09-13-2026 15:17:50 RAM 6855/7620MB (lfb 34x1MB) SWAP 2046/8192MB (cached 165MB) CPU [3%@1728,1%@1728,100%@1728,0%@1728,0%@729,0%@729] GR3D_FREQ 99% cpu@72.531C soc2@70.562C soc0@70.156C gpu@74.437C tj@74.437C soc1@70.031C VDD_IN 19973mW/9586mW VDD_CPU_GPU_CV 10402mW/3714mW VDD_SOC 4259mW/2332mW
09-13-2026 15:17:50 RAM 6855/7620MB (lfb 34x1MB) SWAP 2046/8192MB (cached 165MB) CPU [0%@1728,0%@1728,100%@1728,0%@1728,0%@729,0%@729] GR3D_FREQ 99% cpu@72.812C soc2@70.843C soc0@70.218C gpu@74.5C tj@74.5C soc1@70.062C VDD_IN 22343mW/9597mW VDD_CPU_GPU_CV 12037mW/3721mW VDD_SOC 4553mW/2334mW
09-13-2026 15:17:51 RAM 6855/7620MB (lfb 34x1MB) SWAP 2046/8192MB (cached 165MB) CPU [0%@1728,0%@1728,100%@1728,3%@1728,0%@729,1%@729] GR3D_FREQ 99% cpu@73.031C soc2@70.906C soc0@70.531C gpu@74.406C tj@74.406C soc1@69.968C VDD_IN 21995mW/9607mW VDD_CPU_GPU_CV 11845mW/3728mW VDD_SOC 4515mW/2336mW
09-13-2026 15:17:51 RAM 6855/7620MB (lfb 34x1MB) SWAP 2046/8192MB (cached 166MB) CPU [0%@1728,0%@1728,100%@1728,0%@1728,0%@729,0%@729] GR3D_FREQ 99% cpu@73.125C soc2@71.031C soc0@70.375C gpu@74.437C tj@74.437C soc1@70C VDD_IN 21450mW/9618mW VDD_CPU_GPU_CV 11520mW/3735mW VDD_SOC 4445mW/2338mW
09-13-2026 15:17:52 RAM 6855/7620MB (lfb 34x1MB) SWAP 2046/8192MB (cached 166MB) CPU [0%@1728,0%@1728,100%@1728,0%@1728,0%@729,0%@729] GR3D_FREQ 99% cpu@72.968C soc2@71C soc0@70.468C gpu@74.843C tj@74.468C soc1@70.125C VDD_IN 21373mW/9628mW VDD_CPU_GPU_CV 11558mW/3741mW VDD_SOC 4406mW/2339mW
09-13-2026 15:17:52 RAM 6855/7620MB (lfb 34x1MB) SWAP 2046/8192MB (cached 166MB) CPU [0%@1728,0%@1728,100%@1728,0%@1728,0%@729,0%@729] GR3D_FREQ 91% cpu@73.156C soc2@71.125C soc0@70.468C gpu@73.781C tj@73.781C soc1@70.156C VDD_IN 20792mW/9638mW VDD_CPU_GPU_CV 9500mW/3746mW VDD_SOC 5141mW/2342mW
09-13-2026 15:17:53 RAM 6856/7620MB (lfb 34x1MB) SWAP 2045/8192MB (cached 166MB) CPU [1%@1728,0%@1728,100%@1728,0%@1728,0%@729,0%@729] GR3D_FREQ 87% cpu@73.218C soc2@71C soc0@70.5C gpu@74C tj@74C soc1@70.062C VDD_IN 20599mW/9647mW VDD_CPU_GPU_CV 8707mW/3751mW VDD_SOC 5450mW/2345mW
09-13-2026 15:17:53 RAM 6766/7620MB (lfb 5x2MB) SWAP 2040/8192MB (cached 171MB) CPU [11%@1728,8%@1728,52%@1728,3%@1728,0%@729,0%@729] GR3D_FREQ 0% cpu@72.312C soc2@70.406C soc0@70.406C gpu@72.187C tj@72.312C soc1@70.031C VDD_IN 14820mW/9652mW VDD_CPU_GPU_CV 5603mW/3752mW VDD_SOC 4177mW/2346mW
09-13-2026 15:17:54 RAM 6784/7620MB (lfb 5x2MB) SWAP 2024/8192MB (cached 174MB) CPU [21%@1728,10%@1728,16%@1728,0%@1728,0%@729,1%@729] GR3D_FREQ 0% cpu@71.781C soc2@69.937C soc0@70.093C gpu@71.375C tj@71.781C soc1@70.031C VDD_IN 9185mW/9651mW VDD_CPU_GPU_CV 2597mW/3751mW VDD_SOC 3035mW/2347mW
09-13-2026 15:17:54 RAM 6813/7620MB (lfb 5x2MB) SWAP 2000/8192MB (cached 180MB) CPU [22%@1728,2%@1728,19%@1728,0%@1728,0%@729,1%@729] GR3D_FREQ 0% cpu@71.25C soc2@69.687C soc0@69.843C gpu@70.781C tj@71.25C soc1@69.937C VDD_IN 7277mW/9649mW VDD_CPU_GPU_CV 1540mW/3749mW VDD_SOC 2649mW/2347mW
09-13-2026 15:17:55 RAM 6838/7620MB (lfb 5x2MB) SWAP 1977/8192MB (cached 182MB) CPU [22%@1113,20%@1113,7%@1113,0%@1113,0%@729,0%@729] GR3D_FREQ 0% cpu@70.937C soc2@69.343C soc0@69.75C gpu@70.437C tj@70.937C soc1@69.656C VDD_IN 6021mW/9646mW VDD_CPU_GPU_CV 1226mW/3747mW VDD_SOC 1941mW/2347mW
09-13-2026 15:17:55 RAM 6863/7620MB (lfb 5x2MB) SWAP 1954/8192MB (cached 183MB) CPU [18%@1728,18%@1728,8%@1728,1%@1728,0%@729,0%@729] GR3D_FREQ 0% cpu@70.968C soc2@69.062C soc0@69.656C gpu@70.343C tj@70.968C soc1@69.593C VDD_IN 5555mW/9642mW VDD_CPU_GPU_CV 1109mW/3745mW VDD_SOC 1663mW/2346mW
09-13-2026 15:17:56 RAM 6898/7620MB (lfb 5x2MB) SWAP 1920/8192MB (cached 184MB) CPU [18%@1113,9%@1113,20%@1113,0%@1113,0%@729,0%@729] GR3D_FREQ 0% cpu@70.531C soc2@68.937C soc0@69.437C gpu@70.062C tj@70.531C soc1@69.468C VDD_IN 5475mW/9639mW VDD_CPU_GPU_CV 1069mW/3743mW VDD_SOC 1584mW/2345mW
09-13-2026 15:17:56 RAM 6922/7620MB (lfb 5x2MB) SWAP 1896/8192MB (cached 186MB) CPU [21%@1728,2%@1728,22%@1728,0%@1728,0%@729,0%@729] GR3D_FREQ 0% cpu@70.468C soc2@68.906C soc0@69.281C gpu@69.937C tj@70.468C soc1@69.312C VDD_IN 5396mW/9635mW VDD_CPU_GPU_CV 1069mW/3740mW VDD_SOC 1547mW/2345mW
09-13-2026 15:17:57 RAM 6947/7620MB (lfb 5x2MB) SWAP 1872/8192MB (cached 187MB) CPU [20%@1113,0%@1113,21%@1113,0%@1113,0%@729,1%@729] GR3D_FREQ 0% cpu@70.281C soc2@68.625C soc0@69.156C gpu@69.718C tj@70.281C soc1@69.343C VDD_IN 5356mW/9632mW VDD_CPU_GPU_CV 1069mW/3738mW VDD_SOC 1547mW/2344mW
09-13-2026 15:17:57 RAM 6974/7620MB (lfb 5x2MB) SWAP 1854/8192MB (cached 197MB) CPU [16%@1728,0%@1728,45%@1728,0%@1728,0%@729,0%@729] GR3D_FREQ 0% cpu@70.093C soc2@68.718C soc0@69.031C gpu@69.656C tj@70.187C soc1@69.281C VDD_IN 5396mW/9628mW VDD_CPU_GPU_CV 1069mW/3736mW VDD_SOC 1547mW/2343mW
09-13-2026 15:17:58 RAM 7004/7620MB (lfb 5x2MB) SWAP 1828/8192MB (cached 199MB) CPU [20%@1113,0%@1113,28%@1113,0%@1113,0%@729,0%@729] GR3D_FREQ 0% cpu@70.093C soc2@68.593C soc0@69.125C gpu@69.781C tj@70.093C soc1@69.125C VDD_IN 5396mW/9624mW VDD_CPU_GPU_CV 1069mW/3734mW VDD_SOC 1547mW/2343mW
09-13-2026 15:17:58 RAM 7029/7620MB (lfb 5x2MB) SWAP 1805/8192MB (cached 201MB) CPU [18%@1113,3%@1113,18%@1113,8%@1113,3%@729,0%@729] GR3D_FREQ 0% cpu@70.031C soc2@68.5C soc0@69.031C gpu@69.437C tj@70.031C soc1@69.156C VDD_IN 5317mW/9621mW VDD_CPU_GPU_CV 1030mW/3731mW VDD_SOC 1547mW/2342mW
09-13-2026 15:17:59 RAM 7056/7620MB (lfb 5x2MB) SWAP 1783/8192MB (cached 208MB) CPU [20%@1728,0%@1728,0%@1728,32%@1728,0%@729,0%@729] GR3D_FREQ 0% cpu@69.968C soc2@68.406C soc0@68.937C gpu@69.562C tj@69.968C soc1@69.031C VDD_IN 5317mW/9617mW VDD_CPU_GPU_CV 990mW/3729mW VDD_SOC 1547mW/2341mW
09-13-2026 15:17:59 RAM 7063/7620MB (lfb 16x512kB) SWAP 1766/8192MB (cached 208MB) CPU [18%@1113,2%@1113,0%@1113,31%@1113,5%@729,0%@729] GR3D_FREQ 0% cpu@69.781C soc2@68.343C soc0@68.781C gpu@69.218C tj@69.781C soc1@68.937C VDD_IN 5317mW/9613mW VDD_CPU_GPU_CV 990mW/3727mW VDD_SOC 1547mW/2341mW
09-13-2026 15:18:00 RAM 7100/7620MB (lfb 113x64kB) SWAP 1737/8192MB (cached 211MB) CPU [18%@1190,1%@1190,0%@1190,45%@1190,0%@729,0%@729] GR3D_FREQ 0% cpu@69.75C soc2@68.156C soc0@68.687C gpu@69.406C tj@69.75C soc1@69.031C VDD_IN 5396mW/9610mW VDD_CPU_GPU_CV 1030mW/3724mW VDD_SOC 1547mW/2340mW
09-13-2026 15:18:00 RAM 7116/7620MB (lfb 1936x32kB) SWAP 1722/8192MB (cached 216MB) CPU [14%@1728,1%@1728,0%@1728,44%@1728,0%@729,0%@729] GR3D_FREQ 0% cpu@69.562C soc2@68.156C soc0@68.593C gpu@69.218C tj@69.562C soc1@68.937C VDD_IN 5396mW/9606mW VDD_CPU_GPU_CV 1030mW/3722mW VDD_SOC 1547mW/2339mW
09-13-2026 15:18:01 RAM 7025/7620MB (lfb 5x512kB) SWAP 1697/8192MB (cached 198MB) CPU [12%@1728,0%@1728,0%@1728,38%@1728,32%@1344,3%@1344] GR3D_FREQ 0% cpu@69.718C soc2@68.156C soc0@68.781C gpu@69.218C tj@69.718C soc1@68.875C VDD_IN 5515mW/9603mW VDD_CPU_GPU_CV 1109mW/3720mW VDD_SOC 1547mW/2339mW
09-13-2026 15:18:01 RAM 4199/7620MB (lfb 10x2MB) SWAP 810/8192MB (cached 65MB) CPU [0%@1420,1%@1420,17%@1420,0%@1420,6%@1728,100%@1728] GR3D_FREQ 0% cpu@69.968C soc2@68.062C soc0@68.593C gpu@69.187C tj@69.968C soc1@68.781C VDD_IN 6031mW/9599mW VDD_CPU_GPU_CV 1505mW/3718mW VDD_SOC 1584mW/2338mW
09-13-2026 15:18:02 RAM 2307/7620MB (lfb 1x4MB) SWAP 794/8192MB (cached 59MB) CPU [8%@1728,13%@1728,44%@1728,7%@1728,46%@729,22%@729] GR3D_FREQ 0% cpu@69.5C soc2@68.093C soc0@68.468C gpu@69.125C tj@69.5C soc1@68.687C VDD_IN 5982mW/9596mW VDD_CPU_GPU_CV 1423mW/3716mW VDD_SOC 1624mW/2337mW
09-13-2026 15:18:02 RAM 2307/7620MB (lfb 1x4MB) SWAP 794/8192MB (cached 59MB) CPU [0%@1728,0%@1728,0%@1728,0%@1728,3%@729,0%@729] GR3D_FREQ 0% cpu@69.093C soc2@67.906C soc0@68.437C gpu@68.968C tj@69.281C soc1@68.812C VDD_IN 5158mW/9593mW VDD_CPU_GPU_CV 871mW/3713mW VDD_SOC 1545mW/2337mW
09-13-2026 15:18:03 RAM 2307/7620MB (lfb 1x4MB) SWAP 794/8192MB (cached 59MB) CPU [1%@1728,0%@1728,0%@1728,0%@1728,0%@729,0%@729] GR3D_FREQ 0% cpu@69.125C soc2@67.875C soc0@68.343C gpu@68.937C tj@69.125C soc1@68.687C VDD_IN 4840mW/9589mW VDD_CPU_GPU_CV 673mW/3711mW VDD_SOC 1507mW/2336mW
09-13-2026 15:18:03 RAM 2307/7620MB (lfb 1x4MB) SWAP 794/8192MB (cached 59MB) CPU [0%@1728,0%@1728,0%@1728,0%@1728,0%@729,0%@729] GR3D_FREQ 0% cpu@68.906C soc2@67.75C soc0@68.218C gpu@68.843C tj@68.906C soc1@68.625C VDD_IN 4761mW/9584mW VDD_CPU_GPU_CV 633mW/3708mW VDD_SOC 1507mW/2335mW
09-13-2026 15:18:04 RAM 2307/7620MB (lfb 1x4MB) SWAP 794/8192MB (cached 60MB) CPU [0%@729,0%@729,0%@729,0%@729,0%@729,0%@729] GR3D_FREQ 0% cpu@68.968C soc2@67.718C soc0@68.281C gpu@68.718C tj@68.968C soc1@68.468C VDD_IN 4721mW/9580mW VDD_CPU_GPU_CV 594mW/3706mW VDD_SOC 1507mW/2335mW
09-13-2026 15:18:04 RAM 2307/7620MB (lfb 1x4MB) SWAP 794/8192MB (cached 60MB) CPU [0%@1728,0%@1728,0%@1728,0%@1728,0%@729,0%@729] GR3D_FREQ 0% cpu@69C soc2@67.656C soc0@68.156C gpu@68.562C tj@69C soc1@68.406C VDD_IN 4721mW/9576mW VDD_CPU_GPU_CV 594mW/3703mW VDD_SOC 1507mW/2334mW
09-13-2026 15:18:05 RAM 2308/7620MB (lfb 1x4MB) SWAP 794/8192MB (cached 60MB) CPU [1%@729,0%@729,0%@729,0%@729,0%@729,0%@729] GR3D_FREQ 0% cpu@68.75C soc2@67.562C soc0@68.093C gpu@68.468C tj@68.75C soc1@68.25C VDD_IN 4682mW/9572mW VDD_CPU_GPU_CV 594mW/3700mW VDD_SOC 1507mW/2333mW
09-13-2026 15:18:05 RAM 2308/7620MB (lfb 1x4MB) SWAP 794/8192MB (cached 60MB) CPU [0%@1728,0%@1728,0%@1728,0%@1728,0%@729,0%@729] GR3D_FREQ 0% cpu@68.875C soc2@67.562C soc0@67.937C gpu@68.5C tj@68.875C soc1@68.406C VDD_IN 4682mW/9568mW VDD_CPU_GPU_CV 594mW/3698mW VDD_SOC 1507mW/2332mW
09-13-2026 15:18:06 RAM 2308/7620MB (lfb 1x4MB) SWAP 794/8192MB (cached 60MB) CPU [0%@729,0%@729,0%@729,0%@729,0%@729,0%@729] GR3D_FREQ 0% cpu@68.593C soc2@67.25C soc0@67.906C gpu@68.343C tj@68.593C soc1@68.281C VDD_IN 4682mW/9564mW VDD_CPU_GPU_CV 594mW/3695mW VDD_SOC 1507mW/2332mW
09-13-2026 15:18:06 RAM 2309/7620MB (lfb 1x4MB) SWAP 794/8192MB (cached 60MB) CPU [10%@1113,6%@1113,9%@1113,3%@1113,0%@729,1%@729] GR3D_FREQ 0% cpu@69.062C soc2@67.437C soc0@67.781C gpu@68.312C tj@69.062C soc1@68.156C VDD_IN 4880mW/9560mW VDD_CPU_GPU_CV 713mW/3693mW VDD_SOC 1507mW/2331mW
09-13-2026 15:18:07 RAM 2309/7620MB (lfb 1x4MB) SWAP 794/8192MB (cached 60MB) CPU [2%@729,5%@729,2%@1728,5%@1728,0%@729,0%@729] GR3D_FREQ 0% cpu@68.843C soc2@67.343C soc0@67.937C gpu@68.156C tj@68.843C soc1@68.156C VDD_IN 4761mW/9556mW VDD_CPU_GPU_CV 673mW/3690mW VDD_SOC 1507mW/2330mW
09-13-2026 15:18:07 RAM 2309/7620MB (lfb 1x4MB) SWAP 794/8192MB (cached 60MB) CPU [0%@1728,1%@1728,0%@1728,1%@1728,0%@729,0%@729] GR3D_FREQ 0% cpu@68.531C soc2@67.25C soc0@67.718C gpu@68.375C tj@68.531C soc1@68.062C VDD_IN 4721mW/9552mW VDD_CPU_GPU_CV 594mW/3687mW VDD_SOC 1507mW/2330mW
09-13-2026 15:18:08 RAM 2309/7620MB (lfb 1x4MB) SWAP 794/8192MB (cached 60MB) CPU [0%@1728,0%@1728,0%@1728,0%@1728,0%@729,0%@729] GR3D_FREQ 0% cpu@68.468C soc2@67.093C soc0@67.718C gpu@68.031C tj@68.468C soc1@67.968C VDD_IN 4682mW/9548mW VDD_CPU_GPU_CV 594mW/3685mW VDD_SOC 1507mW/2329mW
09-13-2026 15:18:08 RAM 2309/7620MB (lfb 1x4MB) SWAP 794/8192MB (cached 60MB) CPU [0%@729,1%@729,0%@729,1%@729,0%@729,0%@729] GR3D_FREQ 0% cpu@68.406C soc2@67C soc0@67.656C gpu@68.25C tj@68.406C soc1@68.125C VDD_IN 4721mW/9544mW VDD_CPU_GPU_CV 594mW/3682mW VDD_SOC 1507mW/2328mW
09-13-2026 15:18:09 RAM 2309/7620MB (lfb 1x4MB) SWAP 794/8192MB (cached 60MB) CPU [0%@729,0%@1728,0%@1728,0%@1728,0%@729,0%@729] GR3D_FREQ 0% cpu@68.156C soc2@67.125C soc0@67.593C gpu@67.937C tj@68.25C soc1@67.968C VDD_IN 4721mW/9539mW VDD_CPU_GPU_CV 594mW/3680mW VDD_SOC 1507mW/2328mW
09-13-2026 15:18:09 RAM 2309/7620MB (lfb 1x4MB) SWAP 794/8192MB (cached 60MB) CPU [0%@729,0%@729,0%@729,0%@729,0%@729,2%@729] GR3D_FREQ 0% cpu@68.25C soc2@66.968C soc0@67.468C gpu@68.125C tj@68.25C soc1@67.875C VDD_IN 4721mW/9535mW VDD_CPU_GPU_CV 633mW/3677mW VDD_SOC 1507mW/2327mW
09-13-2026 15:18:10 RAM 2309/7620MB (lfb 1x4MB) SWAP 794/8192MB (cached 60MB) CPU [0%@1728,0%@1728,0%@1728,1%@1728,0%@729,0%@729] GR3D_FREQ 0% cpu@68.25C soc2@67C soc0@67.468C gpu@67.906C tj@68.25C soc1@67.781C VDD_IN 4721mW/9531mW VDD_CPU_GPU_CV 594mW/3674mW VDD_SOC 1507mW/2326mW
09-13-2026 15:18:10 RAM 2309/7620MB (lfb 1x4MB) SWAP 794/8192MB (cached 60MB) CPU [0%@1728,0%@1728,0%@1728,0%@1728,0%@729,0%@729] GR3D_FREQ 0% cpu@68.343C soc2@66.906C soc0@67.406C gpu@67.968C tj@68.343C soc1@67.656C VDD_IN 4682mW/9527mW VDD_CPU_GPU_CV 594mW/3672mW VDD_SOC 1468mW/2325mW
09-13-2026 15:18:11 RAM 2309/7620MB (lfb 1x4MB) SWAP 794/8192MB (cached 60MB) CPU [0%@1728,0%@1728,0%@1728,0%@1728,0%@729,0%@729] GR3D_FREQ 0% cpu@68.156C soc2@66.843C soc0@67.375C gpu@67.75C tj@68.156C soc1@67.656C VDD_IN 4682mW/9523mW VDD_CPU_GPU_CV 594mW/3669mW VDD_SOC 1468mW/2325mW
09-13-2026 15:18:11 RAM 2309/7620MB (lfb 1x4MB) SWAP 794/8192MB (cached 60MB) CPU [3%@1728,0%@1728,0%@1728,0%@1728,0%@729,0%@729] GR3D_FREQ 0% cpu@67.937C soc2@66.812C soc0@67.312C gpu@67.656C tj@67.937C soc1@67.593C VDD_IN 4682mW/9519mW VDD_CPU_GPU_CV 594mW/3667mW VDD_SOC 1468mW/2324mW
09-13-2026 15:18:12 RAM 2309/7620MB (lfb 1x4MB) SWAP 794/8192MB (cached 60MB) CPU [0%@729,0%@729,0%@729,0%@729,0%@729,0%@729] GR3D_FREQ 0% cpu@68.062C soc2@66.75C soc0@67.218C gpu@67.625C tj@68.062C soc1@67.625C VDD_IN 4682mW/9515mW VDD_CPU_GPU_CV 595mW/3664mW VDD_SOC 1468mW/2323mW
09-13-2026 15:18:12 RAM 2309/7620MB (lfb 1x4MB) SWAP 794/8192MB (cached 60MB) CPU [1%@1728,1%@1728,0%@1728,1%@1728,0%@729,0%@729] GR3D_FREQ 0% cpu@68.125C soc2@66.687C soc0@67.281C gpu@67.468C tj@68.125C soc1@67.531C VDD_IN 4721mW/9511mW VDD_CPU_GPU_CV 634mW/3662mW VDD_SOC 1468mW/2323mW
09-13-2026 15:18:13 RAM 2309/7620MB (lfb 1x4MB) SWAP 794/8192MB (cached 60MB) CPU [0%@1728,0%@1728,0%@1728,1%@1728,0%@729,0%@729] GR3D_FREQ 0% cpu@67.843C soc2@66.562C soc0@67.156C gpu@67.468C tj@67.843C soc1@67.406C VDD_IN 4682mW/9507mW VDD_CPU_GPU_CV 594mW/3659mW VDD_SOC 1468mW/2322mW
09-13-2026 15:18:13 RAM 2309/7620MB (lfb 1x4MB) SWAP 794/8192MB (cached 60MB) CPU [0%@1728,0%@1728,0%@1728,0%@1728,0%@729,0%@729] GR3D_FREQ 0% cpu@67.781C soc2@66.531C soc0@67.062C gpu@67.406C tj@67.875C soc1@67.281C VDD_IN 4682mW/9503mW VDD_CPU_GPU_CV 595mW/3656mW VDD_SOC 1468mW/2321mW
09-13-2026 15:18:14 RAM 2309/7620MB (lfb 1x4MB) SWAP 794/8192MB (cached 60MB) CPU [0%@1728,1%@1728,0%@1728,0%@1728,0%@729,0%@729] GR3D_FREQ 0% cpu@67.625C soc2@66.5C soc0@66.906C gpu@67.656C tj@67.656C soc1@67.406C VDD_IN 4682mW/9499mW VDD_CPU_GPU_CV 595mW/3654mW VDD_SOC 1468mW/2320mW
09-13-2026 15:18:15 RAM 2309/7620MB (lfb 1x4MB) SWAP 793/8192MB (cached 60MB) CPU [1%@1728,1%@1728,0%@1728,0%@1728,0%@729,1%@729] GR3D_FREQ 0% cpu@67.5C soc2@66.437C soc0@66.875C gpu@67.25C tj@67.562C soc1@67.218C VDD_IN 4682mW/9495mW VDD_CPU_GPU_CV 595mW/3651mW VDD_SOC 1468mW/2320mW
09-13-2026 15:18:15 RAM 2309/7620MB (lfb 1x4MB) SWAP 793/8192MB (cached 60MB) CPU [0%@1728,0%@1728,0%@1728,0%@1728,0%@729,0%@729] GR3D_FREQ 0% cpu@67.625C soc2@66.343C soc0@66.781C gpu@67.5C tj@67.625C soc1@67.218C VDD_IN 4682mW/9491mW VDD_CPU_GPU_CV 595mW/3649mW VDD_SOC 1468mW/2319mW
09-13-2026 15:18:16 RAM 2309/7620MB (lfb 1x4MB) SWAP 793/8192MB (cached 60MB) CPU [0%@729,0%@729,0%@729,0%@729,0%@729,0%@729] GR3D_FREQ 0% cpu@67.625C soc2@66.281C soc0@66.843C gpu@67.125C tj@67.625C soc1@67.093C VDD_IN 4721mW/9487mW VDD_CPU_GPU_CV 595mW/3646mW VDD_SOC 1507mW/2318mW
09-13-2026 15:18:16 RAM 2309/7620MB (lfb 1x4MB) SWAP 793/8192MB (cached 60MB) CPU [0%@1728,0%@1728,1%@1728,0%@1728,0%@729,0%@729] GR3D_FREQ 0% cpu@67.562C soc2@66.187C soc0@66.656C gpu@67.437C tj@67.656C soc1@67.093C VDD_IN 4682mW/9483mW VDD_CPU_GPU_CV 595mW/3644mW VDD_SOC 1468mW/2318mW
09-13-2026 15:18:17 RAM 2309/7620MB (lfb 1x4MB) SWAP 793/8192MB (cached 60MB) CPU [0%@1728,0%@1728,0%@1728,0%@1728,0%@729,0%@729] GR3D_FREQ 0% cpu@67.437C soc2@66.125C soc0@66.656C gpu@67.281C tj@67.437C soc1@66.968C VDD_IN 4682mW/9479mW VDD_CPU_GPU_CV 595mW/3641mW VDD_SOC 1468mW/2317mW
09-13-2026 15:18:17 RAM 2309/7620MB (lfb 1x4MB) SWAP 793/8192MB (cached 60MB) CPU [0%@729,0%@729,0%@729,0%@729,0%@729,0%@729] GR3D_FREQ 0% cpu@67.25C soc2@65.968C soc0@66.468C gpu@67.281C tj@67.281C soc1@67.187C VDD_IN 4682mW/9475mW VDD_CPU_GPU_CV 595mW/3639mW VDD_SOC 1468mW/2316mW
09-13-2026 15:18:18 RAM 2309/7620MB (lfb 1x4MB) SWAP 793/8192MB (cached 60MB) CPU [1%@1728,1%@1728,0%@1728,0%@1728,0%@729,0%@729] GR3D_FREQ 0% cpu@67.437C soc2@66.031C soc0@66.468C gpu@67.062C tj@67.25C soc1@67C VDD_IN 4682mW/9471mW VDD_CPU_GPU_CV 595mW/3636mW VDD_SOC 1468mW/2316mW
09-13-2026 15:18:18 RAM 2309/7620MB (lfb 1x4MB) SWAP 793/8192MB (cached 60MB) CPU [0%@729,0%@729,0%@729,0%@729,1%@729,0%@729] GR3D_FREQ 0% cpu@67.156C soc2@66.062C soc0@66.593C gpu@67.125C tj@67.125C soc1@66.968C VDD_IN 4682mW/9467mW VDD_CPU_GPU_CV 595mW/3634mW VDD_SOC 1468mW/2315mW
09-13-2026 15:18:19 RAM 2309/7620MB (lfb 1x4MB) SWAP 793/8192MB (cached 60MB) CPU [0%@1728,0%@1728,0%@1728,0%@1728,0%@729,0%@729] GR3D_FREQ 0% cpu@67.156C soc2@66C soc0@66.468C gpu@66.968C tj@67.156C soc1@66.906C VDD_IN 4682mW/9463mW VDD_CPU_GPU_CV 595mW/3631mW VDD_SOC 1468mW/2314mW
09-13-2026 15:18:19 RAM 2309/7620MB (lfb 1x4MB) SWAP 793/8192MB (cached 61MB) CPU [1%@729,0%@729,0%@729,1%@729,0%@729,0%@729] GR3D_FREQ 0% cpu@67.218C soc2@65.906C soc0@66.343C gpu@66.718C tj@67.218C soc1@66.718C VDD_IN 4682mW/9459mW VDD_CPU_GPU_CV 595mW/3629mW VDD_SOC 1468mW/2313mW
09-13-2026 15:18:20 RAM 2309/7620MB (lfb 1x4MB) SWAP 793/8192MB (cached 61MB) CPU [1%@1728,0%@1728,0%@1728,0%@1728,0%@729,0%@729] GR3D_FREQ 0% cpu@67C soc2@65.781C soc0@66.312C gpu@66.781C tj@67C soc1@66.875C VDD_IN 4682mW/9455mW VDD_CPU_GPU_CV 595mW/3626mW VDD_SOC 1468mW/2313mW
09-13-2026 15:18:20 RAM 2310/7620MB (lfb 1x4MB) SWAP 793/8192MB (cached 61MB) CPU [1%@1728,0%@1728,0%@1728,0%@1728,0%@729,0%@729] GR3D_FREQ 0% cpu@66.968C soc2@65.843C soc0@66.125C gpu@66.625C tj@66.968C soc1@66.687C VDD_IN 4682mW/9451mW VDD_CPU_GPU_CV 595mW/3624mW VDD_SOC 1468mW/2312mW
09-13-2026 15:18:21 RAM 2310/7620MB (lfb 1x4MB) SWAP 793/8192MB (cached 61MB) CPU [0%@729,0%@729,0%@729,0%@729,0%@729,0%@729] GR3D_FREQ 0% cpu@66.968C soc2@65.718C soc0@66.093C gpu@66.593C tj@66.968C soc1@66.687C VDD_IN 4682mW/9447mW VDD_CPU_GPU_CV 595mW/3621mW VDD_SOC 1468mW/2311mW
09-13-2026 15:18:21 RAM 2310/7620MB (lfb 1x4MB) SWAP 793/8192MB (cached 61MB) CPU [0%@729,0%@729,0%@729,0%@729,0%@729,0%@729] GR3D_FREQ 0% cpu@66.968C soc2@65.718C soc0@66.25C gpu@66.468C tj@66.968C soc1@66.531C VDD_IN 4682mW/9443mW VDD_CPU_GPU_CV 595mW/3619mW VDD_SOC 1468mW/2311mW
09-13-2026 15:18:22 RAM 2310/7620MB (lfb 1x4MB) SWAP 793/8192MB (cached 61MB) CPU [0%@729,1%@729,0%@729,0%@729,0%@729,0%@729] GR3D_FREQ 0% cpu@67C soc2@65.656C soc0@66.125C gpu@66.5C tj@67C soc1@66.437C VDD_IN 4682mW/9439mW VDD_CPU_GPU_CV 595mW/3616mW VDD_SOC 1468mW/2310mW
09-13-2026 15:18:22 RAM 2310/7620MB (lfb 1x4MB) SWAP 793/8192MB (cached 61MB) CPU [0%@729,0%@729,0%@729,1%@729,0%@729,0%@729] GR3D_FREQ 0% cpu@66.781C soc2@65.562C soc0@66.031C gpu@66.437C tj@66.781C soc1@66.375C VDD_IN 4642mW/9436mW VDD_CPU_GPU_CV 595mW/3614mW VDD_SOC 1468mW/2309mW
09-13-2026 15:18:23 RAM 2312/7620MB (lfb 1x4MB) SWAP 793/8192MB (cached 61MB) CPU [11%@1728,3%@1728,7%@1728,6%@1728,0%@729,0%@729] GR3D_FREQ 0% cpu@66.593C soc2@65.531C soc0@65.968C gpu@66.437C tj@66.75C soc1@66.531C VDD_IN 4801mW/9432mW VDD_CPU_GPU_CV 714mW/3611mW VDD_SOC 1468mW/2309mW
09-13-2026 15:18:23 RAM 2314/7620MB (lfb 1x4MB) SWAP 793/8192MB (cached 61MB) CPU [6%@1728,13%@1728,8%@1728,6%@1728,3%@729,1%@729] GR3D_FREQ 0% cpu@66.656C soc2@65.437C soc0@65.875C gpu@66.281C tj@66.656C soc1@66.437C VDD_IN 4880mW/9428mW VDD_CPU_GPU_CV 753mW/3609mW VDD_SOC 1468mW/2308mW
09-13-2026 15:18:24 RAM 2314/7620MB (lfb 1x4MB) SWAP 792/8192MB (cached 61MB) CPU [7%@1497,4%@1497,9%@1497,6%@1497,3%@883,1%@883] GR3D_FREQ 0% cpu@66.562C soc2@65.5C soc0@65.843C gpu@66.156C tj@66.562C soc1@66.375C VDD_IN 4880mW/9424mW VDD_CPU_GPU_CV 713mW/3606mW VDD_SOC 1468mW/2307mW
09-13-2026 15:18:24 RAM 2315/7620MB (lfb 1x4MB) SWAP 792/8192MB (cached 61MB) CPU [16%@729,4%@729,12%@1728,11%@1728,0%@729,3%@729] GR3D_FREQ 0% cpu@66.531C soc2@65.437C soc0@65.781C gpu@66.25C tj@66.531C soc1@66.218C VDD_IN 4960mW/9421mW VDD_CPU_GPU_CV 793mW/3604mW VDD_SOC 1507mW/2307mW
