09-14-2026 11:42:32 RAM 2280/7620MB (lfb 76x1MB) SWAP 556/8192MB (cached 189MB) CPU [21%@1728,79%@1728,13%@1728,13%@1728,15%@729,15%@729] GR3D_FREQ 0% cpu@50.968C soc2@48.968C soc0@49.531C gpu@49.906C tj@50.968C soc1@50.312C VDD_IN 5484mW/5484mW VDD_CPU_GPU_CV 1269mW/1269mW VDD_SOC 1470mW/1470mW
09-14-2026 11:42:33 RAM 2205/7620MB (lfb 1x2MB) SWAP 556/8192MB (cached 189MB) CPU [29%@1728,73%@1728,13%@1728,13%@1728,21%@729,12%@729] GR3D_FREQ 0% cpu@50.781C soc2@49C soc0@49.531C gpu@49.968C tj@50.781C soc1@50.25C VDD_IN 5683mW/5584mW VDD_CPU_GPU_CV 1388mW/1329mW VDD_SOC 1470mW/1470mW
09-14-2026 11:42:33 RAM 2220/7620MB (lfb 106x1MB) SWAP 556/8192MB (cached 189MB) CPU [5%@1728,88%@1728,1%@1728,0%@1728,9%@729,1%@729] GR3D_FREQ 0% cpu@50.875C soc2@49.031C soc0@49.531C gpu@50.093C tj@50.906C soc1@50.187C VDD_IN 5683mW/5617mW VDD_CPU_GPU_CV 1388mW/1348mW VDD_SOC 1470mW/1470mW
09-14-2026 11:42:34 RAM 2211/7620MB (lfb 2x2MB) SWAP 556/8192MB (cached 189MB) CPU [2%@1728,88%@1728,1%@1728,0%@1728,2%@729,0%@729] GR3D_FREQ 0% cpu@50.875C soc2@49.125C soc0@49.625C gpu@50.093C tj@50.875C soc1@50.281C VDD_IN 5683mW/5633mW VDD_CPU_GPU_CV 1388mW/1358mW VDD_SOC 1470mW/1470mW
09-14-2026 11:42:34 RAM 2221/7620MB (lfb 1x2MB) SWAP 556/8192MB (cached 189MB) CPU [8%@1728,83%@1728,0%@1728,0%@1728,0%@729,0%@729] GR3D_FREQ 0% cpu@51.312C soc2@49.156C soc0@49.656C gpu@50.062C tj@51.312C soc1@50.218C VDD_IN 5683mW/5643mW VDD_CPU_GPU_CV 1388mW/1364mW VDD_SOC 1470mW/1470mW
09-14-2026 11:42:35 RAM 2226/7620MB (lfb 4x2MB) SWAP 556/8192MB (cached 189MB) CPU [98%@1728,0%@1728,0%@1728,0%@1728,1%@729,0%@729] GR3D_FREQ 0% cpu@51.531C soc2@49.281C soc0@49.687C gpu@50C tj@51.531C soc1@50.187C VDD_IN 5723mW/5657mW VDD_CPU_GPU_CV 1428mW/1375mW VDD_SOC 1470mW/1470mW
09-14-2026 11:42:35 RAM 2233/7620MB (lfb 7x2MB) SWAP 556/8192MB (cached 189MB) CPU [60%@1728,34%@1728,0%@1728,0%@1728,0%@729,0%@729] GR3D_FREQ 0% cpu@50.968C soc2@49.031C soc0@49.718C gpu@49.968C tj@50.968C soc1@50.437C VDD_IN 5683mW/5660mW VDD_CPU_GPU_CV 1349mW/1371mW VDD_SOC 1510mW/1476mW
09-14-2026 11:42:36 RAM 2245/7620MB (lfb 125x1MB) SWAP 556/8192MB (cached 189MB) CPU [2%@1728,87%@1728,0%@1728,0%@1728,0%@729,3%@729] GR3D_FREQ 0% cpu@50.937C soc2@49.187C soc0@49.625C gpu@50.125C tj@50.937C soc1@50.218C VDD_IN 5683mW/5663mW VDD_CPU_GPU_CV 1388mW/1373mW VDD_SOC 1470mW/1475mW
09-14-2026 11:42:36 RAM 2222/7620MB (lfb 125x1MB) SWAP 556/8192MB (cached 189MB) CPU [4%@1497,80%@1497,0%@1497,0%@1497,0%@729,5%@729] GR3D_FREQ 0% cpu@50.937C soc2@49.187C soc0@49.656C gpu@50C tj@50.937C soc1@50.375C VDD_IN 5524mW/5648mW VDD_CPU_GPU_CV 1230mW/1357mW VDD_SOC 1510mW/1479mW
09-14-2026 11:42:37 RAM 2227/7620MB (lfb 1x2MB) SWAP 556/8192MB (cached 189MB) CPU [0%@1728,94%@1728,0%@1728,0%@1728,1%@729,1%@729] GR3D_FREQ 0% cpu@51.218C soc2@49.218C soc0@49.656C gpu@50.156C tj@51.218C soc1@50.406C VDD_IN 5643mW/5647mW VDD_CPU_GPU_CV 1388mW/1360mW VDD_SOC 1470mW/1478mW
09-14-2026 11:42:37 RAM 2235/7620MB (lfb 126x1MB) SWAP 556/8192MB (cached 189MB) CPU [1%@1728,94%@1728,0%@1728,0%@1728,0%@729,0%@729] GR3D_FREQ 0% cpu@51.218C soc2@49.093C soc0@49.812C gpu@50.031C tj@51C soc1@50.218C VDD_IN 5683mW/5650mW VDD_CPU_GPU_CV 1428mW/1367mW VDD_SOC 1470mW/1477mW
09-14-2026 11:42:38 RAM 2247/7620MB (lfb 128x1MB) SWAP 556/8192MB (cached 189MB) CPU [0%@1728,92%@1728,0%@1728,0%@1728,3%@729,0%@729] GR3D_FREQ 0% cpu@51.187C soc2@49.187C soc0@49.781C gpu@50.312C tj@51.187C soc1@50.343C VDD_IN 5802mW/5663mW VDD_CPU_GPU_CV 1428mW/1372mW VDD_SOC 1510mW/1480mW
09-14-2026 11:42:38 RAM 2247/7620MB (lfb 125x1MB) SWAP 556/8192MB (cached 189MB) CPU [3%@1728,86%@1728,0%@1728,0%@1728,0%@729,3%@729] GR3D_FREQ 0% cpu@51C soc2@49.312C soc0@49.781C gpu@50.062C tj@51.187C soc1@50.5C VDD_IN 5643mW/5662mW VDD_CPU_GPU_CV 1388mW/1373mW VDD_SOC 1470mW/1479mW
09-14-2026 11:42:39 RAM 2241/7620MB (lfb 125x1MB) SWAP 556/8192MB (cached 189MB) CPU [7%@1651,75%@1651,0%@1651,0%@1651,0%@729,2%@729] GR3D_FREQ 0% cpu@51.031C soc2@49.156C soc0@49.75C gpu@50.343C tj@51.031C soc1@50.406C VDD_IN 5564mW/5655mW VDD_CPU_GPU_CV 1349mW/1371mW VDD_SOC 1470mW/1479mW
09-14-2026 11:42:39 RAM 2240/7620MB (lfb 124x1MB) SWAP 556/8192MB (cached 189MB) CPU [4%@1728,85%@1728,1%@1728,0%@1728,1%@729,1%@729] GR3D_FREQ 0% cpu@51.062C soc2@49.218C soc0@49.718C gpu@50.093C tj@51.062C soc1@50.406C VDD_IN 5603mW/5651mW VDD_CPU_GPU_CV 1388mW/1372mW VDD_SOC 1470mW/1478mW
09-14-2026 11:42:40 RAM 2242/7620MB (lfb 124x1MB) SWAP 556/8192MB (cached 189MB) CPU [0%@1728,100%@1728,0%@1728,0%@1728,0%@729,0%@729] GR3D_FREQ 0% cpu@51.25C soc2@49.187C soc0@49.75C gpu@50.312C tj@51.218C soc1@50.437C VDD_IN 5643mW/5651mW VDD_CPU_GPU_CV 1468mW/1378mW VDD_SOC 1470mW/1478mW
09-14-2026 11:42:40 RAM 2237/7620MB (lfb 116x1MB) SWAP 556/8192MB (cached 189MB) CPU [18%@1728,68%@1728,0%@1728,0%@1728,3%@729,2%@729] GR3D_FREQ 0% cpu@51.437C soc2@49.25C soc0@49.937C gpu@50.062C tj@51.437C soc1@50.375C VDD_IN 5683mW/5653mW VDD_CPU_GPU_CV 1388mW/1379mW VDD_SOC 1470mW/1477mW
09-14-2026 11:42:41 RAM 2239/7620MB (lfb 112x1MB) SWAP 556/8192MB (cached 189MB) CPU [96%@1728,1%@1728,3%@1728,1%@1728,2%@1113,3%@1113] GR3D_FREQ 0% cpu@51.187C soc2@49.281C soc0@49.937C gpu@50.343C tj@51.187C soc1@50.343C VDD_IN 5683mW/5654mW VDD_CPU_GPU_CV 1309mW/1375mW VDD_SOC 1510mW/1479mW
09-14-2026 11:42:42 RAM 2246/7620MB (lfb 1x2MB) SWAP 556/8192MB (cached 189MB) CPU [87%@1728,12%@1728,12%@1728,11%@1728,11%@729,14%@729] GR3D_FREQ 0% cpu@51.437C soc2@49.375C soc0@49.812C gpu@50.281C tj@51.437C soc1@50.531C VDD_IN 5723mW/5658mW VDD_CPU_GPU_CV 1428mW/1378mW VDD_SOC 1510mW/1481mW
09-14-2026 11:42:42 RAM 2256/7620MB (lfb 100x1MB) SWAP 556/8192MB (cached 189MB) CPU [1%@1728,93%@1728,0%@1728,0%@1728,0%@729,3%@729] GR3D_FREQ 0% cpu@51.187C soc2@49.375C soc0@49.843C gpu@50.312C tj@51.187C soc1@50.468C VDD_IN 5723mW/5661mW VDD_CPU_GPU_CV 1428mW/1380mW VDD_SOC 1470mW/1480mW
09-14-2026 11:42:43 RAM 2265/7620MB (lfb 2x2MB) SWAP 556/8192MB (cached 189MB) CPU [2%@1574,86%@1574,0%@1728,2%@1728,3%@729,5%@729] GR3D_FREQ 0% cpu@51.312C soc2@49.375C soc0@49.781C gpu@50.25C tj@51.312C soc1@50.343C VDD_IN 5683mW/5662mW VDD_CPU_GPU_CV 1428mW/1383mW VDD_SOC 1470mW/1480mW
09-14-2026 11:42:43 RAM 2268/7620MB (lfb 3x2MB) SWAP 556/8192MB (cached 189MB) CPU [0%@1728,96%@1728,0%@1728,0%@1728,0%@729,0%@729] GR3D_FREQ 0% cpu@51.156C soc2@49.406C soc0@49.937C gpu@50.156C tj@51.156C soc1@50.375C VDD_IN 5683mW/5663mW VDD_CPU_GPU_CV 1309mW/1379mW VDD_SOC 1510mW/1481mW
09-14-2026 11:42:44 RAM 2276/7620MB (lfb 111x1MB) SWAP 556/8192MB (cached 189MB) CPU [1%@1728,98%@1728,0%@1728,0%@1728,0%@729,1%@729] GR3D_FREQ 0% cpu@51.406C soc2@49.218C soc0@49.906C gpu@50.25C tj@51.406C soc1@50.375C VDD_IN 5762mW/5667mW VDD_CPU_GPU_CV 1428mW/1381mW VDD_SOC 1470mW/1480mW
09-14-2026 11:42:44 RAM 2282/7620MB (lfb 111x1MB) SWAP 556/8192MB (cached 189MB) CPU [2%@1728,91%@1728,0%@1728,1%@1728,2%@729,0%@729] GR3D_FREQ 0% cpu@51.156C soc2@49.375C soc0@49.937C gpu@50.218C tj@51.156C soc1@50.625C VDD_IN 5723mW/5670mW VDD_CPU_GPU_CV 1468mW/1385mW VDD_SOC 1470mW/1480mW
09-14-2026 11:42:45 RAM 2288/7620MB (lfb 112x1MB) SWAP 556/8192MB (cached 189MB) CPU [1%@1728,100%@1728,1%@1728,0%@1728,1%@729,0%@729] GR3D_FREQ 0% cpu@51.218C soc2@49.375C soc0@49.875C gpu@50.187C tj@51.375C soc1@50.625C VDD_IN 5842mW/5677mW VDD_CPU_GPU_CV 1507mW/1390mW VDD_SOC 1470mW/1480mW
09-14-2026 11:42:45 RAM 2298/7620MB (lfb 112x1MB) SWAP 556/8192MB (cached 189MB) CPU [0%@1728,98%@1728,0%@1728,0%@1728,0%@729,0%@729] GR3D_FREQ 0% cpu@51.187C soc2@49.343C soc0@49.843C gpu@50.187C tj@51.187C soc1@50.531C VDD_IN 5802mW/5681mW VDD_CPU_GPU_CV 1468mW/1393mW VDD_SOC 1510mW/1481mW
09-14-2026 11:42:46 RAM 2303/7620MB (lfb 111x1MB) SWAP 556/8192MB (cached 189MB) CPU [3%@1728,96%@1728,3%@1728,0%@1728,0%@729,1%@729] GR3D_FREQ 0% cpu@51.406C soc2@49.375C soc0@50C gpu@50.187C tj@51.406C soc1@50.5C VDD_IN 5723mW/5683mW VDD_CPU_GPU_CV 1309mW/1390mW VDD_SOC 1510mW/1482mW
09-14-2026 11:42:46 RAM 2313/7620MB (lfb 111x1MB) SWAP 556/8192MB (cached 189MB) CPU [0%@1728,95%@1728,0%@1728,0%@1728,1%@729,1%@729] GR3D_FREQ 0% cpu@51.437C soc2@49.406C soc0@49.937C gpu@50.5C tj@51.437C soc1@50.375C VDD_IN 5723mW/5684mW VDD_CPU_GPU_CV 1428mW/1391mW VDD_SOC 1470mW/1481mW
09-14-2026 11:42:47 RAM 2330/7620MB (lfb 111x1MB) SWAP 556/8192MB (cached 189MB) CPU [2%@1728,90%@1728,0%@1728,0%@1728,3%@729,2%@729] GR3D_FREQ 0% cpu@51.25C soc2@49.343C soc0@49.875C gpu@50.281C tj@51.25C soc1@50.718C VDD_IN 5723mW/5686mW VDD_CPU_GPU_CV 1428mW/1392mW VDD_SOC 1470mW/1481mW
09-14-2026 11:42:47 RAM 2343/7620MB (lfb 111x1MB) SWAP 556/8192MB (cached 189MB) CPU [0%@1728,98%@1728,0%@1728,0%@1728,3%@729,0%@729] GR3D_FREQ 0% cpu@51.25C soc2@49.531C soc0@49.937C gpu@50.437C tj@51.25C soc1@50.625C VDD_IN 5723mW/5687mW VDD_CPU_GPU_CV 1468mW/1395mW VDD_SOC 1470mW/1481mW
09-14-2026 11:42:48 RAM 2354/7620MB (lfb 111x1MB) SWAP 556/8192MB (cached 189MB) CPU [1%@1728,100%@1728,0%@1728,0%@1728,0%@729,2%@729] GR3D_FREQ 0% cpu@51.406C soc2@49.437C soc0@49.843C gpu@50.312C tj@51.406C soc1@50.531C VDD_IN 5762mW/5689mW VDD_CPU_GPU_CV 1349mW/1393mW VDD_SOC 1550mW/1483mW
09-14-2026 11:42:48 RAM 2372/7620MB (lfb 111x1MB) SWAP 556/8192MB (cached 189MB) CPU [1%@1728,100%@1728,2%@1728,0%@1728,1%@729,2%@729] GR3D_FREQ 0% cpu@51.75C soc2@49.468C soc0@50.031C gpu@50.25C tj@51.75C soc1@50.531C VDD_IN 5802mW/5693mW VDD_CPU_GPU_CV 1468mW/1396mW VDD_SOC 1510mW/1484mW
09-14-2026 11:42:49 RAM 2377/7620MB (lfb 111x1MB) SWAP 556/8192MB (cached 189MB) CPU [4%@1728,60%@1728,6%@1728,11%@1728,42%@1728,4%@1728] GR3D_FREQ 0% cpu@51.312C soc2@49.406C soc0@49.968C gpu@50.25C tj@51.312C soc1@50.5C VDD_IN 5842mW/5697mW VDD_CPU_GPU_CV 1349mW/1394mW VDD_SOC 1550mW/1486mW
09-14-2026 11:42:49 RAM 2381/7620MB (lfb 111x1MB) SWAP 556/8192MB (cached 189MB) CPU [0%@729,0%@729,0%@729,0%@729,98%@1728,1%@1728] GR3D_FREQ 0% cpu@51.687C soc2@49.312C soc0@50C gpu@50.312C tj@51.687C soc1@50.562C VDD_IN 5762mW/5699mW VDD_CPU_GPU_CV 1428mW/1395mW VDD_SOC 1510mW/1486mW
09-14-2026 11:42:50 RAM 2395/7620MB (lfb 111x1MB) SWAP 556/8192MB (cached 189MB) CPU [3%@729,0%@729,4%@729,0%@729,44%@1728,44%@1728] GR3D_FREQ 0% cpu@51.25C soc2@49.406C soc0@50C gpu@50.25C tj@51.25C soc1@50.687C VDD_IN 5723mW/5700mW VDD_CPU_GPU_CV 1428mW/1396mW VDD_SOC 1470mW/1486mW
09-14-2026 11:42:50 RAM 2460/7620MB (lfb 111x1MB) SWAP 556/8192MB (cached 189MB) CPU [1%@1728,3%@1728,1%@1728,1%@1728,9%@1728,96%@1728] GR3D_FREQ 0% cpu@51.468C soc2@49.468C soc0@49.937C gpu@50.25C tj@51.25C soc1@50.531C VDD_IN 5762mW/5702mW VDD_CPU_GPU_CV 1388mW/1396mW VDD_SOC 1510mW/1487mW
09-14-2026 11:42:51 RAM 2488/7620MB (lfb 111x1MB) SWAP 556/8192MB (cached 189MB) CPU [0%@1728,0%@1728,1%@1728,1%@1728,4%@1728,100%@1728] GR3D_FREQ 0% cpu@51.5C soc2@49.468C soc0@49.937C gpu@50.25C tj@51.218C soc1@50.625C VDD_IN 5723mW/5702mW VDD_CPU_GPU_CV 1349mW/1395mW VDD_SOC 1510mW/1487mW
09-14-2026 11:42:51 RAM 2505/7620MB (lfb 111x1MB) SWAP 556/8192MB (cached 189MB) CPU [2%@1728,0%@1728,1%@1728,20%@1728,4%@729,58%@729] GR3D_FREQ 0% cpu@51.531C soc2@49.437C soc0@50.125C gpu@50.218C tj@51.531C soc1@50.531C VDD_IN 5643mW/5701mW VDD_CPU_GPU_CV 1309mW/1392mW VDD_SOC 1510mW/1488mW
09-14-2026 11:42:52 RAM 2507/7620MB (lfb 111x1MB) SWAP 556/8192MB (cached 189MB) CPU [1%@1728,0%@1728,0%@1728,98%@1728,0%@729,0%@729] GR3D_FREQ 0% cpu@51.406C soc2@49.406C soc0@50.031C gpu@50.656C tj@51.406C soc1@50.531C VDD_IN 5683mW/5700mW VDD_CPU_GPU_CV 1230mW/1388mW VDD_SOC 1550mW/1489mW
09-14-2026 11:42:52 RAM 2525/7620MB (lfb 111x1MB) SWAP 556/8192MB (cached 189MB) CPU [4%@1728,0%@1728,1%@1728,87%@1728,13%@729,0%@729] GR3D_FREQ 0% cpu@51.593C soc2@49.437C soc0@50C gpu@50.468C tj@51.593C soc1@50.687C VDD_IN 5683mW/5700mW VDD_CPU_GPU_CV 1349mW/1387mW VDD_SOC 1510mW/1490mW
09-14-2026 11:42:53 RAM 2624/7620MB (lfb 111x1MB) SWAP 556/8192MB (cached 189MB) CPU [0%@1728,0%@1728,0%@1728,96%@1728,0%@729,8%@729] GR3D_FREQ 0% cpu@51.406C soc2@49.531C soc0@50C gpu@50.625C tj@51.406C soc1@50.687C VDD_IN 5802mW/5702mW VDD_CPU_GPU_CV 1388mW/1387mW VDD_SOC 1510mW/1490mW
09-14-2026 11:42:53 RAM 2657/7620MB (lfb 110x1MB) SWAP 556/8192MB (cached 189MB) CPU [1%@1728,1%@1728,0%@1728,100%@1728,0%@729,4%@729] GR3D_FREQ 0% cpu@51.843C soc2@49.437C soc0@50.156C gpu@50.562C tj@51.843C soc1@50.625C VDD_IN 5762mW/5704mW VDD_CPU_GPU_CV 1388mW/1387mW VDD_SOC 1510mW/1491mW
09-14-2026 11:42:54 RAM 2720/7620MB (lfb 110x1MB) SWAP 556/8192MB (cached 189MB) CPU [0%@1728,0%@1728,0%@1728,100%@1728,0%@729,9%@729] GR3D_FREQ 0% cpu@51.593C soc2@49.468C soc0@50.062C gpu@50.406C tj@51.593C soc1@50.656C VDD_IN 5842mW/5707mW VDD_CPU_GPU_CV 1388mW/1387mW VDD_SOC 1510mW/1491mW
09-14-2026 11:42:54 RAM 2721/7620MB (lfb 110x1MB) SWAP 556/8192MB (cached 189MB) CPU [1%@1728,0%@1728,0%@1728,100%@1728,2%@729,0%@729] GR3D_FREQ 0% cpu@51.562C soc2@49.437C soc0@50.031C gpu@50.281C tj@51.562C soc1@50.718C VDD_IN 5802mW/5709mW VDD_CPU_GPU_CV 1388mW/1387mW VDD_SOC 1510mW/1492mW
09-14-2026 11:42:55 RAM 2728/7620MB (lfb 110x1MB) SWAP 556/8192MB (cached 189MB) CPU [0%@1728,0%@1728,3%@1728,100%@1728,0%@729,0%@729] GR3D_FREQ 0% cpu@51.593C soc2@49.5C soc0@50.031C gpu@50.406C tj@51.593C soc1@50.687C VDD_IN 5802mW/5711mW VDD_CPU_GPU_CV 1349mW/1387mW VDD_SOC 1510mW/1492mW
09-14-2026 11:42:55 RAM 2750/7620MB (lfb 110x1MB) SWAP 556/8192MB (cached 189MB) CPU [0%@1728,1%@1728,1%@1728,100%@1728,0%@729,2%@729] GR3D_FREQ 0% cpu@51.843C soc2@49.562C soc0@50.031C gpu@50.5C tj@51.843C soc1@50.625C VDD_IN 5802mW/5713mW VDD_CPU_GPU_CV 1349mW/1386mW VDD_SOC 1510mW/1493mW
09-14-2026 11:42:56 RAM 2768/7620MB (lfb 110x1MB) SWAP 556/8192MB (cached 189MB) CPU [1%@1728,1%@1728,0%@1728,100%@1728,0%@729,3%@729] GR3D_FREQ 0% cpu@51.468C soc2@49.5C soc0@50.156C gpu@50.687C tj@51.468C soc1@50.656C VDD_IN 5643mW/5712mW VDD_CPU_GPU_CV 1269mW/1383mW VDD_SOC 1510mW/1493mW
09-14-2026 11:42:56 RAM 2796/7620MB (lfb 110x1MB) SWAP 556/8192MB (cached 189MB) CPU [0%@1728,0%@1728,0%@1728,100%@1728,0%@729,3%@729] GR3D_FREQ 0% cpu@51.656C soc2@49.562C soc0@50.093C gpu@50.531C tj@51.656C soc1@50.593C VDD_IN 5802mW/5714mW VDD_CPU_GPU_CV 1349mW/1383mW VDD_SOC 1550mW/1494mW
09-14-2026 11:42:57 RAM 2827/7620MB (lfb 110x1MB) SWAP 556/8192MB (cached 189MB) CPU [3%@1728,0%@1728,0%@1728,100%@1728,0%@729,7%@729] GR3D_FREQ 0% cpu@51.625C soc2@49.468C soc0@50.062C gpu@50.656C tj@51.625C soc1@50.812C VDD_IN 5723mW/5714mW VDD_CPU_GPU_CV 1309mW/1381mW VDD_SOC 1510mW/1494mW
09-14-2026 11:42:57 RAM 2837/7620MB (lfb 110x1MB) SWAP 556/8192MB (cached 189MB) CPU [0%@1728,0%@1728,0%@1728,100%@1728,0%@729,1%@729] GR3D_FREQ 0% cpu@51.687C soc2@49.625C soc0@50.093C gpu@50.562C tj@51.687C soc1@50.75C VDD_IN 5723mW/5714mW VDD_CPU_GPU_CV 1309mW/1380mW VDD_SOC 1510mW/1495mW
09-14-2026 11:42:58 RAM 2853/7620MB (lfb 110x1MB) SWAP 556/8192MB (cached 189MB) CPU [0%@1728,0%@1728,0%@1728,100%@1728,3%@729,0%@729] GR3D_FREQ 0% cpu@51.531C soc2@49.562C soc0@50.062C gpu@50.468C tj@51.531C soc1@50.75C VDD_IN 5762mW/5715mW VDD_CPU_GPU_CV 1309mW/1378mW VDD_SOC 1550mW/1496mW
09-14-2026 11:42:58 RAM 2870/7620MB (lfb 110x1MB) SWAP 556/8192MB (cached 189MB) CPU [0%@1728,0%@1728,0%@1728,100%@1728,2%@729,0%@729] GR3D_FREQ 0% cpu@51.781C soc2@49.562C soc0@50.156C gpu@50.375C tj@51.781C soc1@50.656C VDD_IN 5683mW/5714mW VDD_CPU_GPU_CV 1269mW/1376mW VDD_SOC 1510mW/1496mW
09-14-2026 11:42:59 RAM 2873/7620MB (lfb 110x1MB) SWAP 556/8192MB (cached 189MB) CPU [1%@1728,0%@1728,0%@1728,100%@1728,0%@729,1%@729] GR3D_FREQ 0% cpu@51.593C soc2@49.562C soc0@50.187C gpu@50.437C tj@51.593C soc1@50.968C VDD_IN 5762mW/5715mW VDD_CPU_GPU_CV 1230mW/1373mW VDD_SOC 1550mW/1497mW
09-14-2026 11:42:59 RAM 2827/7620MB (lfb 111x1MB) SWAP 556/8192MB (cached 189MB) CPU [5%@1728,0%@1728,1%@1728,98%@1728,0%@1728,12%@1728] GR3D_FREQ 20% cpu@51.781C soc2@49.531C soc0@50.125C gpu@50.406C tj@51.781C soc1@50.812C VDD_IN 5882mW/5718mW VDD_CPU_GPU_CV 1349mW/1373mW VDD_SOC 1550mW/1498mW
09-14-2026 11:43:00 RAM 4153/7620MB (lfb 111x1MB) SWAP 556/8192MB (cached 189MB) CPU [10%@1728,8%@1728,2%@1728,100%@1728,3%@729,2%@729] GR3D_FREQ 0% cpu@51.718C soc2@49.718C soc0@50.031C gpu@50.718C tj@51.718C soc1@50.781C VDD_IN 5842mW/5721mW VDD_CPU_GPU_CV 1349mW/1372mW VDD_SOC 1589mW/1500mW
09-14-2026 11:43:00 RAM 5472/7620MB (lfb 111x1MB) SWAP 556/8192MB (cached 189MB) CPU [5%@1113,0%@1728,3%@1728,86%@1728,0%@729,0%@729] GR3D_FREQ 0% cpu@51.656C soc2@49.75C soc0@50.187C gpu@50.718C tj@51.656C soc1@50.718C VDD_IN 6586mW/5736mW VDD_CPU_GPU_CV 1663mW/1378mW VDD_SOC 1745mW/1504mW
09-14-2026 11:43:01 RAM 5503/7620MB (lfb 110x1MB) SWAP 556/8192MB (cached 189MB) CPU [3%@1728,3%@1728,0%@1728,89%@1728,0%@729,0%@729] GR3D_FREQ 35% cpu@51.687C soc2@49.687C soc0@50.218C gpu@50.781C tj@51.687C soc1@50.75C VDD_IN 5921mW/5739mW VDD_CPU_GPU_CV 1468mW/1379mW VDD_SOC 1550mW/1505mW
09-14-2026 11:43:01 RAM 5516/7620MB (lfb 110x1MB) SWAP 556/8192MB (cached 189MB) CPU [22%@1728,0%@1728,0%@1728,94%@1728,60%@1728,0%@1728] GR3D_FREQ 17% cpu@52.406C soc2@49.812C soc0@50.281C gpu@50.593C tj@52.406C soc1@50.812C VDD_IN 6626mW/5755mW VDD_CPU_GPU_CV 1822mW/1387mW VDD_SOC 1666mW/1508mW
09-14-2026 11:43:02 RAM 5511/7620MB (lfb 110x1MB) SWAP 556/8192MB (cached 189MB) CPU [27%@729,1%@729,1%@729,60%@729,86%@1728,8%@1728] GR3D_FREQ 18% cpu@52.125C soc2@49.781C soc0@50.187C gpu@50.781C tj@52.125C soc1@51C VDD_IN 6666mW/5770mW VDD_CPU_GPU_CV 1901mW/1396mW VDD_SOC 1666mW/1510mW
09-14-2026 11:43:02 RAM 5512/7620MB (lfb 110x1MB) SWAP 556/8192MB (cached 189MB) CPU [4%@729,1%@729,0%@1728,0%@1728,72%@1728,55%@1728] GR3D_FREQ 19% cpu@51.718C soc2@49.75C soc0@50.312C gpu@50.593C tj@51.718C soc1@50.968C VDD_IN 6398mW/5780mW VDD_CPU_GPU_CV 1706mW/1401mW VDD_SOC 1666mW/1513mW
09-14-2026 11:43:03 RAM 5513/7620MB (lfb 110x1MB) SWAP 556/8192MB (cached 189MB) CPU [5%@729,1%@729,0%@729,1%@729,19%@1728,63%@1728] GR3D_FREQ 12% cpu@51.875C soc2@49.781C soc0@50.343C gpu@50.75C tj@51.875C soc1@50.937C VDD_IN 6319mW/5789mW VDD_CPU_GPU_CV 1587mW/1404mW VDD_SOC 1666mW/1516mW
09-14-2026 11:43:03 RAM 5509/7620MB (lfb 1x2MB) SWAP 556/8192MB (cached 189MB) CPU [12%@1728,1%@1728,60%@1728,0%@1728,25%@1344,60%@1344] GR3D_FREQ 24% cpu@51.781C soc2@49.843C soc0@50.218C gpu@50.843C tj@51.781C soc1@50.968C VDD_IN 6557mW/5802mW VDD_CPU_GPU_CV 1782mW/1410mW VDD_SOC 1666mW/1518mW
09-14-2026 11:43:04 RAM 5514/7620MB (lfb 4x2MB) SWAP 556/8192MB (cached 189MB) CPU [2%@1420,0%@1420,14%@1728,50%@1728,10%@806,0%@806] GR3D_FREQ 0% cpu@51.75C soc2@49.812C soc0@50.468C gpu@50.812C tj@51.75C soc1@50.843C VDD_IN 6467mW/5812mW VDD_CPU_GPU_CV 1584mW/1413mW VDD_SOC 1706mW/1521mW
09-14-2026 11:43:04 RAM 5517/7620MB (lfb 4x2MB) SWAP 556/8192MB (cached 189MB) CPU [1%@1728,0%@1728,1%@1728,100%@1728,5%@729,0%@729] GR3D_FREQ 0% cpu@51.75C soc2@49.75C soc0@50.406C gpu@50.718C tj@51.75C soc1@50.812C VDD_IN 6001mW/5815mW VDD_CPU_GPU_CV 1309mW/1411mW VDD_SOC 1629mW/1523mW
09-14-2026 11:43:05 RAM 5517/7620MB (lfb 4x2MB) SWAP 556/8192MB (cached 189MB) CPU [0%@1728,0%@1728,0%@1728,100%@1728,0%@960,0%@960] GR3D_FREQ 0% cpu@51.781C soc2@49.812C soc0@50.406C gpu@50.625C tj@51.781C soc1@51C VDD_IN 5882mW/5816mW VDD_CPU_GPU_CV 1230mW/1408mW VDD_SOC 1589mW/1524mW
09-14-2026 11:43:05 RAM 5733/7620MB (lfb 13997x32kB) SWAP 556/8192MB (cached 189MB) CPU [4%@729,7%@1728,4%@1728,40%@1728,42%@1728,52%@1728] GR3D_FREQ 20% cpu@52.156C soc2@49.875C soc0@50.343C gpu@50.75C tj@52.156C soc1@51.031C VDD_IN 6160mW/5821mW VDD_CPU_GPU_CV 1547mW/1410mW VDD_SOC 1587mW/1525mW
09-14-2026 11:43:06 RAM 5751/7620MB (lfb 1x1MB) SWAP 556/8192MB (cached 189MB) CPU [18%@1728,62%@1728,9%@1728,13%@1728,8%@729,8%@729] GR3D_FREQ 0% cpu@51.875C soc2@49.906C soc0@50.312C gpu@50.75C tj@51.843C soc1@51.062C VDD_IN 5921mW/5823mW VDD_CPU_GPU_CV 1468mW/1411mW VDD_SOC 1550mW/1525mW
09-14-2026 11:43:06 RAM 5746/7620MB (lfb 1x512kB) SWAP 556/8192MB (cached 189MB) CPU [13%@1728,80%@1728,0%@1728,30%@1728,15%@1728,0%@1728] GR3D_FREQ 0% cpu@51.812C soc2@49.937C soc0@50.468C gpu@50.718C tj@51.812C soc1@50.937C VDD_IN 5961mW/5825mW VDD_CPU_GPU_CV 1507mW/1413mW VDD_SOC 1550mW/1525mW
09-14-2026 11:43:07 RAM 5757/7620MB (lfb 2x1MB) SWAP 556/8192MB (cached 189MB) CPU [6%@1728,1%@1728,17%@1728,26%@1728,72%@729,0%@729] GR3D_FREQ 99% cpu@52.062C soc2@49.968C soc0@50.468C gpu@51.843C tj@52.062C soc1@50.968C VDD_IN 7182mW/5845mW VDD_CPU_GPU_CV 2412mW/1427mW VDD_SOC 1703mW/1528mW
09-14-2026 11:43:07 RAM 5766/7620MB (lfb 16x1MB) SWAP 556/8192MB (cached 189MB) CPU [2%@1728,6%@1728,1%@1728,94%@1728,0%@729,0%@729] GR3D_FREQ 0% cpu@52.218C soc2@50.031C soc0@50.5C gpu@51.375C tj@52.218C soc1@51.218C VDD_IN 7883mW/5874mW VDD_CPU_GPU_CV 2926mW/1449mW VDD_SOC 1703mW/1530mW
09-14-2026 11:43:08 RAM 5772/7620MB (lfb 1x4MB) SWAP 556/8192MB (cached 189MB) CPU [0%@1728,0%@1728,0%@1728,100%@1728,0%@729,11%@729] GR3D_FREQ 0% cpu@52.25C soc2@50.062C soc0@50.468C gpu@51C tj@52.25C soc1@51.093C VDD_IN 6518mW/5883mW VDD_CPU_GPU_CV 2020mW/1457mW VDD_SOC 1547mW/1531mW
09-14-2026 11:43:08 RAM 5773/7620MB (lfb 1x4MB) SWAP 556/8192MB (cached 189MB) CPU [0%@1728,0%@1728,0%@1728,100%@1728,0%@729,1%@729] GR3D_FREQ 0% cpu@52.156C soc2@50C soc0@50.406C gpu@51.125C tj@52.156C soc1@51.031C VDD_IN 6120mW/5886mW VDD_CPU_GPU_CV 1706mW/1460mW VDD_SOC 1510mW/1530mW
09-14-2026 11:43:09 RAM 5774/7620MB (lfb 1x4MB) SWAP 556/8192MB (cached 189MB) CPU [1%@1728,0%@1728,0%@1728,100%@1728,0%@729,0%@729] GR3D_FREQ 0% cpu@52.312C soc2@50.031C soc0@50.593C gpu@50.968C tj@52.312C soc1@51.187C VDD_IN 5961mW/5887mW VDD_CPU_GPU_CV 1587mW/1462mW VDD_SOC 1510mW/1530mW
09-14-2026 11:43:09 RAM 5775/7620MB (lfb 1x4MB) SWAP 556/8192MB (cached 189MB) CPU [0%@1728,0%@1728,0%@1728,100%@1728,0%@729,0%@729] GR3D_FREQ 0% cpu@52.312C soc2@50C soc0@50.562C gpu@50.906C tj@52.312C soc1@51.062C VDD_IN 5921mW/5888mW VDD_CPU_GPU_CV 1587mW/1463mW VDD_SOC 1510mW/1530mW
09-14-2026 11:43:10 RAM 5777/7620MB (lfb 1x4MB) SWAP 556/8192MB (cached 189MB) CPU [0%@1728,0%@1728,0%@1728,100%@1728,0%@729,0%@729] GR3D_FREQ 0% cpu@52.25C soc2@49.906C soc0@50.468C gpu@50.781C tj@52.25C soc1@51.312C VDD_IN 5921mW/5888mW VDD_CPU_GPU_CV 1587mW/1465mW VDD_SOC 1510mW/1530mW
09-14-2026 11:43:10 RAM 5778/7620MB (lfb 1x4MB) SWAP 556/8192MB (cached 189MB) CPU [1%@1728,1%@1728,0%@1728,100%@1728,0%@729,1%@729] GR3D_FREQ 0% cpu@52.062C soc2@50.093C soc0@50.5C gpu@50.937C tj@52.062C soc1@51.187C VDD_IN 5921mW/5888mW VDD_CPU_GPU_CV 1587mW/1467mW VDD_SOC 1510mW/1529mW
09-14-2026 11:43:11 RAM 5780/7620MB (lfb 1x4MB) SWAP 556/8192MB (cached 189MB) CPU [0%@1728,0%@1728,1%@1728,100%@1728,0%@729,0%@729] GR3D_FREQ 0% cpu@52.312C soc2@50.031C soc0@50.562C gpu@50.843C tj@52.312C soc1@51.156C VDD_IN 5921mW/5889mW VDD_CPU_GPU_CV 1587mW/1468mW VDD_SOC 1510mW/1529mW
09-14-2026 11:43:11 RAM 5782/7620MB (lfb 1x4MB) SWAP 556/8192MB (cached 189MB) CPU [1%@1728,0%@1728,0%@1728,100%@1728,1%@729,0%@729] GR3D_FREQ 0% cpu@52.406C soc2@50.031C soc0@50.593C gpu@51.281C tj@52.406C soc1@51.031C VDD_IN 5921mW/5889mW VDD_CPU_GPU_CV 1587mW/1470mW VDD_SOC 1510mW/1529mW
09-14-2026 11:43:12 RAM 5783/7620MB (lfb 1x4MB) SWAP 556/8192MB (cached 189MB) CPU [0%@1728,3%@1728,0%@1728,100%@1728,0%@729,0%@729] GR3D_FREQ 0% cpu@52.25C soc2@50C soc0@50.531C gpu@51.031C tj@52.25C soc1@51.312C VDD_IN 5921mW/5890mW VDD_CPU_GPU_CV 1547mW/1471mW VDD_SOC 1510mW/1529mW
09-14-2026 11:43:12 RAM 5785/7620MB (lfb 1x4MB) SWAP 556/8192MB (cached 189MB) CPU [0%@1728,0%@1728,0%@1728,100%@1728,0%@729,1%@729] GR3D_FREQ 0% cpu@52.093C soc2@49.968C soc0@50.5C gpu@51.093C tj@52.093C soc1@51.187C VDD_IN 5921mW/5890mW VDD_CPU_GPU_CV 1547mW/1472mW VDD_SOC 1510mW/1528mW
09-14-2026 11:43:13 RAM 5787/7620MB (lfb 1x4MB) SWAP 556/8192MB (cached 189MB) CPU [0%@1728,1%@1728,0%@1728,100%@1728,0%@729,0%@729] GR3D_FREQ 0% cpu@52.187C soc2@50.218C soc0@50.5C gpu@50.968C tj@52.187C soc1@51.25C VDD_IN 5921mW/5890mW VDD_CPU_GPU_CV 1547mW/1473mW VDD_SOC 1510mW/1528mW
09-14-2026 11:43:13 RAM 5788/7620MB (lfb 1x4MB) SWAP 556/8192MB (cached 189MB) CPU [0%@1728,0%@1728,0%@1728,100%@1728,0%@729,0%@729] GR3D_FREQ 0% cpu@52.5C soc2@50.062C soc0@50.625C gpu@50.906C tj@52.5C soc1@51.218C VDD_IN 5921mW/5891mW VDD_CPU_GPU_CV 1587mW/1474mW VDD_SOC 1510mW/1528mW
09-14-2026 11:43:14 RAM 5790/7620MB (lfb 1x4MB) SWAP 556/8192MB (cached 189MB) CPU [0%@1728,0%@1728,1%@1728,100%@1728,0%@729,0%@729] GR3D_FREQ 0% cpu@52.375C soc2@50.062C soc0@50.562C gpu@50.906C tj@52.375C soc1@51.281C VDD_IN 5921mW/5891mW VDD_CPU_GPU_CV 1587mW/1475mW VDD_SOC 1510mW/1528mW
09-14-2026 11:43:14 RAM 5791/7620MB (lfb 1x4MB) SWAP 556/8192MB (cached 189MB) CPU [1%@1728,0%@1728,0%@1728,100%@1728,0%@729,0%@729] GR3D_FREQ 0% cpu@52.218C soc2@50.062C soc0@50.531C gpu@50.937C tj@52.218C soc1@51.375C VDD_IN 5921mW/5892mW VDD_CPU_GPU_CV 1587mW/1477mW VDD_SOC 1510mW/1527mW
09-14-2026 11:43:15 RAM 5793/7620MB (lfb 1x4MB) SWAP 556/8192MB (cached 189MB) CPU [0%@1728,1%@1728,0%@1728,100%@1728,0%@729,0%@729] GR3D_FREQ 0% cpu@52.25C soc2@50.156C soc0@50.593C gpu@50.906C tj@52.25C soc1@51.25C VDD_IN 5921mW/5892mW VDD_CPU_GPU_CV 1547mW/1478mW VDD_SOC 1510mW/1527mW
09-14-2026 11:43:15 RAM 5794/7620MB (lfb 1x4MB) SWAP 556/8192MB (cached 189MB) CPU [3%@1728,2%@1728,0%@1728,100%@1728,0%@729,0%@729] GR3D_FREQ 0% cpu@52.218C soc2@50.156C soc0@50.562C gpu@51.218C tj@52.218C soc1@51.187C VDD_IN 5921mW/5892mW VDD_CPU_GPU_CV 1587mW/1479mW VDD_SOC 1510mW/1527mW
09-14-2026 11:43:16 RAM 5795/7620MB (lfb 1x4MB) SWAP 556/8192MB (cached 189MB) CPU [0%@1728,1%@1728,0%@1728,100%@1728,0%@729,0%@729] GR3D_FREQ 0% cpu@52.312C soc2@50.093C soc0@50.718C gpu@51.031C tj@52.312C soc1@51.25C VDD_IN 5921mW/5893mW VDD_CPU_GPU_CV 1587mW/1480mW VDD_SOC 1510mW/1527mW
09-14-2026 11:43:16 RAM 5797/7620MB (lfb 1x4MB) SWAP 556/8192MB (cached 189MB) CPU [0%@1728,0%@1728,1%@1728,100%@1728,0%@729,0%@729] GR3D_FREQ 0% cpu@52.468C soc2@50.093C soc0@50.75C gpu@51.218C tj@52.468C soc1@51.281C VDD_IN 5921mW/5893mW VDD_CPU_GPU_CV 1587mW/1481mW VDD_SOC 1510mW/1527mW
09-14-2026 11:43:17 RAM 5799/7620MB (lfb 1x4MB) SWAP 556/8192MB (cached 189MB) CPU [0%@1728,0%@1728,0%@1728,100%@1728,0%@729,0%@729] GR3D_FREQ 0% cpu@52.281C soc2@50.218C soc0@50.625C gpu@51.125C tj@52.281C soc1@51.437C VDD_IN 5921mW/5893mW VDD_CPU_GPU_CV 1587mW/1483mW VDD_SOC 1510mW/1526mW
09-14-2026 11:43:17 RAM 5800/7620MB (lfb 1x4MB) SWAP 556/8192MB (cached 189MB) CPU [0%@1728,0%@1728,0%@1728,100%@1728,0%@729,0%@729] GR3D_FREQ 0% cpu@52.281C soc2@50.218C soc0@50.593C gpu@50.968C tj@52.281C soc1@51.281C VDD_IN 5921mW/5893mW VDD_CPU_GPU_CV 1547mW/1483mW VDD_SOC 1510mW/1526mW
09-14-2026 11:43:18 RAM 5802/7620MB (lfb 1x4MB) SWAP 556/8192MB (cached 189MB) CPU [1%@1728,0%@1728,0%@1728,100%@1728,0%@729,0%@729] GR3D_FREQ 0% cpu@52.437C soc2@50.218C soc0@50.75C gpu@51.062C tj@52.312C soc1@51.343C VDD_IN 5921mW/5894mW VDD_CPU_GPU_CV 1587mW/1484mW VDD_SOC 1510mW/1526mW
09-14-2026 11:43:18 RAM 5803/7620MB (lfb 1x4MB) SWAP 556/8192MB (cached 189MB) CPU [0%@1728,1%@1728,1%@1728,100%@1728,0%@729,0%@729] GR3D_FREQ 0% cpu@52.5C soc2@50.187C soc0@50.781C gpu@51.062C tj@52.5C soc1@51.343C VDD_IN 5921mW/5894mW VDD_CPU_GPU_CV 1587mW/1485mW VDD_SOC 1510mW/1526mW
09-14-2026 11:43:19 RAM 5805/7620MB (lfb 1x4MB) SWAP 556/8192MB (cached 189MB) CPU [0%@1728,0%@1728,0%@1728,100%@1728,0%@729,0%@729] GR3D_FREQ 0% cpu@52.406C soc2@50.218C soc0@50.656C gpu@50.875C tj@52.406C soc1@51.281C VDD_IN 5921mW/5894mW VDD_CPU_GPU_CV 1587mW/1487mW VDD_SOC 1510mW/1526mW
09-14-2026 11:43:19 RAM 5806/7620MB (lfb 1x4MB) SWAP 556/8192MB (cached 189MB) CPU [0%@1728,0%@1728,0%@1728,100%@1728,0%@729,0%@729] GR3D_FREQ 0% cpu@52.375C soc2@50.343C soc0@50.625C gpu@51.218C tj@52.375C soc1@51.437C VDD_IN 5921mW/5895mW VDD_CPU_GPU_CV 1587mW/1488mW VDD_SOC 1510mW/1526mW
09-14-2026 11:43:20 RAM 5808/7620MB (lfb 1x4MB) SWAP 556/8192MB (cached 189MB) CPU [1%@1728,0%@1728,0%@1728,100%@1728,0%@729,0%@729] GR3D_FREQ 0% cpu@52.406C soc2@50.312C soc0@50.687C gpu@51.093C tj@52.406C soc1@51.406C VDD_IN 5921mW/5895mW VDD_CPU_GPU_CV 1587mW/1489mW VDD_SOC 1510mW/1525mW
09-14-2026 11:43:20 RAM 5808/7620MB (lfb 1x4MB) SWAP 556/8192MB (cached 189MB) CPU [1%@1728,0%@1728,1%@1728,100%@1728,0%@729,0%@729] GR3D_FREQ 0% cpu@52.406C soc2@50.25C soc0@50.843C gpu@51.25C tj@52.406C soc1@51.218C VDD_IN 5882mW/5895mW VDD_CPU_GPU_CV 1388mW/1488mW VDD_SOC 1550mW/1526mW
09-14-2026 11:43:21 RAM 5808/7620MB (lfb 1x4MB) SWAP 556/8192MB (cached 189MB) CPU [3%@1728,0%@1728,0%@1728,100%@1728,0%@729,0%@729] GR3D_FREQ 0% cpu@52.343C soc2@50.218C soc0@50.781C gpu@51C tj@52.343C soc1@51.437C VDD_IN 5762mW/5893mW VDD_CPU_GPU_CV 1309mW/1486mW VDD_SOC 1550mW/1526mW
09-14-2026 11:43:21 RAM 5810/7620MB (lfb 1x4MB) SWAP 556/8192MB (cached 189MB) CPU [0%@1728,0%@1728,0%@1728,100%@1728,0%@729,0%@729] GR3D_FREQ 0% cpu@52.406C soc2@50.25C soc0@50.656C gpu@51.156C tj@52.468C soc1@51.468C VDD_IN 5882mW/5893mW VDD_CPU_GPU_CV 1468mW/1486mW VDD_SOC 1510mW/1526mW
09-14-2026 11:43:22 RAM 5811/7620MB (lfb 1x4MB) SWAP 556/8192MB (cached 189MB) CPU [0%@1728,0%@1728,0%@1728,100%@1728,0%@729,1%@729] GR3D_FREQ 0% cpu@52.406C soc2@50.312C soc0@50.593C gpu@51.031C tj@52.406C soc1@51.5C VDD_IN 5921mW/5894mW VDD_CPU_GPU_CV 1547mW/1486mW VDD_SOC 1510mW/1526mW
09-14-2026 11:43:22 RAM 5813/7620MB (lfb 1x4MB) SWAP 556/8192MB (cached 189MB) CPU [0%@1728,0%@1728,0%@1728,100%@1728,0%@729,0%@729] GR3D_FREQ 0% cpu@52.687C soc2@50.312C soc0@50.875C gpu@51C tj@52.687C soc1@51.437C VDD_IN 5921mW/5894mW VDD_CPU_GPU_CV 1547mW/1487mW VDD_SOC 1510mW/1525mW
09-14-2026 11:43:23 RAM 5814/7620MB (lfb 1x4MB) SWAP 556/8192MB (cached 189MB) CPU [0%@1728,0%@1728,0%@1728,100%@1728,0%@729,0%@729] GR3D_FREQ 0% cpu@52.406C soc2@50.312C soc0@50.718C gpu@51.062C tj@52.406C soc1@51.343C VDD_IN 5921mW/5894mW VDD_CPU_GPU_CV 1547mW/1487mW VDD_SOC 1510mW/1525mW
09-14-2026 11:43:23 RAM 5816/7620MB (lfb 1x4MB) SWAP 556/8192MB (cached 189MB) CPU [0%@1728,0%@1728,0%@1728,100%@1728,1%@729,0%@729] GR3D_FREQ 0% cpu@52.531C soc2@50.281C soc0@50.718C gpu@51.281C tj@52.531C soc1@51.562C VDD_IN 5921mW/5894mW VDD_CPU_GPU_CV 1547mW/1488mW VDD_SOC 1510mW/1525mW
09-14-2026 11:43:24 RAM 5817/7620MB (lfb 2x512kB) SWAP 556/8192MB (cached 189MB) CPU [0%@1728,1%@1728,0%@1728,100%@1728,0%@729,33%@729] GR3D_FREQ 0% cpu@52.5C soc2@50.375C soc0@50.812C gpu@51.156C tj@52.5C soc1@51.5C VDD_IN 6041mW/5896mW VDD_CPU_GPU_CV 1666mW/1490mW VDD_SOC 1510mW/1525mW
09-14-2026 11:43:24 RAM 5822/7620MB (lfb 1x1MB) SWAP 556/8192MB (cached 189MB) CPU [1%@1728,7%@1728,0%@1728,98%@1728,0%@729,0%@729] GR3D_FREQ 0% cpu@52.375C soc2@50.312C soc0@50.75C gpu@51.343C tj@52.375C soc1@51.5C VDD_IN 5921mW/5896mW VDD_CPU_GPU_CV 1626mW/1491mW VDD_SOC 1510mW/1525mW
09-14-2026 11:43:25 RAM 5856/7620MB (lfb 1x2MB) SWAP 556/8192MB (cached 189MB) CPU [4%@1728,0%@1728,0%@1728,94%@1728,0%@729,8%@729] GR3D_FREQ 0% cpu@52.375C soc2@50.375C soc0@50.906C gpu@51.218C tj@52.125C soc1@51.468C VDD_IN 5842mW/5896mW VDD_CPU_GPU_CV 1507mW/1491mW VDD_SOC 1510mW/1525mW
09-14-2026 11:43:26 RAM 5858/7620MB (lfb 2x512kB) SWAP 556/8192MB (cached 189MB) CPU [10%@1728,0%@1728,0%@1728,68%@1728,12%@729,0%@729] GR3D_FREQ 0% cpu@52.281C soc2@50.25C soc0@50.875C gpu@51.125C tj@52.281C soc1@51.406C VDD_IN 5643mW/5893mW VDD_CPU_GPU_CV 1349mW/1490mW VDD_SOC 1470mW/1524mW
09-14-2026 11:43:26 RAM 5863/7620MB (lfb 1x4MB) SWAP 556/8192MB (cached 189MB) CPU [0%@1728,0%@1728,0%@1728,96%@1728,0%@729,4%@729] GR3D_FREQ 0% cpu@52.406C soc2@50.343C soc0@50.875C gpu@51.437C tj@52.406C soc1@51.5C VDD_IN 5802mW/5892mW VDD_CPU_GPU_CV 1468mW/1490mW VDD_SOC 1470mW/1524mW
09-14-2026 11:43:27 RAM 5860/7620MB (lfb 1x4MB) SWAP 556/8192MB (cached 189MB) CPU [1%@1728,0%@1728,0%@1728,100%@1728,0%@729,6%@729] GR3D_FREQ 0% cpu@52.531C soc2@50.406C soc0@50.75C gpu@51.125C tj@52.531C soc1@51.5C VDD_IN 5842mW/5892mW VDD_CPU_GPU_CV 1547mW/1490mW VDD_SOC 1470mW/1523mW
09-14-2026 11:43:27 RAM 5862/7620MB (lfb 1x4MB) SWAP 556/8192MB (cached 189MB) CPU [0%@1728,0%@1728,0%@1728,100%@1728,1%@729,1%@729] GR3D_FREQ 0% cpu@52.437C soc2@50.468C soc0@50.781C gpu@51.468C tj@52.437C soc1@51.5C VDD_IN 5921mW/5892mW VDD_CPU_GPU_CV 1587mW/1491mW VDD_SOC 1510mW/1523mW
09-14-2026 11:43:28 RAM 5862/7620MB (lfb 1x4MB) SWAP 556/8192MB (cached 189MB) CPU [0%@1728,0%@1728,0%@1728,100%@1728,0%@729,0%@729] GR3D_FREQ 0% cpu@52.656C soc2@50.375C soc0@50.875C gpu@51.281C tj@52.656C soc1@51.5C VDD_IN 5921mW/5892mW VDD_CPU_GPU_CV 1587mW/1492mW VDD_SOC 1470mW/1523mW
09-14-2026 11:43:28 RAM 5862/7620MB (lfb 1x4MB) SWAP 556/8192MB (cached 189MB) CPU [1%@1728,1%@1728,0%@1728,100%@1728,1%@729,0%@729] GR3D_FREQ 0% cpu@52.562C soc2@50.375C soc0@50.843C gpu@51.5C tj@52.562C soc1@51.406C VDD_IN 5921mW/5893mW VDD_CPU_GPU_CV 1587mW/1493mW VDD_SOC 1470mW/1522mW
09-14-2026 11:43:29 RAM 5864/7620MB (lfb 1x4MB) SWAP 556/8192MB (cached 189MB) CPU [1%@1728,2%@1728,1%@1728,100%@1728,0%@729,0%@729] GR3D_FREQ 0% cpu@52.5C soc2@50.375C soc0@50.843C gpu@51.343C tj@52.781C soc1@51.562C VDD_IN 5961mW/5893mW VDD_CPU_GPU_CV 1626mW/1494mW VDD_SOC 1470mW/1522mW
09-14-2026 11:43:29 RAM 5866/7620MB (lfb 1x4MB) SWAP 556/8192MB (cached 189MB) CPU [4%@1728,11%@1728,6%@1728,100%@1728,28%@729,24%@729] GR3D_FREQ 0% cpu@52.625C soc2@50.437C soc0@50.875C gpu@51.281C tj@52.625C soc1@51.625C VDD_IN 6120mW/5895mW VDD_CPU_GPU_CV 1745mW/1496mW VDD_SOC 1510mW/1522mW
09-14-2026 11:43:30 RAM 5866/7620MB (lfb 1x4MB) SWAP 556/8192MB (cached 189MB) CPU [0%@1728,0%@1728,0%@1728,100%@1728,0%@729,0%@729] GR3D_FREQ 0% cpu@52.843C soc2@50.468C soc0@50.968C gpu@51.156C tj@52.843C soc1@51.562C VDD_IN 5961mW/5896mW VDD_CPU_GPU_CV 1626mW/1497mW VDD_SOC 1510mW/1521mW
09-14-2026 11:43:30 RAM 5866/7620MB (lfb 1x4MB) SWAP 556/8192MB (cached 189MB) CPU [0%@1728,0%@1728,0%@1728,100%@1728,0%@729,1%@729] GR3D_FREQ 0% cpu@52.625C soc2@50.5C soc0@50.906C gpu@51.281C tj@52.625C soc1@51.5C VDD_IN 5921mW/5896mW VDD_CPU_GPU_CV 1587mW/1498mW VDD_SOC 1510mW/1521mW
09-14-2026 11:43:31 RAM 5866/7620MB (lfb 1x4MB) SWAP 556/8192MB (cached 189MB) CPU [3%@1728,0%@1728,3%@1728,100%@1728,0%@729,0%@729] GR3D_FREQ 0% cpu@52.656C soc2@50.5C soc0@50.937C gpu@51.218C tj@52.656C soc1@51.687C VDD_IN 5921mW/5896mW VDD_CPU_GPU_CV 1587mW/1499mW VDD_SOC 1510mW/1521mW
09-14-2026 11:43:31 RAM 5866/7620MB (lfb 1x4MB) SWAP 556/8192MB (cached 189MB) CPU [0%@1728,0%@1728,0%@1728,100%@1728,0%@729,0%@729] GR3D_FREQ 0% cpu@52.625C soc2@50.5C soc0@50.875C gpu@51.562C tj@52.625C soc1@51.687C VDD_IN 5921mW/5896mW VDD_CPU_GPU_CV 1587mW/1500mW VDD_SOC 1510mW/1521mW
09-14-2026 11:43:32 RAM 5866/7620MB (lfb 1x4MB) SWAP 556/8192MB (cached 189MB) CPU [0%@1728,1%@1728,0%@1728,100%@1728,0%@729,0%@729] GR3D_FREQ 0% cpu@52.875C soc2@50.531C soc0@50.968C gpu@51.312C tj@52.875C soc1@51.593C VDD_IN 5921mW/5897mW VDD_CPU_GPU_CV 1587mW/1500mW VDD_SOC 1510mW/1521mW
09-14-2026 11:43:32 RAM 5866/7620MB (lfb 1x4MB) SWAP 556/8192MB (cached 189MB) CPU [1%@1728,0%@1728,0%@1728,100%@1728,0%@729,0%@729] GR3D_FREQ 0% cpu@52.5C soc2@50.406C soc0@51C gpu@51.312C tj@52.5C soc1@51.593C VDD_IN 5882mW/5897mW VDD_CPU_GPU_CV 1587mW/1501mW VDD_SOC 1470mW/1521mW
09-14-2026 11:43:33 RAM 5867/7620MB (lfb 1x4MB) SWAP 556/8192MB (cached 189MB) CPU [1%@1728,0%@1728,0%@1728,100%@1728,0%@729,0%@729] GR3D_FREQ 0% cpu@52.687C soc2@50.468C soc0@50.906C gpu@51.406C tj@52.687C soc1@51.562C VDD_IN 5842mW/5896mW VDD_CPU_GPU_CV 1587mW/1502mW VDD_SOC 1470mW/1520mW
09-14-2026 11:43:33 RAM 5867/7620MB (lfb 1x4MB) SWAP 556/8192MB (cached 189MB) CPU [1%@1728,1%@1728,0%@1728,100%@1728,0%@729,0%@729] GR3D_FREQ 0% cpu@52.562C soc2@50.468C soc0@50.968C gpu@51.281C tj@52.562C soc1@51.656C VDD_IN 5842mW/5896mW VDD_CPU_GPU_CV 1587mW/1503mW VDD_SOC 1470mW/1520mW
09-14-2026 11:43:34 RAM 5867/7620MB (lfb 1x4MB) SWAP 556/8192MB (cached 189MB) CPU [0%@1728,0%@1728,1%@1728,100%@1728,0%@729,0%@729] GR3D_FREQ 0% cpu@52.562C soc2@50.531C soc0@50.906C gpu@51.218C tj@52.562C soc1@51.656C VDD_IN 5842mW/5895mW VDD_CPU_GPU_CV 1587mW/1503mW VDD_SOC 1470mW/1519mW
09-14-2026 11:43:34 RAM 5868/7620MB (lfb 1x4MB) SWAP 556/8192MB (cached 189MB) CPU [0%@1728,0%@1728,0%@1728,100%@1728,0%@729,0%@729] GR3D_FREQ 0% cpu@52.625C soc2@50.562C soc0@50.875C gpu@51.562C tj@52.625C soc1@51.625C VDD_IN 5842mW/5895mW VDD_CPU_GPU_CV 1587mW/1504mW VDD_SOC 1470mW/1519mW
09-14-2026 11:43:35 RAM 5869/7620MB (lfb 1x4MB) SWAP 556/8192MB (cached 189MB) CPU [1%@1728,0%@1728,1%@1728,100%@1728,0%@729,0%@729] GR3D_FREQ 0% cpu@52.75C soc2@50.5C soc0@50.968C gpu@51.218C tj@52.75C soc1@51.593C VDD_IN 5842mW/5894mW VDD_CPU_GPU_CV 1587mW/1505mW VDD_SOC 1470mW/1519mW
09-14-2026 11:43:35 RAM 5869/7620MB (lfb 1x4MB) SWAP 556/8192MB (cached 189MB) CPU [0%@1728,0%@1728,0%@1728,100%@1728,0%@729,0%@729] GR3D_FREQ 0% cpu@52.656C soc2@50.468C soc0@50.968C gpu@51.562C tj@52.656C soc1@51.812C VDD_IN 5842mW/5894mW VDD_CPU_GPU_CV 1587mW/1505mW VDD_SOC 1470mW/1518mW
09-14-2026 11:43:36 RAM 5871/7620MB (lfb 1x4MB) SWAP 556/8192MB (cached 189MB) CPU [0%@1728,0%@1728,0%@1728,100%@1728,0%@729,0%@729] GR3D_FREQ 0% cpu@52.468C soc2@50.562C soc0@50.937C gpu@51.468C tj@52.468C soc1@51.687C VDD_IN 5842mW/5894mW VDD_CPU_GPU_CV 1547mW/1506mW VDD_SOC 1470mW/1518mW
09-14-2026 11:43:36 RAM 5908/7620MB (lfb 13x512kB) SWAP 556/8192MB (cached 189MB) CPU [3%@1728,0%@1728,1%@1728,89%@1728,12%@729,0%@729] GR3D_FREQ 96% cpu@52.625C soc2@50.656C soc0@50.968C gpu@51.718C tj@52.625C soc1@51.656C VDD_IN 7102mW/5903mW VDD_CPU_GPU_CV 2218mW/1511mW VDD_SOC 1706mW/1519mW
09-14-2026 11:43:37 RAM 5942/7620MB (lfb 1x512kB) SWAP 556/8192MB (cached 189MB) CPU [5%@1728,0%@1728,0%@1728,92%@1728,14%@729,1%@729] GR3D_FREQ 12% cpu@52.937C soc2@50.781C soc0@51.218C gpu@52.218C tj@52.937C soc1@51.656C VDD_IN 8859mW/5926mW VDD_CPU_GPU_CV 3277mW/1525mW VDD_SOC 1977mW/1523mW
09-14-2026 11:43:37 RAM 5969/7620MB (lfb 3x512kB) SWAP 556/8192MB (cached 189MB) CPU [2%@1728,0%@1728,33%@1728,65%@1728,13%@729,1%@729] GR3D_FREQ 40% cpu@53.25C soc2@51.031C soc0@51.093C gpu@52.406C tj@53.25C soc1@51.75C VDD_IN 9492mW/5954mW VDD_CPU_GPU_CV 3666mW/1542mW VDD_SOC 2053mW/1527mW
09-14-2026 11:43:38 RAM 6000/7620MB (lfb 1x512kB) SWAP 556/8192MB (cached 189MB) CPU [5%@1728,2%@1728,96%@1728,0%@1728,6%@729,0%@729] GR3D_FREQ 99% cpu@53.375C soc2@51.093C soc0@51.281C gpu@52.593C tj@53.375C soc1@51.937C VDD_IN 9911mW/5984mW VDD_CPU_GPU_CV 3902mW/1560mW VDD_SOC 2092mW/1531mW
09-14-2026 11:43:38 RAM 6132/7620MB (lfb 2x512kB) SWAP 556/8192MB (cached 189MB) CPU [2%@1728,3%@1728,88%@1728,1%@1728,37%@1574,0%@1574] GR3D_FREQ 0% cpu@53.031C soc2@50.968C soc0@51.281C gpu@52.156C tj@53.031C soc1@51.843C VDD_IN 8477mW/6003mW VDD_CPU_GPU_CV 3001mW/1571mW VDD_SOC 1898mW/1534mW
09-14-2026 11:43:39 RAM 6132/7620MB (lfb 2x512kB) SWAP 556/8192MB (cached 189MB) CPU [0%@1728,0%@1728,100%@1728,0%@1728,0%@729,0%@729] GR3D_FREQ 0% cpu@53.25C soc2@50.843C soc0@51.375C gpu@51.656C tj@53.25C soc1@51.843C VDD_IN 6626mW/6008mW VDD_CPU_GPU_CV 1782mW/1572mW VDD_SOC 1666mW/1535mW
09-14-2026 11:43:39 RAM 6420/7620MB (lfb 14905x32kB) SWAP 556/8192MB (cached 189MB) CPU [0%@1728,0%@1728,100%@1728,1%@1728,0%@729,17%@729] GR3D_FREQ 14% cpu@53.062C soc2@50.875C soc0@51.281C gpu@51.875C tj@53.062C soc1@51.812C VDD_IN 6080mW/6009mW VDD_CPU_GPU_CV 1428mW/1571mW VDD_SOC 1626mW/1536mW
09-14-2026 11:43:40 RAM 6666/7620MB (lfb 2x1MB) SWAP 556/8192MB (cached 189MB) CPU [0%@1728,0%@1728,100%@1728,0%@1728,0%@729,0%@729] GR3D_FREQ 0% cpu@53.093C soc2@50.75C soc0@51.187C gpu@51.656C tj@53.093C soc1@51.812C VDD_IN 5961mW/6008mW VDD_CPU_GPU_CV 1309mW/1569mW VDD_SOC 1589mW/1536mW
09-14-2026 11:43:40 RAM 6670/7620MB (lfb 2x1MB) SWAP 556/8192MB (cached 189MB) CPU [6%@1728,11%@1728,100%@1728,7%@1728,4%@729,3%@729] GR3D_FREQ 0% cpu@52.656C soc2@50.906C soc0@51.281C gpu@51.625C tj@52.656C soc1@51.875C VDD_IN 5842mW/6007mW VDD_CPU_GPU_CV 1309mW/1567mW VDD_SOC 1550mW/1536mW
09-14-2026 11:43:41 RAM 6715/7620MB (lfb 1x256kB) SWAP 556/8192MB (cached 189MB) CPU [0%@1728,1%@1728,94%@1728,0%@1728,3%@729,16%@729] GR3D_FREQ 0% cpu@53.156C soc2@50.875C soc0@51.281C gpu@51.687C tj@53.156C soc1@51.906C VDD_IN 6398mW/6010mW VDD_CPU_GPU_CV 1666mW/1568mW VDD_SOC 1626mW/1537mW
09-14-2026 11:43:41 RAM 6719/7620MB (lfb 1x2MB) SWAP 556/8192MB (cached 189MB) CPU [1%@1728,0%@1728,100%@1728,1%@1728,17%@1420,0%@1420] GR3D_FREQ 0% cpu@52.843C soc2@50.843C soc0@51.343C gpu@51.593C tj@52.843C soc1@51.937C VDD_IN 6120mW/6011mW VDD_CPU_GPU_CV 1428mW/1567mW VDD_SOC 1626mW/1538mW
09-14-2026 11:43:42 RAM 6721/7620MB (lfb 16x1MB) SWAP 556/8192MB (cached 189MB) CPU [1%@1728,0%@1728,100%@1728,0%@1728,0%@729,0%@729] GR3D_FREQ 0% cpu@52.906C soc2@50.875C soc0@51.312C gpu@51.625C tj@52.906C soc1@51.843C VDD_IN 6239mW/6012mW VDD_CPU_GPU_CV 1428mW/1566mW VDD_SOC 1626mW/1538mW
09-14-2026 11:43:42 RAM 6722/7620MB (lfb 16x1MB) SWAP 556/8192MB (cached 189MB) CPU [0%@1728,0%@1728,100%@1728,0%@1728,0%@729,0%@729] GR3D_FREQ 0% cpu@52.843C soc2@50.781C soc0@51.187C gpu@51.687C tj@52.843C soc1@52.093C VDD_IN 5961mW/6012mW VDD_CPU_GPU_CV 1309mW/1564mW VDD_SOC 1589mW/1539mW
09-14-2026 11:43:43 RAM 6725/7620MB (lfb 12x1MB) SWAP 556/8192MB (cached 189MB) CPU [0%@1574,1%@1574,94%@1574,1%@1574,0%@729,0%@729] GR3D_FREQ 0% cpu@52.656C soc2@50.937C soc0@51.218C gpu@51.531C tj@52.781C soc1@51.968C VDD_IN 5643mW/6009mW VDD_CPU_GPU_CV 1190mW/1562mW VDD_SOC 1550mW/1539mW
09-14-2026 11:43:43 RAM 6842/7620MB (lfb 3x1MB) SWAP 556/8192MB (cached 189MB) CPU [91%@1728,22%@1728,20%@1728,20%@1728,21%@729,33%@729] GR3D_FREQ 0% cpu@52.875C soc2@50.937C soc0@51.218C gpu@51.687C tj@52.875C soc1@51.906C VDD_IN 6160mW/6010mW VDD_CPU_GPU_CV 1666mW/1562mW VDD_SOC 1547mW/1539mW
09-14-2026 11:43:44 RAM 7041/7620MB (lfb 5939x32kB) SWAP 556/8192MB (cached 189MB) CPU [93%@1728,0%@1728,5%@1728,1%@1728,54%@729,4%@729] GR3D_FREQ 86% cpu@53C soc2@51C soc0@51.468C gpu@52.312C tj@53C soc1@51.968C VDD_IN 6824mW/6016mW VDD_CPU_GPU_CV 2020mW/1566mW VDD_SOC 1666mW/1540mW
09-14-2026 11:43:44 RAM 7239/7620MB (lfb 1x1MB) SWAP 563/8192MB (cached 183MB) CPU [20%@1728,9%@1728,36%@1728,50%@1728,2%@1728,71%@1728] GR3D_FREQ 99% cpu@53.031C soc2@51.031C soc0@51.343C gpu@53.156C tj@53.25C soc1@51.937C VDD_IN 8319mW/6032mW VDD_CPU_GPU_CV 3159mW/1577mW VDD_SOC 1779mW/1541mW
09-14-2026 11:43:45 RAM 7242/7620MB (lfb 1x2MB) SWAP 563/8192MB (cached 183MB) CPU [1%@729,0%@729,3%@729,1%@729,3%@729,0%@729] GR3D_FREQ 99% cpu@53.312C soc2@51.718C soc0@51.625C gpu@55.062C tj@55.062C soc1@52.218C VDD_IN 16697mW/6106mW VDD_CPU_GPU_CV 9222mW/1630mW VDD_SOC 2619mW/1549mW
09-14-2026 11:43:45 RAM 7245/7620MB (lfb 5x2MB) SWAP 563/8192MB (cached 183MB) CPU [2%@1728,0%@1728,0%@1728,1%@1728,41%@729,0%@729] GR3D_FREQ 99% cpu@53.843C soc2@52.312C soc0@51.937C gpu@55.937C tj@55.937C soc1@52.437C VDD_IN 20506mW/6206mW VDD_CPU_GPU_CV 11230mW/1696mW VDD_SOC 3807mW/1564mW
09-14-2026 11:43:46 RAM 7251/7620MB (lfb 5x2MB) SWAP 563/8192MB (cached 183MB) CPU [0%@1113,5%@1113,0%@1113,0%@1113,0%@729,19%@729] GR3D_FREQ 99% cpu@54.218C soc2@52.812C soc0@52.218C gpu@56.25C tj@56.25C soc1@52.562C VDD_IN 21560mW/6311mW VDD_CPU_GPU_CV 11558mW/1764mW VDD_SOC 4421mW/1584mW
09-14-2026 11:43:46 RAM 7250/7620MB (lfb 5x2MB) SWAP 563/8192MB (cached 183MB) CPU [1%@1728,0%@1728,1%@1728,0%@1728,0%@1344,19%@1344] GR3D_FREQ 99% cpu@54.593C soc2@53.031C soc0@52.343C gpu@56.531C tj@56.531C soc1@52.718C VDD_IN 21680mW/6415mW VDD_CPU_GPU_CV 11635mW/1831mW VDD_SOC 4491mW/1604mW
09-14-2026 11:43:47 RAM 7254/7620MB (lfb 5x2MB) SWAP 563/8192MB (cached 183MB) CPU [0%@1728,0%@1728,0%@1728,0%@1728,0%@1728,98%@1728] GR3D_FREQ 88% cpu@54.781C soc2@53.343C soc0@52.906C gpu@55.968C tj@55.968C soc1@52.843C VDD_IN 21249mW/6515mW VDD_CPU_GPU_CV 11211mW/1894mW VDD_SOC 4537mW/1624mW
09-14-2026 11:43:47 RAM 7254/7620MB (lfb 5x2MB) SWAP 563/8192MB (cached 183MB) CPU [0%@1728,0%@1728,0%@1728,0%@1728,0%@1728,100%@1728] GR3D_FREQ 99% cpu@55.312C soc2@53.375C soc0@52.781C gpu@56.062C tj@56.062C soc1@53.062C VDD_IN 20239mW/6608mW VDD_CPU_GPU_CV 8968mW/1942mW VDD_SOC 5119mW/1647mW
09-14-2026 11:43:48 RAM 7254/7620MB (lfb 5x2MB) SWAP 563/8192MB (cached 183MB) CPU [0%@729,1%@729,0%@729,0%@729,0%@1728,100%@1728] GR3D_FREQ 92% cpu@55.312C soc2@53.437C soc0@52.937C gpu@55.968C tj@55.968C soc1@53.312C VDD_IN 20000mW/6697mW VDD_CPU_GPU_CV 8311mW/1984mW VDD_SOC 5322mW/1672mW
09-14-2026 11:43:48 RAM 7244/7620MB (lfb 9x2MB) SWAP 563/8192MB (cached 183MB) CPU [0%@1728,0%@1728,0%@1728,1%@1728,0%@729,21%@729] GR3D_FREQ 0% cpu@54.468C soc2@52.906C soc0@52.906C gpu@53.937C tj@54.468C soc1@53.375C VDD_IN 11650mW/6730mW VDD_CPU_GPU_CV 3968mW/1997mW VDD_SOC 3503mW/1684mW
09-14-2026 11:43:49 RAM 7244/7620MB (lfb 9x2MB) SWAP 563/8192MB (cached 183MB) CPU [1%@1728,2%@1728,0%@1728,0%@1728,0%@729,0%@729] GR3D_FREQ 0% cpu@53.968C soc2@52.531C soc0@52.75C gpu@53.312C tj@53.968C soc1@53.437C VDD_IN 7487mW/6735mW VDD_CPU_GPU_CV 1661mW/1995mW VDD_SOC 2693mW/1690mW
09-14-2026 11:43:49 RAM 7244/7620MB (lfb 9x2MB) SWAP 563/8192MB (cached 183MB) CPU [1%@1728,1%@1728,0%@1728,1%@1728,0%@729,0%@729] GR3D_FREQ 0% cpu@53.906C soc2@52.312C soc0@52.718C gpu@53.031C tj@53.812C soc1@53.187C VDD_IN 5921mW/6729mW VDD_CPU_GPU_CV 872mW/1988mW VDD_SOC 2222mW/1694mW
09-14-2026 11:43:50 RAM 7240/7620MB (lfb 9x2MB) SWAP 563/8192MB (cached 183MB) CPU [3%@1728,6%@1728,0%@1728,0%@1728,0%@729,0%@729] GR3D_FREQ 0% cpu@53.843C soc2@52.187C soc0@52.687C gpu@52.875C tj@53.843C soc1@53.156C VDD_IN 4968mW/6718mW VDD_CPU_GPU_CV 674mW/1979mW VDD_SOC 1669mW/1694mW
09-14-2026 11:43:50 RAM 7240/7620MB (lfb 9x2MB) SWAP 563/8192MB (cached 183MB) CPU [0%@1728,1%@1728,0%@1728,0%@1728,0%@729,0%@729] GR3D_FREQ 0% cpu@53.781C soc2@51.968C soc0@52.593C gpu@52.687C tj@53.781C soc1@53.062C VDD_IN 4650mW/6705mW VDD_CPU_GPU_CV 595mW/1970mW VDD_SOC 1470mW/1692mW
09-14-2026 11:43:51 RAM 7240/7620MB (lfb 9x2MB) SWAP 563/8192MB (cached 183MB) CPU [0%@1728,0%@1728,0%@1728,0%@1728,0%@729,0%@729] GR3D_FREQ 0% cpu@53.5C soc2@51.875C soc0@52.437C gpu@52.687C tj@53.5C soc1@52.968C VDD_IN 4570mW/6691mW VDD_CPU_GPU_CV 555mW/1961mW VDD_SOC 1470mW/1691mW
09-14-2026 11:43:51 RAM 7240/7620MB (lfb 9x2MB) SWAP 563/8192MB (cached 183MB) CPU [3%@729,1%@729,0%@729,0%@729,0%@729,0%@729] GR3D_FREQ 0% cpu@53.281C soc2@51.812C soc0@52.375C gpu@52.593C tj@53.281C soc1@53.125C VDD_IN 4530mW/6677mW VDD_CPU_GPU_CV 555mW/1952mW VDD_SOC 1430mW/1689mW
09-14-2026 11:43:52 RAM 7240/7620MB (lfb 9x2MB) SWAP 563/8192MB (cached 183MB) CPU [0%@1728,0%@1728,0%@1728,0%@1728,0%@729,0%@729] GR3D_FREQ 0% cpu@53.218C soc2@51.937C soc0@52.343C gpu@52.843C tj@53.343C soc1@53.062C VDD_IN 4530mW/6664mW VDD_CPU_GPU_CV 555mW/1943mW VDD_SOC 1430mW/1687mW
09-14-2026 11:43:52 RAM 7240/7620MB (lfb 9x2MB) SWAP 563/8192MB (cached 183MB) CPU [0%@729,1%@729,0%@729,0%@729,0%@729,0%@729] GR3D_FREQ 0% cpu@53.218C soc2@51.843C soc0@52.437C gpu@52.531C tj@53.218C soc1@52.968C VDD_IN 4530mW/6650mW VDD_CPU_GPU_CV 555mW/1935mW VDD_SOC 1430mW/1686mW
09-14-2026 11:43:53 RAM 7240/7620MB (lfb 9x2MB) SWAP 563/8192MB (cached 183MB) CPU [0%@1728,0%@1728,0%@1728,0%@1728,0%@729,0%@729] GR3D_FREQ 0% cpu@53.375C soc2@51.781C soc0@52.312C gpu@52.718C tj@53.375C soc1@52.937C VDD_IN 4530mW/6637mW VDD_CPU_GPU_CV 555mW/1926mW VDD_SOC 1430mW/1684mW
09-14-2026 11:43:53 RAM 7240/7620MB (lfb 9x2MB) SWAP 563/8192MB (cached 183MB) CPU [0%@729,1%@729,1%@729,0%@729,0%@729,0%@729] GR3D_FREQ 0% cpu@53.343C soc2@51.625C soc0@52.312C gpu@52.468C tj@53.375C soc1@52.875C VDD_IN 4530mW/6624mW VDD_CPU_GPU_CV 555mW/1917mW VDD_SOC 1430mW/1683mW
09-14-2026 11:43:54 RAM 7240/7620MB (lfb 9x2MB) SWAP 563/8192MB (cached 183MB) CPU [1%@1728,0%@1728,0%@1728,0%@1728,0%@729,1%@729] GR3D_FREQ 0% cpu@53.25C soc2@51.687C soc0@52.312C gpu@52.687C tj@53.25C soc1@52.968C VDD_IN 4530mW/6611mW VDD_CPU_GPU_CV 555mW/1909mW VDD_SOC 1430mW/1681mW
09-14-2026 11:43:54 RAM 7240/7620MB (lfb 9x2MB) SWAP 563/8192MB (cached 183MB) CPU [0%@1728,1%@1728,1%@1728,0%@1728,0%@729,0%@729] GR3D_FREQ 0% cpu@53.218C soc2@51.656C soc0@52.343C gpu@52.562C tj@53.218C soc1@53C VDD_IN 4530mW/6598mW VDD_CPU_GPU_CV 555mW/1901mW VDD_SOC 1430mW/1680mW
09-14-2026 11:43:55 RAM 7240/7620MB (lfb 9x2MB) SWAP 563/8192MB (cached 183MB) CPU [0%@729,1%@729,0%@729,0%@729,0%@729,0%@729] GR3D_FREQ 0% cpu@53.281C soc2@51.687C soc0@52.218C gpu@52.687C tj@53.281C soc1@52.843C VDD_IN 4530mW/6585mW VDD_CPU_GPU_CV 555mW/1892mW VDD_SOC 1430mW/1678mW
09-14-2026 11:43:55 RAM 7240/7620MB (lfb 9x2MB) SWAP 563/8192MB (cached 183MB) CPU [0%@729,0%@1728,0%@1728,1%@1728,0%@729,0%@729] GR3D_FREQ 0% cpu@53.406C soc2@51.687C soc0@52.312C gpu@52.562C tj@53.406C soc1@52.906C VDD_IN 4530mW/6573mW VDD_CPU_GPU_CV 555mW/1884mW VDD_SOC 1430mW/1677mW
09-14-2026 11:43:56 RAM 7239/7620MB (lfb 9x2MB) SWAP 563/8192MB (cached 183MB) CPU [0%@1728,0%@1728,0%@1728,0%@1728,0%@729,1%@729] GR3D_FREQ 0% cpu@53.406C soc2@51.656C soc0@52.343C gpu@52.593C tj@53.406C soc1@52.812C VDD_IN 4530mW/6561mW VDD_CPU_GPU_CV 556mW/1876mW VDD_SOC 1430mW/1675mW
09-14-2026 11:43:56 RAM 7239/7620MB (lfb 9x2MB) SWAP 563/8192MB (cached 183MB) CPU [1%@1728,0%@1728,0%@1728,0%@1728,0%@729,0%@729] GR3D_FREQ 0% cpu@53.25C soc2@51.656C soc0@52.25C gpu@52.5C tj@53.25C soc1@52.843C VDD_IN 4530mW/6549mW VDD_CPU_GPU_CV 555mW/1868mW VDD_SOC 1430mW/1674mW
09-14-2026 11:43:57 RAM 7239/7620MB (lfb 9x2MB) SWAP 563/8192MB (cached 183MB) CPU [0%@1728,0%@1728,0%@1728,0%@1728,0%@729,0%@729] GR3D_FREQ 0% cpu@53.062C soc2@51.562C soc0@52.25C gpu@52.593C tj@53.218C soc1@53.031C VDD_IN 4530mW/6537mW VDD_CPU_GPU_CV 555mW/1861mW VDD_SOC 1430mW/1672mW
09-14-2026 11:43:57 RAM 7239/7620MB (lfb 9x2MB) SWAP 563/8192MB (cached 183MB) CPU [0%@729,1%@729,0%@729,1%@729,0%@729,0%@729] GR3D_FREQ 0% cpu@53.125C soc2@51.656C soc0@52.218C gpu@52.437C tj@53.125C soc1@52.937C VDD_IN 4530mW/6525mW VDD_CPU_GPU_CV 555mW/1853mW VDD_SOC 1430mW/1671mW
09-14-2026 11:43:58 RAM 7239/7620MB (lfb 9x2MB) SWAP 563/8192MB (cached 183MB) CPU [0%@1728,1%@1728,0%@1728,0%@1728,1%@729,0%@729] GR3D_FREQ 0% cpu@53.031C soc2@51.656C soc0@52.125C gpu@52.437C tj@53.031C soc1@52.875C VDD_IN 4530mW/6513mW VDD_CPU_GPU_CV 556mW/1845mW VDD_SOC 1430mW/1669mW
09-14-2026 11:43:58 RAM 7239/7620MB (lfb 9x2MB) SWAP 563/8192MB (cached 183MB) CPU [1%@729,1%@729,0%@729,0%@729,1%@729,0%@729] GR3D_FREQ 0% cpu@53.187C soc2@51.562C soc0@52.281C gpu@52.437C tj@53.187C soc1@52.843C VDD_IN 4530mW/6501mW VDD_CPU_GPU_CV 556mW/1838mW VDD_SOC 1430mW/1668mW
09-14-2026 11:43:59 RAM 7239/7620MB (lfb 9x2MB) SWAP 563/8192MB (cached 183MB) CPU [0%@1728,0%@1728,0%@1728,1%@1728,0%@729,0%@729] GR3D_FREQ 0% cpu@53.375C soc2@51.593C soc0@52.343C gpu@52.375C tj@53.375C soc1@52.812C VDD_IN 4530mW/6490mW VDD_CPU_GPU_CV 556mW/1830mW VDD_SOC 1430mW/1666mW
09-14-2026 11:43:59 RAM 7239/7620MB (lfb 9x2MB) SWAP 563/8192MB (cached 183MB) CPU [0%@729,1%@729,0%@1728,0%@1728,0%@729,0%@729] GR3D_FREQ 0% cpu@53.093C soc2@51.562C soc0@52.25C gpu@52.406C tj@53.093C soc1@52.843C VDD_IN 4530mW/6479mW VDD_CPU_GPU_CV 556mW/1823mW VDD_SOC 1430mW/1665mW
09-14-2026 11:44:00 RAM 7239/7620MB (lfb 9x2MB) SWAP 563/8192MB (cached 183MB) CPU [1%@729,0%@729,0%@729,0%@729,0%@729,0%@729] GR3D_FREQ 0% cpu@53.062C soc2@51.5C soc0@52.187C gpu@52.281C tj@53.093C soc1@52.968C VDD_IN 4530mW/6467mW VDD_CPU_GPU_CV 555mW/1816mW VDD_SOC 1430mW/1664mW
09-14-2026 11:44:00 RAM 7240/7620MB (lfb 9x2MB) SWAP 563/8192MB (cached 183MB) CPU [0%@729,2%@1728,1%@1728,0%@1728,0%@729,0%@729] GR3D_FREQ 0% cpu@53.062C soc2@51.718C soc0@52.031C gpu@52.656C tj@53.062C soc1@52.968C VDD_IN 4530mW/6456mW VDD_CPU_GPU_CV 555mW/1808mW VDD_SOC 1430mW/1662mW
09-14-2026 11:44:01 RAM 7239/7620MB (lfb 9x2MB) SWAP 563/8192MB (cached 183MB) CPU [0%@1728,0%@1728,0%@1728,0%@1728,0%@729,0%@729] GR3D_FREQ 0% cpu@53.281C soc2@51.625C soc0@52.312C gpu@52.343C tj@53.281C soc1@52.906C VDD_IN 4530mW/6445mW VDD_CPU_GPU_CV 556mW/1801mW VDD_SOC 1430mW/1661mW
09-14-2026 11:44:01 RAM 7239/7620MB (lfb 9x2MB) SWAP 563/8192MB (cached 183MB) CPU [0%@729,0%@729,0%@1728,1%@1728,1%@729,0%@729] GR3D_FREQ 0% cpu@53.375C soc2@51.531C soc0@52.281C gpu@52.531C tj@53.375C soc1@52.843C VDD_IN 4530mW/6434mW VDD_CPU_GPU_CV 556mW/1794mW VDD_SOC 1430mW/1660mW
09-14-2026 11:44:02 RAM 7239/7620MB (lfb 9x2MB) SWAP 563/8192MB (cached 183MB) CPU [0%@729,1%@729,0%@729,0%@729,0%@729,0%@729] GR3D_FREQ 0% cpu@53.156C soc2@51.5C soc0@52.218C gpu@52.281C tj@53.156C soc1@52.781C VDD_IN 4530mW/6424mW VDD_CPU_GPU_CV 555mW/1787mW VDD_SOC 1430mW/1659mW
09-14-2026 11:44:02 RAM 7239/7620MB (lfb 9x2MB) SWAP 563/8192MB (cached 183MB) CPU [0%@729,0%@1728,0%@1728,0%@1728,0%@729,0%@729] GR3D_FREQ 0% cpu@53.187C soc2@51.562C soc0@52.156C gpu@52.531C tj@53.187C soc1@53C VDD_IN 4530mW/6413mW VDD_CPU_GPU_CV 555mW/1780mW VDD_SOC 1430mW/1657mW
09-14-2026 11:44:03 RAM 7239/7620MB (lfb 9x2MB) SWAP 563/8192MB (cached 183MB) CPU [1%@1728,0%@1728,0%@1728,0%@1728,0%@729,0%@729] GR3D_FREQ 0% cpu@53.062C soc2@51.406C soc0@52.093C gpu@52.312C tj@53.062C soc1@52.906C VDD_IN 4530mW/6403mW VDD_CPU_GPU_CV 555mW/1774mW VDD_SOC 1430mW/1656mW
09-14-2026 11:44:03 RAM 7239/7620MB (lfb 9x2MB) SWAP 563/8192MB (cached 183MB) CPU [1%@1728,0%@1728,0%@1728,0%@1728,0%@729,0%@729] GR3D_FREQ 0% cpu@52.968C soc2@51.562C soc0@52.125C gpu@52.437C tj@52.968C soc1@52.875C VDD_IN 4530mW/6392mW VDD_CPU_GPU_CV 555mW/1767mW VDD_SOC 1430mW/1655mW
09-14-2026 11:44:04 RAM 7239/7620MB (lfb 9x2MB) SWAP 563/8192MB (cached 183MB) CPU [0%@1728,1%@1728,0%@1728,0%@1728,0%@729,0%@729] GR3D_FREQ 0% cpu@53.125C soc2@51.5C soc0@52.281C gpu@52.375C tj@53.125C soc1@52.781C VDD_IN 4530mW/6382mW VDD_CPU_GPU_CV 556mW/1760mW VDD_SOC 1430mW/1653mW
09-14-2026 11:44:04 RAM 7239/7620MB (lfb 9x2MB) SWAP 563/8192MB (cached 183MB) CPU [0%@1728,0%@1728,0%@1728,0%@1728,0%@729,0%@729] GR3D_FREQ 0% cpu@53.156C soc2@51.5C soc0@52.062C gpu@52.437C tj@53.156C soc1@52.843C VDD_IN 4530mW/6372mW VDD_CPU_GPU_CV 556mW/1754mW VDD_SOC 1430mW/1652mW
09-14-2026 11:44:05 RAM 7239/7620MB (lfb 9x2MB) SWAP 563/8192MB (cached 183MB) CPU [0%@1728,1%@1728,1%@1728,0%@1728,0%@729,0%@729] GR3D_FREQ 0% cpu@53.062C soc2@51.562C soc0@52.093C gpu@52.406C tj@53.062C soc1@52.687C VDD_IN 4530mW/6362mW VDD_CPU_GPU_CV 555mW/1747mW VDD_SOC 1430mW/1651mW
09-14-2026 11:44:05 RAM 7239/7620MB (lfb 9x2MB) SWAP 563/8192MB (cached 183MB) CPU [1%@1728,0%@1728,0%@1728,0%@1728,0%@729,0%@729] GR3D_FREQ 0% cpu@53.093C soc2@51.437C soc0@52.156C gpu@52.187C tj@53.093C soc1@52.875C VDD_IN 4530mW/6352mW VDD_CPU_GPU_CV 555mW/1741mW VDD_SOC 1430mW/1650mW
09-14-2026 11:44:06 RAM 7239/7620MB (lfb 9x2MB) SWAP 563/8192MB (cached 183MB) CPU [0%@729,3%@729,0%@729,0%@729,0%@729,0%@729] GR3D_FREQ 0% cpu@52.968C soc2@51.5C soc0@52.031C gpu@52.312C tj@52.968C soc1@52.875C VDD_IN 4530mW/6342mW VDD_CPU_GPU_CV 555mW/1734mW VDD_SOC 1430mW/1649mW
09-14-2026 11:44:06 RAM 7239/7620MB (lfb 9x2MB) SWAP 563/8192MB (cached 183MB) CPU [0%@1728,0%@1728,0%@1728,0%@1728,0%@729,0%@729] GR3D_FREQ 0% cpu@53.187C soc2@51.562C soc0@52.031C gpu@52.25C tj@53.187C soc1@52.75C VDD_IN 4530mW/6333mW VDD_CPU_GPU_CV 555mW/1728mW VDD_SOC 1430mW/1648mW
09-14-2026 11:44:07 RAM 7239/7620MB (lfb 9x2MB) SWAP 563/8192MB (cached 183MB) CPU [0%@729,0%@729,0%@729,0%@729,0%@729,0%@729] GR3D_FREQ 0% cpu@53.343C soc2@51.468C soc0@52.187C gpu@52.343C tj@53.343C soc1@52.718C VDD_IN 4530mW/6323mW VDD_CPU_GPU_CV 555mW/1722mW VDD_SOC 1430mW/1646mW
09-14-2026 11:44:07 RAM 7239/7620MB (lfb 9x2MB) SWAP 563/8192MB (cached 183MB) CPU [0%@1728,0%@1728,0%@1728,3%@1728,0%@729,1%@729] GR3D_FREQ 0% cpu@53.062C soc2@51.562C soc0@52.062C gpu@52.218C tj@53.062C soc1@52.718C VDD_IN 4530mW/6314mW VDD_CPU_GPU_CV 555mW/1716mW VDD_SOC 1430mW/1645mW
09-14-2026 11:44:08 RAM 7239/7620MB (lfb 9x2MB) SWAP 563/8192MB (cached 183MB) CPU [1%@1728,0%@1728,0%@1728,0%@1728,0%@729,0%@729] GR3D_FREQ 0% cpu@53.093C soc2@51.562C soc0@52.156C gpu@52.593C tj@53.093C soc1@52.718C VDD_IN 4530mW/6304mW VDD_CPU_GPU_CV 555mW/1709mW VDD_SOC 1430mW/1644mW
09-14-2026 11:44:09 RAM 7239/7620MB (lfb 9x2MB) SWAP 563/8192MB (cached 183MB) CPU [0%@1728,2%@1728,0%@1728,0%@1728,0%@729,1%@729] GR3D_FREQ 0% cpu@52.968C soc2@51.437C soc0@52.031C gpu@52.187C tj@52.968C soc1@52.875C VDD_IN 4530mW/6295mW VDD_CPU_GPU_CV 555mW/1703mW VDD_SOC 1430mW/1643mW
09-14-2026 11:44:09 RAM 7239/7620MB (lfb 9x2MB) SWAP 563/8192MB (cached 183MB) CPU [0%@1728,0%@1728,1%@1728,1%@1728,0%@729,0%@729] GR3D_FREQ 0% cpu@52.875C soc2@51.5C soc0@52.062C gpu@52.562C tj@52.937C soc1@52.75C VDD_IN 4530mW/6286mW VDD_CPU_GPU_CV 555mW/1697mW VDD_SOC 1430mW/1642mW
09-14-2026 11:44:10 RAM 7239/7620MB (lfb 9x2MB) SWAP 563/8192MB (cached 183MB) CPU [3%@729,0%@729,1%@729,0%@729,0%@729,0%@729] GR3D_FREQ 0% cpu@53.062C soc2@51.468C soc0@52.093C gpu@52.125C tj@53.062C soc1@52.781C VDD_IN 4530mW/6277mW VDD_CPU_GPU_CV 555mW/1692mW VDD_SOC 1430mW/1641mW
09-14-2026 11:44:10 RAM 7239/7620MB (lfb 9x2MB) SWAP 563/8192MB (cached 183MB) CPU [0%@1728,1%@1728,0%@1728,0%@1728,0%@729,0%@729] GR3D_FREQ 0% cpu@53.156C soc2@51.437C soc0@52.156C gpu@52.656C tj@53.156C soc1@52.718C VDD_IN 4530mW/6268mW VDD_CPU_GPU_CV 556mW/1686mW VDD_SOC 1430mW/1640mW
09-14-2026 11:44:11 RAM 7239/7620MB (lfb 9x2MB) SWAP 563/8192MB (cached 183MB) CPU [0%@729,1%@729,0%@729,0%@729,0%@729,0%@729] GR3D_FREQ 0% cpu@53.312C soc2@51.406C soc0@52.125C gpu@52.156C tj@53.312C soc1@52.718C VDD_IN 4530mW/6259mW VDD_CPU_GPU_CV 555mW/1680mW VDD_SOC 1430mW/1639mW
09-14-2026 11:44:11 RAM 7239/7620MB (lfb 9x2MB) SWAP 563/8192MB (cached 183MB) CPU [1%@1728,0%@1728,0%@1728,0%@1728,0%@729,0%@729] GR3D_FREQ 0% cpu@53C soc2@51.406C soc0@52.062C gpu@52.5C tj@53C soc1@52.718C VDD_IN 4530mW/6250mW VDD_CPU_GPU_CV 556mW/1674mW VDD_SOC 1430mW/1638mW
09-14-2026 11:44:12 RAM 7239/7620MB (lfb 9x2MB) SWAP 563/8192MB (cached 183MB) CPU [0%@1728,0%@1728,0%@1728,0%@1728,0%@729,0%@729] GR3D_FREQ 0% cpu@52.843C soc2@51.437C soc0@52.125C gpu@52.125C tj@52.843C soc1@52.843C VDD_IN 4491mW/6241mW VDD_CPU_GPU_CV 556mW/1668mW VDD_SOC 1430mW/1636mW
09-14-2026 11:44:12 RAM 7239/7620MB (lfb 9x2MB) SWAP 563/8192MB (cached 183MB) CPU [0%@1728,0%@1728,0%@1728,0%@1728,0%@729,0%@729] GR3D_FREQ 0% cpu@52.906C soc2@51.437C soc0@51.968C gpu@52.5C tj@52.906C soc1@52.718C VDD_IN 4530mW/6232mW VDD_CPU_GPU_CV 556mW/1663mW VDD_SOC 1430mW/1635mW
09-14-2026 11:44:13 RAM 7239/7620MB (lfb 9x2MB) SWAP 563/8192MB (cached 183MB) CPU [0%@1728,0%@1728,0%@1728,0%@1728,0%@729,0%@729] GR3D_FREQ 0% cpu@52.781C soc2@51.468C soc0@51.968C gpu@52.281C tj@52.781C soc1@52.75C VDD_IN 4530mW/6224mW VDD_CPU_GPU_CV 556mW/1657mW VDD_SOC 1430mW/1634mW
09-14-2026 11:44:13 RAM 7239/7620MB (lfb 9x2MB) SWAP 563/8192MB (cached 183MB) CPU [1%@1728,0%@1728,0%@1728,0%@1728,0%@729,0%@729] GR3D_FREQ 0% cpu@52.906C soc2@51.312C soc0@52.125C gpu@52.437C tj@52.906C soc1@52.718C VDD_IN 4530mW/6215mW VDD_CPU_GPU_CV 556mW/1652mW VDD_SOC 1430mW/1633mW
09-14-2026 11:44:14 RAM 7239/7620MB (lfb 9x2MB) SWAP 563/8192MB (cached 183MB) CPU [0%@1728,1%@1728,0%@1728,0%@1728,0%@729,0%@729] GR3D_FREQ 0% cpu@53C soc2@51.437C soc0@52.031C gpu@52.218C tj@53C soc1@52.625C VDD_IN 4530mW/6207mW VDD_CPU_GPU_CV 556mW/1646mW VDD_SOC 1430mW/1632mW
09-14-2026 11:44:14 RAM 7239/7620MB (lfb 9x2MB) SWAP 563/8192MB (cached 183MB) CPU [0%@729,0%@729,1%@729,0%@729,0%@729,0%@729] GR3D_FREQ 0% cpu@52.875C soc2@51.312C soc0@52C gpu@52.406C tj@52.875C soc1@52.625C VDD_IN 4530mW/6199mW VDD_CPU_GPU_CV 555mW/1641mW VDD_SOC 1430mW/1631mW
09-14-2026 11:44:15 RAM 7239/7620MB (lfb 9x2MB) SWAP 563/8192MB (cached 183MB) CPU [1%@729,1%@1728,0%@1728,0%@1728,0%@729,0%@729] GR3D_FREQ 0% cpu@52.937C soc2@51.375C soc0@51.875C gpu@52.187C tj@52.937C soc1@52.781C VDD_IN 4530mW/6190mW VDD_CPU_GPU_CV 556mW/1636mW VDD_SOC 1430mW/1630mW
09-14-2026 11:44:15 RAM 7239/7620MB (lfb 9x2MB) SWAP 563/8192MB (cached 183MB) CPU [0%@1728,5%@1728,0%@1728,1%@1728,0%@729,0%@729] GR3D_FREQ 0% cpu@52.812C soc2@51.312C soc0@51.937C gpu@52.343C tj@52.812C soc1@52.656C VDD_IN 4530mW/6182mW VDD_CPU_GPU_CV 556mW/1630mW VDD_SOC 1430mW/1629mW
09-14-2026 11:44:16 RAM 7240/7620MB (lfb 9x2MB) SWAP 563/8192MB (cached 183MB) CPU [0%@1728,2%@1728,0%@1728,1%@1728,0%@729,0%@729] GR3D_FREQ 0% cpu@53C soc2@51.406C soc0@51.937C gpu@52.156C tj@52.968C soc1@52.593C VDD_IN 4530mW/6174mW VDD_CPU_GPU_CV 556mW/1625mW VDD_SOC 1430mW/1628mW
09-14-2026 11:44:16 RAM 7240/7620MB (lfb 9x2MB) SWAP 563/8192MB (cached 183MB) CPU [1%@729,0%@729,1%@729,1%@729,0%@729,0%@729] GR3D_FREQ 0% cpu@53.062C soc2@51.312C soc0@52.062C gpu@52.125C tj@53.062C soc1@52.625C VDD_IN 4530mW/6166mW VDD_CPU_GPU_CV 555mW/1620mW VDD_SOC 1430mW/1627mW
09-14-2026 11:44:17 RAM 7240/7620MB (lfb 9x2MB) SWAP 563/8192MB (cached 183MB) CPU [0%@1728,0%@1728,1%@1728,1%@1728,0%@729,0%@729] GR3D_FREQ 0% cpu@52.906C soc2@51.375C soc0@51.937C gpu@52.062C tj@52.906C soc1@52.656C VDD_IN 4530mW/6158mW VDD_CPU_GPU_CV 555mW/1615mW VDD_SOC 1430mW/1627mW
09-14-2026 11:44:17 RAM 7240/7620MB (lfb 9x2MB) SWAP 563/8192MB (cached 183MB) CPU [1%@1728,0%@1728,0%@1728,0%@1728,0%@729,0%@729] GR3D_FREQ 0% cpu@52.937C soc2@51.312C soc0@51.968C gpu@52.156C tj@52.937C soc1@52.625C VDD_IN 4530mW/6150mW VDD_CPU_GPU_CV 555mW/1610mW VDD_SOC 1430mW/1626mW
09-14-2026 11:44:18 RAM 7240/7620MB (lfb 9x2MB) SWAP 563/8192MB (cached 183MB) CPU [0%@729,0%@729,0%@729,0%@729,0%@729,0%@729] GR3D_FREQ 0% cpu@52.781C soc2@51.281C soc0@51.937C gpu@52.125C tj@52.781C soc1@52.781C VDD_IN 4530mW/6143mW VDD_CPU_GPU_CV 555mW/1605mW VDD_SOC 1430mW/1625mW
09-14-2026 11:44:18 RAM 7243/7620MB (lfb 9x2MB) SWAP 563/8192MB (cached 183MB) CPU [0%@1728,5%@1728,1%@1728,0%@1728,0%@729,0%@729] GR3D_FREQ 0% cpu@52.781C soc2@51.375C soc0@51.968C gpu@52.093C tj@52.843C soc1@52.625C VDD_IN 4570mW/6135mW VDD_CPU_GPU_CV 555mW/1600mW VDD_SOC 1430mW/1624mW
09-14-2026 11:44:19 RAM 7243/7620MB (lfb 9x2MB) SWAP 563/8192MB (cached 183MB) CPU [1%@1728,0%@1728,0%@1728,0%@1728,0%@729,0%@729] GR3D_FREQ 0% cpu@52.906C soc2@51.343C soc0@51.906C gpu@52.125C tj@52.906C soc1@52.625C VDD_IN 4530mW/6128mW VDD_CPU_GPU_CV 555mW/1595mW VDD_SOC 1430mW/1623mW
09-14-2026 11:44:19 RAM 7243/7620MB (lfb 9x2MB) SWAP 563/8192MB (cached 183MB) CPU [0%@1728,0%@1728,0%@1728,0%@1728,0%@729,0%@729] GR3D_FREQ 0% cpu@52.906C soc2@51.343C soc0@52C gpu@52C tj@52.906C soc1@52.625C VDD_IN 4530mW/6120mW VDD_CPU_GPU_CV 555mW/1590mW VDD_SOC 1430mW/1622mW
09-14-2026 11:44:20 RAM 7243/7620MB (lfb 9x2MB) SWAP 563/8192MB (cached 183MB) CPU [0%@1728,0%@1728,0%@1728,0%@1728,1%@729,0%@729] GR3D_FREQ 0% cpu@53.031C soc2@51.281C soc0@51.875C gpu@52.406C tj@53.031C soc1@52.656C VDD_IN 4530mW/6113mW VDD_CPU_GPU_CV 555mW/1585mW VDD_SOC 1430mW/1621mW
09-14-2026 11:44:20 RAM 7242/7620MB (lfb 9x2MB) SWAP 563/8192MB (cached 183MB) CPU [3%@729,6%@729,0%@729,3%@729,0%@729,0%@729] GR3D_FREQ 0% cpu@52.812C soc2@51.218C soc0@51.843C gpu@52.031C tj@52.812C soc1@52.593C VDD_IN 4530mW/6105mW VDD_CPU_GPU_CV 555mW/1580mW VDD_SOC 1430mW/1620mW
09-14-2026 11:44:21 RAM 7245/7620MB (lfb 9x2MB) SWAP 563/8192MB (cached 183MB) CPU [12%@729,7%@729,6%@729,8%@1728,3%@729,7%@729] GR3D_FREQ 0% cpu@52.781C soc2@51.312C soc0@51.906C gpu@52.437C tj@52.781C soc1@52.75C VDD_IN 4650mW/6098mW VDD_CPU_GPU_CV 634mW/1576mW VDD_SOC 1430mW/1619mW
09-14-2026 11:44:21 RAM 7245/7620MB (lfb 9x2MB) SWAP 563/8192MB (cached 183MB) CPU [0%@1728,0%@1728,1%@1728,0%@1728,0%@729,0%@729] GR3D_FREQ 0% cpu@52.781C soc2@51.343C soc0@51.875C gpu@52C tj@52.781C soc1@52.625C VDD_IN 4570mW/6091mW VDD_CPU_GPU_CV 555mW/1571mW VDD_SOC 1430mW/1618mW
09-14-2026 11:44:22 RAM 7245/7620MB (lfb 9x2MB) SWAP 563/8192MB (cached 183MB) CPU [1%@1728,3%@1728,0%@1728,0%@1728,0%@729,0%@729] GR3D_FREQ 0% cpu@52.968C soc2@51.312C soc0@51.781C gpu@52.281C tj@52.968C soc1@52.625C VDD_IN 4530mW/6084mW VDD_CPU_GPU_CV 555mW/1566mW VDD_SOC 1430mW/1617mW
09-14-2026 11:44:22 RAM 7245/7620MB (lfb 9x2MB) SWAP 563/8192MB (cached 183MB) CPU [0%@729,0%@729,0%@729,0%@729,1%@729,1%@729] GR3D_FREQ 0% cpu@52.812C soc2@51.25C soc0@51.937C gpu@52C tj@52.812C soc1@52.531C VDD_IN 4530mW/6077mW VDD_CPU_GPU_CV 555mW/1562mW VDD_SOC 1430mW/1617mW
09-14-2026 11:44:23 RAM 7245/7620MB (lfb 9x2MB) SWAP 563/8192MB (cached 183MB) CPU [0%@1728,0%@1728,0%@1728,0%@1728,0%@729,0%@729] GR3D_FREQ 0% cpu@52.937C soc2@51.187C soc0@51.906C gpu@52.343C tj@52.937C soc1@52.5C VDD_IN 4530mW/6070mW VDD_CPU_GPU_CV 555mW/1557mW VDD_SOC 1430mW/1616mW
09-14-2026 11:44:23 RAM 7245/7620MB (lfb 9x2MB) SWAP 563/8192MB (cached 183MB) CPU [0%@1728,0%@1728,0%@1728,0%@1728,0%@729,0%@729] GR3D_FREQ 0% cpu@52.75C soc2@51.218C soc0@51.812C gpu@52.125C tj@52.75C soc1@52.562C VDD_IN 4530mW/6063mW VDD_CPU_GPU_CV 555mW/1552mW VDD_SOC 1430mW/1615mW
09-14-2026 11:44:24 RAM 7245/7620MB (lfb 9x2MB) SWAP 563/8192MB (cached 183MB) CPU [0%@729,0%@729,0%@729,0%@729,0%@729,0%@729] GR3D_FREQ 0% cpu@52.781C soc2@51.125C soc0@51.843C gpu@52.281C tj@52.781C soc1@52.687C VDD_IN 4530mW/6056mW VDD_CPU_GPU_CV 555mW/1548mW VDD_SOC 1430mW/1614mW
09-14-2026 11:44:24 RAM 7243/7620MB (lfb 9x2MB) SWAP 563/8192MB (cached 183MB) CPU [7%@1728,17%@1728,3%@1728,5%@1728,2%@729,22%@729] GR3D_FREQ 0% cpu@52.781C soc2@51.312C soc0@51.781C gpu@52.125C tj@52.781C soc1@52.625C VDD_IN 4650mW/6050mW VDD_CPU_GPU_CV 674mW/1544mW VDD_SOC 1430mW/1613mW
09-14-2026 11:44:25 RAM 7242/7620MB (lfb 9x2MB) SWAP 563/8192MB (cached 183MB) CPU [0%@729,1%@729,0%@729,0%@729,1%@729,19%@729] GR3D_FREQ 0% cpu@53C soc2@51.218C soc0@51.843C gpu@52.187C tj@53C soc1@52.562C VDD_IN 4610mW/6043mW VDD_CPU_GPU_CV 595mW/1540mW VDD_SOC 1430mW/1612mW
09-14-2026 11:44:25 RAM 7242/7620MB (lfb 9x2MB) SWAP 563/8192MB (cached 183MB) CPU [0%@729,1%@729,0%@729,0%@729,0%@729,0%@729] GR3D_FREQ 0% cpu@52.968C soc2@51.25C soc0@51.843C gpu@52.093C tj@52.968C soc1@52.5C VDD_IN 4530mW/6037mW VDD_CPU_GPU_CV 555mW/1535mW VDD_SOC 1430mW/1612mW
09-14-2026 11:44:26 RAM 7242/7620MB (lfb 9x2MB) SWAP 563/8192MB (cached 183MB) CPU [0%@1728,0%@1728,0%@1728,0%@1728,0%@729,0%@729] GR3D_FREQ 0% cpu@52.75C soc2@51.187C soc0@51.75C gpu@52.093C tj@52.75C soc1@52.5C VDD_IN 4530mW/6030mW VDD_CPU_GPU_CV 555mW/1531mW VDD_SOC 1430mW/1611mW
09-14-2026 11:44:26 RAM 7244/7620MB (lfb 7x2MB) SWAP 563/8192MB (cached 183MB) CPU [3%@729,0%@729,0%@729,0%@729,0%@729,0%@729] GR3D_FREQ 0% cpu@52.812C soc2@51.218C soc0@51.812C gpu@52.125C tj@52.812C soc1@52.718C VDD_IN 4530mW/6023mW VDD_CPU_GPU_CV 555mW/1527mW VDD_SOC 1430mW/1610mW
09-14-2026 11:44:27 RAM 7244/7620MB (lfb 7x2MB) SWAP 563/8192MB (cached 183MB) CPU [0%@1728,1%@1728,0%@1728,0%@1728,0%@729,0%@729] GR3D_FREQ 0% cpu@52.687C soc2@51.156C soc0@51.718C gpu@51.906C tj@52.687C soc1@52.562C VDD_IN 4530mW/6017mW VDD_CPU_GPU_CV 555mW/1522mW VDD_SOC 1430mW/1609mW
09-14-2026 11:44:27 RAM 7244/7620MB (lfb 7x2MB) SWAP 563/8192MB (cached 183MB) CPU [1%@729,0%@729,0%@729,0%@1728,0%@729,0%@729] GR3D_FREQ 0% cpu@52.906C soc2@51.125C soc0@51.75C gpu@52C tj@52.906C soc1@52.5C VDD_IN 4530mW/6010mW VDD_CPU_GPU_CV 555mW/1518mW VDD_SOC 1430mW/1608mW
09-14-2026 11:44:28 RAM 7244/7620MB (lfb 7x2MB) SWAP 563/8192MB (cached 183MB) CPU [0%@1728,1%@1728,0%@1728,0%@1728,0%@729,0%@729] GR3D_FREQ 0% cpu@52.687C soc2@51.187C soc0@51.687C gpu@51.875C tj@52.687C soc1@52.5C VDD_IN 4491mW/6003mW VDD_CPU_GPU_CV 556mW/1514mW VDD_SOC 1430mW/1608mW
09-14-2026 11:44:28 RAM 7244/7620MB (lfb 7x2MB) SWAP 563/8192MB (cached 183MB) CPU [0%@1728,0%@1728,3%@1728,0%@1728,0%@729,0%@729] GR3D_FREQ 0% cpu@52.781C soc2@51.218C soc0@51.812C gpu@52.062C tj@52.781C soc1@52.437C VDD_IN 4491mW/5997mW VDD_CPU_GPU_CV 555mW/1510mW VDD_SOC 1430mW/1607mW
09-14-2026 11:44:29 RAM 7244/7620MB (lfb 7x2MB) SWAP 563/8192MB (cached 183MB) CPU [0%@1728,0%@1728,0%@1728,1%@1728,0%@729,0%@729] GR3D_FREQ 0% cpu@52.843C soc2@51.156C soc0@51.781C gpu@51.875C tj@52.843C soc1@52.468C VDD_IN 4491mW/5990mW VDD_CPU_GPU_CV 555mW/1506mW VDD_SOC 1430mW/1606mW
09-14-2026 11:44:29 RAM 7244/7620MB (lfb 7x2MB) SWAP 563/8192MB (cached 183MB) CPU [0%@729,1%@729,1%@729,1%@729,0%@729,0%@729] GR3D_FREQ 0% cpu@52.718C soc2@51.156C soc0@51.687C gpu@51.906C tj@52.718C soc1@52.656C VDD_IN 4491mW/5984mW VDD_CPU_GPU_CV 555mW/1502mW VDD_SOC 1430mW/1605mW
09-14-2026 11:44:30 RAM 7244/7620MB (lfb 7x2MB) SWAP 563/8192MB (cached 183MB) CPU [0%@1728,0%@1728,0%@1728,0%@1728,0%@729,0%@729] GR3D_FREQ 0% cpu@52.593C soc2@51.25C soc0@51.781C gpu@51.937C tj@52.593C soc1@52.468C VDD_IN 4491mW/5977mW VDD_CPU_GPU_CV 555mW/1497mW VDD_SOC 1430mW/1605mW
09-14-2026 11:44:30 RAM 7244/7620MB (lfb 7x2MB) SWAP 563/8192MB (cached 183MB) CPU [0%@729,0%@729,0%@729,1%@729,0%@729,0%@729] GR3D_FREQ 0% cpu@52.843C soc2@51.187C soc0@51.625C gpu@51.781C tj@52.843C soc1@52.562C VDD_IN 4530mW/5971mW VDD_CPU_GPU_CV 555mW/1493mW VDD_SOC 1430mW/1604mW
09-14-2026 11:44:31 RAM 7244/7620MB (lfb 7x2MB) SWAP 563/8192MB (cached 183MB) CPU [0%@1728,1%@1728,1%@1728,0%@1728,0%@729,0%@729] GR3D_FREQ 0% cpu@52.875C soc2@51.125C soc0@51.687C gpu@51.843C tj@52.875C soc1@52.468C VDD_IN 4530mW/5965mW VDD_CPU_GPU_CV 555mW/1489mW VDD_SOC 1430mW/1603mW
09-14-2026 11:44:31 RAM 7244/7620MB (lfb 7x2MB) SWAP 563/8192MB (cached 183MB) CPU [0%@1728,0%@1728,0%@1728,0%@1728,0%@729,0%@729] GR3D_FREQ 0% cpu@52.656C soc2@51.125C soc0@51.718C gpu@52.187C tj@52.656C soc1@52.343C VDD_IN 4530mW/5959mW VDD_CPU_GPU_CV 555mW/1486mW VDD_SOC 1430mW/1602mW
09-14-2026 11:44:32 RAM 7244/7620MB (lfb 7x2MB) SWAP 563/8192MB (cached 183MB) CPU [3%@729,1%@729,0%@729,0%@729,0%@729,0%@729] GR3D_FREQ 0% cpu@52.687C soc2@51.187C soc0@51.812C gpu@51.843C tj@52.687C soc1@52.437C VDD_IN 4530mW/5953mW VDD_CPU_GPU_CV 555mW/1482mW VDD_SOC 1430mW/1602mW
09-14-2026 11:44:32 RAM 7244/7620MB (lfb 7x2MB) SWAP 563/8192MB (cached 183MB) CPU [0%@1728,0%@1728,0%@1728,0%@1728,0%@729,0%@729] GR3D_FREQ 0% cpu@52.562C soc2@51C soc0@51.625C gpu@52.218C tj@52.625C soc1@52.625C VDD_IN 4530mW/5947mW VDD_CPU_GPU_CV 555mW/1478mW VDD_SOC 1430mW/1601mW
09-14-2026 11:44:33 RAM 7244/7620MB (lfb 7x2MB) SWAP 563/8192MB (cached 183MB) CPU [1%@1728,0%@1728,0%@1728,0%@1728,0%@729,0%@729] GR3D_FREQ 0% cpu@52.562C soc2@51.031C soc0@51.593C gpu@52C tj@52.687C soc1@52.5C VDD_IN 4530mW/5941mW VDD_CPU_GPU_CV 555mW/1474mW VDD_SOC 1430mW/1600mW
09-14-2026 11:44:33 RAM 7244/7620MB (lfb 7x2MB) SWAP 563/8192MB (cached 183MB) CPU [1%@729,0%@729,1%@729,1%@729,0%@729,0%@729] GR3D_FREQ 0% cpu@52.656C soc2@51.093C soc0@51.687C gpu@52.187C tj@52.531C soc1@52.437C VDD_IN 4530mW/5935mW VDD_CPU_GPU_CV 555mW/1470mW VDD_SOC 1430mW/1599mW
09-14-2026 11:44:34 RAM 7244/7620MB (lfb 7x2MB) SWAP 563/8192MB (cached 183MB) CPU [0%@729,0%@1728,0%@1728,1%@1728,0%@729,0%@729] GR3D_FREQ 0% cpu@52.781C soc2@51.093C soc0@51.781C gpu@51.906C tj@52.781C soc1@52.468C VDD_IN 4530mW/5929mW VDD_CPU_GPU_CV 555mW/1466mW VDD_SOC 1430mW/1599mW
09-14-2026 11:44:34 RAM 7244/7620MB (lfb 7x2MB) SWAP 563/8192MB (cached 183MB) CPU [0%@729,1%@729,0%@729,0%@729,0%@729,0%@729] GR3D_FREQ 0% cpu@52.781C soc2@51.062C soc0@51.75C gpu@52.093C tj@52.781C soc1@52.343C VDD_IN 4530mW/5924mW VDD_CPU_GPU_CV 555mW/1462mW VDD_SOC 1430mW/1598mW
09-14-2026 11:44:35 RAM 7244/7620MB (lfb 7x2MB) SWAP 563/8192MB (cached 183MB) CPU [0%@1728,0%@1728,0%@1728,1%@1728,0%@729,0%@729] GR3D_FREQ 0% cpu@52.625C soc2@51C soc0@51.593C gpu@51.968C tj@52.625C soc1@52.593C VDD_IN 4491mW/5918mW VDD_CPU_GPU_CV 555mW/1459mW VDD_SOC 1430mW/1597mW
09-14-2026 11:44:35 RAM 7244/7620MB (lfb 7x2MB) SWAP 563/8192MB (cached 183MB) CPU [0%@1728,1%@1728,0%@1728,0%@1728,0%@729,0%@729] GR3D_FREQ 0% cpu@52.593C soc2@50.968C soc0@51.625C gpu@52.062C tj@52.625C soc1@52.531C VDD_IN 4530mW/5912mW VDD_CPU_GPU_CV 555mW/1455mW VDD_SOC 1430mW/1597mW
09-14-2026 11:44:36 RAM 7244/7620MB (lfb 7x2MB) SWAP 563/8192MB (cached 183MB) CPU [0%@1728,0%@1728,0%@1728,0%@1728,0%@729,0%@729] GR3D_FREQ 0% cpu@52.531C soc2@51.062C soc0@51.625C gpu@51.937C tj@52.531C soc1@52.5C VDD_IN 4530mW/5906mW VDD_CPU_GPU_CV 555mW/1451mW VDD_SOC 1430mW/1596mW
09-14-2026 11:44:36 RAM 7243/7620MB (lfb 6x2MB) SWAP 563/8192MB (cached 183MB) CPU [0%@729,1%@729,0%@729,1%@729,0%@729,0%@729] GR3D_FREQ 0% cpu@52.843C soc2@51.093C soc0@51.656C gpu@51.812C tj@52.843C soc1@52.437C VDD_IN 4530mW/5901mW VDD_CPU_GPU_CV 555mW/1448mW VDD_SOC 1430mW/1595mW
09-14-2026 11:44:37 RAM 7243/7620MB (lfb 6x2MB) SWAP 563/8192MB (cached 183MB) CPU [0%@1728,0%@1728,0%@1728,0%@1728,0%@729,0%@729] GR3D_FREQ 0% cpu@52.531C soc2@51.093C soc0@51.656C gpu@51.875C tj@52.531C soc1@52.468C VDD_IN 4491mW/5895mW VDD_CPU_GPU_CV 555mW/1444mW VDD_SOC 1430mW/1595mW
09-14-2026 11:44:37 RAM 7243/7620MB (lfb 6x2MB) SWAP 563/8192MB (cached 183MB) CPU [0%@729,1%@729,0%@729,0%@729,0%@729,0%@729] GR3D_FREQ 0% cpu@52.656C soc2@51C soc0@51.625C gpu@51.812C tj@52.656C soc1@52.375C VDD_IN 4491mW/5889mW VDD_CPU_GPU_CV 555mW/1440mW VDD_SOC 1430mW/1594mW
09-14-2026 11:44:38 RAM 7243/7620MB (lfb 6x2MB) SWAP 563/8192MB (cached 183MB) CPU [0%@1728,0%@1728,0%@1728,0%@1728,0%@729,0%@729] GR3D_FREQ 0% cpu@52.5C soc2@50.968C soc0@51.593C gpu@51.843C tj@52.687C soc1@52.593C VDD_IN 4491mW/5884mW VDD_CPU_GPU_CV 555mW/1437mW VDD_SOC 1430mW/1593mW
09-14-2026 11:44:38 RAM 7243/7620MB (lfb 6x2MB) SWAP 563/8192MB (cached 183MB) CPU [1%@1728,3%@1728,0%@1728,0%@1728,0%@729,0%@729] GR3D_FREQ 0% cpu@52.531C soc2@51.031C soc0@51.562C gpu@51.781C tj@52.531C soc1@52.406C VDD_IN 4530mW/5878mW VDD_CPU_GPU_CV 555mW/1433mW VDD_SOC 1430mW/1593mW
09-14-2026 11:44:39 RAM 7243/7620MB (lfb 6x2MB) SWAP 563/8192MB (cached 183MB) CPU [0%@1728,0%@1728,0%@1728,1%@1728,0%@729,0%@729] GR3D_FREQ 0% cpu@52.437C soc2@51.093C soc0@51.593C gpu@51.812C tj@52.437C soc1@52.375C VDD_IN 4530mW/5873mW VDD_CPU_GPU_CV 555mW/1430mW VDD_SOC 1430mW/1592mW
09-14-2026 11:44:39 RAM 7243/7620MB (lfb 6x2MB) SWAP 563/8192MB (cached 183MB) CPU [0%@1728,1%@1728,0%@1728,0%@1728,0%@729,0%@729] GR3D_FREQ 0% cpu@52.562C soc2@51.031C soc0@51.625C gpu@51.843C tj@52.562C soc1@52.343C VDD_IN 4491mW/5868mW VDD_CPU_GPU_CV 555mW/1426mW VDD_SOC 1430mW/1591mW
09-14-2026 11:44:40 RAM 7243/7620MB (lfb 6x2MB) SWAP 563/8192MB (cached 183MB) CPU [1%@1728,0%@1728,0%@1728,0%@1728,0%@729,0%@729] GR3D_FREQ 0% cpu@52.875C soc2@50.937C soc0@51.687C gpu@51.843C tj@52.875C soc1@52.375C VDD_IN 4530mW/5862mW VDD_CPU_GPU_CV 555mW/1423mW VDD_SOC 1430mW/1591mW
09-14-2026 11:44:40 RAM 7243/7620MB (lfb 6x2MB) SWAP 563/8192MB (cached 183MB) CPU [1%@1728,0%@1728,0%@1728,0%@1728,0%@729,0%@729] GR3D_FREQ 0% cpu@52.562C soc2@50.968C soc0@51.656C gpu@51.75C tj@52.562C soc1@52.281C VDD_IN 4530mW/5857mW VDD_CPU_GPU_CV 555mW/1420mW VDD_SOC 1430mW/1590mW
09-14-2026 11:44:41 RAM 7243/7620MB (lfb 6x2MB) SWAP 563/8192MB (cached 183MB) CPU [0%@729,0%@729,0%@729,0%@729,0%@729,0%@729] GR3D_FREQ 0% cpu@52.625C soc2@51.031C soc0@51.687C gpu@51.75C tj@52.625C soc1@52.437C VDD_IN 4491mW/5852mW VDD_CPU_GPU_CV 555mW/1416mW VDD_SOC 1430mW/1590mW
09-14-2026 11:44:41 RAM 7243/7620MB (lfb 6x2MB) SWAP 563/8192MB (cached 183MB) CPU [0%@1728,0%@1728,0%@1728,1%@1728,0%@729,0%@729] GR3D_FREQ 0% cpu@52.5C soc2@50.968C soc0@51.562C gpu@51.718C tj@52.5C soc1@52.406C VDD_IN 4491mW/5846mW VDD_CPU_GPU_CV 555mW/1413mW VDD_SOC 1430mW/1589mW
09-14-2026 11:44:42 RAM 7243/7620MB (lfb 6x2MB) SWAP 563/8192MB (cached 183MB) CPU [0%@729,1%@729,0%@729,0%@729,0%@729,0%@729] GR3D_FREQ 0% cpu@52.5C soc2@51.031C soc0@51.531C gpu@51.718C tj@52.5C soc1@52.312C VDD_IN 4530mW/5841mW VDD_CPU_GPU_CV 555mW/1409mW VDD_SOC 1430mW/1588mW
09-14-2026 11:44:42 RAM 7243/7620MB (lfb 6x2MB) SWAP 563/8192MB (cached 183MB) CPU [0%@1728,0%@1728,1%@1728,0%@1728,0%@729,0%@729] GR3D_FREQ 0% cpu@52.437C soc2@50.968C soc0@51.5C gpu@51.687C tj@52.375C soc1@52.25C VDD_IN 4530mW/5836mW VDD_CPU_GPU_CV 555mW/1406mW VDD_SOC 1430mW/1588mW
09-14-2026 11:44:43 RAM 7243/7620MB (lfb 6x2MB) SWAP 563/8192MB (cached 183MB) CPU [0%@1728,0%@1728,0%@1728,0%@1728,0%@729,0%@729] GR3D_FREQ 0% cpu@52.625C soc2@50.937C soc0@51.718C gpu@52.093C tj@52.625C soc1@52.25C VDD_IN 4491mW/5831mW VDD_CPU_GPU_CV 555mW/1403mW VDD_SOC 1430mW/1587mW
09-14-2026 11:44:43 RAM 7243/7620MB (lfb 6x2MB) SWAP 563/8192MB (cached 183MB) CPU [3%@729,0%@729,0%@729,0%@729,0%@729,0%@729] GR3D_FREQ 0% cpu@52.718C soc2@51C soc0@51.625C gpu@51.875C tj@52.718C soc1@52.187C VDD_IN 4491mW/5826mW VDD_CPU_GPU_CV 555mW/1400mW VDD_SOC 1430mW/1586mW
09-14-2026 11:44:44 RAM 7243/7620MB (lfb 6x2MB) SWAP 563/8192MB (cached 183MB) CPU [0%@729,0%@729,0%@729,0%@729,0%@729,0%@729] GR3D_FREQ 0% cpu@52.531C soc2@50.937C soc0@51.625C gpu@52C tj@52.531C soc1@52.406C VDD_IN 4491mW/5821mW VDD_CPU_GPU_CV 555mW/1396mW VDD_SOC 1430mW/1586mW
09-14-2026 11:44:44 RAM 7243/7620MB (lfb 6x2MB) SWAP 563/8192MB (cached 183MB) CPU [0%@729,0%@1728,0%@1728,1%@1728,0%@729,0%@729] GR3D_FREQ 0% cpu@52.468C soc2@50.937C soc0@51.625C gpu@51.906C tj@52.468C soc1@52.375C VDD_IN 4530mW/5816mW VDD_CPU_GPU_CV 555mW/1393mW VDD_SOC 1430mW/1585mW
09-14-2026 11:44:45 RAM 7243/7620MB (lfb 6x2MB) SWAP 563/8192MB (cached 183MB) CPU [1%@1728,3%@1728,0%@1728,0%@1728,0%@729,1%@729] GR3D_FREQ 0% cpu@52.468C soc2@51C soc0@51.468C gpu@51.968C tj@52.406C soc1@52.281C VDD_IN 4491mW/5811mW VDD_CPU_GPU_CV 555mW/1390mW VDD_SOC 1430mW/1585mW
09-14-2026 11:44:45 RAM 7243/7620MB (lfb 6x2MB) SWAP 563/8192MB (cached 183MB) CPU [3%@1728,1%@1728,0%@1728,0%@1728,0%@729,0%@729] GR3D_FREQ 0% cpu@52.718C soc2@50.968C soc0@51.5C gpu@51.812C tj@52.718C soc1@52.281C VDD_IN 4530mW/5806mW VDD_CPU_GPU_CV 555mW/1387mW VDD_SOC 1430mW/1584mW
09-14-2026 11:44:46 RAM 7243/7620MB (lfb 6x2MB) SWAP 563/8192MB (cached 183MB) CPU [1%@1728,0%@1728,0%@1728,0%@1728,0%@729,0%@729] GR3D_FREQ 0% cpu@52.468C soc2@50.906C soc0@51.562C gpu@51.968C tj@52.406C soc1@52.156C VDD_IN 4530mW/5801mW VDD_CPU_GPU_CV 555mW/1384mW VDD_SOC 1430mW/1583mW
09-14-2026 11:44:46 RAM 7243/7620MB (lfb 6x2MB) SWAP 563/8192MB (cached 183MB) CPU [0%@729,1%@729,3%@729,0%@729,0%@729,0%@729] GR3D_FREQ 0% cpu@52.562C soc2@50.906C soc0@51.531C gpu@51.843C tj@52.562C soc1@52.187C VDD_IN 4530mW/5796mW VDD_CPU_GPU_CV 555mW/1381mW VDD_SOC 1430mW/1583mW
09-14-2026 11:44:47 RAM 7248/7620MB (lfb 6x2MB) SWAP 563/8192MB (cached 183MB) CPU [12%@1728,10%@1728,8%@1728,6%@1728,3%@729,5%@729] GR3D_FREQ 0% cpu@52.625C soc2@50.968C soc0@51.531C gpu@51.718C tj@52.625C soc1@52.406C VDD_IN 4729mW/5792mW VDD_CPU_GPU_CV 674mW/1378mW VDD_SOC 1430mW/1582mW
09-14-2026 11:44:47 RAM 7260/7620MB (lfb 5x2MB) SWAP 563/8192MB (cached 182MB) CPU [28%@1728,26%@1728,24%@1728,12%@1728,16%@1728,41%@1728] GR3D_FREQ 0% cpu@53.062C soc2@50.937C soc0@51.531C gpu@51.875C tj@53.062C soc1@52.406C VDD_IN 5325mW/5791mW VDD_CPU_GPU_CV 1111mW/1377mW VDD_SOC 1470mW/1582mW
09-14-2026 11:44:48 RAM 7275/7620MB (lfb 14x1MB) SWAP 625/8192MB (cached 183MB) CPU [8%@1728,0%@1728,46%@1728,0%@1728,2%@1190,60%@1190] GR3D_FREQ 0% cpu@52.656C soc2@51.187C soc0@51.562C gpu@51.781C tj@52.656C soc1@52.312C VDD_IN 5564mW/5790mW VDD_CPU_GPU_CV 1269mW/1377mW VDD_SOC 1510mW/1582mW
09-14-2026 11:44:48 RAM 7121/7620MB (lfb 7x2MB) SWAP 663/8192MB (cached 178MB) CPU [7%@1728,2%@1728,23%@1728,0%@1728,3%@729,48%@729] GR3D_FREQ 0% cpu@52.687C soc2@51C soc0@51.531C gpu@51.875C tj@52.687C soc1@52.312C VDD_IN 5285mW/5788mW VDD_CPU_GPU_CV 1031mW/1375mW VDD_SOC 1510mW/1581mW
09-14-2026 11:44:49 RAM 7126/7620MB (lfb 7x2MB) SWAP 663/8192MB (cached 178MB) CPU [1%@1728,18%@1728,0%@1728,0%@1728,0%@729,0%@729] GR3D_FREQ 0% cpu@52.718C soc2@51C soc0@51.718C gpu@51.812C tj@52.718C soc1@52.281C VDD_IN 4809mW/5784mW VDD_CPU_GPU_CV 714mW/1373mW VDD_SOC 1470mW/1581mW
09-14-2026 11:44:49 RAM 7126/7620MB (lfb 7x2MB) SWAP 663/8192MB (cached 178MB) CPU [0%@729,3%@729,0%@729,0%@729,0%@729,0%@729] GR3D_FREQ 0% cpu@52.687C soc2@50.968C soc0@51.656C gpu@51.781C tj@52.687C soc1@52.218C VDD_IN 4610mW/5780mW VDD_CPU_GPU_CV 595mW/1370mW VDD_SOC 1430mW/1580mW
09-14-2026 11:44:50 RAM 7126/7620MB (lfb 7x2MB) SWAP 663/8192MB (cached 178MB) CPU [0%@729,2%@729,0%@729,0%@729,0%@729,0%@729] GR3D_FREQ 0% cpu@52.625C soc2@50.937C soc0@51.531C gpu@51.687C tj@52.625C soc1@52.218C VDD_IN 4530mW/5775mW VDD_CPU_GPU_CV 555mW/1367mW VDD_SOC 1430mW/1580mW
09-14-2026 11:44:51 RAM 7126/7620MB (lfb 7x2MB) SWAP 663/8192MB (cached 178MB) CPU [0%@1728,0%@1728,0%@1728,0%@1728,0%@729,0%@729] GR3D_FREQ 0% cpu@52.437C soc2@50.937C soc0@51.5C gpu@51.718C tj@52.437C soc1@52.375C VDD_IN 4491mW/5771mW VDD_CPU_GPU_CV 515mW/1364mW VDD_SOC 1430mW/1579mW
09-14-2026 11:44:51 RAM 7126/7620MB (lfb 7x2MB) SWAP 663/8192MB (cached 178MB) CPU [1%@1728,0%@1728,1%@1728,0%@1728,0%@729,0%@729] GR3D_FREQ 0% cpu@52.468C soc2@50.937C soc0@51.437C gpu@51.687C tj@52.468C soc1@52.312C VDD_IN 4491mW/5766mW VDD_CPU_GPU_CV 515mW/1361mW VDD_SOC 1430mW/1579mW
09-14-2026 11:44:52 RAM 7126/7620MB (lfb 7x2MB) SWAP 663/8192MB (cached 178MB) CPU [0%@729,1%@729,0%@729,0%@729,0%@729,0%@729] GR3D_FREQ 0% cpu@52.343C soc2@51C soc0@51.437C gpu@51.687C tj@52.343C soc1@52.218C VDD_IN 4491mW/5761mW VDD_CPU_GPU_CV 515mW/1358mW VDD_SOC 1430mW/1578mW
09-14-2026 11:44:52 RAM 7126/7620MB (lfb 7x2MB) SWAP 663/8192MB (cached 178MB) CPU [0%@1728,0%@1728,1%@1728,0%@1728,0%@729,0%@729] GR3D_FREQ 0% cpu@52.406C soc2@50.937C soc0@51.656C gpu@51.687C tj@52.406C soc1@52.281C VDD_IN 4491mW/5757mW VDD_CPU_GPU_CV 515mW/1355mW VDD_SOC 1430mW/1578mW
09-14-2026 11:44:53 RAM 7126/7620MB (lfb 7x2MB) SWAP 663/8192MB (cached 178MB) CPU [1%@1728,1%@1728,0%@1728,1%@1728,0%@729,0%@729] GR3D_FREQ 0% cpu@52.531C soc2@50.968C soc0@51.5C gpu@51.656C tj@52.531C soc1@52.187C VDD_IN 4491mW/5752mW VDD_CPU_GPU_CV 515mW/1352mW VDD_SOC 1430mW/1577mW
09-14-2026 11:44:53 RAM 7126/7620MB (lfb 7x2MB) SWAP 663/8192MB (cached 178MB) CPU [0%@729,0%@729,1%@729,0%@729,0%@729,0%@729] GR3D_FREQ 0% cpu@52.437C soc2@50.843C soc0@51.437C gpu@51.687C tj@52.437C soc1@52.156C VDD_IN 4491mW/5748mW VDD_CPU_GPU_CV 515mW/1349mW VDD_SOC 1430mW/1577mW
09-14-2026 11:44:54 RAM 7126/7620MB (lfb 7x2MB) SWAP 663/8192MB (cached 178MB) CPU [0%@1728,0%@1728,0%@1728,0%@1728,0%@729,0%@729] GR3D_FREQ 0% cpu@52.406C soc2@50.718C soc0@51.5C gpu@51.593C tj@52.406C soc1@52.343C VDD_IN 4491mW/5743mW VDD_CPU_GPU_CV 515mW/1346mW VDD_SOC 1430mW/1576mW
09-14-2026 11:44:54 RAM 7126/7620MB (lfb 7x2MB) SWAP 663/8192MB (cached 178MB) CPU [0%@1728,0%@1728,0%@1728,1%@1728,0%@729,0%@729] GR3D_FREQ 0% cpu@52.406C soc2@50.937C soc0@51.437C gpu@51.593C tj@52.406C soc1@52.25C VDD_IN 4491mW/5739mW VDD_CPU_GPU_CV 515mW/1343mW VDD_SOC 1430mW/1576mW
09-14-2026 11:44:55 RAM 7126/7620MB (lfb 7x2MB) SWAP 663/8192MB (cached 178MB) CPU [0%@1728,1%@1728,1%@1728,1%@1728,0%@729,0%@729] GR3D_FREQ 0% cpu@52.625C soc2@50.906C soc0@51.437C gpu@51.968C tj@52.625C soc1@52.156C VDD_IN 4491mW/5734mW VDD_CPU_GPU_CV 515mW/1340mW VDD_SOC 1430mW/1575mW
09-14-2026 11:44:55 RAM 7126/7620MB (lfb 7x2MB) SWAP 663/8192MB (cached 178MB) CPU [1%@1728,0%@1728,0%@1728,0%@1728,0%@729,0%@729] GR3D_FREQ 0% cpu@52.75C soc2@50.937C soc0@51.5C gpu@51.875C tj@52.75C soc1@52.125C VDD_IN 4570mW/5730mW VDD_CPU_GPU_CV 515mW/1337mW VDD_SOC 1470mW/1575mW
09-14-2026 11:44:56 RAM 7126/7620MB (lfb 7x2MB) SWAP 663/8192MB (cached 178MB) CPU [0%@1728,0%@1728,0%@1728,0%@1728,0%@729,0%@729] GR3D_FREQ 0% cpu@52.468C soc2@50.843C soc0@51.437C gpu@51.968C tj@52.468C soc1@52.156C VDD_IN 4570mW/5726mW VDD_CPU_GPU_CV 515mW/1334mW VDD_SOC 1470mW/1574mW
09-14-2026 11:44:56 RAM 7126/7620MB (lfb 7x2MB) SWAP 663/8192MB (cached 178MB) CPU [0%@1728,1%@1728,1%@1728,0%@1728,0%@729,0%@729] GR3D_FREQ 0% cpu@52.406C soc2@50.843C soc0@51.437C gpu@51.718C tj@52.406C soc1@52.375C VDD_IN 4530mW/5722mW VDD_CPU_GPU_CV 515mW/1331mW VDD_SOC 1430mW/1574mW
09-14-2026 11:44:57 RAM 7126/7620MB (lfb 7x2MB) SWAP 663/8192MB (cached 178MB) CPU [1%@729,1%@729,0%@729,0%@729,0%@729,0%@729] GR3D_FREQ 0% cpu@52.406C soc2@50.937C soc0@51.437C gpu@51.906C tj@52.406C soc1@52.156C VDD_IN 4491mW/5718mW VDD_CPU_GPU_CV 515mW/1328mW VDD_SOC 1430mW/1573mW
09-14-2026 11:44:57 RAM 7126/7620MB (lfb 7x2MB) SWAP 663/8192MB (cached 178MB) CPU [0%@1728,0%@1728,1%@1728,0%@1728,0%@729,0%@729] GR3D_FREQ 0% cpu@52.25C soc2@50.906C soc0@51.437C gpu@51.75C tj@52.25C soc1@52.093C VDD_IN 4491mW/5713mW VDD_CPU_GPU_CV 515mW/1325mW VDD_SOC 1430mW/1573mW
09-14-2026 11:44:58 RAM 7126/7620MB (lfb 7x2MB) SWAP 663/8192MB (cached 178MB) CPU [0%@729,0%@729,0%@729,0%@729,0%@729,0%@729] GR3D_FREQ 0% cpu@52.468C soc2@50.875C soc0@51.5C gpu@51.843C tj@52.468C soc1@52.125C VDD_IN 4491mW/5709mW VDD_CPU_GPU_CV 515mW/1323mW VDD_SOC 1430mW/1572mW
09-14-2026 11:44:58 RAM 7126/7620MB (lfb 7x2MB) SWAP 663/8192MB (cached 178MB) CPU [1%@729,0%@729,0%@729,0%@729,0%@729,0%@729] GR3D_FREQ 0% cpu@52.562C soc2@50.843C soc0@51.531C gpu@51.656C tj@52.562C soc1@52.125C VDD_IN 4491mW/5705mW VDD_CPU_GPU_CV 515mW/1320mW VDD_SOC 1430mW/1572mW
09-14-2026 11:44:59 RAM 7126/7620MB (lfb 7x2MB) SWAP 663/8192MB (cached 178MB) CPU [1%@1728,0%@1728,0%@1728,0%@1728,0%@729,0%@729] GR3D_FREQ 0% cpu@52.375C soc2@50.812C soc0@51.468C gpu@51.625C tj@52.406C soc1@52.093C VDD_IN 4491mW/5701mW VDD_CPU_GPU_CV 515mW/1317mW VDD_SOC 1430mW/1571mW
09-14-2026 11:44:59 RAM 7126/7620MB (lfb 7x2MB) SWAP 663/8192MB (cached 178MB) CPU [0%@729,1%@729,0%@729,0%@1728,0%@729,0%@729] GR3D_FREQ 0% cpu@52.406C soc2@50.718C soc0@51.406C gpu@51.625C tj@52.406C soc1@52.187C VDD_IN 4491mW/5697mW VDD_CPU_GPU_CV 515mW/1314mW VDD_SOC 1430mW/1571mW
09-14-2026 11:45:00 RAM 7126/7620MB (lfb 7x2MB) SWAP 663/8192MB (cached 178MB) CPU [1%@1728,0%@1728,0%@1728,0%@1728,0%@729,0%@729] GR3D_FREQ 0% cpu@52.312C soc2@50.843C soc0@51.312C gpu@51.593C tj@52.312C soc1@52.156C VDD_IN 4491mW/5692mW VDD_CPU_GPU_CV 515mW/1312mW VDD_SOC 1430mW/1570mW
09-14-2026 11:45:00 RAM 7126/7620MB (lfb 7x2MB) SWAP 663/8192MB (cached 178MB) CPU [0%@729,1%@729,0%@729,0%@729,0%@729,0%@729] GR3D_FREQ 0% cpu@52.531C soc2@50.906C soc0@51.406C gpu@51.687C tj@52.531C soc1@52C VDD_IN 4491mW/5688mW VDD_CPU_GPU_CV 515mW/1309mW VDD_SOC 1430mW/1570mW
09-14-2026 11:45:01 RAM 7127/7620MB (lfb 7x2MB) SWAP 663/8192MB (cached 178MB) CPU [0%@1728,2%@1728,3%@1728,0%@1728,0%@729,0%@729] GR3D_FREQ 0% cpu@52.593C soc2@50.843C soc0@51.468C gpu@51.656C tj@52.593C soc1@52.062C VDD_IN 4530mW/5684mW VDD_CPU_GPU_CV 515mW/1306mW VDD_SOC 1430mW/1569mW
09-14-2026 11:45:01 RAM 7127/7620MB (lfb 7x2MB) SWAP 663/8192MB (cached 178MB) CPU [1%@729,1%@1728,1%@1728,0%@1728,0%@729,1%@729] GR3D_FREQ 0% cpu@52.375C soc2@50.687C soc0@51.468C gpu@51.531C tj@52.375C soc1@52.062C VDD_IN 4530mW/5680mW VDD_CPU_GPU_CV 555mW/1304mW VDD_SOC 1430mW/1569mW
09-14-2026 11:45:02 RAM 7127/7620MB (lfb 7x2MB) SWAP 663/8192MB (cached 178MB) CPU [1%@729,0%@729,0%@729,0%@729,0%@729,0%@729] GR3D_FREQ 0% cpu@52.406C soc2@50.687C soc0@51.437C gpu@51.468C tj@52.468C soc1@52.062C VDD_IN 4491mW/5676mW VDD_CPU_GPU_CV 515mW/1301mW VDD_SOC 1430mW/1569mW
09-14-2026 11:45:02 RAM 7127/7620MB (lfb 7x2MB) SWAP 663/8192MB (cached 178MB) CPU [0%@1728,0%@1728,0%@1728,0%@1728,0%@729,0%@729] GR3D_FREQ 0% cpu@52.375C soc2@50.75C soc0@51.375C gpu@51.5C tj@52.375C soc1@52.218C VDD_IN 4491mW/5672mW VDD_CPU_GPU_CV 515mW/1298mW VDD_SOC 1430mW/1568mW
09-14-2026 11:45:03 RAM 7127/7620MB (lfb 7x2MB) SWAP 663/8192MB (cached 178MB) CPU [0%@1728,0%@1728,0%@1728,0%@1728,0%@729,0%@729] GR3D_FREQ 0% cpu@52.25C soc2@50.875C soc0@51.343C gpu@51.562C tj@52.281C soc1@52.156C VDD_IN 4491mW/5669mW VDD_CPU_GPU_CV 515mW/1296mW VDD_SOC 1430mW/1568mW
09-14-2026 11:45:03 RAM 7126/7620MB (lfb 7x2MB) SWAP 663/8192MB (cached 178MB) CPU [1%@729,0%@729,0%@729,0%@729,1%@729,0%@729] GR3D_FREQ 0% cpu@52.406C soc2@50.843C soc0@51.281C gpu@51.5C tj@52.406C soc1@52.062C VDD_IN 4491mW/5665mW VDD_CPU_GPU_CV 515mW/1293mW VDD_SOC 1430mW/1567mW
09-14-2026 11:45:04 RAM 7126/7620MB (lfb 7x2MB) SWAP 663/8192MB (cached 178MB) CPU [0%@1728,0%@1728,1%@1728,0%@1728,0%@729,0%@729] GR3D_FREQ 0% cpu@52.406C soc2@50.843C soc0@51.406C gpu@51.468C tj@52.406C soc1@52.031C VDD_IN 4491mW/5661mW VDD_CPU_GPU_CV 515mW/1290mW VDD_SOC 1430mW/1567mW
09-14-2026 11:45:04 RAM 7126/7620MB (lfb 7x2MB) SWAP 663/8192MB (cached 178MB) CPU [0%@1728,1%@1728,0%@1728,0%@1728,0%@729,0%@729] GR3D_FREQ 0% cpu@52.531C soc2@50.781C soc0@51.375C gpu@51.5C tj@52.531C soc1@51.937C VDD_IN 4491mW/5657mW VDD_CPU_GPU_CV 515mW/1288mW VDD_SOC 1430mW/1566mW
09-14-2026 11:45:05 RAM 7126/7620MB (lfb 7x2MB) SWAP 663/8192MB (cached 178MB) CPU [0%@1728,1%@1728,0%@1728,0%@1728,0%@729,0%@729] GR3D_FREQ 0% cpu@52.343C soc2@50.781C soc0@51.25C gpu@51.718C tj@52.343C soc1@52C VDD_IN 4491mW/5653mW VDD_CPU_GPU_CV 515mW/1285mW VDD_SOC 1430mW/1566mW
09-14-2026 11:45:05 RAM 7126/7620MB (lfb 7x2MB) SWAP 663/8192MB (cached 178MB) CPU [1%@729,0%@729,0%@729,0%@729,0%@729,0%@729] GR3D_FREQ 0% cpu@52.156C soc2@50.656C soc0@51.343C gpu@51.375C tj@52.187C soc1@52.187C VDD_IN 4491mW/5649mW VDD_CPU_GPU_CV 515mW/1283mW VDD_SOC 1430mW/1565mW
09-14-2026 11:45:06 RAM 7126/7620MB (lfb 7x2MB) SWAP 663/8192MB (cached 178MB) CPU [0%@729,1%@729,0%@729,3%@729,0%@729,0%@729] GR3D_FREQ 0% cpu@52.218C soc2@50.843C soc0@51.312C gpu@51.687C tj@52.218C soc1@52.093C VDD_IN 4491mW/5645mW VDD_CPU_GPU_CV 515mW/1280mW VDD_SOC 1430mW/1565mW
09-14-2026 11:45:06 RAM 7126/7620MB (lfb 7x2MB) SWAP 663/8192MB (cached 178MB) CPU [1%@729,0%@729,0%@729,1%@729,0%@729,0%@729] GR3D_FREQ 0% cpu@52.5C soc2@50.75C soc0@51.343C gpu@51.812C tj@52.5C soc1@51.968C VDD_IN 4491mW/5641mW VDD_CPU_GPU_CV 515mW/1278mW VDD_SOC 1430mW/1564mW
09-14-2026 11:45:07 RAM 7126/7620MB (lfb 7x2MB) SWAP 663/8192MB (cached 178MB) CPU [0%@1728,1%@1728,0%@1728,3%@1728,0%@729,0%@729] GR3D_FREQ 0% cpu@52.312C soc2@50.75C soc0@51.437C gpu@51.625C tj@52.312C soc1@51.968C VDD_IN 4491mW/5638mW VDD_CPU_GPU_CV 515mW/1275mW VDD_SOC 1430mW/1564mW
09-14-2026 11:45:07 RAM 7126/7620MB (lfb 7x2MB) SWAP 663/8192MB (cached 178MB) CPU [0%@1728,0%@1728,0%@1728,0%@1728,0%@729,0%@729] GR3D_FREQ 0% cpu@52.406C soc2@50.718C soc0@51.437C gpu@51.531C tj@52.406C soc1@52C VDD_IN 4491mW/5634mW VDD_CPU_GPU_CV 515mW/1273mW VDD_SOC 1430mW/1564mW
09-14-2026 11:45:08 RAM 7126/7620MB (lfb 7x2MB) SWAP 663/8192MB (cached 178MB) CPU [0%@1728,0%@1728,0%@1728,0%@1728,0%@729,0%@729] GR3D_FREQ 0% cpu@52.218C soc2@50.718C soc0@51.375C gpu@51.625C tj@52.218C soc1@51.937C VDD_IN 4491mW/5630mW VDD_CPU_GPU_CV 515mW/1270mW VDD_SOC 1430mW/1563mW
09-14-2026 11:45:08 RAM 7127/7620MB (lfb 7x2MB) SWAP 663/8192MB (cached 178MB) CPU [0%@1728,0%@1728,0%@1728,0%@1728,0%@729,0%@729] GR3D_FREQ 0% cpu@52.25C soc2@50.75C soc0@51.312C gpu@51.531C tj@52.25C soc1@52.062C VDD_IN 4530mW/5627mW VDD_CPU_GPU_CV 555mW/1268mW VDD_SOC 1430mW/1563mW
09-14-2026 11:45:09 RAM 7127/7620MB (lfb 7x2MB) SWAP 663/8192MB (cached 178MB) CPU [0%@729,0%@1728,1%@1728,0%@1728,0%@729,0%@729] GR3D_FREQ 0% cpu@52.125C soc2@50.781C soc0@51.281C gpu@51.562C tj@52.125C soc1@52.093C VDD_IN 4491mW/5623mW VDD_CPU_GPU_CV 515mW/1266mW VDD_SOC 1430mW/1562mW
09-14-2026 11:45:09 RAM 7126/7620MB (lfb 7x2MB) SWAP 663/8192MB (cached 178MB) CPU [0%@729,1%@729,0%@729,0%@729,0%@729,0%@729] GR3D_FREQ 0% cpu@52.375C soc2@50.625C soc0@51.187C gpu@51.562C tj@52.343C soc1@51.906C VDD_IN 4491mW/5619mW VDD_CPU_GPU_CV 515mW/1263mW VDD_SOC 1430mW/1562mW
09-14-2026 11:45:10 RAM 7126/7620MB (lfb 7x2MB) SWAP 663/8192MB (cached 178MB) CPU [0%@1728,0%@1728,0%@1728,0%@1728,0%@729,0%@729] GR3D_FREQ 0% cpu@52.406C soc2@50.687C soc0@51.437C gpu@51.562C tj@52.406C soc1@52C VDD_IN 4491mW/5616mW VDD_CPU_GPU_CV 515mW/1261mW VDD_SOC 1430mW/1561mW
09-14-2026 11:45:10 RAM 7126/7620MB (lfb 7x2MB) SWAP 663/8192MB (cached 178MB) CPU [1%@1728,0%@1728,1%@1728,0%@1728,0%@729,0%@729] GR3D_FREQ 0% cpu@52.312C soc2@50.656C soc0@51.375C gpu@51.5C tj@52.312C soc1@51.906C VDD_IN 4491mW/5612mW VDD_CPU_GPU_CV 515mW/1258mW VDD_SOC 1430mW/1561mW
09-14-2026 11:45:11 RAM 7126/7620MB (lfb 7x2MB) SWAP 663/8192MB (cached 178MB) CPU [0%@1728,3%@1728,0%@1728,0%@1728,0%@729,0%@729] GR3D_FREQ 0% cpu@52.25C soc2@50.75C soc0@51.343C gpu@51.437C tj@52.281C soc1@51.937C VDD_IN 4491mW/5609mW VDD_CPU_GPU_CV 515mW/1256mW VDD_SOC 1430mW/1561mW
09-14-2026 11:45:11 RAM 7126/7620MB (lfb 7x2MB) SWAP 663/8192MB (cached 178MB) CPU [2%@1728,0%@1728,0%@1728,0%@1728,0%@729,0%@729] GR3D_FREQ 0% cpu@52.187C soc2@50.625C soc0@51.343C gpu@51.468C tj@52.187C soc1@52.125C VDD_IN 4491mW/5605mW VDD_CPU_GPU_CV 515mW/1254mW VDD_SOC 1430mW/1560mW
09-14-2026 11:45:12 RAM 7126/7620MB (lfb 7x2MB) SWAP 663/8192MB (cached 178MB) CPU [0%@729,0%@729,0%@729,0%@729,0%@729,0%@729] GR3D_FREQ 0% cpu@52.093C soc2@50.718C soc0@51.281C gpu@51.437C tj@52.093C soc1@52C VDD_IN 4491mW/5602mW VDD_CPU_GPU_CV 515mW/1251mW VDD_SOC 1430mW/1560mW
09-14-2026 11:45:12 RAM 7127/7620MB (lfb 7x2MB) SWAP 663/8192MB (cached 178MB) CPU [1%@1728,1%@1728,1%@1728,0%@1728,0%@729,10%@729] GR3D_FREQ 0% cpu@52.281C soc2@50.687C soc0@51.281C gpu@51.5C tj@52.281C soc1@51.937C VDD_IN 4530mW/5598mW VDD_CPU_GPU_CV 555mW/1249mW VDD_SOC 1430mW/1559mW
09-14-2026 11:45:13 RAM 7127/7620MB (lfb 7x2MB) SWAP 663/8192MB (cached 178MB) CPU [1%@1728,1%@1728,0%@1728,1%@1728,0%@729,0%@729] GR3D_FREQ 0% cpu@52.375C soc2@50.718C soc0@51.406C gpu@51.437C tj@52.375C soc1@52C VDD_IN 4491mW/5595mW VDD_CPU_GPU_CV 555mW/1247mW VDD_SOC 1430mW/1559mW
09-14-2026 11:45:13 RAM 7126/7620MB (lfb 7x2MB) SWAP 663/8192MB (cached 178MB) CPU [0%@729,0%@1728,0%@1728,0%@1728,0%@729,0%@729] GR3D_FREQ 0% cpu@52.343C soc2@50.625C soc0@51.312C gpu@51.437C tj@52.343C soc1@51.968C VDD_IN 4491mW/5591mW VDD_CPU_GPU_CV 515mW/1245mW VDD_SOC 1430mW/1559mW
09-14-2026 11:45:14 RAM 7131/7620MB (lfb 7x2MB) SWAP 663/8192MB (cached 178MB) CPU [6%@1728,5%@1728,10%@1728,6%@1728,1%@729,3%@729] GR3D_FREQ 0% cpu@52.25C soc2@50.687C soc0@51.312C gpu@51.468C tj@52.25C soc1@51.937C VDD_IN 4650mW/5588mW VDD_CPU_GPU_CV 634mW/1243mW VDD_SOC 1430mW/1558mW
09-14-2026 11:45:14 RAM 7131/7620MB (lfb 7x2MB) SWAP 663/8192MB (cached 178MB) CPU [5%@729,1%@729,0%@729,2%@729,0%@729,2%@729] GR3D_FREQ 0% cpu@52.062C soc2@50.593C soc0@51.281C gpu@51.687C tj@52.125C soc1@52.125C VDD_IN 4570mW/5585mW VDD_CPU_GPU_CV 595mW/1241mW VDD_SOC 1430mW/1558mW
09-14-2026 11:45:15 RAM 7131/7620MB (lfb 7x2MB) SWAP 663/8192MB (cached 178MB) CPU [1%@729,1%@729,0%@729,0%@729,0%@729,0%@729] GR3D_FREQ 0% cpu@52.343C soc2@50.625C soc0@51.125C gpu@51.375C tj@52.25C soc1@52C VDD_IN 4530mW/5582mW VDD_CPU_GPU_CV 555mW/1239mW VDD_SOC 1430mW/1557mW
09-14-2026 11:45:15 RAM 7131/7620MB (lfb 7x2MB) SWAP 663/8192MB (cached 178MB) CPU [0%@1728,3%@1728,0%@1728,0%@1728,0%@729,0%@729] GR3D_FREQ 0% cpu@52.312C soc2@50.625C soc0@51.187C gpu@51.687C tj@52.312C soc1@51.937C VDD_IN 4530mW/5579mW VDD_CPU_GPU_CV 555mW/1236mW VDD_SOC 1430mW/1557mW
09-14-2026 11:45:16 RAM 7131/7620MB (lfb 7x2MB) SWAP 663/8192MB (cached 178MB) CPU [1%@729,0%@729,0%@729,0%@729,0%@729,0%@729] GR3D_FREQ 0% cpu@52.25C soc2@50.593C soc0@51.375C gpu@51.437C tj@52.187C soc1@52C VDD_IN 4530mW/5575mW VDD_CPU_GPU_CV 555mW/1234mW VDD_SOC 1430mW/1557mW
09-14-2026 11:45:16 RAM 7131/7620MB (lfb 7x2MB) SWAP 663/8192MB (cached 178MB) CPU [0%@1728,0%@1728,0%@1728,0%@1728,0%@729,0%@729] GR3D_FREQ 0% cpu@52.281C soc2@50.625C soc0@51.25C gpu@51.593C tj@52.281C soc1@51.906C VDD_IN 4530mW/5572mW VDD_CPU_GPU_CV 555mW/1232mW VDD_SOC 1430mW/1556mW
09-14-2026 11:45:17 RAM 7131/7620MB (lfb 7x2MB) SWAP 663/8192MB (cached 178MB) CPU [0%@1728,0%@1728,0%@1728,1%@1728,0%@729,0%@729] GR3D_FREQ 0% cpu@52.093C soc2@50.625C soc0@51.312C gpu@51.406C tj@52.156C soc1@52.156C VDD_IN 4491mW/5569mW VDD_CPU_GPU_CV 555mW/1230mW VDD_SOC 1430mW/1556mW
09-14-2026 11:45:17 RAM 7133/7620MB (lfb 6x2MB) SWAP 663/8192MB (cached 178MB) CPU [0%@1728,0%@1728,0%@1728,0%@1728,0%@729,0%@729] GR3D_FREQ 0% cpu@52.125C soc2@50.625C soc0@51.218C gpu@51.531C tj@52.125C soc1@52C VDD_IN 4530mW/5566mW VDD_CPU_GPU_CV 555mW/1228mW VDD_SOC 1430mW/1555mW
09-14-2026 11:45:18 RAM 7133/7620MB (lfb 6x2MB) SWAP 663/8192MB (cached 178MB) CPU [0%@1728,1%@1728,0%@1728,0%@1728,0%@729,0%@729] GR3D_FREQ 0% cpu@52.093C soc2@50.625C soc0@51.187C gpu@51.75C tj@52.093C soc1@51.968C VDD_IN 4530mW/5562mW VDD_CPU_GPU_CV 555mW/1226mW VDD_SOC 1430mW/1555mW
09-14-2026 11:45:18 RAM 7133/7620MB (lfb 6x2MB) SWAP 663/8192MB (cached 178MB) CPU [0%@1728,1%@1728,1%@1728,0%@1728,0%@729,1%@729] GR3D_FREQ 0% cpu@52.281C soc2@50.656C soc0@51.187C gpu@51.531C tj@52.281C soc1@51.875C VDD_IN 4530mW/5559mW VDD_CPU_GPU_CV 555mW/1224mW VDD_SOC 1430mW/1555mW
09-14-2026 11:45:19 RAM 7133/7620MB (lfb 6x2MB) SWAP 663/8192MB (cached 178MB) CPU [1%@729,1%@1728,0%@1728,1%@1728,0%@729,1%@729] GR3D_FREQ 0% cpu@52.343C soc2@50.562C soc0@51.343C gpu@51.531C tj@52.343C soc1@51.906C VDD_IN 4491mW/5556mW VDD_CPU_GPU_CV 555mW/1222mW VDD_SOC 1430mW/1554mW
09-14-2026 11:45:19 RAM 7133/7620MB (lfb 6x2MB) SWAP 663/8192MB (cached 178MB) CPU [0%@1728,1%@1728,0%@1728,0%@1728,0%@729,0%@729] GR3D_FREQ 0% cpu@52.125C soc2@50.562C soc0@51.343C gpu@51.437C tj@52.125C soc1@51.968C VDD_IN 4491mW/5553mW VDD_CPU_GPU_CV 555mW/1220mW VDD_SOC 1430mW/1554mW
09-14-2026 11:45:20 RAM 7133/7620MB (lfb 6x2MB) SWAP 663/8192MB (cached 178MB) CPU [0%@1728,1%@1728,0%@1728,0%@1728,0%@729,0%@729] GR3D_FREQ 0% cpu@52.125C soc2@50.593C soc0@51.187C gpu@51.406C tj@52.218C soc1@52.062C VDD_IN 4491mW/5550mW VDD_CPU_GPU_CV 555mW/1218mW VDD_SOC 1430mW/1553mW
09-14-2026 11:45:20 RAM 7133/7620MB (lfb 6x2MB) SWAP 663/8192MB (cached 178MB) CPU [0%@729,0%@1728,0%@1728,0%@1728,0%@729,0%@729] GR3D_FREQ 0% cpu@52.093C soc2@50.625C soc0@51.187C gpu@51.531C tj@52.093C soc1@51.937C VDD_IN 4491mW/5547mW VDD_CPU_GPU_CV 555mW/1216mW VDD_SOC 1430mW/1553mW
09-14-2026 11:45:21 RAM 7133/7620MB (lfb 6x2MB) SWAP 663/8192MB (cached 178MB) CPU [0%@1728,0%@1728,0%@1728,0%@1728,0%@729,0%@729] GR3D_FREQ 0% cpu@52.375C soc2@50.562C soc0@51.187C gpu@51.468C tj@52.093C soc1@52.031C VDD_IN 4530mW/5543mW VDD_CPU_GPU_CV 555mW/1214mW VDD_SOC 1430mW/1553mW
09-14-2026 11:45:21 RAM 7135/7620MB (lfb 6x2MB) SWAP 663/8192MB (cached 178MB) CPU [1%@729,2%@729,0%@729,0%@729,0%@729,0%@729] GR3D_FREQ 0% cpu@52.062C soc2@50.593C soc0@51.187C gpu@51.468C tj@52.062C soc1@51.906C VDD_IN 4530mW/5540mW VDD_CPU_GPU_CV 555mW/1212mW VDD_SOC 1430mW/1552mW
09-14-2026 11:45:22 RAM 7135/7620MB (lfb 6x2MB) SWAP 663/8192MB (cached 178MB) CPU [0%@1728,0%@1728,0%@1728,0%@1728,0%@729,0%@729] GR3D_FREQ 0% cpu@52.281C soc2@50.562C soc0@51.312C gpu@51.468C tj@52.281C soc1@51.906C VDD_IN 4530mW/5537mW VDD_CPU_GPU_CV 555mW/1210mW VDD_SOC 1430mW/1552mW
09-14-2026 11:45:22 RAM 7135/7620MB (lfb 6x2MB) SWAP 663/8192MB (cached 178MB) CPU [0%@1728,0%@1728,0%@1728,0%@1728,0%@729,0%@729] GR3D_FREQ 0% cpu@52.375C soc2@50.562C soc0@51.343C gpu@51.312C tj@52.375C soc1@51.875C VDD_IN 4530mW/5534mW VDD_CPU_GPU_CV 555mW/1208mW VDD_SOC 1430mW/1552mW
09-14-2026 11:45:23 RAM 7135/7620MB (lfb 6x2MB) SWAP 663/8192MB (cached 178MB) CPU [0%@729,3%@729,0%@729,0%@729,0%@729,0%@729] GR3D_FREQ 0% cpu@52.156C soc2@50.5C soc0@51.218C gpu@51.406C tj@52.156C soc1@52.093C VDD_IN 4530mW/5531mW VDD_CPU_GPU_CV 555mW/1206mW VDD_SOC 1430mW/1551mW
09-14-2026 11:45:23 RAM 7135/7620MB (lfb 6x2MB) SWAP 663/8192MB (cached 178MB) CPU [0%@1728,0%@1728,0%@1728,0%@1728,0%@729,0%@729] GR3D_FREQ 0% cpu@52.031C soc2@50.562C soc0@51.218C gpu@51.343C tj@52.031C soc1@52.031C VDD_IN 4530mW/5529mW VDD_CPU_GPU_CV 555mW/1204mW VDD_SOC 1430mW/1551mW
09-14-2026 11:45:24 RAM 7135/7620MB (lfb 6x2MB) SWAP 663/8192MB (cached 178MB) CPU [1%@729,1%@729,1%@729,0%@729,0%@729,0%@729] GR3D_FREQ 0% cpu@52.218C soc2@50.625C soc0@51.093C gpu@51.375C tj@52.156C soc1@51.937C VDD_IN 4491mW/5525mW VDD_CPU_GPU_CV 555mW/1202mW VDD_SOC 1430mW/1551mW
09-14-2026 11:45:24 RAM 7135/7620MB (lfb 6x2MB) SWAP 663/8192MB (cached 178MB) CPU [0%@1728,3%@1728,0%@1728,0%@1728,0%@729,0%@729] GR3D_FREQ 0% cpu@52.343C soc2@50.625C soc0@51.156C gpu@51.312C tj@52.343C soc1@51.843C VDD_IN 4491mW/5522mW VDD_CPU_GPU_CV 555mW/1200mW VDD_SOC 1430mW/1550mW
09-14-2026 11:45:25 RAM 7135/7620MB (lfb 6x2MB) SWAP 663/8192MB (cached 178MB) CPU [0%@1728,0%@1728,1%@1728,0%@1728,0%@729,0%@729] GR3D_FREQ 0% cpu@52.125C soc2@50.593C soc0@51.25C gpu@51.406C tj@52.125C soc1@51.843C VDD_IN 4530mW/5520mW VDD_CPU_GPU_CV 555mW/1199mW VDD_SOC 1430mW/1550mW
09-14-2026 11:45:25 RAM 7135/7620MB (lfb 6x2MB) SWAP 663/8192MB (cached 178MB) CPU [0%@729,0%@729,0%@729,0%@729,0%@729,0%@729] GR3D_FREQ 0% cpu@52.25C soc2@50.5C soc0@51.218C gpu@51.281C tj@52.25C soc1@52.156C VDD_IN 4530mW/5517mW VDD_CPU_GPU_CV 555mW/1197mW VDD_SOC 1430mW/1550mW
09-14-2026 11:45:26 RAM 7135/7620MB (lfb 6x2MB) SWAP 663/8192MB (cached 178MB) CPU [0%@1728,0%@1728,1%@1728,0%@1728,0%@729,0%@729] GR3D_FREQ 0% cpu@52.093C soc2@50.5C soc0@51.218C gpu@51.625C tj@52.093C soc1@52.031C VDD_IN 4491mW/5514mW VDD_CPU_GPU_CV 515mW/1195mW VDD_SOC 1430mW/1549mW
09-14-2026 11:45:26 RAM 7135/7620MB (lfb 6x2MB) SWAP 663/8192MB (cached 178MB) CPU [1%@729,0%@729,0%@729,0%@729,0%@729,0%@729] GR3D_FREQ 0% cpu@52.093C soc2@50.625C soc0@51.156C gpu@51.281C tj@52.093C soc1@51.937C VDD_IN 4491mW/5511mW VDD_CPU_GPU_CV 555mW/1193mW VDD_SOC 1430mW/1549mW
09-14-2026 11:45:27 RAM 7135/7620MB (lfb 6x2MB) SWAP 663/8192MB (cached 178MB) CPU [0%@1728,0%@1728,0%@1728,0%@1728,0%@729,0%@729] GR3D_FREQ 0% cpu@52.093C soc2@50.562C soc0@51.187C gpu@51.5C tj@52C soc1@51.812C VDD_IN 4491mW/5508mW VDD_CPU_GPU_CV 515mW/1191mW VDD_SOC 1430mW/1548mW
09-14-2026 11:45:27 RAM 7135/7620MB (lfb 6x2MB) SWAP 663/8192MB (cached 178MB) CPU [0%@1728,0%@1728,0%@1728,1%@1728,0%@729,0%@729] GR3D_FREQ 0% cpu@52.187C soc2@50.562C soc0@51.187C gpu@51.312C tj@52.187C soc1@51.781C VDD_IN 4491mW/5505mW VDD_CPU_GPU_CV 555mW/1189mW VDD_SOC 1430mW/1548mW
09-14-2026 11:45:28 RAM 7135/7620MB (lfb 6x2MB) SWAP 663/8192MB (cached 178MB) CPU [0%@1728,1%@1728,0%@1728,0%@1728,0%@729,0%@729] GR3D_FREQ 0% cpu@52.406C soc2@50.562C soc0@51.25C gpu@51.562C tj@52.406C soc1@51.781C VDD_IN 4530mW/5502mW VDD_CPU_GPU_CV 555mW/1187mW VDD_SOC 1430mW/1548mW
09-14-2026 11:45:28 RAM 7135/7620MB (lfb 6x2MB) SWAP 663/8192MB (cached 178MB) CPU [1%@1728,0%@1728,1%@1728,0%@1728,0%@729,0%@729] GR3D_FREQ 0% cpu@52.187C soc2@50.562C soc0@51.25C gpu@51.406C tj@52.187C soc1@52.062C VDD_IN 4530mW/5499mW VDD_CPU_GPU_CV 555mW/1185mW VDD_SOC 1430mW/1547mW
09-14-2026 11:45:29 RAM 7135/7620MB (lfb 6x2MB) SWAP 663/8192MB (cached 178MB) CPU [1%@1728,0%@1728,0%@1728,0%@1728,0%@729,0%@729] GR3D_FREQ 0% cpu@52.093C soc2@50.5C soc0@51.187C gpu@51.5C tj@52.093C soc1@52.031C VDD_IN 4491mW/5496mW VDD_CPU_GPU_CV 515mW/1184mW VDD_SOC 1430mW/1547mW
09-14-2026 11:45:29 RAM 7135/7620MB (lfb 6x2MB) SWAP 663/8192MB (cached 178MB) CPU [0%@729,1%@1728,0%@1728,0%@1728,0%@729,0%@729] GR3D_FREQ 0% cpu@52.125C soc2@50.562C soc0@51.093C gpu@51.343C tj@52.125C soc1@51.906C VDD_IN 4491mW/5493mW VDD_CPU_GPU_CV 515mW/1182mW VDD_SOC 1430mW/1547mW
09-14-2026 11:45:30 RAM 7135/7620MB (lfb 6x2MB) SWAP 663/8192MB (cached 178MB) CPU [0%@1728,0%@1728,0%@1728,0%@1728,0%@729,0%@729] GR3D_FREQ 0% cpu@52.312C soc2@50.5C soc0@51.187C gpu@51.5C tj@52.312C soc1@51.75C VDD_IN 4491mW/5491mW VDD_CPU_GPU_CV 516mW/1180mW VDD_SOC 1430mW/1546mW
09-14-2026 11:45:31 RAM 7135/7620MB (lfb 6x2MB) SWAP 663/8192MB (cached 178MB) CPU [1%@1728,3%@1728,3%@1728,3%@1728,0%@729,0%@729] GR3D_FREQ 0% cpu@52.093C soc2@50.562C soc0@51.25C gpu@51.375C tj@52.093C soc1@51.781C VDD_IN 4530mW/5488mW VDD_CPU_GPU_CV 556mW/1178mW VDD_SOC 1430mW/1546mW
09-14-2026 11:45:31 RAM 7135/7620MB (lfb 6x2MB) SWAP 663/8192MB (cached 178MB) CPU [0%@729,1%@729,0%@729,0%@729,0%@729,0%@729] GR3D_FREQ 0% cpu@52.187C soc2@50.562C soc0@51.187C gpu@51.468C tj@52.187C soc1@51.781C VDD_IN 4530mW/5485mW VDD_CPU_GPU_CV 556mW/1176mW VDD_SOC 1430mW/1546mW
09-14-2026 11:45:32 RAM 7135/7620MB (lfb 6x2MB) SWAP 663/8192MB (cached 178MB) CPU [0%@729,0%@729,0%@729,0%@729,0%@729,0%@729] GR3D_FREQ 0% cpu@52.187C soc2@50.5C soc0@51.156C gpu@51.343C tj@52.187C soc1@51.968C VDD_IN 4491mW/5482mW VDD_CPU_GPU_CV 556mW/1174mW VDD_SOC 1430mW/1545mW
09-14-2026 11:45:32 RAM 7135/7620MB (lfb 6x2MB) SWAP 663/8192MB (cached 178MB) CPU [0%@1728,0%@1728,0%@1728,0%@1728,0%@729,0%@729] GR3D_FREQ 0% cpu@52.031C soc2@50.468C soc0@51.062C gpu@51.281C tj@52.031C soc1@51.906C VDD_IN 4491mW/5480mW VDD_CPU_GPU_CV 555mW/1173mW VDD_SOC 1430mW/1545mW
09-14-2026 11:45:33 RAM 7135/7620MB (lfb 6x2MB) SWAP 663/8192MB (cached 178MB) CPU [0%@729,1%@729,0%@729,0%@729,0%@729,0%@729] GR3D_FREQ 0% cpu@51.937C soc2@50.562C soc0@51.187C gpu@51.312C tj@51.937C soc1@51.906C VDD_IN 4491mW/5477mW VDD_CPU_GPU_CV 515mW/1171mW VDD_SOC 1430mW/1545mW
09-14-2026 11:45:33 RAM 7135/7620MB (lfb 6x2MB) SWAP 663/8192MB (cached 178MB) CPU [0%@1728,0%@1728,0%@1728,0%@1728,0%@729,0%@729] GR3D_FREQ 0% cpu@52.187C soc2@50.562C soc0@51.187C gpu@51.218C tj@52.093C soc1@51.843C VDD_IN 4491mW/5474mW VDD_CPU_GPU_CV 555mW/1169mW VDD_SOC 1430mW/1545mW
09-14-2026 11:45:34 RAM 7135/7620MB (lfb 6x2MB) SWAP 663/8192MB (cached 178MB) CPU [0%@729,0%@729,0%@729,0%@729,0%@729,1%@729] GR3D_FREQ 0% cpu@52.343C soc2@50.531C soc0@51.187C gpu@51.281C tj@52.343C soc1@51.75C VDD_IN 4530mW/5471mW VDD_CPU_GPU_CV 555mW/1167mW VDD_SOC 1430mW/1544mW
09-14-2026 11:45:34 RAM 7135/7620MB (lfb 6x2MB) SWAP 663/8192MB (cached 178MB) CPU [1%@1728,0%@1728,0%@1728,0%@1728,0%@729,0%@729] GR3D_FREQ 0% cpu@52.093C soc2@50.5C soc0@51.25C gpu@51.156C tj@52.093C soc1@51.812C VDD_IN 4530mW/5469mW VDD_CPU_GPU_CV 556mW/1166mW VDD_SOC 1430mW/1544mW
09-14-2026 11:45:35 RAM 7135/7620MB (lfb 6x2MB) SWAP 663/8192MB (cached 178MB) CPU [0%@1728,1%@1728,0%@1728,0%@1728,0%@729,1%@729] GR3D_FREQ 0% cpu@52.125C soc2@50.531C soc0@51.093C gpu@51.562C tj@52.125C soc1@51.937C VDD_IN 4530mW/5466mW VDD_CPU_GPU_CV 555mW/1164mW VDD_SOC 1430mW/1544mW
09-14-2026 11:45:35 RAM 7135/7620MB (lfb 6x2MB) SWAP 663/8192MB (cached 178MB) CPU [4%@1728,0%@1728,3%@1728,1%@1728,0%@729,0%@729] GR3D_FREQ 0% cpu@52.062C soc2@50.5C soc0@51.156C gpu@51.25C tj@52.062C soc1@51.875C VDD_IN 4530mW/5464mW VDD_CPU_GPU_CV 555mW/1162mW VDD_SOC 1430mW/1543mW
09-14-2026 11:45:36 RAM 7144/7620MB (lfb 3x2MB) SWAP 662/8192MB (cached 178MB) CPU [33%@1728,10%@1728,10%@1728,13%@1728,2%@729,5%@729] GR3D_FREQ 0% cpu@52.406C soc2@50.562C soc0@51.093C gpu@51.625C tj@52.406C soc1@51.812C VDD_IN 5007mW/5462mW VDD_CPU_GPU_CV 872mW/1162mW VDD_SOC 1470mW/1543mW
09-14-2026 11:45:36 RAM 7163/7620MB (lfb 1x2MB) SWAP 707/8192MB (cached 187MB) CPU [22%@1113,59%@1113,34%@1113,16%@1113,32%@1651,15%@1651] GR3D_FREQ 0% cpu@52.562C soc2@50.656C soc0@51.031C gpu@51.312C tj@52.562C soc1@51.843C VDD_IN 5484mW/5462mW VDD_CPU_GPU_CV 1190mW/1162mW VDD_SOC 1510mW/1543mW
09-14-2026 11:45:37 RAM 7141/7620MB (lfb 8x1MB) SWAP 799/8192MB (cached 185MB) CPU [26%@1651,22%@1651,39%@1651,5%@1651,8%@1344,26%@1344] GR3D_FREQ 3% cpu@52.906C soc2@50.656C soc0@51.187C gpu@51.718C tj@52.906C soc1@51.781C VDD_IN 5603mW/5463mW VDD_CPU_GPU_CV 1269mW/1162mW VDD_SOC 1510mW/1543mW
09-14-2026 11:45:37 RAM 7153/7620MB (lfb 3x512kB) SWAP 923/8192MB (cached 175MB) CPU [39%@1728,3%@1728,21%@1728,2%@1728,28%@1728,42%@1728] GR3D_FREQ 0% cpu@52.937C soc2@50.687C soc0@51.281C gpu@51.437C tj@52.937C soc1@51.812C VDD_IN 5882mW/5464mW VDD_CPU_GPU_CV 1428mW/1163mW VDD_SOC 1589mW/1543mW
09-14-2026 11:45:38 RAM 7210/7620MB (lfb 1x512kB) SWAP 983/8192MB (cached 155MB) CPU [26%@806,22%@806,40%@806,15%@806,34%@729,2%@729] GR3D_FREQ 0% cpu@52.593C soc2@50.781C soc0@51.375C gpu@51.75C tj@52.593C soc1@52.156C VDD_IN 6547mW/5467mW VDD_CPU_GPU_CV 1346mW/1163mW VDD_SOC 2182mW/1545mW
09-14-2026 11:45:38 RAM 7215/7620MB (lfb 2x1MB) SWAP 983/8192MB (cached 155MB) CPU [16%@1728,24%@1728,10%@1728,18%@1728,2%@1728,1%@1728] GR3D_FREQ 0% cpu@52.5C soc2@50.875C soc0@51.343C gpu@51.656C tj@52.5C soc1@52.062C VDD_IN 6507mW/5470mW VDD_CPU_GPU_CV 1031mW/1163mW VDD_SOC 2460mW/1547mW
09-14-2026 11:45:39 RAM 7223/7620MB (lfb 11x1MB) SWAP 983/8192MB (cached 155MB) CPU [16%@729,15%@729,13%@729,9%@729,8%@729,11%@729] GR3D_FREQ 0% cpu@52.468C soc2@50.843C soc0@51.343C gpu@51.781C tj@52.437C soc1@52.062C VDD_IN 6428mW/5472mW VDD_CPU_GPU_CV 912mW/1162mW VDD_SOC 2539mW/1550mW
09-14-2026 11:45:39 RAM 7226/7620MB (lfb 11x1MB) SWAP 983/8192MB (cached 155MB) CPU [14%@1728,15%@1728,15%@1728,2%@1728,10%@729,7%@729] GR3D_FREQ 0% cpu@52.812C soc2@50.906C soc0@51.468C gpu@51.562C tj@52.812C soc1@52.125C VDD_IN 6359mW/5475mW VDD_CPU_GPU_CV 833mW/1161mW VDD_SOC 2539mW/1553mW
09-14-2026 11:45:40 RAM 7227/7620MB (lfb 11x1MB) SWAP 983/8192MB (cached 155MB) CPU [17%@729,12%@729,11%@729,8%@729,17%@729,10%@729] GR3D_FREQ 0% cpu@52.781C soc2@50.875C soc0@51.5C gpu@51.718C tj@52.781C soc1@52.125C VDD_IN 6359mW/5477mW VDD_CPU_GPU_CV 793mW/1160mW VDD_SOC 2539mW/1555mW
09-14-2026 11:45:40 RAM 7227/7620MB (lfb 11x1MB) SWAP 983/8192MB (cached 155MB) CPU [11%@729,8%@729,11%@1728,11%@1728,16%@729,11%@729] GR3D_FREQ 0% cpu@52.593C soc2@50.875C soc0@51.437C gpu@51.687C tj@52.593C soc1@52.093C VDD_IN 6359mW/5480mW VDD_CPU_GPU_CV 793mW/1159mW VDD_SOC 2539mW/1558mW
09-14-2026 11:45:41 RAM 7227/7620MB (lfb 11x1MB) SWAP 983/8192MB (cached 155MB) CPU [12%@729,6%@1728,10%@1728,8%@1728,10%@729,20%@729] GR3D_FREQ 0% cpu@52.437C soc2@50.843C soc0@51.531C gpu@51.75C tj@52.656C soc1@52.281C VDD_IN 6319mW/5482mW VDD_CPU_GPU_CV 793mW/1158mW VDD_SOC 2539mW/1561mW
09-14-2026 11:45:41 RAM 7215/7620MB (lfb 11x1MB) SWAP 992/8192MB (cached 152MB) CPU [13%@1728,15%@1728,6%@1728,4%@1728,14%@729,7%@729] GR3D_FREQ 0% cpu@52.593C soc2@50.843C soc0@51.437C gpu@51.687C tj@52.593C soc1@52.281C VDD_IN 6359mW/5484mW VDD_CPU_GPU_CV 833mW/1157mW VDD_SOC 2539mW/1563mW
09-14-2026 11:45:42 RAM 7249/7620MB (lfb 10x1MB) SWAP 1022/8192MB (cached 143MB) CPU [17%@1728,30%@1728,17%@1728,13%@1728,23%@1651,34%@1651] GR3D_FREQ 0% cpu@52.718C soc2@50.968C soc0@51.406C gpu@51.75C tj@52.718C soc1@52.187C VDD_IN 6745mW/5487mW VDD_CPU_GPU_CV 1109mW/1157mW VDD_SOC 2618mW/1566mW
09-14-2026 11:45:42 RAM 7103/7620MB (lfb 6x1MB) SWAP 1155/8192MB (cached 104MB) CPU [16%@729,22%@1728,19%@1728,14%@1728,56%@1728,84%@1728] GR3D_FREQ 0% cpu@53.187C soc2@51.031C soc0@51.625C gpu@51.812C tj@53.187C soc1@52.343C VDD_IN 7566mW/5493mW VDD_CPU_GPU_CV 1621mW/1159mW VDD_SOC 2693mW/1569mW
09-14-2026 11:45:43 RAM 7059/7620MB (lfb 6x1MB) SWAP 1154/8192MB (cached 105MB) CPU [16%@729,13%@729,16%@729,10%@729,2%@1728,79%@1728] GR3D_FREQ 99% cpu@53.781C soc2@51.718C soc0@51.718C gpu@54.843C tj@54.843C soc1@52.25C VDD_IN 15393mW/5519mW VDD_CPU_GPU_CV 7054mW/1174mW VDD_SOC 3799mW/1575mW
09-14-2026 11:45:43 RAM 7060/7620MB (lfb 6x1MB) SWAP 1154/8192MB (cached 105MB) CPU [17%@729,14%@729,16%@729,20%@729,0%@1728,100%@1728] GR3D_FREQ 99% cpu@54.375C soc2@52.312C soc0@52C gpu@55.812C tj@55.812C soc1@52.406C VDD_IN 21055mW/5560mW VDD_CPU_GPU_CV 11153mW/1201mW VDD_SOC 4460mW/1582mW
09-14-2026 11:45:44 RAM 7060/7620MB (lfb 6x1MB) SWAP 1154/8192MB (cached 105MB) CPU [16%@1728,16%@1728,14%@1728,10%@1728,1%@1728,100%@1728] GR3D_FREQ 99% cpu@54.406C soc2@52.75C soc0@52.375C gpu@56.062C tj@56.062C soc1@52.625C VDD_IN 22223mW/5604mW VDD_CPU_GPU_CV 11808mW/1229mW VDD_SOC 4685mW/1591mW
09-14-2026 11:45:44 RAM 7061/7620MB (lfb 6x1MB) SWAP 1154/8192MB (cached 106MB) CPU [19%@729,14%@729,14%@729,16%@729,4%@1728,100%@1728] GR3D_FREQ 99% cpu@54.781C soc2@53.062C soc0@52.531C gpu@56.218C tj@56.218C soc1@53C VDD_IN 21716mW/5647mW VDD_CPU_GPU_CV 11596mW/1256mW VDD_SOC 4568mW/1599mW
09-14-2026 11:45:45 RAM 7062/7620MB (lfb 6x1MB) SWAP 1154/8192MB (cached 106MB) CPU [18%@729,11%@729,15%@729,25%@729,9%@1728,100%@1728] GR3D_FREQ 99% cpu@55.031C soc2@53.375C soc0@52.812C gpu@56.656C tj@56.656C soc1@53.125C VDD_IN 21482mW/5688mW VDD_CPU_GPU_CV 11558mW/1283mW VDD_SOC 4491mW/1606mW
09-14-2026 11:45:45 RAM 7063/7620MB (lfb 6x1MB) SWAP 1154/8192MB (cached 106MB) CPU [16%@729,15%@729,10%@729,11%@729,7%@1728,100%@1728] GR3D_FREQ 95% cpu@55.187C soc2@53.625C soc0@52.875C gpu@56.062C tj@56.062C soc1@53.218C VDD_IN 20822mW/5728mW VDD_CPU_GPU_CV 10188mW/1306mW VDD_SOC 4848mW/1615mW
09-14-2026 11:45:46 RAM 7065/7620MB (lfb 6x1MB) SWAP 1154/8192MB (cached 106MB) CPU [12%@729,12%@729,13%@729,20%@729,9%@1728,100%@1728] GR3D_FREQ 84% cpu@55.312C soc2@53.687C soc0@53.062C gpu@56.062C tj@56.062C soc1@53.343C VDD_IN 20234mW/5766mW VDD_CPU_GPU_CV 8658mW/1325mW VDD_SOC 5283mW/1624mW
09-14-2026 11:45:46 RAM 7065/7620MB (lfb 6x1MB) SWAP 1154/8192MB (cached 106MB) CPU [24%@1728,11%@1728,15%@1728,12%@1728,6%@1728,98%@1728] GR3D_FREQ 99% cpu@55.718C soc2@53.75C soc0@53.218C gpu@56.062C tj@56.062C soc1@53.437C VDD_IN 20078mW/5803mW VDD_CPU_GPU_CV 8233mW/1343mW VDD_SOC 5438mW/1634mW
09-14-2026 11:45:47 RAM 7065/7620MB (lfb 6x1MB) SWAP 1154/8192MB (cached 106MB) CPU [22%@1728,10%@1728,16%@1728,14%@1728,3%@1728,100%@1728] GR3D_FREQ 79% cpu@56.031C soc2@53.906C soc0@53.281C gpu@56.187C tj@56.187C soc1@53.625C VDD_IN 20078mW/5840mW VDD_CPU_GPU_CV 8079mW/1361mW VDD_SOC 5477mW/1644mW
09-14-2026 11:45:47 RAM 7079/7620MB (lfb 7x1MB) SWAP 1153/8192MB (cached 107MB) CPU [13%@729,12%@729,13%@1728,10%@1728,4%@1728,100%@1728] GR3D_FREQ 0% cpu@55.375C soc2@53.593C soc0@53.406C gpu@54.875C tj@55.375C soc1@53.687C VDD_IN 15784mW/5866mW VDD_CPU_GPU_CV 6002mW/1373mW VDD_SOC 4457mW/1651mW
09-14-2026 11:45:48 RAM 6994/7620MB (lfb 8x1MB) SWAP 1251/8192MB (cached 81MB) CPU [18%@729,14%@729,12%@1728,16%@1728,40%@1728,94%@1728] GR3D_FREQ 11% cpu@55.062C soc2@53.25C soc0@53.281C gpu@54.468C tj@55.156C soc1@53.937C VDD_IN 10644mW/5878mW VDD_CPU_GPU_CV 3424mW/1378mW VDD_SOC 3272mW/1656mW
09-14-2026 11:45:48 RAM 6997/7620MB (lfb 3x2MB) SWAP 1251/8192MB (cached 81MB) CPU [18%@1113,28%@1113,14%@1113,16%@1113,0%@1728,100%@1728] GR3D_FREQ 99% cpu@55.625C soc2@54C soc0@53.375C gpu@57.125C tj@57.125C soc1@53.843C VDD_IN 19254mW/5913mW VDD_CPU_GPU_CV 9757mW/1400mW VDD_SOC 4241mW/1662mW
09-14-2026 11:45:49 RAM 6997/7620MB (lfb 10x2MB) SWAP 1251/8192MB (cached 81MB) CPU [16%@729,42%@729,15%@729,11%@729,15%@1728,100%@1728] GR3D_FREQ 99% cpu@56.156C soc2@54.468C soc0@53.593C gpu@57.656C tj@57.656C soc1@54C VDD_IN 22262mW/5955mW VDD_CPU_GPU_CV 11962mW/1427mW VDD_SOC 4568mW/1670mW
09-14-2026 11:45:49 RAM 7000/7620MB (lfb 10x2MB) SWAP 1251/8192MB (cached 81MB) CPU [21%@729,8%@729,14%@729,6%@729,2%@1728,100%@1728] GR3D_FREQ 99% cpu@56.375C soc2@54.687C soc0@53.906C gpu@57.875C tj@57.875C soc1@54.125C VDD_IN 22145mW/5996mW VDD_CPU_GPU_CV 11846mW/1454mW VDD_SOC 4607mW/1677mW
09-14-2026 11:45:50 RAM 6999/7620MB (lfb 10x2MB) SWAP 1251/8192MB (cached 81MB) CPU [17%@729,15%@729,16%@729,17%@729,7%@1728,100%@1728] GR3D_FREQ 99% cpu@56.562C soc2@54.937C soc0@54.093C gpu@58C tj@58C soc1@54.187C VDD_IN 21641mW/6036mW VDD_CPU_GPU_CV 11596mW/1480mW VDD_SOC 4530mW/1685mW
09-14-2026 11:45:50 RAM 6999/7620MB (lfb 10x2MB) SWAP 1251/8192MB (cached 82MB) CPU [18%@729,12%@729,2%@729,8%@729,2%@1728,100%@1728] GR3D_FREQ 99% cpu@56.531C soc2@54.906C soc0@54.281C gpu@58.125C tj@58.125C soc1@54.437C VDD_IN 21486mW/6076mW VDD_CPU_GPU_CV 11596mW/1505mW VDD_SOC 4491mW/1692mW
09-14-2026 11:45:51 RAM 7001/7620MB (lfb 10x2MB) SWAP 1251/8192MB (cached 82MB) CPU [18%@729,10%@729,6%@729,12%@729,5%@1728,100%@1728] GR3D_FREQ 99% cpu@56.75C soc2@55.093C soc0@54.468C gpu@57.531C tj@57.531C soc1@54.75C VDD_IN 20628mW/6113mW VDD_CPU_GPU_CV 9493mW/1526mW VDD_SOC 5080mW/1700mW
09-14-2026 11:45:51 RAM 7001/7620MB (lfb 10x2MB) SWAP 1250/8192MB (cached 82MB) CPU [19%@729,11%@729,12%@729,13%@729,10%@1728,98%@1728] GR3D_FREQ 83% cpu@57.125C soc2@55.156C soc0@54.468C gpu@57.5C tj@57.5C soc1@54.843C VDD_IN 20317mW/6149mW VDD_CPU_GPU_CV 8542mW/1544mW VDD_SOC 5390mW/1710mW
09-14-2026 11:45:52 RAM 7002/7620MB (lfb 10x2MB) SWAP 1250/8192MB (cached 82MB) CPU [12%@729,15%@729,13%@729,13%@729,13%@1728,100%@1728] GR3D_FREQ 85% cpu@57.125C soc2@55.375C soc0@54.625C gpu@57.718C tj@57.718C soc1@54.843C VDD_IN 20239mW/6184mW VDD_CPU_GPU_CV 8272mW/1561mW VDD_SOC 5507mW/1719mW
09-14-2026 11:45:52 RAM 7002/7620MB (lfb 10x2MB) SWAP 1250/8192MB (cached 82MB) CPU [14%@729,12%@1728,15%@1728,13%@1728,25%@1728,84%@1728] GR3D_FREQ 0% cpu@56.843C soc2@55.218C soc0@54.625C gpu@56.562C tj@56.843C soc1@55.062C VDD_IN 18123mW/6215mW VDD_CPU_GPU_CV 7136mW/1575mW VDD_SOC 5019mW/1728mW
09-14-2026 11:45:53 RAM 7032/7620MB (lfb 11x1MB) SWAP 1250/8192MB (cached 82MB) CPU [21%@729,12%@1728,10%@1728,18%@1728,100%@1728,0%@1728] GR3D_FREQ 99% cpu@56.75C soc2@55.062C soc0@54.843C gpu@57.718C tj@57.718C soc1@55.062C VDD_IN 14633mW/6236mW VDD_CPU_GPU_CV 6051mW/1586mW VDD_SOC 3916mW/1733mW
09-14-2026 11:45:53 RAM 7033/7620MB (lfb 11x1MB) SWAP 1250/8192MB (cached 82MB) CPU [21%@729,15%@729,17%@729,16%@729,100%@1728,3%@1728] GR3D_FREQ 99% cpu@57.25C soc2@55.625C soc0@54.843C gpu@58.75C tj@58.75C soc1@55.093C VDD_IN 20783mW/6272mW VDD_CPU_GPU_CV 10826mW/1609mW VDD_SOC 4460mW/1740mW
09-14-2026 11:45:54 RAM 7033/7620MB (lfb 11x1MB) SWAP 1250/8192MB (cached 82MB) CPU [16%@729,10%@729,12%@729,15%@729,100%@1728,13%@1728] GR3D_FREQ 99% cpu@57.312C soc2@55.937C soc0@55.031C gpu@59.25C tj@59.25C soc1@55.25C VDD_IN 22457mW/6313mW VDD_CPU_GPU_CV 12134mW/1635mW VDD_SOC 4600mW/1747mW
09-14-2026 11:45:54 RAM 7034/7620MB (lfb 11x1MB) SWAP 1250/8192MB (cached 82MB) CPU [15%@729,8%@729,14%@729,12%@729,100%@1728,9%@1728] GR3D_FREQ 99% cpu@57.625C soc2@56.062C soc0@55.187C gpu@59.281C tj@59.281C soc1@55.531C VDD_IN 21951mW/6352mW VDD_CPU_GPU_CV 11731mW/1661mW VDD_SOC 4568mW/1754mW
09-14-2026 11:45:55 RAM 7034/7620MB (lfb 11x1MB) SWAP 1250/8192MB (cached 82MB) CPU [16%@1728,12%@1728,8%@1728,10%@1728,100%@1728,15%@1728] GR3D_FREQ 99% cpu@57.781C soc2@56.25C soc0@55.437C gpu@59.25C tj@59.25C soc1@55.781C VDD_IN 21369mW/6389mW VDD_CPU_GPU_CV 11327mW/1685mW VDD_SOC 4568mW/1761mW
09-14-2026 11:45:55 RAM 7035/7620MB (lfb 11x1MB) SWAP 1250/8192MB (cached 82MB) CPU [16%@1728,8%@1728,8%@1728,8%@1728,100%@1728,13%@1728] GR3D_FREQ 99% cpu@58C soc2@56.5C soc0@55.5C gpu@59.375C tj@59.375C soc1@55.875C VDD_IN 21486mW/6427mW VDD_CPU_GPU_CV 11500mW/1709mW VDD_SOC 4491mW/1768mW
09-14-2026 11:45:56 RAM 7035/7620MB (lfb 11x1MB) SWAP 1250/8192MB (cached 82MB) CPU [8%@729,12%@1728,8%@1728,15%@1728,100%@1728,2%@1728] GR3D_FREQ 85% cpu@58.343C soc2@56.531C soc0@55.812C gpu@58.906C tj@58.906C soc1@56C VDD_IN 20550mW/6462mW VDD_CPU_GPU_CV 9146mW/1728mW VDD_SOC 5235mW/1777mW
09-14-2026 11:45:56 RAM 7035/7620MB (lfb 11x1MB) SWAP 1250/8192MB (cached 82MB) CPU [10%@729,10%@729,10%@729,12%@729,100%@1728,4%@1728] GR3D_FREQ 85% cpu@58.343C soc2@56.562C soc0@55.843C gpu@58.781C tj@58.781C soc1@56.031C VDD_IN 20317mW/6496mW VDD_CPU_GPU_CV 8427mW/1744mW VDD_SOC 5468mW/1786mW
09-14-2026 11:45:57 RAM 7036/7620MB (lfb 11x1MB) SWAP 1250/8192MB (cached 82MB) CPU [10%@1728,10%@1728,8%@1728,15%@1728,100%@1728,4%@1728] GR3D_FREQ 83% cpu@58.375C soc2@56.718C soc0@55.968C gpu@58.968C tj@58.968C soc1@56.093C VDD_IN 20278mW/6530mW VDD_CPU_GPU_CV 8233mW/1760mW VDD_SOC 5546mW/1795mW
09-14-2026 11:45:57 RAM 7065/7620MB (lfb 11x1MB) SWAP 1268/8192MB (cached 78MB) CPU [16%@729,14%@729,8%@729,10%@729,100%@1728,10%@1728] GR3D_FREQ 0% cpu@57.781C soc2@56.093C soc0@55.875C gpu@56.875C tj@57.906C soc1@56.25C VDD_IN 11965mW/6544mW VDD_CPU_GPU_CV 4040mW/1766mW VDD_SOC 3575mW/1799mW
09-14-2026 11:45:58 RAM 7031/7620MB (lfb 4x2MB) SWAP 1268/8192MB (cached 78MB) CPU [16%@1728,33%@1728,16%@1728,12%@1728,100%@1728,10%@1728] GR3D_FREQ 99% cpu@58.218C soc2@56.718C soc0@56.031C gpu@59.781C tj@59.781C soc1@56.375C VDD_IN 19572mW/6576mW VDD_CPU_GPU_CV 9895mW/1786mW VDD_SOC 4312mW/1806mW
09-14-2026 11:45:58 RAM 7033/7620MB (lfb 4x2MB) SWAP 1268/8192MB (cached 78MB) CPU [17%@1728,20%@1728,8%@1728,13%@1728,100%@1728,12%@1728] GR3D_FREQ 99% cpu@58.375C soc2@57.187C soc0@56.156C gpu@60.343C tj@60.343C soc1@56.437C VDD_IN 22302mW/6614mW VDD_CPU_GPU_CV 12019mW/1811mW VDD_SOC 4600mW/1812mW
09-14-2026 11:45:59 RAM 7033/7620MB (lfb 4x2MB) SWAP 1268/8192MB (cached 78MB) CPU [21%@1728,15%@1728,10%@1728,8%@1728,100%@1728,15%@1728] GR3D_FREQ 99% cpu@58.656C soc2@57.281C soc0@56.312C gpu@60.625C tj@60.625C soc1@56.531C VDD_IN 22186mW/6652mW VDD_CPU_GPU_CV 11885mW/1836mW VDD_SOC 4638mW/1819mW
09-14-2026 11:45:59 RAM 7033/7620MB (lfb 4x2MB) SWAP 1268/8192MB (cached 78MB) CPU [12%@1728,12%@1728,10%@1728,19%@1728,100%@1728,13%@1728] GR3D_FREQ 99% cpu@59.031C soc2@57.437C soc0@56.593C gpu@60.5C tj@60.5C soc1@56.593C VDD_IN 21641mW/6689mW VDD_CPU_GPU_CV 11577mW/1859mW VDD_SOC 4530mW/1826mW
09-14-2026 11:46:00 RAM 7033/7620MB (lfb 4x2MB) SWAP 1268/8192MB (cached 78MB) CPU [20%@1728,13%@1728,19%@1728,12%@1728,100%@1728,9%@1728] GR3D_FREQ 99% cpu@59.093C soc2@57.656C soc0@56.718C gpu@61.031C tj@61.031C soc1@56.875C VDD_IN 21525mW/6725mW VDD_CPU_GPU_CV 11539mW/1883mW VDD_SOC 4491mW/1832mW
09-14-2026 11:46:00 RAM 7034/7620MB (lfb 4x2MB) SWAP 1268/8192MB (cached 78MB) CPU [16%@729,18%@729,12%@729,16%@729,100%@1728,2%@1728] GR3D_FREQ 99% cpu@59.187C soc2@57.718C soc0@56.781C gpu@59.968C tj@59.968C soc1@56.906C VDD_IN 20744mW/6759mW VDD_CPU_GPU_CV 9609mW/1902mW VDD_SOC 5080mW/1840mW
09-14-2026 11:46:01 RAM 7032/7620MB (lfb 4x2MB) SWAP 1268/8192MB (cached 78MB) CPU [21%@729,8%@729,15%@729,10%@729,100%@1728,0%@1728] GR3D_FREQ 84% cpu@59.125C soc2@57.75C soc0@56.906C gpu@60.031C tj@60.031C soc1@57.187C VDD_IN 20356mW/6792mW VDD_CPU_GPU_CV 8567mW/1918mW VDD_SOC 5429mW/1849mW
09-14-2026 11:46:01 RAM 7034/7620MB (lfb 4x2MB) SWAP 1268/8192MB (cached 78MB) CPU [21%@883,18%@883,24%@883,25%@883,100%@1728,11%@1728] GR3D_FREQ 92% cpu@59.593C soc2@57.937C soc0@57C gpu@60.437C tj@60.437C soc1@57.312C VDD_IN 20395mW/6825mW VDD_CPU_GPU_CV 8413mW/1934mW VDD_SOC 5507mW/1858mW
09-14-2026 11:46:02 RAM 7184/7620MB (lfb 12x1MB) SWAP 1268/8192MB (cached 78MB) CPU [12%@729,18%@729,6%@729,4%@729,98%@1728,8%@1728] GR3D_FREQ 0% cpu@59C soc2@57.562C soc0@57C gpu@58.562C tj@59C soc1@57.312C VDD_IN 14123mW/6842mW VDD_CPU_GPU_CV 5231mW/1941mW VDD_SOC 4034mW/1863mW
09-14-2026 11:46:02 RAM 7024/7620MB (lfb 34x1MB) SWAP 1268/8192MB (cached 78MB) CPU [10%@729,13%@729,10%@729,12%@729,100%@1728,9%@1728] GR3D_FREQ 99% cpu@59.187C soc2@57.718C soc0@57.125C gpu@61C tj@61C soc1@57.281C VDD_IN 17021mW/6867mW VDD_CPU_GPU_CV 8002mW/1956mW VDD_SOC 4053mW/1868mW
09-14-2026 11:46:03 RAM 7023/7620MB (lfb 34x1MB) SWAP 1268/8192MB (cached 78MB) CPU [12%@1728,14%@1728,10%@1728,10%@1728,100%@1728,6%@1728] GR3D_FREQ 99% cpu@59.593C soc2@58.187C soc0@57.281C gpu@61.5C tj@61.5C soc1@57.468C VDD_IN 21602mW/6902mW VDD_CPU_GPU_CV 11462mW/1979mW VDD_SOC 4530mW/1875mW
09-14-2026 11:46:03 RAM 7024/7620MB (lfb 34x1MB) SWAP 1268/8192MB (cached 78MB) CPU [12%@729,8%@729,17%@729,15%@729,100%@1728,8%@1728] GR3D_FREQ 99% cpu@59.718C soc2@58.343C soc0@57.406C gpu@61.875C tj@61.875C soc1@57.468C VDD_IN 22612mW/6940mW VDD_CPU_GPU_CV 12134mW/2003mW VDD_SOC 4677mW/1881mW
09-14-2026 11:46:04 RAM 7024/7620MB (lfb 34x1MB) SWAP 1268/8192MB (cached 78MB) CPU [10%@1728,2%@1728,10%@1728,12%@1728,100%@1728,8%@1728] GR3D_FREQ 99% cpu@59.937C soc2@58.406C soc0@57.625C gpu@61.812C tj@61.812C soc1@57.968C VDD_IN 21874mW/6975mW VDD_CPU_GPU_CV 11693mW/2026mW VDD_SOC 4600mW/1888mW
09-14-2026 11:46:04 RAM 7025/7620MB (lfb 34x1MB) SWAP 1268/8192MB (cached 78MB) CPU [20%@729,17%@729,15%@729,13%@729,100%@1728,8%@1728] GR3D_FREQ 99% cpu@60C soc2@58.718C soc0@57.718C gpu@62.156C tj@62.156C soc1@57.968C VDD_IN 21525mW/7010mW VDD_CPU_GPU_CV 11500mW/2049mW VDD_SOC 4530mW/1894mW
09-14-2026 11:46:05 RAM 7026/7620MB (lfb 34x1MB) SWAP 1268/8192MB (cached 78MB) CPU [14%@729,10%@729,11%@729,17%@729,100%@1728,11%@1728] GR3D_FREQ 82% cpu@60.218C soc2@58.843C soc0@57.781C gpu@61.406C tj@61.406C soc1@58.031C VDD_IN 21059mW/7043mW VDD_CPU_GPU_CV 10479mW/2069mW VDD_SOC 4801mW/1901mW
09-14-2026 11:46:05 RAM 7027/7620MB (lfb 34x1MB) SWAP 1268/8192MB (cached 79MB) CPU [16%@1728,13%@1728,12%@1728,14%@1728,100%@1728,11%@1728] GR3D_FREQ 90% cpu@60.406C soc2@58.875C soc0@57.968C gpu@61.343C tj@61.343C soc1@58.187C VDD_IN 20472mW/7075mW VDD_CPU_GPU_CV 8798mW/2085mW VDD_SOC 5313mW/1909mW
09-14-2026 11:46:06 RAM 7026/7620MB (lfb 34x1MB) SWAP 1268/8192MB (cached 79MB) CPU [19%@1728,11%@1728,11%@1728,9%@1728,100%@1728,6%@1728] GR3D_FREQ 83% cpu@60.281C soc2@58.937C soc0@58.218C gpu@61.281C tj@61.281C soc1@58.25C VDD_IN 20278mW/7107mW VDD_CPU_GPU_CV 8335mW/2100mW VDD_SOC 5507mW/1918mW
09-14-2026 11:46:06 RAM 7027/7620MB (lfb 34x1MB) SWAP 1268/8192MB (cached 79MB) CPU [18%@729,13%@729,13%@729,8%@729,100%@1728,9%@1728] GR3D_FREQ 93% cpu@60.625C soc2@59C soc0@58.281C gpu@61.5C tj@61.5C soc1@58.343C VDD_IN 20200mW/7137mW VDD_CPU_GPU_CV 8156mW/2114mW VDD_SOC 5507mW/1926mW
09-14-2026 11:46:07 RAM 7075/7620MB (lfb 36x1MB) SWAP 1268/8192MB (cached 79MB) CPU [14%@729,6%@729,10%@729,10%@729,98%@1728,13%@1728] GR3D_FREQ 0% cpu@60.156C soc2@58.437C soc0@58.187C gpu@59.437C tj@60.156C soc1@58.625C VDD_IN 12103mW/7149mW VDD_CPU_GPU_CV 4119mW/2119mW VDD_SOC 3615mW/1930mW
09-14-2026 11:46:07 RAM 7013/7620MB (lfb 35x1MB) SWAP 1268/8192MB (cached 79MB) CPU [17%@806,22%@806,11%@806,12%@806,100%@1728,8%@1728] GR3D_FREQ 99% cpu@60.531C soc2@58.968C soc0@58.218C gpu@62.343C tj@62.343C soc1@58.781C VDD_IN 19611mW/7178mW VDD_CPU_GPU_CV 9934mW/2137mW VDD_SOC 4350mW/1936mW
09-14-2026 11:46:08 RAM 7013/7620MB (lfb 35x1MB) SWAP 1268/8192MB (cached 79MB) CPU [16%@729,8%@729,13%@729,14%@729,100%@1728,7%@1728] GR3D_FREQ 99% cpu@60.656C soc2@59.5C soc0@58.468C gpu@62.781C tj@62.781C soc1@58.687C VDD_IN 22380mW/7214mW VDD_CPU_GPU_CV 12019mW/2160mW VDD_SOC 4600mW/1942mW
09-14-2026 11:46:08 RAM 7013/7620MB (lfb 35x1MB) SWAP 1268/8192MB (cached 79MB) CPU [16%@1728,12%@1728,6%@1728,8%@1728,100%@1728,9%@1728] GR3D_FREQ 99% cpu@60.843C soc2@59.593C soc0@58.562C gpu@62.906C tj@62.906C soc1@58.812C VDD_IN 22264mW/7249mW VDD_CPU_GPU_CV 11865mW/2183mW VDD_SOC 4638mW/1948mW
09-14-2026 11:46:09 RAM 7014/7620MB (lfb 35x1MB) SWAP 1268/8192MB (cached 79MB) CPU [10%@1728,8%@1728,10%@1728,14%@1728,100%@1728,11%@1728] GR3D_FREQ 99% cpu@61.281C soc2@59.718C soc0@58.968C gpu@62.937C tj@62.937C soc1@58.937C VDD_IN 21719mW/7283mW VDD_CPU_GPU_CV 11577mW/2205mW VDD_SOC 4561mW/1954mW
09-14-2026 11:46:09 RAM 7013/7620MB (lfb 35x1MB) SWAP 1268/8192MB (cached 79MB) CPU [18%@1728,13%@1728,12%@1728,6%@1728,100%@1728,6%@1728] GR3D_FREQ 99% cpu@61.125C soc2@59.781C soc0@59C gpu@63.25C tj@63.25C soc1@59C VDD_IN 21486mW/7316mW VDD_CPU_GPU_CV 11500mW/2226mW VDD_SOC 4530mW/1960mW
09-14-2026 11:46:10 RAM 7014/7620MB (lfb 35x1MB) SWAP 1268/8192MB (cached 79MB) CPU [12%@1728,12%@1728,10%@1728,10%@1728,100%@1728,11%@1728] GR3D_FREQ 84% cpu@61.5C soc2@60C soc0@59.093C gpu@62.375C tj@62.375C soc1@59.093C VDD_IN 20788mW/7347mW VDD_CPU_GPU_CV 9632mW/2243mW VDD_SOC 5072mW/1968mW
09-14-2026 11:46:11 RAM 7014/7620MB (lfb 35x1MB) SWAP 1268/8192MB (cached 79MB) CPU [8%@1728,6%@1728,10%@1728,8%@1728,92%@1728,4%@1728] GR3D_FREQ 0% cpu@61.187C soc2@59.875C soc0@59.187C gpu@61.812C tj@61.812C soc1@59.468C VDD_IN 19378mW/7375mW VDD_CPU_GPU_CV 8040mW/2257mW VDD_SOC 5205mW/1975mW
09-14-2026 11:46:11 RAM 7015/7620MB (lfb 35x1MB) SWAP 1268/8192MB (cached 79MB) CPU [8%@1728,13%@1728,16%@1728,14%@1728,8%@1728,95%@1728] GR3D_FREQ 99% cpu@61.406C soc2@60.031C soc0@59.218C gpu@62.406C tj@62.406C soc1@59.468C VDD_IN 20045mW/7404mW VDD_CPU_GPU_CV 8156mW/2270mW VDD_SOC 5468mW/1983mW
09-14-2026 11:46:12 RAM 7049/7620MB (lfb 35x1MB) SWAP 1268/8192MB (cached 79MB) CPU [19%@1728,13%@1728,15%@1728,11%@1728,7%@1728,100%@1728] GR3D_FREQ 0% cpu@61.062C soc2@59.906C soc0@59.218C gpu@61.093C tj@61.093C soc1@59.625C VDD_IN 15993mW/7424mW VDD_CPU_GPU_CV 6109mW/2279mW VDD_SOC 4489mW/1989mW
09-14-2026 11:46:12 RAM 7019/7620MB (lfb 34x1MB) SWAP 1273/8192MB (cached 79MB) CPU [65%@1728,13%@1728,11%@1728,7%@1728,12%@1728,43%@1728] GR3D_FREQ 99% cpu@61.25C soc2@60.062C soc0@59.312C gpu@62.781C tj@62.781C soc1@59.531C VDD_IN 15602mW/7443mW VDD_CPU_GPU_CV 6848mW/2290mW VDD_SOC 3943mW/1993mW
09-14-2026 11:46:13 RAM 7023/7620MB (lfb 34x1MB) SWAP 1273/8192MB (cached 79MB) CPU [100%@1728,22%@1728,13%@1728,8%@1728,8%@729,9%@729] GR3D_FREQ 99% cpu@61.843C soc2@60.406C soc0@59.5C gpu@63.531C tj@63.531C soc1@59.625C VDD_IN 21331mW/7475mW VDD_CPU_GPU_CV 11231mW/2310mW VDD_SOC 4530mW/1999mW
09-14-2026 11:46:13 RAM 7023/7620MB (lfb 34x1MB) SWAP 1273/8192MB (cached 79MB) CPU [100%@1728,8%@1728,6%@1728,9%@1728,18%@729,12%@729] GR3D_FREQ 99% cpu@61.843C soc2@60.718C soc0@59.625C gpu@63.812C tj@63.812C soc1@59.812C VDD_IN 22689mW/7509mW VDD_CPU_GPU_CV 12249mW/2333mW VDD_SOC 4638mW/2005mW
09-14-2026 11:46:14 RAM 7024/7620MB (lfb 34x1MB) SWAP 1273/8192MB (cached 79MB) CPU [43%@729,15%@1728,15%@1728,14%@1728,78%@1728,7%@1728] GR3D_FREQ 99% cpu@61.906C soc2@60.718C soc0@59.812C gpu@63.843C tj@63.843C soc1@59.968C VDD_IN 21915mW/7542mW VDD_CPU_GPU_CV 11693mW/2354mW VDD_SOC 4600mW/2011mW
09-14-2026 11:46:14 RAM 7025/7620MB (lfb 34x1MB) SWAP 1273/8192MB (cached 79MB) CPU [15%@1728,15%@1728,14%@1728,16%@1728,100%@1728,6%@1728] GR3D_FREQ 99% cpu@62.218C soc2@60.875C soc0@59.937C gpu@64C tj@64C soc1@60.031C VDD_IN 21408mW/7574mW VDD_CPU_GPU_CV 11346mW/2375mW VDD_SOC 4568mW/2017mW
09-14-2026 11:46:15 RAM 7025/7620MB (lfb 34x1MB) SWAP 1273/8192MB (cached 79MB) CPU [15%@1728,14%@1728,15%@1728,10%@1728,100%@1728,6%@1728] GR3D_FREQ 80% cpu@62.156C soc2@61C soc0@60.062C gpu@63.625C tj@63.625C soc1@60.125C VDD_IN 21292mW/7605mW VDD_CPU_GPU_CV 11116mW/2395mW VDD_SOC 4607mW/2023mW
09-14-2026 11:46:15 RAM 7024/7620MB (lfb 34x1MB) SWAP 1273/8192MB (cached 79MB) CPU [10%@729,10%@1728,10%@1728,8%@1728,100%@1728,6%@1728] GR3D_FREQ 93% cpu@62.375C soc2@61.031C soc0@60.406C gpu@63.593C tj@63.593C soc1@60.187C VDD_IN 20594mW/7635mW VDD_CPU_GPU_CV 9030mW/2410mW VDD_SOC 5265mW/2030mW
09-14-2026 11:46:16 RAM 7025/7620MB (lfb 34x1MB) SWAP 1273/8192MB (cached 79MB) CPU [8%@729,12%@1728,6%@1728,6%@1728,100%@1728,8%@1728] GR3D_FREQ 85% cpu@62.5C soc2@61.125C soc0@60.281C gpu@63.343C tj@63.343C soc1@60.375C VDD_IN 20434mW/7664mW VDD_CPU_GPU_CV 8451mW/2423mW VDD_SOC 5507mW/2038mW
09-14-2026 11:46:16 RAM 7025/7620MB (lfb 34x1MB) SWAP 1273/8192MB (cached 79MB) CPU [6%@1728,14%@1728,11%@1728,6%@1728,100%@1728,4%@1728] GR3D_FREQ 99% cpu@62.593C soc2@61.187C soc0@60.281C gpu@63.687C tj@63.687C soc1@60.468C VDD_IN 20356mW/7692mW VDD_CPU_GPU_CV 8258mW/2437mW VDD_SOC 5546mW/2046mW
09-14-2026 11:46:17 RAM 7032/7620MB (lfb 34x1MB) SWAP 1273/8192MB (cached 79MB) CPU [12%@1113,12%@1113,6%@1113,6%@1113,100%@1728,4%@1728] GR3D_FREQ 0% cpu@62.531C soc2@61C soc0@60.343C gpu@62.218C tj@62.531C soc1@60.718C VDD_IN 17383mW/7714mW VDD_CPU_GPU_CV 6759mW/2446mW VDD_SOC 4833mW/2052mW
09-14-2026 11:46:17 RAM 7014/7620MB (lfb 26x1MB) SWAP 1281/8192MB (cached 78MB) CPU [10%@729,6%@729,10%@729,8%@729,94%@1728,11%@1728] GR3D_FREQ 99% cpu@62.093C soc2@60.968C soc0@60.281C gpu@63.875C tj@63.875C soc1@60.687C VDD_IN 14766mW/7730mW VDD_CPU_GPU_CV 6158mW/2455mW VDD_SOC 3910mW/2057mW
09-14-2026 11:46:18 RAM 7023/7620MB (lfb 32x1MB) SWAP 1281/8192MB (cached 78MB) CPU [22%@729,26%@729,13%@729,17%@1728,100%@1728,7%@1728] GR3D_FREQ 99% cpu@62.687C soc2@61.406C soc0@60.375C gpu@64.531C tj@64.531C soc1@60.625C VDD_IN 21098mW/7760mW VDD_CPU_GPU_CV 11019mW/2474mW VDD_SOC 4530mW/2062mW
09-14-2026 11:46:18 RAM 7023/7620MB (lfb 32x1MB) SWAP 1281/8192MB (cached 77MB) CPU [17%@729,17%@729,11%@729,15%@1728,100%@1728,10%@1728] GR3D_FREQ 99% cpu@63.062C soc2@61.687C soc0@60.812C gpu@65.062C tj@65.062C soc1@60.843C VDD_IN 22689mW/7793mW VDD_CPU_GPU_CV 12190mW/2496mW VDD_SOC 4669mW/2068mW
09-14-2026 11:46:19 RAM 7023/7620MB (lfb 32x1MB) SWAP 1281/8192MB (cached 77MB) CPU [16%@1728,13%@1728,10%@1728,14%@1728,100%@1728,8%@1728] GR3D_FREQ 99% cpu@63.062C soc2@61.75C soc0@60.968C gpu@64.843C tj@64.843C soc1@60.937C VDD_IN 22031mW/7825mW VDD_CPU_GPU_CV 11750mW/2516mW VDD_SOC 4600mW/2074mW
09-14-2026 11:46:19 RAM 7023/7620MB (lfb 32x1MB) SWAP 1281/8192MB (cached 78MB) CPU [21%@1728,17%@1728,10%@1728,6%@1728,100%@1728,5%@1728] GR3D_FREQ 99% cpu@63.375C soc2@61.968C soc0@61.031C gpu@65.187C tj@65.187C soc1@61.093C VDD_IN 21447mW/7855mW VDD_CPU_GPU_CV 11308mW/2536mW VDD_SOC 4568mW/2079mW
09-14-2026 11:46:20 RAM 7024/7620MB (lfb 32x1MB) SWAP 1281/8192MB (cached 78MB) CPU [21%@729,15%@729,14%@1728,16%@1728,100%@1728,7%@1728] GR3D_FREQ 99% cpu@63.218C soc2@62.062C soc0@61.093C gpu@65.218C tj@65.218C soc1@61.218C VDD_IN 21447mW/7886mW VDD_CPU_GPU_CV 11500mW/2556mW VDD_SOC 4491mW/2085mW
09-14-2026 11:46:20 RAM 7024/7620MB (lfb 32x1MB) SWAP 1281/8192MB (cached 78MB) CPU [17%@1728,14%@1728,10%@1728,15%@1728,100%@1728,4%@1728] GR3D_FREQ 83% cpu@63.406C soc2@62.125C soc0@61.125C gpu@64.656C tj@64.656C soc1@61.375C VDD_IN 20633mW/7914mW VDD_CPU_GPU_CV 9146mW/2570mW VDD_SOC 5265mW/2092mW
09-14-2026 11:46:21 RAM 7024/7620MB (lfb 32x1MB) SWAP 1281/8192MB (cached 78MB) CPU [12%@1728,15%@1728,10%@1728,6%@1728,100%@1728,7%@1728] GR3D_FREQ 99% cpu@63.5C soc2@62.125C soc0@61.281C gpu@64.5C tj@64.5C soc1@61.468C VDD_IN 20400mW/7941mW VDD_CPU_GPU_CV 8451mW/2583mW VDD_SOC 5468mW/2099mW
09-14-2026 11:46:21 RAM 7025/7620MB (lfb 32x1MB) SWAP 1281/8192MB (cached 78MB) CPU [14%@1728,12%@1728,10%@1728,8%@1728,100%@1728,6%@1728] GR3D_FREQ 84% cpu@63.562C soc2@62.281C soc0@61.312C gpu@64.625C tj@64.625C soc1@61.562C VDD_IN 20356mW/7969mW VDD_CPU_GPU_CV 8220mW/2596mW VDD_SOC 5546mW/2107mW
09-14-2026 11:46:22 RAM 6969/7620MB (lfb 4x2MB) SWAP 1281/8192MB (cached 78MB) CPU [10%@729,10%@729,8%@729,10%@729,100%@1728,5%@1728] GR3D_FREQ 94% cpu@63.687C soc2@62.218C soc0@61.593C gpu@64.312C tj@64.312C soc1@61.625C VDD_IN 19890mW/7995mW VDD_CPU_GPU_CV 7963mW/2608mW VDD_SOC 5468mW/2114mW
09-14-2026 11:46:22 RAM 7058/7620MB (lfb 28x1MB) SWAP 1286/8192MB (cached 77MB) CPU [20%@729,2%@729,10%@729,8%@729,100%@1728,7%@1728] GR3D_FREQ 5% cpu@63.375C soc2@61.718C soc0@61.437C gpu@63.125C tj@63.375C soc1@61.656C VDD_IN 12142mW/8004mW VDD_CPU_GPU_CV 4112mW/2611mW VDD_SOC 3615mW/2117mW
09-14-2026 11:46:23 RAM 7066/7620MB (lfb 22x1MB) SWAP 1285/8192MB (cached 77MB) CPU [20%@883,17%@883,30%@883,14%@883,100%@1728,6%@1728] GR3D_FREQ 99% cpu@63.875C soc2@62.218C soc0@61.468C gpu@65.656C tj@65.656C soc1@61.593C VDD_IN 20123mW/8031mW VDD_CPU_GPU_CV 10304mW/2628mW VDD_SOC 4421mW/2122mW
09-14-2026 11:46:23 RAM 7067/7620MB (lfb 22x1MB) SWAP 1285/8192MB (cached 77MB) CPU [14%@729,18%@729,6%@729,10%@729,100%@1728,8%@1728] GR3D_FREQ 99% cpu@63.875C soc2@62.562C soc0@61.75C gpu@66.093C tj@66.093C soc1@61.937C VDD_IN 22535mW/8063mW VDD_CPU_GPU_CV 12057mW/2649mW VDD_SOC 4677mW/2128mW
09-14-2026 11:46:24 RAM 7068/7620MB (lfb 22x1MB) SWAP 1285/8192MB (cached 77MB) CPU [14%@729,10%@729,6%@729,8%@729,100%@1728,9%@1728] GR3D_FREQ 99% cpu@64.125C soc2@62.875C soc0@61.843C gpu@66.093C tj@66.093C soc1@62.031C VDD_IN 22186mW/8093mW VDD_CPU_GPU_CV 11827mW/2669mW VDD_SOC 4638mW/2133mW
09-14-2026 11:46:24 RAM 7069/7620MB (lfb 22x1MB) SWAP 1285/8192MB (cached 77MB) CPU [12%@1728,17%@1728,14%@1728,13%@1728,100%@1728,9%@1728] GR3D_FREQ 99% cpu@64.031C soc2@63.031C soc0@62.062C gpu@66.25C tj@66.25C soc1@62.125C VDD_IN 21641mW/8123mW VDD_CPU_GPU_CV 11500mW/2688mW VDD_SOC 4561mW/2139mW
09-14-2026 11:46:25 RAM 7069/7620MB (lfb 22x1MB) SWAP 1285/8192MB (cached 77MB) CPU [13%@729,16%@729,16%@729,13%@729,100%@1728,9%@1728] GR3D_FREQ 99% cpu@64.187C soc2@63.093C soc0@62.093C gpu@66.25C tj@66.625C soc1@62.187C VDD_IN 21525mW/8152mW VDD_CPU_GPU_CV 11539mW/2707mW VDD_SOC 4522mW/2144mW
09-14-2026 11:46:25 RAM 7069/7620MB (lfb 22x1MB) SWAP 1285/8192MB (cached 77MB) CPU [12%@729,10%@729,18%@729,18%@729,100%@1728,6%@1728] GR3D_FREQ 83% cpu@64.593C soc2@63.093C soc0@62.343C gpu@65.718C tj@65.718C soc1@62.218C VDD_IN 20788mW/8179mW VDD_CPU_GPU_CV 9516mW/2722mW VDD_SOC 5149mW/2150mW
09-14-2026 11:46:26 RAM 7070/7620MB (lfb 22x1MB) SWAP 1285/8192MB (cached 77MB) CPU [14%@729,9%@1728,13%@1728,18%@1728,100%@1728,6%@1728] GR3D_FREQ 84% cpu@64.593C soc2@63.125C soc0@62.343C gpu@65.812C tj@65.812C soc1@62.343C VDD_IN 20477mW/8206mW VDD_CPU_GPU_CV 8606mW/2735mW VDD_SOC 5459mW/2158mW
09-14-2026 11:46:26 RAM 7070/7620MB (lfb 22x1MB) SWAP 1285/8192MB (cached 77MB) CPU [22%@1728,15%@1728,4%@1728,13%@1728,100%@1728,9%@1728] GR3D_FREQ 89% cpu@64.687C soc2@63.218C soc0@62.468C gpu@65.718C tj@65.718C soc1@62.656C VDD_IN 20361mW/8232mW VDD_CPU_GPU_CV 8297mW/2747mW VDD_SOC 5536mW/2165mW
09-14-2026 11:46:27 RAM 7070/7620MB (lfb 22x1MB) SWAP 1285/8192MB (cached 77MB) CPU [16%@729,10%@729,6%@1728,10%@1728,100%@1728,9%@1728] GR3D_FREQ 83% cpu@64.687C soc2@63.25C soc0@62.5C gpu@65.968C tj@65.968C soc1@62.718C VDD_IN 20400mW/8259mW VDD_CPU_GPU_CV 8258mW/2758mW VDD_SOC 5614mW/2172mW
09-14-2026 11:46:27 RAM 7071/7620MB (lfb 22x1MB) SWAP 1285/8192MB (cached 77MB) CPU [18%@729,9%@729,13%@1728,15%@1728,98%@1728,7%@1728] GR3D_FREQ 0% cpu@64.687C soc2@63.375C soc0@62.531C gpu@65.156C tj@65.156C soc1@62.812C VDD_IN 19579mW/8283mW VDD_CPU_GPU_CV 7808mW/2769mW VDD_SOC 5390mW/2179mW
09-14-2026 11:46:28 RAM 7023/7620MB (lfb 22x1MB) SWAP 1290/8192MB (cached 76MB) CPU [20%@729,8%@729,11%@729,8%@729,100%@1728,10%@1728] GR3D_FREQ 99% cpu@64.375C soc2@63C soc0@62.468C gpu@65.125C tj@65.125C soc1@62.812C VDD_IN 13417mW/8294mW VDD_CPU_GPU_CV 5044mW/2774mW VDD_SOC 3799mW/2183mW
09-14-2026 11:46:28 RAM 7024/7620MB (lfb 31x1MB) SWAP 1290/8192MB (cached 76MB) CPU [12%@729,12%@729,18%@729,16%@729,100%@1728,13%@1728] GR3D_FREQ 99% cpu@64.781C soc2@63.5C soc0@62.75C gpu@66.906C tj@66.906C soc1@62.843C VDD_IN 20710mW/8320mW VDD_CPU_GPU_CV 10749mW/2791mW VDD_SOC 4491mW/2188mW
09-14-2026 11:46:29 RAM 7025/7620MB (lfb 31x1MB) SWAP 1290/8192MB (cached 76MB) CPU [14%@1728,10%@1728,6%@1728,10%@1728,100%@1728,13%@1728] GR3D_FREQ 99% cpu@65.156C soc2@63.718C soc0@62.843C gpu@67.343C tj@67.343C soc1@62.843C VDD_IN 22652mW/8351mW VDD_CPU_GPU_CV 12229mW/2811mW VDD_SOC 4669mW/2193mW
09-14-2026 11:46:29 RAM 7025/7620MB (lfb 31x1MB) SWAP 1290/8192MB (cached 76MB) CPU [14%@729,12%@1728,8%@1728,14%@1728,100%@1728,10%@1728] GR3D_FREQ 99% cpu@65.5C soc2@63.906C soc0@63.218C gpu@67.218C tj@67.218C soc1@62.937C VDD_IN 22147mW/8381mW VDD_CPU_GPU_CV 11827mW/2831mW VDD_SOC 4638mW/2198mW
09-14-2026 11:46:30 RAM 7025/7620MB (lfb 31x1MB) SWAP 1290/8192MB (cached 76MB) CPU [14%@729,16%@729,8%@729,8%@729,100%@1728,8%@1728] GR3D_FREQ 99% cpu@65.343C soc2@63.937C soc0@63.156C gpu@67.5C tj@67.5C soc1@63.062C VDD_IN 21602mW/8409mW VDD_CPU_GPU_CV 11500mW/2849mW VDD_SOC 4561mW/2203mW
09-14-2026 11:46:30 RAM 7026/7620MB (lfb 31x1MB) SWAP 1290/8192MB (cached 76MB) CPU [17%@729,14%@729,11%@729,11%@729,100%@1728,4%@1728] GR3D_FREQ 99% cpu@65.562C soc2@64C soc0@63.312C gpu@67.468C tj@67.468C soc1@63.312C VDD_IN 21447mW/8436mW VDD_CPU_GPU_CV 11462mW/2867mW VDD_SOC 4522mW/2208mW
09-14-2026 11:46:31 RAM 7027/7620MB (lfb 31x1MB) SWAP 1290/8192MB (cached 76MB) CPU [16%@729,9%@729,16%@729,14%@729,100%@1728,10%@1728] GR3D_FREQ 99% cpu@65.687C soc2@64.187C soc0@63.312C gpu@66.843C tj@66.843C soc1@63.375C VDD_IN 20749mW/8462mW VDD_CPU_GPU_CV 9362mW/2881mW VDD_SOC 5227mW/2215mW
09-14-2026 11:46:31 RAM 7027/7620MB (lfb 31x1MB) SWAP 1290/8192MB (cached 76MB) CPU [13%@729,11%@729,15%@729,14%@1728,100%@1728,11%@1728] GR3D_FREQ 84% cpu@65.968C soc2@64.281C soc0@63.437C gpu@66.718C tj@66.718C soc1@63.468C VDD_IN 20594mW/8488mW VDD_CPU_GPU_CV 8591mW/2893mW VDD_SOC 5536mW/2222mW
09-14-2026 11:46:32 RAM 7027/7620MB (lfb 31x1MB) SWAP 1290/8192MB (cached 76MB) CPU [12%@1728,9%@1728,16%@1728,8%@1728,100%@1728,7%@1728] GR3D_FREQ 85% cpu@65.968C soc2@64.281C soc0@63.562C gpu@67C tj@67C soc1@63.593C VDD_IN 20516mW/8513mW VDD_CPU_GPU_CV 8374mW/2905mW VDD_SOC 5614mW/2229mW
09-14-2026 11:46:32 RAM 7154/7620MB (lfb 23x1MB) SWAP 1290/8192MB (cached 76MB) CPU [21%@729,6%@1728,8%@1728,15%@1728,100%@1728,11%@1728] GR3D_FREQ 0% cpu@65.531C soc2@63.75C soc0@63.562C gpu@64.906C tj@65.531C soc1@63.593C VDD_IN 13025mW/8523mW VDD_CPU_GPU_CV 4575mW/2908mW VDD_SOC 3844mW/2232mW
09-14-2026 11:46:33 RAM 7030/7620MB (lfb 1x2MB) SWAP 1290/8192MB (cached 76MB) CPU [16%@729,15%@729,16%@729,9%@729,100%@1728,11%@1728] GR3D_FREQ 99% cpu@65.75C soc2@64.187C soc0@63.625C gpu@67.687C tj@67.687C soc1@63.593C VDD_IN 19462mW/8546mW VDD_CPU_GPU_CV 9725mW/2923mW VDD_SOC 4382mW/2237mW
09-14-2026 11:46:33 RAM 7030/7620MB (lfb 1x2MB) SWAP 1290/8192MB (cached 76MB) CPU [10%@1728,12%@729,14%@729,10%@729,100%@1728,15%@1728] GR3D_FREQ 99% cpu@65.906C soc2@64.562C soc0@63.718C gpu@67.937C tj@67.937C soc1@63.937C VDD_IN 22380mW/8575mW VDD_CPU_GPU_CV 11980mW/2942mW VDD_SOC 4669mW/2242mW
09-14-2026 11:46:34 RAM 7031/7620MB (lfb 1x2MB) SWAP 1290/8192MB (cached 76MB) CPU [18%@729,10%@729,10%@729,12%@729,100%@1728,15%@1728] GR3D_FREQ 99% cpu@66.187C soc2@64.75C soc0@63.843C gpu@68.093C tj@68.093C soc1@63.968C VDD_IN 22418mW/8604mW VDD_CPU_GPU_CV 11942mW/2960mW VDD_SOC 4669mW/2247mW
09-14-2026 11:46:34 RAM 7031/7620MB (lfb 1x2MB) SWAP 1290/8192MB (cached 76MB) CPU [16%@729,10%@1728,8%@1728,6%@1728,100%@1728,18%@1728] GR3D_FREQ 99% cpu@66.125C soc2@64.812C soc0@64C gpu@68.375C tj@68.375C soc1@64.031C VDD_IN 21644mW/8631mW VDD_CPU_GPU_CV 11520mW/2978mW VDD_SOC 4600mW/2252mW
09-14-2026 11:46:35 RAM 7032/7620MB (lfb 1x2MB) SWAP 1290/8192MB (cached 76MB) CPU [16%@729,10%@1728,11%@1728,12%@1728,100%@1728,15%@1728] GR3D_FREQ 99% cpu@66.593C soc2@64.968C soc0@64.125C gpu@68.312C tj@68.312C soc1@64.062C VDD_IN 21525mW/8658mW VDD_CPU_GPU_CV 11462mW/2996mW VDD_SOC 4522mW/2256mW
09-14-2026 11:46:35 RAM 7032/7620MB (lfb 1x2MB) SWAP 1289/8192MB (cached 76MB) CPU [12%@729,8%@729,12%@729,13%@729,100%@1728,9%@1728] GR3D_FREQ 99% cpu@66.531C soc2@65C soc0@64.187C gpu@67.718C tj@67.906C soc1@64.218C VDD_IN 20943mW/8684mW VDD_CPU_GPU_CV 9901mW/3010mW VDD_SOC 5033mW/2262mW
09-14-2026 11:46:36 RAM 7032/7620MB (lfb 1x2MB) SWAP 1289/8192MB (cached 77MB) CPU [10%@729,8%@729,10%@729,4%@729,100%@1728,7%@1728] GR3D_FREQ 83% cpu@66.781C soc2@64.968C soc0@64.437C gpu@67.625C tj@67.625C soc1@64.25C VDD_IN 20594mW/8708mW VDD_CPU_GPU_CV 8707mW/3022mW VDD_SOC 5459mW/2269mW
09-14-2026 11:46:36 RAM 7033/7620MB (lfb 1x2MB) SWAP 1289/8192MB (cached 77MB) CPU [6%@1728,4%@1728,14%@1728,2%@1728,100%@1728,8%@1728] GR3D_FREQ 99% cpu@66.812C soc2@65.093C soc0@64.437C gpu@67.843C tj@67.843C soc1@64.25C VDD_IN 20516mW/8733mW VDD_CPU_GPU_CV 8413mW/3033mW VDD_SOC 5575mW/2276mW
09-14-2026 11:46:37 RAM 7033/7620MB (lfb 1x2MB) SWAP 1289/8192MB (cached 77MB) CPU [14%@729,6%@729,6%@729,15%@729,100%@1728,9%@1728] GR3D_FREQ 82% cpu@66.687C soc2@65.062C soc0@64.406C gpu@67.718C tj@67.718C soc1@64.593C VDD_IN 20439mW/8757mW VDD_CPU_GPU_CV 8220mW/3044mW VDD_SOC 5614mW/2283mW
09-14-2026 11:46:37 RAM 7081/7620MB (lfb 10x1MB) SWAP 1289/8192MB (cached 77MB) CPU [14%@729,16%@729,13%@729,13%@1728,16%@1728,86%@1728] GR3D_FREQ 0% cpu@66.062C soc2@64.562C soc0@64.406C gpu@65.687C tj@66.062C soc1@64.5C VDD_IN 12260mW/8764mW VDD_CPU_GPU_CV 4151mW/3046mW VDD_SOC 3687mW/2286mW
09-14-2026 11:46:38 RAM 7005/7620MB (lfb 20x1MB) SWAP 1289/8192MB (cached 77MB) CPU [14%@729,8%@729,16%@729,12%@729,11%@1728,100%@1728] GR3D_FREQ 99% cpu@66.375C soc2@65C soc0@64.375C gpu@68.437C tj@68.437C soc1@64.406C VDD_IN 18872mW/8785mW VDD_CPU_GPU_CV 9316mW/3059mW VDD_SOC 4312mW/2290mW
09-14-2026 11:46:38 RAM 7006/7620MB (lfb 20x1MB) SWAP 1289/8192MB (cached 77MB) CPU [21%@729,15%@729,17%@729,17%@729,7%@1728,100%@1728] GR3D_FREQ 99% cpu@66.656C soc2@65.406C soc0@64.593C gpu@69.125C tj@69.125C soc1@64.625C VDD_IN 22264mW/8813mW VDD_CPU_GPU_CV 11904mW/3077mW VDD_SOC 4638mW/2295mW
09-14-2026 11:46:39 RAM 7006/7620MB (lfb 20x1MB) SWAP 1289/8192MB (cached 77MB) CPU [12%@729,15%@729,12%@729,8%@729,6%@1728,100%@1728] GR3D_FREQ 99% cpu@67.25C soc2@65.531C soc0@64.812C gpu@69C tj@69C soc1@64.75C VDD_IN 22457mW/8841mW VDD_CPU_GPU_CV 11942mW/3096mW VDD_SOC 4708mW/2299mW
09-14-2026 11:46:39 RAM 7006/7620MB (lfb 20x1MB) SWAP 1289/8192MB (cached 77MB) CPU [14%@729,6%@729,12%@1728,14%@1728,4%@1728,100%@1728] GR3D_FREQ 99% cpu@67.187C soc2@65.812C soc0@65.031C gpu@69.125C tj@69.125C soc1@64.875C VDD_IN 21683mW/8867mW VDD_CPU_GPU_CV 11481mW/3113mW VDD_SOC 4600mW/2304mW
09-14-2026 11:46:40 RAM 7007/7620MB (lfb 20x1MB) SWAP 1289/8192MB (cached 77MB) CPU [19%@729,13%@1728,8%@1728,8%@1728,13%@1728,100%@1728] GR3D_FREQ 99% cpu@67.343C soc2@65.593C soc0@65.156C gpu@69.156C tj@69.156C soc1@64.843C VDD_IN 21525mW/8893mW VDD_CPU_GPU_CV 11462mW/3130mW VDD_SOC 4561mW/2309mW
09-14-2026 11:46:40 RAM 7008/7620MB (lfb 20x1MB) SWAP 1289/8192MB (cached 77MB) CPU [12%@1728,13%@729,10%@729,6%@729,20%@1728,98%@1728] GR3D_FREQ 99% cpu@67.468C soc2@65.843C soc0@65.062C gpu@68.781C tj@68.781C soc1@65.125C VDD_IN 20982mW/8917mW VDD_CPU_GPU_CV 9940mW/3144mW VDD_SOC 5033mW/2314mW
09-14-2026 11:46:41 RAM 7008/7620MB (lfb 20x1MB) SWAP 1289/8192MB (cached 77MB) CPU [8%@729,12%@729,10%@729,9%@729,15%@1728,100%@1728] GR3D_FREQ 84% cpu@67.468C soc2@65.843C soc0@65.187C gpu@68.406C tj@68.406C soc1@65.25C VDD_IN 20633mW/8941mW VDD_CPU_GPU_CV 8745mW/3155mW VDD_SOC 5459mW/2321mW
09-14-2026 11:46:41 RAM 7008/7620MB (lfb 20x1MB) SWAP 1289/8192MB (cached 77MB) CPU [6%@729,8%@1728,6%@1728,6%@1728,15%@1728,100%@1728] GR3D_FREQ 84% cpu@67.5C soc2@65.937C soc0@65.218C gpu@68.75C tj@68.75C soc1@65.281C VDD_IN 20594mW/8965mW VDD_CPU_GPU_CV 8413mW/3166mW VDD_SOC 5614mW/2327mW
09-14-2026 11:46:42 RAM 7008/7620MB (lfb 29x1MB) SWAP 1289/8192MB (cached 77MB) CPU [10%@729,13%@729,14%@1728,11%@1728,4%@1728,100%@1728] GR3D_FREQ 0% cpu@67.312C soc2@65.781C soc0@65.25C gpu@67.312C tj@67.312C soc1@65.281C VDD_IN 16787mW/8981mW VDD_CPU_GPU_CV 6487mW/3172mW VDD_SOC 4677mW/2332mW
09-14-2026 11:46:42 RAM 7007/7620MB (lfb 29x1MB) SWAP 1289/8192MB (cached 77MB) CPU [14%@729,8%@729,6%@729,12%@729,2%@1728,100%@1728] GR3D_FREQ 99% cpu@67.312C soc2@65.531C soc0@65.406C gpu@68.781C tj@68.781C soc1@65.25C VDD_IN 15015mW/8993mW VDD_CPU_GPU_CV 6392mW/3179mW VDD_SOC 3910mW/2335mW
09-14-2026 11:46:43 RAM 7008/7620MB (lfb 29x1MB) SWAP 1289/8192MB (cached 77MB) CPU [4%@729,14%@729,10%@729,12%@729,8%@1728,100%@1728] GR3D_FREQ 99% cpu@67.718C soc2@66.031C soc0@65.468C gpu@69.593C tj@69.593C soc1@65.375C VDD_IN 21253mW/9017mW VDD_CPU_GPU_CV 11077mW/3195mW VDD_SOC 4568mW/2340mW
09-14-2026 11:46:43 RAM 7009/7620MB (lfb 29x1MB) SWAP 1289/8192MB (cached 77MB) CPU [14%@1728,17%@1728,15%@1728,10%@1728,8%@1728,100%@1728] GR3D_FREQ 99% cpu@67.812C soc2@66.281C soc0@65.593C gpu@69.968C tj@69.968C soc1@65.437C VDD_IN 22807mW/9045mW VDD_CPU_GPU_CV 12267mW/3213mW VDD_SOC 4708mW/2345mW
09-14-2026 11:46:44 RAM 7009/7620MB (lfb 29x1MB) SWAP 1289/8192MB (cached 77MB) CPU [15%@729,12%@729,15%@729,19%@729,8%@1728,100%@1728] GR3D_FREQ 99% cpu@67.906C soc2@66.343C soc0@65.687C gpu@69.812C tj@69.812C soc1@65.75C VDD_IN 21992mW/9071mW VDD_CPU_GPU_CV 11712mW/3230mW VDD_SOC 4638mW/2349mW
09-14-2026 11:46:44 RAM 7009/7620MB (lfb 29x1MB) SWAP 1289/8192MB (cached 77MB) CPU [16%@729,13%@729,15%@729,15%@729,13%@1728,100%@1728] GR3D_FREQ 99% cpu@68C soc2@66.531C soc0@65.843C gpu@69.968C tj@69.968C soc1@65.781C VDD_IN 21489mW/9096mW VDD_CPU_GPU_CV 11346mW/3246mW VDD_SOC 4600mW/2354mW
09-14-2026 11:46:45 RAM 7010/7620MB (lfb 29x1MB) SWAP 1289/8192MB (cached 77MB) CPU [14%@729,19%@729,13%@729,14%@729,7%@1728,100%@1728] GR3D_FREQ 99% cpu@68.218C soc2@66.781C soc0@65.906C gpu@70.093C tj@70.093C soc1@65.875C VDD_IN 21563mW/9121mW VDD_CPU_GPU_CV 11520mW/3263mW VDD_SOC 4522mW/2358mW
09-14-2026 11:46:45 RAM 7012/7620MB (lfb 29x1MB) SWAP 1289/8192MB (cached 77MB) CPU [17%@1728,18%@1728,13%@1728,16%@1728,2%@1728,100%@1728] GR3D_FREQ 87% cpu@68.375C soc2@66.687C soc0@66.25C gpu@69.375C tj@69.375C soc1@65.968C VDD_IN 20865mW/9144mW VDD_CPU_GPU_CV 9246mW/3275mW VDD_SOC 5304mW/2364mW
09-14-2026 11:46:46 RAM 7012/7620MB (lfb 29x1MB) SWAP 1289/8192MB (cached 77MB) CPU [19%@1728,10%@1728,15%@1728,9%@1728,4%@1728,100%@1728] GR3D_FREQ 83% cpu@68.562C soc2@66.75C soc0@66.187C gpu@69.343C tj@69.343C soc1@65.968C VDD_IN 20594mW/9167mW VDD_CPU_GPU_CV 8514mW/3285mW VDD_SOC 5536mW/2370mW
09-14-2026 11:46:46 RAM 7013/7620MB (lfb 29x1MB) SWAP 1289/8192MB (cached 77MB) CPU [15%@729,14%@729,8%@729,10%@729,8%@1728,100%@1728] GR3D_FREQ 90% cpu@68.718C soc2@66.781C soc0@66.218C gpu@69.468C tj@69.468C soc1@66.031C VDD_IN 20555mW/9190mW VDD_CPU_GPU_CV 8322mW/3295mW VDD_SOC 5614mW/2377mW
09-14-2026 11:46:47 RAM 7030/7620MB (lfb 29x1MB) SWAP 1289/8192MB (cached 77MB) CPU [4%@1728,15%@1728,6%@1728,15%@1728,9%@1728,100%@1728] GR3D_FREQ 0% cpu@68.25C soc2@66.562C soc0@66.281C gpu@68.406C tj@68.406C soc1@66.062C VDD_IN 17734mW/9207mW VDD_CPU_GPU_CV 6942mW/3303mW VDD_SOC 4941mW/2382mW
09-14-2026 11:46:47 RAM 7006/7620MB (lfb 29x1MB) SWAP 1291/8192MB (cached 77MB) CPU [15%@729,12%@1728,12%@1728,10%@1728,9%@1728,100%@1728] GR3D_FREQ 99% cpu@68C soc2@66.375C soc0@66.062C gpu@69.281C tj@69.281C soc1@66.187C VDD_IN 14257mW/9217mW VDD_CPU_GPU_CV 5768mW/3307mW VDD_SOC 3871mW/2385mW
09-14-2026 11:46:48 RAM 7011/7620MB (lfb 35x1MB) SWAP 1291/8192MB (cached 77MB) CPU [22%@1728,19%@1728,16%@1728,15%@1728,4%@1728,100%@1728] GR3D_FREQ 99% cpu@68.375C soc2@66.968C soc0@66.218C gpu@70.437C tj@70.437C soc1@66.187C VDD_IN 21020mW/9240mW VDD_CPU_GPU_CV 10962mW/3323mW VDD_SOC 4530mW/2389mW
09-14-2026 11:46:48 RAM 7015/7620MB (lfb 35x1MB) SWAP 1291/8192MB (cached 77MB) CPU [22%@1728,22%@1728,15%@1728,25%@1728,8%@1728,100%@1728] GR3D_FREQ 99% cpu@68.718C soc2@67.125C soc0@66.406C gpu@70.812C tj@70.812C soc1@66.312C VDD_IN 22923mW/9267mW VDD_CPU_GPU_CV 12382mW/3340mW VDD_SOC 4708mW/2394mW
09-14-2026 11:46:49 RAM 7015/7620MB (lfb 35x1MB) SWAP 1291/8192MB (cached 77MB) CPU [18%@1728,4%@1728,14%@1728,15%@1728,11%@1728,100%@1728] GR3D_FREQ 99% cpu@68.812C soc2@67.437C soc0@66.562C gpu@70.687C tj@70.687C soc1@66.406C VDD_IN 22109mW/9292mW VDD_CPU_GPU_CV 11750mW/3357mW VDD_SOC 4669mW/2398mW
09-14-2026 11:46:49 RAM 7016/7620MB (lfb 35x1MB) SWAP 1290/8192MB (cached 79MB) CPU [22%@1113,13%@1113,14%@1113,16%@1113,4%@1728,100%@1728] GR3D_FREQ 81% cpu@69.25C soc2@67.437C soc0@66.843C gpu@70.5C tj@70.5C soc1@66.468C VDD_IN 21528mW/9316mW VDD_CPU_GPU_CV 11385mW/3373mW VDD_SOC 4600mW/2402mW
09-14-2026 11:46:50 RAM 7017/7620MB (lfb 35x1MB) SWAP 1290/8192MB (cached 80MB) CPU [10%@1728,16%@1728,10%@1728,19%@1728,6%@1728,100%@1728] GR3D_FREQ 99% cpu@69.156C soc2@67.5C soc0@66.656C gpu@70.875C tj@70.875C soc1@66.562C VDD_IN 21489mW/9340mW VDD_CPU_GPU_CV 11443mW/3389mW VDD_SOC 4561mW/2407mW
09-14-2026 11:46:51 RAM 7017/7620MB (lfb 35x1MB) SWAP 1290/8192MB (cached 80MB) CPU [18%@729,13%@729,15%@729,14%@729,9%@1728,100%@1728] GR3D_FREQ 94% cpu@69.281C soc2@67.5C soc0@66.968C gpu@70.218C tj@70.218C soc1@66.906C VDD_IN 20788mW/9363mW VDD_CPU_GPU_CV 9285mW/3400mW VDD_SOC 5265mW/2412mW
09-14-2026 11:46:51 RAM 7018/7620MB (lfb 35x1MB) SWAP 1290/8192MB (cached 80MB) CPU [13%@1728,16%@1728,10%@1728,17%@1728,7%@1728,100%@1728] GR3D_FREQ 99% cpu@69.25C soc2@67.5C soc0@66.968C gpu@70.218C tj@70.218C soc1@66.906C VDD_IN 20710mW/9385mW VDD_CPU_GPU_CV 8591mW/3410mW VDD_SOC 5536mW/2418mW
09-14-2026 11:46:52 RAM 7018/7620MB (lfb 35x1MB) SWAP 1290/8192MB (cached 80MB) CPU [10%@1728,11%@1728,17%@1728,15%@1728,6%@1728,100%@1728] GR3D_FREQ 85% cpu@69.343C soc2@67.625C soc0@67.093C gpu@70.281C tj@70.281C soc1@66.937C VDD_IN 20633mW/9407mW VDD_CPU_GPU_CV 8360mW/3420mW VDD_SOC 5653mW/2425mW
09-14-2026 11:46:52 RAM 7044/7620MB (lfb 35x1MB) SWAP 1289/8192MB (cached 80MB) CPU [21%@729,11%@729,10%@729,12%@1728,5%@1728,100%@1728] GR3D_FREQ 0% cpu@69.031C soc2@67.437C soc0@67.062C gpu@69.031C tj@69.031C soc1@66.968C VDD_IN 17071mW/9422mW VDD_CPU_GPU_CV 6593mW/3426mW VDD_SOC 4786mW/2429mW
09-14-2026 11:46:53 RAM 7001/7620MB (lfb 35x1MB) SWAP 1300/8192MB (cached 80MB) CPU [24%@729,23%@729,8%@729,13%@729,6%@1728,97%@1728] GR3D_FREQ 99% cpu@68.843C soc2@67.187C soc0@67.031C gpu@70.312C tj@70.312C soc1@66.968C VDD_IN 14100mW/9431mW VDD_CPU_GPU_CV 5612mW/3430mW VDD_SOC 3832mW/2432mW
09-14-2026 11:46:53 RAM 7009/7620MB (lfb 1x2MB) SWAP 1300/8192MB (cached 80MB) CPU [16%@1728,4%@1728,12%@1728,24%@1728,11%@1728,100%@1728] GR3D_FREQ 99% cpu@69.406C soc2@67.625C soc0@67.156C gpu@71.187C tj@71.187C soc1@66.968C VDD_IN 20982mW/9453mW VDD_CPU_GPU_CV 10885mW/3445mW VDD_SOC 4530mW/2436mW
09-14-2026 11:46:54 RAM 7009/7620MB (lfb 1x2MB) SWAP 1300/8192MB (cached 80MB) CPU [22%@1728,14%@1728,10%@1728,13%@1728,7%@1728,100%@1728] GR3D_FREQ 99% cpu@69.468C soc2@67.937C soc0@67.281C gpu@71.812C tj@71.812C soc1@67.218C VDD_IN 22807mW/9479mW VDD_CPU_GPU_CV 12229mW/3462mW VDD_SOC 4708mW/2440mW
09-14-2026 11:46:54 RAM 7010/7620MB (lfb 1x2MB) SWAP 1300/8192MB (cached 80MB) CPU [23%@1728,14%@1728,19%@1728,10%@1728,7%@1728,100%@1728] GR3D_FREQ 99% cpu@69.718C soc2@68C soc0@67.375C gpu@71.375C tj@71.375C soc1@67.25C VDD_IN 22109mW/9503mW VDD_CPU_GPU_CV 11712mW/3478mW VDD_SOC 4669mW/2445mW
09-14-2026 11:46:55 RAM 7010/7620MB (lfb 1x2MB) SWAP 1300/8192MB (cached 80MB) CPU [22%@1728,12%@1728,18%@1728,10%@1728,2%@1728,100%@1728] GR3D_FREQ 99% cpu@69.812C soc2@68.187C soc0@67.562C gpu@71.718C tj@71.718C soc1@67.375C VDD_IN 21683mW/9527mW VDD_CPU_GPU_CV 11404mW/3493mW VDD_SOC 4638mW/2449mW
09-14-2026 11:46:55 RAM 7010/7620MB (lfb 1x2MB) SWAP 1300/8192MB (cached 80MB) CPU [10%@729,15%@729,16%@729,10%@729,9%@1728,100%@1728] GR3D_FREQ 99% cpu@69.875C soc2@68.312C soc0@67.562C gpu@71.656C tj@71.656C soc1@67.437C VDD_IN 21528mW/9550mW VDD_CPU_GPU_CV 11443mW/3508mW VDD_SOC 4561mW/2453mW
09-14-2026 11:46:56 RAM 7010/7620MB (lfb 1x2MB) SWAP 1300/8192MB (cached 80MB) CPU [6%@729,8%@729,4%@729,15%@729,7%@1728,100%@1728] GR3D_FREQ 84% cpu@70.343C soc2@68.312C soc0@67.812C gpu@71.281C tj@71.281C soc1@67.5C VDD_IN 20904mW/9572mW VDD_CPU_GPU_CV 9346mW/3519mW VDD_SOC 5265mW/2458mW
09-14-2026 11:46:56 RAM 7010/7620MB (lfb 1x2MB) SWAP 1300/8192MB (cached 80MB) CPU [4%@1728,9%@1728,15%@1728,12%@1728,6%@1728,100%@1728] GR3D_FREQ 82% cpu@70.406C soc2@68.406C soc0@67.906C gpu@71.031C tj@71.031C soc1@67.5C VDD_IN 20749mW/9593mW VDD_CPU_GPU_CV 8630mW/3529mW VDD_SOC 5575mW/2464mW
09-14-2026 11:46:57 RAM 7011/7620MB (lfb 1x2MB) SWAP 1300/8192MB (cached 80MB) CPU [11%@729,13%@729,13%@729,10%@729,9%@1728,100%@1728] GR3D_FREQ 99% cpu@70.25C soc2@68.375C soc0@67.937C gpu@71.343C tj@71.343C soc1@67.656C VDD_IN 20671mW/9614mW VDD_CPU_GPU_CV 8399mW/3539mW VDD_SOC 5653mW/2470mW
09-14-2026 11:46:57 RAM 7074/7620MB (lfb 30x1MB) SWAP 1300/8192MB (cached 80MB) CPU [15%@729,18%@1728,20%@1728,11%@1728,6%@1728,100%@1728] GR3D_FREQ 0% cpu@69.593C soc2@67.875C soc0@67.906C gpu@69.218C tj@69.593C soc1@67.875C VDD_IN 12946mW/9621mW VDD_CPU_GPU_CV 4536mW/3540mW VDD_SOC 3838mW/2473mW
09-14-2026 11:46:58 RAM 7002/7620MB (lfb 36x1MB) SWAP 1300/8192MB (cached 80MB) CPU [12%@1728,18%@1728,14%@1728,15%@1728,3%@1728,100%@1728] GR3D_FREQ 99% cpu@69.875C soc2@68.25C soc0@67.781C gpu@71.968C tj@71.968C soc1@67.781C VDD_IN 18989mW/9639mW VDD_CPU_GPU_CV 9316mW/3551mW VDD_SOC 4350mW/2477mW
09-14-2026 11:46:58 RAM 7001/7620MB (lfb 36x1MB) SWAP 1300/8192MB (cached 80MB) CPU [17%@729,10%@729,16%@1728,11%@1728,13%@1728,100%@1728] GR3D_FREQ 99% cpu@70.093C soc2@68.718C soc0@67.906C gpu@72.156C tj@72.156C soc1@67.812C VDD_IN 22381mW/9663mW VDD_CPU_GPU_CV 11922mW/3567mW VDD_SOC 4669mW/2481mW
09-14-2026 11:46:59 RAM 7005/7620MB (lfb 36x1MB) SWAP 1300/8192MB (cached 80MB) CPU [17%@729,15%@729,14%@729,12%@729,18%@1728,100%@1728] GR3D_FREQ 99% cpu@70.5C soc2@68.781C soc0@68.343C gpu@72.406C tj@72.406C soc1@67.906C VDD_IN 22575mW/9687mW VDD_CPU_GPU_CV 12037mW/3583mW VDD_SOC 4708mW/2485mW
09-14-2026 11:46:59 RAM 7009/7620MB (lfb 36x1MB) SWAP 1300/8192MB (cached 80MB) CPU [33%@729,16%@729,18%@729,18%@729,8%@1728,100%@1728] GR3D_FREQ 99% cpu@71C soc2@68.875C soc0@68.375C gpu@72.281C tj@72.281C soc1@68C VDD_IN 21838mW/9710mW VDD_CPU_GPU_CV 11596mW/3599mW VDD_SOC 4638mW/2489mW
09-14-2026 11:47:00 RAM 7009/7620MB (lfb 36x1MB) SWAP 1300/8192MB (cached 80MB) CPU [14%@729,19%@729,13%@729,24%@729,4%@1728,100%@1728] GR3D_FREQ 99% cpu@70.687C soc2@68.937C soc0@68.437C gpu@72.562C tj@72.562C soc1@68.156C VDD_IN 21489mW/9733mW VDD_CPU_GPU_CV 11404mW/3613mW VDD_SOC 4600mW/2493mW
09-14-2026 11:47:00 RAM 7010/7620MB (lfb 36x1MB) SWAP 1300/8192MB (cached 80MB) CPU [14%@729,13%@729,8%@729,10%@729,11%@1728,100%@1728] GR3D_FREQ 88% cpu@70.812C soc2@68.968C soc0@68.531C gpu@71.781C tj@71.781C soc1@68.125C VDD_IN 21020mW/9754mW VDD_CPU_GPU_CV 10077mW/3626mW VDD_SOC 4986mW/2498mW
09-14-2026 11:47:01 RAM 7010/7620MB (lfb 36x1MB) SWAP 1299/8192MB (cached 80MB) CPU [10%@729,14%@729,6%@729,13%@729,6%@1728,100%@1728] GR3D_FREQ 84% cpu@70.812C soc2@68.968C soc0@68.468C gpu@71.937C tj@71.937C soc1@68.406C VDD_IN 20827mW/9775mW VDD_CPU_GPU_CV 8861mW/3635mW VDD_SOC 5498mW/2503mW
09-14-2026 11:47:01 RAM 7010/7620MB (lfb 36x1MB) SWAP 1299/8192MB (cached 80MB) CPU [8%@729,4%@729,10%@729,6%@729,11%@1728,100%@1728] GR3D_FREQ 84% cpu@70.968C soc2@69.125C soc0@68.531C gpu@71.687C tj@71.687C soc1@68.468C VDD_IN 20710mW/9795mW VDD_CPU_GPU_CV 8476mW/3645mW VDD_SOC 5614mW/2509mW
09-14-2026 11:47:02 RAM 7027/7620MB (lfb 38x1MB) SWAP 1299/8192MB (cached 80MB) CPU [6%@729,10%@729,8%@729,10%@729,8%@1728,98%@1728] GR3D_FREQ 0% cpu@70.5C soc2@68.875C soc0@68.562C gpu@70.593C tj@70.593C soc1@68.437C VDD_IN 16045mW/9807mW VDD_CPU_GPU_CV 6137mW/3649mW VDD_SOC 4521mW/2513mW
09-14-2026 11:47:02 RAM 7003/7620MB (lfb 33x1MB) SWAP 1299/8192MB (cached 81MB) CPU [8%@1728,4%@1728,17%@1728,12%@1728,4%@1728,100%@1728] GR3D_FREQ 99% cpu@70.468C soc2@68.812C soc0@68.625C gpu@72.062C tj@72.062C soc1@68.375C VDD_IN 15172mW/9817mW VDD_CPU_GPU_CV 6459mW/3654mW VDD_SOC 3943mW/2516mW
09-14-2026 11:47:03 RAM 7004/7620MB (lfb 33x1MB) SWAP 1299/8192MB (cached 81MB) CPU [14%@729,8%@729,11%@729,4%@729,8%@1728,100%@1728] GR3D_FREQ 99% cpu@70.937C soc2@69.156C soc0@68.687C gpu@72.968C tj@72.968C soc1@68.468C VDD_IN 21296mW/9838mW VDD_CPU_GPU_CV 11154mW/3668mW VDD_SOC 4561mW/2520mW
09-14-2026 11:47:03 RAM 7005/7620MB (lfb 33x1MB) SWAP 1299/8192MB (cached 81MB) CPU [15%@1728,11%@1728,10%@1728,19%@1728,9%@1728,100%@1728] GR3D_FREQ 99% cpu@71.031C soc2@69.406C soc0@68.937C gpu@73.437C tj@73.437C soc1@68.593C VDD_IN 22923mW/9863mW VDD_CPU_GPU_CV 12285mW/3685mW VDD_SOC 4746mW/2524mW
09-14-2026 11:47:04 RAM 7005/7620MB (lfb 33x1MB) SWAP 1299/8192MB (cached 81MB) CPU [14%@729,11%@729,13%@729,16%@729,10%@1728,100%@1728] GR3D_FREQ 99% cpu@71.437C soc2@69.437C soc0@69.031C gpu@73.156C tj@73.156C soc1@68.625C VDD_IN 22031mW/9886mW VDD_CPU_GPU_CV 11673mW/3699mW VDD_SOC 4669mW/2528mW
09-14-2026 11:47:04 RAM 7005/7620MB (lfb 33x1MB) SWAP 1299/8192MB (cached 81MB) CPU [25%@1728,15%@1728,12%@1728,14%@1728,6%@729,92%@729] GR3D_FREQ 99% cpu@71.531C soc2@69.625C soc0@69.093C gpu@73.156C tj@73.156C soc1@68.937C VDD_IN 21528mW/9907mW VDD_CPU_GPU_CV 11289mW/3714mW VDD_SOC 4638mW/2532mW
09-14-2026 11:47:05 RAM 7005/7620MB (lfb 33x1MB) SWAP 1299/8192MB (cached 81MB) CPU [100%@1728,11%@1728,10%@1728,4%@1728,14%@729,16%@729] GR3D_FREQ 99% cpu@71.656C soc2@69.875C soc0@69.25C gpu@73.375C tj@73.375C soc1@68.906C VDD_IN 21489mW/9929mW VDD_CPU_GPU_CV 11404mW/3728mW VDD_SOC 4561mW/2535mW
09-14-2026 11:47:05 RAM 7005/7620MB (lfb 33x1MB) SWAP 1299/8192MB (cached 81MB) CPU [100%@1728,8%@1728,8%@1728,6%@1728,13%@729,17%@729] GR3D_FREQ 86% cpu@71.625C soc2@69.968C soc0@69.312C gpu@72.593C tj@72.593C soc1@68.968C VDD_IN 20904mW/9949mW VDD_CPU_GPU_CV 9269mW/3738mW VDD_SOC 5334mW/2541mW
09-14-2026 11:47:06 RAM 7006/7620MB (lfb 33x1MB) SWAP 1299/8192MB (cached 81MB) CPU [76%@729,13%@729,11%@729,11%@729,33%@1728,10%@1728] GR3D_FREQ 85% cpu@71.843C soc2@69.781C soc0@69.406C gpu@72.531C tj@72.531C soc1@68.968C VDD_IN 20671mW/9969mW VDD_CPU_GPU_CV 8591mW/3747mW VDD_SOC 5575mW/2546mW
09-14-2026 11:47:06 RAM 7006/7620MB (lfb 33x1MB) SWAP 1299/8192MB (cached 81MB) CPU [14%@1728,6%@1728,11%@1728,11%@1728,100%@1728,13%@1728] GR3D_FREQ 84% cpu@71.75C soc2@69.875C soc0@69.406C gpu@72.531C tj@72.531C soc1@69.093C VDD_IN 20749mW/9989mW VDD_CPU_GPU_CV 8437mW/3756mW VDD_SOC 5682mW/2552mW
09-14-2026 11:47:07 RAM 7109/7620MB (lfb 23x1MB) SWAP 1299/8192MB (cached 81MB) CPU [12%@1728,6%@1728,15%@1728,8%@1728,100%@1728,10%@1728] GR3D_FREQ 0% cpu@71.343C soc2@69.281C soc0@69.375C gpu@70.625C tj@71.343C soc1@69.125C VDD_IN 12554mW/9993mW VDD_CPU_GPU_CV 4340mW/3757mW VDD_SOC 3766mW/2554mW
09-14-2026 11:47:07 RAM 7003/7620MB (lfb 33x1MB) SWAP 1299/8192MB (cached 81MB) CPU [12%@729,12%@729,10%@729,12%@729,100%@1728,11%@1728] GR3D_FREQ 99% cpu@71.343C soc2@69.75C soc0@69.281C gpu@73.187C tj@73.187C soc1@69.093C VDD_IN 19462mW/10011mW VDD_CPU_GPU_CV 9686mW/3768mW VDD_SOC 4421mW/2558mW
09-14-2026 11:47:08 RAM 7004/7620MB (lfb 33x1MB) SWAP 1299/8192MB (cached 81MB) CPU [16%@729,14%@729,17%@729,12%@729,100%@1728,4%@1728] GR3D_FREQ 99% cpu@71.812C soc2@70.062C soc0@69.437C gpu@73.531C tj@73.531C soc1@69.125C VDD_IN 22536mW/10034mW VDD_CPU_GPU_CV 12037mW/3783mW VDD_SOC 4708mW/2562mW
09-14-2026 11:47:08 RAM 7005/7620MB (lfb 33x1MB) SWAP 1299/8192MB (cached 81MB) CPU [6%@729,10%@729,14%@1728,12%@1728,100%@1728,8%@1728] GR3D_FREQ 99% cpu@72.125C soc2@70.218C soc0@69.781C gpu@73.593C tj@73.593C soc1@69.25C VDD_IN 22536mW/10057mW VDD_CPU_GPU_CV 11960mW/3798mW VDD_SOC 4746mW/2566mW
09-14-2026 11:47:09 RAM 7005/7620MB (lfb 33x1MB) SWAP 1299/8192MB (cached 81MB) CPU [14%@729,4%@729,6%@729,14%@729,100%@1728,10%@1728] GR3D_FREQ 99% cpu@71.968C soc2@70.343C soc0@69.843C gpu@73.656C tj@73.656C soc1@69.406C VDD_IN 21760mW/10078mW VDD_CPU_GPU_CV 11481mW/3812mW VDD_SOC 4638mW/2569mW
09-14-2026 11:47:09 RAM 7005/7620MB (lfb 33x1MB) SWAP 1299/8192MB (cached 81MB) CPU [8%@729,13%@729,12%@729,14%@729,100%@1728,10%@1728] GR3D_FREQ 99% cpu@72.125C soc2@70.343C soc0@69.843C gpu@73.781C tj@73.781C soc1@69.437C VDD_IN 21528mW/10099mW VDD_CPU_GPU_CV 11366mW/3826mW VDD_SOC 4600mW/2573mW
09-14-2026 11:47:10 RAM 7006/7620MB (lfb 33x1MB) SWAP 1299/8192MB (cached 81MB) CPU [17%@1728,21%@1728,13%@1728,15%@1728,100%@1728,6%@1728] GR3D_FREQ 84% cpu@72.218C soc2@70.406C soc0@69.875C gpu@73.25C tj@73.25C soc1@69.875C VDD_IN 21102mW/10119mW VDD_CPU_GPU_CV 10000mW/3837mW VDD_SOC 5102mW/2578mW
09-14-2026 11:47:10 RAM 7007/7620MB (lfb 33x1MB) SWAP 1299/8192MB (cached 81MB) CPU [18%@1728,15%@1728,15%@1728,10%@1728,100%@1728,12%@1728] GR3D_FREQ 99% cpu@72.343C soc2@70.343C soc0@70C gpu@73.218C tj@73.218C soc1@69.75C VDD_IN 20831mW/10139mW VDD_CPU_GPU_CV 8822mW/3846mW VDD_SOC 5527mW/2583mW
09-14-2026 11:47:11 RAM 7007/7620MB (lfb 33x1MB) SWAP 1299/8192MB (cached 81MB) CPU [12%@729,16%@729,16%@1728,13%@1728,100%@1728,10%@1728] GR3D_FREQ 85% cpu@72.656C soc2@70.593C soc0@70.125C gpu@73.156C tj@73.156C soc1@69.812C VDD_IN 20831mW/10158mW VDD_CPU_GPU_CV 8514mW/3854mW VDD_SOC 5682mW/2589mW
09-14-2026 11:47:11 RAM 7030/7620MB (lfb 35x1MB) SWAP 1299/8192MB (cached 81MB) CPU [18%@729,14%@729,13%@729,12%@729,100%@1728,4%@1728] GR3D_FREQ 0% cpu@72.343C soc2@70.25C soc0@70.156C gpu@71.75C tj@72.343C soc1@69.843C VDD_IN 15889mW/10168mW VDD_CPU_GPU_CV 6060mW/3858mW VDD_SOC 4482mW/2592mW
09-14-2026 11:47:12 RAM 6998/7620MB (lfb 33x1MB) SWAP 1299/8192MB (cached 80MB) CPU [18%@1728,12%@1728,9%@1728,8%@1728,100%@1728,13%@1728] GR3D_FREQ 99% cpu@72.093C soc2@70.093C soc0@70.062C gpu@73.25C tj@73.25C soc1@69.781C VDD_IN 15524mW/10178mW VDD_CPU_GPU_CV 6692mW/3864mW VDD_SOC 4021mW/2595mW
09-14-2026 11:47:12 RAM 7002/7620MB (lfb 1x2MB) SWAP 1299/8192MB (cached 80MB) CPU [37%@729,25%@729,16%@729,18%@1728,100%@1728,16%@1728] GR3D_FREQ 99% cpu@72.781C soc2@70.687C soc0@70.218C gpu@74.187C tj@74.187C soc1@69.843C VDD_IN 21683mW/10199mW VDD_CPU_GPU_CV 11404mW/3877mW VDD_SOC 4638mW/2598mW
09-14-2026 11:47:13 RAM 7004/7620MB (lfb 1x2MB) SWAP 1299/8192MB (cached 80MB) CPU [52%@1113,37%@1113,34%@1113,50%@1113,100%@1728,25%@1728] GR3D_FREQ 99% cpu@72.937C soc2@70.968C soc0@70.343C gpu@74.406C tj@74.406C soc1@70.125C VDD_IN 23502mW/10223mW VDD_CPU_GPU_CV 12897mW/3893mW VDD_SOC 4738mW/2602mW
09-14-2026 11:47:13 RAM 7004/7620MB (lfb 1x2MB) SWAP 1298/8192MB (cached 80MB) CPU [34%@729,40%@729,17%@729,27%@729,100%@1728,15%@1728] GR3D_FREQ 99% cpu@72.781C soc2@70.843C soc0@70.375C gpu@74.375C tj@74.375C soc1@70.093C VDD_IN 22304mW/10244mW VDD_CPU_GPU_CV 11960mW/3908mW VDD_SOC 4669mW/2606mW
09-14-2026 11:47:14 RAM 7004/7620MB (lfb 1x2MB) SWAP 1298/8192MB (cached 80MB) CPU [10%@1728,13%@1728,8%@1728,10%@1728,100%@1728,10%@1728] GR3D_FREQ 99% cpu@72.843C soc2@71.031C soc0@70.5C gpu@74.656C tj@74.656C soc1@70.062C VDD_IN 21644mW/10265mW VDD_CPU_GPU_CV 11404mW/3921mW VDD_SOC 4638mW/2610mW
09-14-2026 11:47:14 RAM 7004/7620MB (lfb 1x2MB) SWAP 1298/8192MB (cached 80MB) CPU [17%@729,10%@729,12%@729,10%@729,100%@1728,11%@1728] GR3D_FREQ 99% cpu@72.75C soc2@71C soc0@70.468C gpu@74.5C tj@74.5C soc1@70.093C VDD_IN 21567mW/10285mW VDD_CPU_GPU_CV 11481mW/3935mW VDD_SOC 4600mW/2613mW
09-14-2026 11:47:15 RAM 7004/7620MB (lfb 1x2MB) SWAP 1298/8192MB (cached 80MB) CPU [10%@1728,8%@1728,2%@1728,10%@1728,100%@1728,6%@1728] GR3D_FREQ 99% cpu@72.812C soc2@71.031C soc0@70.781C gpu@74C tj@74C soc1@70.25C VDD_IN 20908mW/10304mW VDD_CPU_GPU_CV 9269mW/3944mW VDD_SOC 5373mW/2618mW
09-14-2026 11:47:15 RAM 7004/7620MB (lfb 1x2MB) SWAP 1298/8192MB (cached 80MB) CPU [10%@1728,4%@1728,4%@1728,10%@1728,100%@1728,11%@1728] GR3D_FREQ 85% cpu@73.031C soc2@70.937C soc0@70.593C gpu@73.656C tj@73.656C soc1@70.156C VDD_IN 20831mW/10323mW VDD_CPU_GPU_CV 8668mW/3953mW VDD_SOC 5605mW/2623mW
09-14-2026 11:47:16 RAM 7017/7620MB (lfb 40x1MB) SWAP 1298/8192MB (cached 80MB) CPU [10%@729,13%@1728,6%@1728,8%@1728,100%@1728,8%@1728] GR3D_FREQ 0% cpu@72.781C soc2@70.687C soc0@70.656C gpu@72.875C tj@72.906C soc1@70.187C VDD_IN 18016mW/10337mW VDD_CPU_GPU_CV 7085mW/3958mW VDD_SOC 5011mW/2628mW
09-14-2026 11:47:16 RAM 6993/7620MB (lfb 1x2MB) SWAP 1306/8192MB (cached 81MB) CPU [13%@1728,13%@1728,15%@1728,12%@1728,100%@1728,10%@1728] GR3D_FREQ 99% cpu@72.437C soc2@70.343C soc0@70.375C gpu@72.687C tj@72.687C soc1@70.343C VDD_IN 13064mW/10342mW VDD_CPU_GPU_CV 4840mW/3960mW VDD_SOC 3760mW/2630mW
09-14-2026 11:47:17 RAM 7007/7620MB (lfb 1x2MB) SWAP 1306/8192MB (cached 81MB) CPU [23%@729,18%@729,14%@729,10%@729,100%@1728,8%@1728] GR3D_FREQ 99% cpu@72.625C soc2@70.843C soc0@70.5C gpu@74.75C tj@74.75C soc1@70.312C VDD_IN 20749mW/10360mW VDD_CPU_GPU_CV 10654mW/3972mW VDD_SOC 4530mW/2633mW
09-14-2026 11:47:17 RAM 7007/7620MB (lfb 1x2MB) SWAP 1306/8192MB (cached 81MB) CPU [18%@729,10%@1728,15%@1728,12%@1728,100%@1728,9%@1728] GR3D_FREQ 99% cpu@72.968C soc2@71.187C soc0@70.656C gpu@74.718C tj@74.718C soc1@70.343C VDD_IN 22884mW/10382mW VDD_CPU_GPU_CV 12247mW/3987mW VDD_SOC 4738mW/2637mW
09-14-2026 11:47:18 RAM 7007/7620MB (lfb 1x2MB) SWAP 1306/8192MB (cached 81MB) CPU [17%@1728,12%@1728,10%@1728,14%@1728,100%@1728,8%@1728] GR3D_FREQ 99% cpu@73.343C soc2@71.343C soc0@70.531C gpu@74.625C tj@74.625C soc1@70.406C VDD_IN 22227mW/10403mW VDD_CPU_GPU_CV 11807mW/4000mW VDD_SOC 4708mW/2640mW
09-14-2026 11:47:18 RAM 7007/7620MB (lfb 1x2MB) SWAP 1306/8192MB (cached 81MB) CPU [20%@1728,16%@1728,15%@1728,13%@1728,100%@1728,13%@1728] GR3D_FREQ 99% cpu@73.093C soc2@71.343C soc0@70.781C gpu@74.656C tj@74.656C soc1@70.312C VDD_IN 21760mW/10423mW VDD_CPU_GPU_CV 11558mW/4014mW VDD_SOC 4631mW/2644mW
09-14-2026 11:47:19 RAM 7007/7620MB (lfb 1x2MB) SWAP 1306/8192MB (cached 81MB) CPU [18%@729,12%@729,4%@1728,10%@1728,100%@1728,9%@1728] GR3D_FREQ 99% cpu@73.093C soc2@71.281C soc0@70.906C gpu@74.718C tj@74.718C soc1@70.343C VDD_IN 21528mW/10443mW VDD_CPU_GPU_CV 11404mW/4027mW VDD_SOC 4600mW/2647mW
09-14-2026 11:47:19 RAM 7008/7620MB (lfb 1x2MB) SWAP 1306/8192MB (cached 81MB) CPU [18%@1728,12%@1728,9%@1728,15%@1728,100%@1728,4%@1728] GR3D_FREQ 85% cpu@73.312C soc2@71.312C soc0@70.843C gpu@74C tj@74C soc1@70.375C VDD_IN 21141mW/10462mW VDD_CPU_GPU_CV 9577mW/4037mW VDD_SOC 5295mW/2652mW
09-14-2026 11:47:20 RAM 7008/7620MB (lfb 1x2MB) SWAP 1306/8192MB (cached 81MB) CPU [12%@1728,10%@1728,8%@1728,14%@1728,100%@1728,2%@1728] GR3D_FREQ 99% cpu@73.156C soc2@71.281C soc0@70.718C gpu@74C tj@74C soc1@70.375C VDD_IN 20947mW/10480mW VDD_CPU_GPU_CV 8745mW/4045mW VDD_SOC 5605mW/2657mW
09-14-2026 11:47:20 RAM 7008/7620MB (lfb 1x2MB) SWAP 1306/8192MB (cached 81MB) CPU [17%@1728,6%@1728,12%@1728,8%@1728,100%@1728,4%@1728] GR3D_FREQ 83% cpu@73.218C soc2@71.25C soc0@70.718C gpu@73.75C tj@73.75C soc1@70.531C VDD_IN 20792mW/10498mW VDD_CPU_GPU_CV 8476mW/4053mW VDD_SOC 5682mW/2663mW
09-14-2026 11:47:21 RAM 7009/7620MB (lfb 1x2MB) SWAP 1306/8192MB (cached 81MB) CPU [10%@1728,12%@1728,13%@1728,4%@1728,100%@1728,5%@1728] GR3D_FREQ 84% cpu@73.093C soc2@71.281C soc0@70.781C gpu@73.781C tj@73.781C soc1@70.468C VDD_IN 20792mW/10516mW VDD_CPU_GPU_CV 8399mW/4060mW VDD_SOC 5721mW/2668mW
09-14-2026 11:47:21 RAM 6972/7620MB (lfb 41x1MB) SWAP 1306/8192MB (cached 81MB) CPU [12%@729,4%@729,2%@729,8%@729,90%@1728,18%@1728] GR3D_FREQ 0% cpu@73.125C soc2@71C soc0@70.718C gpu@72.812C tj@73.125C soc1@70.468C VDD_IN 18608mW/10530mW VDD_CPU_GPU_CV 7305mW/4066mW VDD_SOC 5197mW/2672mW
09-14-2026 11:47:22 RAM 6998/7620MB (lfb 38x1MB) SWAP 1306/8192MB (cached 81MB) CPU [14%@729,8%@729,10%@729,8%@729,4%@1728,100%@1728] GR3D_FREQ 99% cpu@72.593C soc2@70.625C soc0@70.75C gpu@72.875C tj@72.75C soc1@70.5C VDD_IN 12750mW/10534mW VDD_CPU_GPU_CV 4575mW/4067mW VDD_SOC 3720mW/2674mW
09-14-2026 11:47:22 RAM 6999/7620MB (lfb 38x1MB) SWAP 1306/8192MB (cached 81MB) CPU [14%@1728,17%@1728,8%@1728,16%@1728,5%@1728,100%@1728] GR3D_FREQ 99% cpu@72.843C soc2@71.062C soc0@70.781C gpu@74.656C tj@74.656C soc1@70.343C VDD_IN 20516mW/10552mW VDD_CPU_GPU_CV 10500mW/4078mW VDD_SOC 4530mW/2677mW
09-14-2026 11:47:23 RAM 7000/7620MB (lfb 38x1MB) SWAP 1306/8192MB (cached 81MB) CPU [20%@729,11%@729,16%@729,8%@729,7%@1728,100%@1728] GR3D_FREQ 99% cpu@73.281C soc2@71.375C soc0@70.843C gpu@74.812C tj@74.812C soc1@70.5C VDD_IN 22846mW/10573mW VDD_CPU_GPU_CV 12208mW/4092mW VDD_SOC 4777mW/2681mW
09-14-2026 11:47:23 RAM 7001/7620MB (lfb 38x1MB) SWAP 1306/8192MB (cached 81MB) CPU [21%@1728,20%@1728,8%@1728,12%@1728,11%@1728,100%@1728] GR3D_FREQ 99% cpu@73.25C soc2@71.437C soc0@70.843C gpu@75.156C tj@75.156C soc1@70.656C VDD_IN 22304mW/10593mW VDD_CPU_GPU_CV 11845mW/4106mW VDD_SOC 4708mW/2685mW
09-14-2026 11:47:24 RAM 7002/7620MB (lfb 38x1MB) SWAP 1306/8192MB (cached 81MB) CPU [19%@729,16%@729,11%@729,14%@729,4%@1728,100%@1728] GR3D_FREQ 99% cpu@73.312C soc2@71.562C soc0@70.968C gpu@74.875C tj@74.875C soc1@70.656C VDD_IN 21760mW/10613mW VDD_CPU_GPU_CV 11520mW/4118mW VDD_SOC 4631mW/2688mW
09-14-2026 11:47:24 RAM 7002/7620MB (lfb 38x1MB) SWAP 1306/8192MB (cached 81MB) CPU [14%@1728,16%@1728,18%@1728,19%@1728,2%@1728,100%@1728] GR3D_FREQ 99% cpu@73.312C soc2@71.656C soc0@70.906C gpu@75.25C tj@75.25C soc1@70.656C VDD_IN 21567mW/10632mW VDD_CPU_GPU_CV 11443mW/4131mW VDD_SOC 4592mW/2691mW
09-14-2026 11:47:25 RAM 7002/7620MB (lfb 38x1MB) SWAP 1306/8192MB (cached 81MB) CPU [19%@1728,16%@1728,17%@1728,15%@1728,2%@1728,100%@1728] GR3D_FREQ 91% cpu@73.25C soc2@71.593C soc0@70.968C gpu@74.156C tj@74.156C soc1@70.687C VDD_IN 21063mW/10650mW VDD_CPU_GPU_CV 9616mW/4141mW VDD_SOC 5257mW/2696mW
09-14-2026 11:47:25 RAM 7003/7620MB (lfb 38x1MB) SWAP 1305/8192MB (cached 81MB) CPU [20%@1728,13%@1728,8%@1728,16%@1728,2%@1728,100%@1728] GR3D_FREQ 84% cpu@73.625C soc2@71.468C soc0@71.125C gpu@74.375C tj@74.375C soc1@70.656C VDD_IN 20947mW/10667mW VDD_CPU_GPU_CV 8731mW/4149mW VDD_SOC 5605mW/2701mW
09-14-2026 11:47:26 RAM 7004/7620MB (lfb 38x1MB) SWAP 1305/8192MB (cached 81MB) CPU [10%@729,8%@1728,12%@1728,12%@1728,10%@1728,100%@1728] GR3D_FREQ 95% cpu@73.375C soc2@71.375C soc0@71.062C gpu@74.062C tj@74.062C soc1@70.593C VDD_IN 20831mW/10685mW VDD_CPU_GPU_CV 8476mW/4156mW VDD_SOC 5682mW/2706mW
09-14-2026 11:47:26 RAM 7004/7620MB (lfb 38x1MB) SWAP 1305/8192MB (cached 81MB) CPU [4%@1728,12%@1728,10%@1728,10%@1728,16%@1728,100%@1728] GR3D_FREQ 95% cpu@73.343C soc2@71.406C soc0@70.968C gpu@74.312C tj@74.312C soc1@70.593C VDD_IN 20870mW/10702mW VDD_CPU_GPU_CV 8399mW/4163mW VDD_SOC 5721mW/2711mW
09-14-2026 11:47:27 RAM 7005/7620MB (lfb 38x1MB) SWAP 1305/8192MB (cached 81MB) CPU [8%@729,14%@729,12%@729,8%@729,11%@1728,98%@1728] GR3D_FREQ 0% cpu@73.156C soc2@71.187C soc0@70.875C gpu@73.062C tj@73.156C soc1@70.75C VDD_IN 18996mW/10717mW VDD_CPU_GPU_CV 7499mW/4169mW VDD_SOC 5274mW/2715mW
09-14-2026 11:47:27 RAM 6978/7620MB (lfb 33x1MB) SWAP 1307/8192MB (cached 79MB) CPU [8%@729,12%@729,8%@729,10%@729,8%@1728,100%@1728] GR3D_FREQ 99% cpu@72.718C soc2@70.906C soc0@70.656C gpu@73.937C tj@73.937C soc1@70.687C VDD_IN 14139mW/10723mW VDD_CPU_GPU_CV 5534mW/4171mW VDD_SOC 3910mW/2717mW
09-14-2026 11:47:28 RAM 6979/7620MB (lfb 2x2MB) SWAP 1307/8192MB (cached 80MB) CPU [18%@1728,20%@1728,28%@1728,18%@1728,0%@1728,100%@1728] GR3D_FREQ 99% cpu@72.906C soc2@71.312C soc0@70.75C gpu@74.75C tj@74.75C soc1@70.531C VDD_IN 21179mW/10740mW VDD_CPU_GPU_CV 10944mW/4183mW VDD_SOC 4600mW/2721mW
09-14-2026 11:47:28 RAM 6979/7620MB (lfb 2x2MB) SWAP 1307/8192MB (cached 80MB) CPU [11%@1728,12%@1728,17%@1728,10%@1728,0%@1728,100%@1728] GR3D_FREQ 99% cpu@73.156C soc2@71.5C soc0@70.906C gpu@75.187C tj@75.187C soc1@70.562C VDD_IN 23039mW/10761mW VDD_CPU_GPU_CV 12361mW/4197mW VDD_SOC 4777mW/2724mW
09-14-2026 11:47:29 RAM 6979/7620MB (lfb 2x2MB) SWAP 1307/8192MB (cached 80MB) CPU [23%@729,17%@729,12%@729,14%@729,0%@1728,100%@1728] GR3D_FREQ 99% cpu@73.406C soc2@71.437C soc0@71.187C gpu@74.843C tj@74.843C soc1@70.593C VDD_IN 22227mW/10781mW VDD_CPU_GPU_CV 11807mW/4210mW VDD_SOC 4708mW/2728mW
09-14-2026 11:47:30 RAM 6980/7620MB (lfb 2x2MB) SWAP 1307/8192MB (cached 80MB) CPU [16%@729,21%@729,10%@729,17%@729,3%@1728,100%@1728] GR3D_FREQ 99% cpu@73.343C soc2@71.375C soc0@70.906C gpu@75.156C tj@75.156C soc1@70.562C VDD_IN 21799mW/10800mW VDD_CPU_GPU_CV 11558mW/4222mW VDD_SOC 4631mW/2731mW
09-14-2026 11:47:30 RAM 6981/7620MB (lfb 2x2MB) SWAP 1307/8192MB (cached 80MB) CPU [18%@729,16%@729,12%@729,12%@729,6%@1728,100%@1728] GR3D_FREQ 99% cpu@73.312C soc2@71.531C soc0@70.968C gpu@74.906C tj@74.906C soc1@70.562C VDD_IN 21489mW/10818mW VDD_CPU_GPU_CV 11443mW/4235mW VDD_SOC 4600mW/2734mW
09-14-2026 11:47:31 RAM 6986/7620MB (lfb 44x1MB) SWAP 1307/8192MB (cached 80MB) CPU [19%@1728,14%@1728,13%@1728,15%@1728,7%@1728,100%@1728] GR3D_FREQ 85% cpu@73.406C soc2@71.437C soc0@71.031C gpu@74.218C tj@74.218C soc1@70.781C VDD_IN 21063mW/10835mW VDD_CPU_GPU_CV 9500mW/4244mW VDD_SOC 5295mW/2738mW
09-14-2026 11:47:31 RAM 6986/7620MB (lfb 44x1MB) SWAP 1307/8192MB (cached 80MB) CPU [15%@729,7%@1728,16%@1728,10%@1728,14%@1728,100%@1728] GR3D_FREQ 84% cpu@73.281C soc2@71.375C soc0@70.968C gpu@74C tj@74C soc1@70.718C VDD_IN 20908mW/10852mW VDD_CPU_GPU_CV 8692mW/4251mW VDD_SOC 5605mW/2743mW
09-14-2026 11:47:32 RAM 6986/7620MB (lfb 44x1MB) SWAP 1307/8192MB (cached 80MB) CPU [17%@729,18%@729,11%@1728,10%@1728,39%@1728,67%@1728] GR3D_FREQ 99% cpu@73.25C soc2@71.437C soc0@70.875C gpu@74.187C tj@74.187C soc1@70.625C VDD_IN 20870mW/10869mW VDD_CPU_GPU_CV 8476mW/4258mW VDD_SOC 5682mW/2748mW
09-14-2026 11:47:32 RAM 7039/7620MB (lfb 44x1MB) SWAP 1307/8192MB (cached 80MB) CPU [15%@729,11%@729,8%@729,15%@729,100%@1728,14%@1728] GR3D_FREQ 0% cpu@73.125C soc2@70.968C soc0@71.031C gpu@72.562C tj@73.125C soc1@70.625C VDD_IN 16252mW/10878mW VDD_CPU_GPU_CV 6254mW/4262mW VDD_SOC 4599mW/2751mW
09-14-2026 11:47:33 RAM 6986/7620MB (lfb 1x2MB) SWAP 1307/8192MB (cached 80MB) CPU [12%@729,10%@729,13%@729,8%@729,100%@1728,15%@1728] GR3D_FREQ 99% cpu@72.968C soc2@70.875C soc0@70.781C gpu@74.375C tj@74.375C soc1@70.562C VDD_IN 16876mW/10888mW VDD_CPU_GPU_CV 7640mW/4267mW VDD_SOC 4202mW/2754mW
09-14-2026 11:47:33 RAM 6986/7620MB (lfb 1x2MB) SWAP 1307/8192MB (cached 80MB) CPU [16%@1728,12%@1728,8%@1728,12%@1728,100%@1728,15%@1728] GR3D_FREQ 99% cpu@73.125C soc2@71.156C soc0@70.75C gpu@75.25C tj@75.25C soc1@70.406C VDD_IN 21879mW/10907mW VDD_CPU_GPU_CV 11539mW/4279mW VDD_SOC 4669mW/2757mW
09-14-2026 11:47:34 RAM 6986/7620MB (lfb 1x2MB) SWAP 1307/8192MB (cached 80MB) CPU [10%@729,13%@1728,14%@1728,15%@1728,100%@1728,6%@1728] GR3D_FREQ 99% cpu@73.281C soc2@71.312C soc0@70.906C gpu@75.031C tj@75.031C soc1@70.531C VDD_IN 23155mW/10927mW VDD_CPU_GPU_CV 12514mW/4293mW VDD_SOC 4738mW/2760mW
09-14-2026 11:47:34 RAM 6986/7620MB (lfb 1x2MB) SWAP 1307/8192MB (cached 80MB) CPU [16%@729,12%@729,17%@1728,10%@1728,100%@1728,6%@1728] GR3D_FREQ 99% cpu@73.25C soc2@71.437C soc0@70.968C gpu@75.093C tj@75.093C soc1@70.687C VDD_IN 21995mW/10946mW VDD_CPU_GPU_CV 11692mW/4306mW VDD_SOC 4669mW/2763mW
09-14-2026 11:47:35 RAM 6986/7620MB (lfb 1x2MB) SWAP 1307/8192MB (cached 80MB) CPU [18%@729,8%@729,10%@729,10%@729,100%@1728,10%@1728] GR3D_FREQ 99% cpu@73.25C soc2@71.531C soc0@70.906C gpu@74.812C tj@74.812C soc1@70.656C VDD_IN 21605mW/10964mW VDD_CPU_GPU_CV 11366mW/4317mW VDD_SOC 4631mW/2767mW
09-14-2026 11:47:35 RAM 6986/7620MB (lfb 1x2MB) SWAP 1307/8192MB (cached 80MB) CPU [8%@729,19%@1728,10%@1728,10%@1728,100%@1728,7%@1728] GR3D_FREQ 81% cpu@73.25C soc2@71.375C soc0@70.937C gpu@74.656C tj@74.656C soc1@70.625C VDD_IN 21412mW/10981mW VDD_CPU_GPU_CV 11059mW/4329mW VDD_SOC 4716mW/2770mW
09-14-2026 11:47:36 RAM 6987/7620MB (lfb 1x2MB) SWAP 1307/8192MB (cached 80MB) CPU [15%@1728,10%@1728,11%@1728,14%@1728,100%@1728,6%@1728] GR3D_FREQ 87% cpu@73.218C soc2@71.437C soc0@70.843C gpu@73.968C tj@73.968C soc1@70.562C VDD_IN 20947mW/10998mW VDD_CPU_GPU_CV 9154mW/4337mW VDD_SOC 5411mW/2774mW
09-14-2026 11:47:36 RAM 6987/7620MB (lfb 1x2MB) SWAP 1307/8192MB (cached 80MB) CPU [8%@1728,11%@1728,11%@1728,13%@1728,100%@1728,13%@1728] GR3D_FREQ 96% cpu@73.437C soc2@71.281C soc0@71.031C gpu@74.25C tj@74.25C soc1@70.437C VDD_IN 20870mW/11014mW VDD_CPU_GPU_CV 8615mW/4344mW VDD_SOC 5643mW/2779mW
09-14-2026 11:47:37 RAM 6987/7620MB (lfb 1x2MB) SWAP 1307/8192MB (cached 80MB) CPU [15%@729,15%@729,7%@729,6%@729,100%@1728,17%@1728] GR3D_FREQ 0% cpu@73.343C soc2@71.218C soc0@70.906C gpu@73.031C tj@73.343C soc1@70.5C VDD_IN 19779mW/11029mW VDD_CPU_GPU_CV 7949mW/4350mW VDD_SOC 5420mW/2783mW
09-14-2026 11:47:37 RAM 6988/7620MB (lfb 2x2MB) SWAP 1307/8192MB (cached 80MB) CPU [17%@729,10%@729,11%@729,10%@729,100%@1728,11%@1728] GR3D_FREQ 99% cpu@72.906C soc2@70.656C soc0@70.656C gpu@73C tj@73C soc1@70.656C VDD_IN 12946mW/11032mW VDD_CPU_GPU_CV 4692mW/4350mW VDD_SOC 3760mW/2785mW
09-14-2026 11:47:38 RAM 6988/7620MB (lfb 2x2MB) SWAP 1307/8192MB (cached 80MB) CPU [13%@1728,8%@1728,11%@1728,13%@1728,100%@1728,16%@1728] GR3D_FREQ 99% cpu@72.781C soc2@71.031C soc0@70.781C gpu@74.718C tj@74.718C soc1@70.406C VDD_IN 20671mW/11048mW VDD_CPU_GPU_CV 10577mW/4361mW VDD_SOC 4530mW/2788mW
09-14-2026 11:47:38 RAM 6986/7620MB (lfb 2x2MB) SWAP 1307/8192MB (cached 80MB) CPU [3%@729,0%@729,3%@1728,4%@1728,100%@1728,1%@1728] GR3D_FREQ 99% cpu@73.062C soc2@71.312C soc0@70.843C gpu@75.093C tj@75.093C soc1@70.468C VDD_IN 22613mW/11067mW VDD_CPU_GPU_CV 12093mW/4374mW VDD_SOC 4700mW/2791mW
09-14-2026 11:47:39 RAM 6986/7620MB (lfb 2x2MB) SWAP 1307/8192MB (cached 80MB) CPU [1%@729,1%@729,1%@729,0%@729,100%@1728,0%@1728] GR3D_FREQ 99% cpu@72.875C soc2@71.312C soc0@70.812C gpu@74.937C tj@74.937C soc1@70.5C VDD_IN 22033mW/11085mW VDD_CPU_GPU_CV 11730mW/4386mW VDD_SOC 4631mW/2794mW
09-14-2026 11:47:39 RAM 6986/7620MB (lfb 2x2MB) SWAP 1307/8192MB (cached 80MB) CPU [0%@1728,1%@1728,0%@1728,0%@1728,100%@1728,0%@1728] GR3D_FREQ 99% cpu@73.062C soc2@71.375C soc0@70.968C gpu@75.031C tj@75.031C soc1@70.5C VDD_IN 21412mW/11102mW VDD_CPU_GPU_CV 11404mW/4397mW VDD_SOC 4561mW/2797mW
09-14-2026 11:47:40 RAM 6986/7620MB (lfb 2x2MB) SWAP 1307/8192MB (cached 80MB) CPU [0%@1728,0%@1728,0%@1728,0%@1728,100%@1728,0%@1728] GR3D_FREQ 99% cpu@73.093C soc2@71.281C soc0@71C gpu@75.031C tj@75.031C soc1@70.437C VDD_IN 21257mW/11119mW VDD_CPU_GPU_CV 11366mW/4409mW VDD_SOC 4484mW/2800mW
09-14-2026 11:47:40 RAM 6986/7620MB (lfb 2x2MB) SWAP 1307/8192MB (cached 80MB) CPU [0%@1728,0%@1728,0%@1728,1%@1728,100%@1728,0%@1728] GR3D_FREQ 99% cpu@73.031C soc2@71.343C soc0@71.031C gpu@74.406C tj@74.406C soc1@70.718C VDD_IN 20831mW/11135mW VDD_CPU_GPU_CV 9500mW/4417mW VDD_SOC 5179mW/2804mW
09-14-2026 11:47:41 RAM 6988/7620MB (lfb 1x2MB) SWAP 1306/8192MB (cached 80MB) CPU [0%@1728,0%@1728,0%@1728,0%@1728,100%@1728,0%@1728] GR3D_FREQ 88% cpu@73.187C soc2@71.312C soc0@70.875C gpu@74.125C tj@74.125C soc1@70.562C VDD_IN 20676mW/11150mW VDD_CPU_GPU_CV 8668mW/4424mW VDD_SOC 5527mW/2808mW
09-14-2026 11:47:41 RAM 7122/7620MB (lfb 10x1MB) SWAP 1306/8192MB (cached 80MB) CPU [3%@1728,10%@1728,1%@1728,5%@1728,100%@1728,10%@1728] GR3D_FREQ 0% cpu@72.75C soc2@70.843C soc0@70.75C gpu@72.437C tj@72.75C soc1@70.562C VDD_IN 14937mW/11157mW VDD_CPU_GPU_CV 5642mW/4426mW VDD_SOC 4216mW/2810mW
09-14-2026 11:47:42 RAM 6996/7620MB (lfb 1x2MB) SWAP 1306/8192MB (cached 80MB) CPU [4%@729,0%@729,0%@729,2%@729,100%@1728,13%@1728] GR3D_FREQ 99% cpu@72.687C soc2@70.906C soc0@70.625C gpu@74.25C tj@74.25C soc1@70.437C VDD_IN 16915mW/11166mW VDD_CPU_GPU_CV 7911mW/4432mW VDD_SOC 4085mW/2813mW
09-14-2026 11:47:42 RAM 6876/7620MB (lfb 7x2MB) SWAP 1301/8192MB (cached 80MB) CPU [3%@1728,21%@1728,3%@1728,9%@1728,100%@1728,8%@1728] GR3D_FREQ 99% cpu@73.312C soc2@71.093C soc0@70.781C gpu@74.906C tj@74.906C soc1@70.343C VDD_IN 21721mW/11183mW VDD_CPU_GPU_CV 11558mW/4443mW VDD_SOC 4553mW/2815mW
09-14-2026 11:47:43 RAM 6875/7620MB (lfb 7x2MB) SWAP 1301/8192MB (cached 80MB) CPU [20%@1728,1%@1728,51%@1728,0%@1728,82%@1728,49%@1728] GR3D_FREQ 99% cpu@73.125C soc2@71.375C soc0@70.75C gpu@74.968C tj@74.968C soc1@70.375C VDD_IN 23155mW/11203mW VDD_CPU_GPU_CV 12629mW/4457mW VDD_SOC 4700mW/2818mW
09-14-2026 11:47:43 RAM 6874/7620MB (lfb 7x2MB) SWAP 1300/8192MB (cached 80MB) CPU [100%@1728,1%@1728,0%@1728,0%@1728,0%@729,30%@729] GR3D_FREQ 99% cpu@73.031C soc2@71.343C soc0@70.75C gpu@74.75C tj@74.75C soc1@70.562C VDD_IN 21799mW/11220mW VDD_CPU_GPU_CV 11654mW/4468mW VDD_SOC 4553mW/2821mW
09-14-2026 11:47:44 RAM 6874/7620MB (lfb 7x2MB) SWAP 1300/8192MB (cached 80MB) CPU [100%@1728,0%@1728,1%@1728,0%@1728,0%@729,0%@729] GR3D_FREQ 99% cpu@73.062C soc2@71.625C soc0@70.843C gpu@75.187C tj@75.187C soc1@70.5C VDD_IN 21373mW/11236mW VDD_CPU_GPU_CV 11328mW/4480mW VDD_SOC 4522mW/2824mW
09-14-2026 11:47:44 RAM 6874/7620MB (lfb 7x2MB) SWAP 1300/8192MB (cached 80MB) CPU [100%@1728,0%@1728,0%@1728,0%@1728,0%@729,0%@729] GR3D_FREQ 85% cpu@73.312C soc2@71.562C soc0@70.781C gpu@74.5C tj@74.5C soc1@70.437C VDD_IN 21063mW/11252mW VDD_CPU_GPU_CV 10675mW/4490mW VDD_SOC 4716mW/2827mW
09-14-2026 11:47:45 RAM 6874/7620MB (lfb 7x2MB) SWAP 1300/8192MB (cached 80MB) CPU [100%@1728,0%@1728,3%@1728,0%@1728,1%@729,0%@729] GR3D_FREQ 87% cpu@73.218C soc2@71.375C soc0@70.937C gpu@74.125C tj@74.406C soc1@70.531C VDD_IN 20715mW/11268mW VDD_CPU_GPU_CV 9000mW/4497mW VDD_SOC 5373mW/2831mW
09-14-2026 11:47:45 RAM 6874/7620MB (lfb 7x2MB) SWAP 1300/8192MB (cached 80MB) CPU [100%@1728,1%@1728,0%@1728,0%@1728,0%@729,0%@729] GR3D_FREQ 87% cpu@73.156C soc2@71.375C soc0@70.843C gpu@74.125C tj@74.125C soc1@70.5C VDD_IN 20599mW/11283mW VDD_CPU_GPU_CV 8476mW/4503mW VDD_SOC 5566mW/2836mW
09-14-2026 11:47:46 RAM 6820/7620MB (lfb 15x2MB) SWAP 1300/8192MB (cached 80MB) CPU [98%@1728,0%@1728,0%@1728,0%@1728,0%@729,0%@729] GR3D_FREQ 58% cpu@72.968C soc2@71.312C soc0@70.843C gpu@73.468C tj@73.468C soc1@70.625C VDD_IN 19896mW/11297mW VDD_CPU_GPU_CV 7988mW/4509mW VDD_SOC 5459mW/2840mW
09-14-2026 11:47:46 RAM 6830/7620MB (lfb 15x2MB) SWAP 1289/8192MB (cached 84MB) CPU [24%@1728,16%@1728,17%@1728,9%@1728,6%@1728,6%@1728] GR3D_FREQ 0% cpu@72.093C soc2@70.562C soc0@70.718C gpu@71.781C tj@72.093C soc1@70.437C VDD_IN 11120mW/11296mW VDD_CPU_GPU_CV 3609mW/4507mW VDD_SOC 3458mW/2841mW
09-14-2026 11:47:47 RAM 6847/7620MB (lfb 15x2MB) SWAP 1275/8192MB (cached 88MB) CPU [10%@729,1%@1728,0%@1728,1%@1728,5%@1113,26%@1113] GR3D_FREQ 0% cpu@71.593C soc2@70C soc0@70.625C gpu@71.25C tj@71.562C soc1@70.375C VDD_IN 7937mW/11291mW VDD_CPU_GPU_CV 1852mW/4503mW VDD_SOC 2843mW/2841mW
09-14-2026 11:47:47 RAM 6871/7620MB (lfb 15x2MB) SWAP 1255/8192MB (cached 93MB) CPU [11%@1728,0%@1728,0%@1728,0%@1728,2%@1728,26%@1728] GR3D_FREQ 0% cpu@71.343C soc2@69.687C soc0@70.156C gpu@70.843C tj@71.343C soc1@70.093C VDD_IN 6615mW/11283mW VDD_CPU_GPU_CV 1305mW/4498mW VDD_SOC 2333mW/2840mW
09-14-2026 11:47:48 RAM 6890/7620MB (lfb 15x2MB) SWAP 1237/8192MB (cached 93MB) CPU [12%@1728,1%@1728,0%@1728,0%@1728,2%@1113,28%@1113] GR3D_FREQ 0% cpu@71C soc2@69.437C soc0@69.875C gpu@70.625C tj@71.062C soc1@69.875C VDD_IN 5704mW/11275mW VDD_CPU_GPU_CV 1109mW/4493mW VDD_SOC 1782mW/2838mW
09-14-2026 11:47:48 RAM 6912/7620MB (lfb 15x2MB) SWAP 1216/8192MB (cached 94MB) CPU [11%@1728,0%@1728,0%@1728,1%@1728,7%@1113,27%@1113] GR3D_FREQ 0% cpu@70.781C soc2@69.25C soc0@69.75C gpu@70.343C tj@70.781C soc1@69.968C VDD_IN 5436mW/11265mW VDD_CPU_GPU_CV 1069mW/4487mW VDD_SOC 1624mW/2836mW
09-14-2026 11:47:49 RAM 6941/7620MB (lfb 10x2MB) SWAP 1188/8192MB (cached 96MB) CPU [10%@729,0%@729,0%@729,1%@729,2%@1113,23%@1113] GR3D_FREQ 0% cpu@70.5C soc2@69.093C soc0@69.687C gpu@70.187C tj@70.5C soc1@69.812C VDD_IN 5396mW/11256mW VDD_CPU_GPU_CV 1069mW/4482mW VDD_SOC 1547mW/2834mW
09-14-2026 11:47:49 RAM 6959/7620MB (lfb 10x2MB) SWAP 1169/8192MB (cached 97MB) CPU [12%@729,1%@729,0%@729,0%@729,4%@1113,28%@1113] GR3D_FREQ 0% cpu@70.562C soc2@69C soc0@69.437C gpu@70.125C tj@70.468C soc1@69.75C VDD_IN 5356mW/11246mW VDD_CPU_GPU_CV 1069mW/4476mW VDD_SOC 1547mW/2832mW
09-14-2026 11:47:50 RAM 6984/7620MB (lfb 10x2MB) SWAP 1153/8192MB (cached 107MB) CPU [12%@1728,1%@1728,1%@1728,6%@1728,3%@1113,38%@1113] GR3D_FREQ 0% cpu@70.531C soc2@68.875C soc0@69.406C gpu@69.968C tj@70.531C soc1@69.562C VDD_IN 5436mW/11237mW VDD_CPU_GPU_CV 1109mW/4471mW VDD_SOC 1547mW/2830mW
09-14-2026 11:47:50 RAM 7008/7620MB (lfb 10x2MB) SWAP 1138/8192MB (cached 116MB) CPU [13%@729,0%@1728,1%@1728,0%@1728,5%@1728,34%@1728] GR3D_FREQ 0% cpu@70.312C soc2@68.812C soc0@69.406C gpu@69.75C tj@70.312C soc1@69.468C VDD_IN 5356mW/11228mW VDD_CPU_GPU_CV 1069mW/4465mW VDD_SOC 1547mW/2828mW
09-14-2026 11:47:51 RAM 7030/7620MB (lfb 10x2MB) SWAP 1116/8192MB (cached 118MB) CPU [10%@1728,0%@1728,1%@1728,0%@1728,4%@1113,25%@1113] GR3D_FREQ 0% cpu@70.281C soc2@68.656C soc0@69.218C gpu@69.843C tj@70.281C soc1@69.406C VDD_IN 5317mW/11218mW VDD_CPU_GPU_CV 1030mW/4460mW VDD_SOC 1547mW/2826mW
09-14-2026 11:47:51 RAM 7048/7620MB (lfb 10x2MB) SWAP 1099/8192MB (cached 120MB) CPU [12%@729,1%@729,1%@729,0%@729,5%@1113,15%@1113] GR3D_FREQ 0% cpu@70.093C soc2@68.625C soc0@69.125C gpu@69.562C tj@70.156C soc1@69.593C VDD_IN 5277mW/11209mW VDD_CPU_GPU_CV 990mW/4455mW VDD_SOC 1547mW/2824mW
09-14-2026 11:47:52 RAM 7066/7620MB (lfb 11x2MB) SWAP 1079/8192MB (cached 125MB) CPU [9%@1728,1%@1728,0%@1728,1%@1728,7%@1113,38%@1113] GR3D_FREQ 0% cpu@70C soc2@68.468C soc0@69.031C gpu@69.625C tj@70C soc1@69.437C VDD_IN 5356mW/11200mW VDD_CPU_GPU_CV 1030mW/4449mW VDD_SOC 1547mW/2822mW
09-14-2026 11:47:52 RAM 7078/7620MB (lfb 4x2MB) SWAP 1063/8192MB (cached 127MB) CPU [8%@1728,0%@1728,0%@1728,0%@1728,3%@1728,31%@1728] GR3D_FREQ 0% cpu@69.906C soc2@68.531C soc0@68.968C gpu@69.437C tj@69.906C soc1@69.25C VDD_IN 5356mW/11191mW VDD_CPU_GPU_CV 1030mW/4444mW VDD_SOC 1547mW/2820mW
09-14-2026 11:47:53 RAM 7054/7620MB (lfb 1x512kB) SWAP 1037/8192MB (cached 124MB) CPU [4%@1728,0%@1728,0%@1728,0%@1728,10%@1574,56%@1574] GR3D_FREQ 0% cpu@70.218C soc2@68.5C soc0@68.843C gpu@69.531C tj@70.218C soc1@69.187C VDD_IN 5515mW/11182mW VDD_CPU_GPU_CV 1109mW/4438mW VDD_SOC 1547mW/2818mW
09-14-2026 11:47:53 RAM 7030/7620MB (lfb 2x1MB) SWAP 1019/8192MB (cached 125MB) CPU [8%@1728,0%@1728,0%@1728,0%@1728,13%@1728,40%@1728] GR3D_FREQ 0% cpu@70.125C soc2@68.437C soc0@69C gpu@69.312C tj@70.125C soc1@69.125C VDD_IN 5475mW/11173mW VDD_CPU_GPU_CV 1109mW/4433mW VDD_SOC 1547mW/2816mW
09-14-2026 11:47:54 RAM 6889/7620MB (lfb 2x1MB) SWAP 974/8192MB (cached 118MB) CPU [6%@729,0%@1728,9%@1728,1%@1728,24%@729,30%@729] GR3D_FREQ 0% cpu@70.062C soc2@68.312C soc0@68.906C gpu@69.406C tj@70.062C soc1@69.125C VDD_IN 5475mW/11164mW VDD_CPU_GPU_CV 1109mW/4428mW VDD_SOC 1547mW/2814mW
09-14-2026 11:47:54 RAM 2600/7620MB (lfb 2x4MB) SWAP 620/8192MB (cached 62MB) CPU [1%@1728,0%@1728,100%@1728,22%@1728,0%@729,9%@729] GR3D_FREQ 0% cpu@70.781C soc2@68.406C soc0@68.812C gpu@69.406C tj@70.781C soc1@69C VDD_IN 6100mW/11156mW VDD_CPU_GPU_CV 1542mW/4423mW VDD_SOC 1624mW/2812mW
09-14-2026 11:47:55 RAM 2603/7620MB (lfb 8x4MB) SWAP 619/8192MB (cached 62MB) CPU [4%@1728,4%@1728,2%@1728,33%@1728,0%@1036,88%@1036] GR3D_FREQ 0% cpu@69.656C soc2@68.281C soc0@68.781C gpu@69.281C tj@69.75C soc1@69.187C VDD_IN 6140mW/11148mW VDD_CPU_GPU_CV 1463mW/4419mW VDD_SOC 1624mW/2810mW
09-14-2026 11:47:55 RAM 2602/7620MB (lfb 8x4MB) SWAP 619/8192MB (cached 62MB) CPU [0%@729,0%@1728,0%@1728,0%@1728,0%@729,2%@729] GR3D_FREQ 0% cpu@69.5C soc2@68.062C soc0@68.625C gpu@69.468C tj@69.5C soc1@68.968C VDD_IN 5198mW/11138mW VDD_CPU_GPU_CV 911mW/4413mW VDD_SOC 1545mW/2808mW
09-14-2026 11:47:56 RAM 2602/7620MB (lfb 8x4MB) SWAP 619/8192MB (cached 62MB) CPU [0%@1728,1%@1728,0%@1728,0%@1728,0%@729,0%@729] GR3D_FREQ 0% cpu@69.375C soc2@68.156C soc0@68.468C gpu@69.093C tj@69.375C soc1@68.906C VDD_IN 4880mW/11129mW VDD_CPU_GPU_CV 713mW/4408mW VDD_SOC 1507mW/2806mW
09-14-2026 11:47:56 RAM 2602/7620MB (lfb 8x4MB) SWAP 619/8192MB (cached 62MB) CPU [1%@729,1%@729,0%@729,0%@729,0%@729,0%@729] GR3D_FREQ 0% cpu@69.375C soc2@68C soc0@68.656C gpu@69.281C tj@69.375C soc1@68.843C VDD_IN 4761mW/11119mW VDD_CPU_GPU_CV 633mW/4402mW VDD_SOC 1507mW/2804mW
09-14-2026 11:47:57 RAM 2602/7620MB (lfb 8x4MB) SWAP 619/8192MB (cached 62MB) CPU [0%@1728,0%@1728,0%@1728,0%@1728,0%@729,0%@729] GR3D_FREQ 0% cpu@69.406C soc2@67.968C soc0@68.562C gpu@69.093C tj@69.406C soc1@68.656C VDD_IN 4721mW/11109mW VDD_CPU_GPU_CV 633mW/4396mW VDD_SOC 1507mW/2802mW
09-14-2026 11:47:57 RAM 2602/7620MB (lfb 8x4MB) SWAP 619/8192MB (cached 62MB) CPU [0%@729,0%@729,0%@729,0%@729,0%@729,0%@729] GR3D_FREQ 0% cpu@69.187C soc2@67.812C soc0@68.437C gpu@69.187C tj@69.187C soc1@68.781C VDD_IN 4721mW/11099mW VDD_CPU_GPU_CV 594mW/4390mW VDD_SOC 1507mW/2800mW
09-14-2026 11:47:58 RAM 2602/7620MB (lfb 8x4MB) SWAP 619/8192MB (cached 62MB) CPU [0%@729,1%@729,0%@729,0%@729,0%@729,0%@729] GR3D_FREQ 0% cpu@69.218C soc2@67.843C soc0@68.343C gpu@69C tj@69.218C soc1@68.875C VDD_IN 4721mW/11089mW VDD_CPU_GPU_CV 594mW/4384mW VDD_SOC 1507mW/2798mW
09-14-2026 11:47:58 RAM 2602/7620MB (lfb 8x4MB) SWAP 619/8192MB (cached 62MB) CPU [0%@729,0%@729,0%@729,3%@729,0%@729,0%@729] GR3D_FREQ 0% cpu@69C soc2@67.875C soc0@68.281C gpu@69C tj@69C soc1@68.75C VDD_IN 4721mW/11079mW VDD_CPU_GPU_CV 633mW/4378mW VDD_SOC 1507mW/2796mW
09-14-2026 11:47:59 RAM 2602/7620MB (lfb 8x4MB) SWAP 619/8192MB (cached 62MB) CPU [0%@1728,0%@1728,0%@1728,0%@1728,0%@729,0%@729] GR3D_FREQ 0% cpu@69.187C soc2@67.812C soc0@68.218C gpu@68.875C tj@69.187C soc1@68.625C VDD_IN 4721mW/11069mW VDD_CPU_GPU_CV 594mW/4372mW VDD_SOC 1507mW/2794mW
09-14-2026 11:47:59 RAM 2603/7620MB (lfb 8x4MB) SWAP 619/8192MB (cached 62MB) CPU [0%@729,0%@729,0%@729,0%@729,0%@729,0%@729] GR3D_FREQ 0% cpu@68.906C soc2@67.687C soc0@68.218C gpu@68.687C tj@68.875C soc1@68.531C VDD_IN 4721mW/11059mW VDD_CPU_GPU_CV 594mW/4366mW VDD_SOC 1507mW/2792mW
09-14-2026 11:48:00 RAM 2603/7620MB (lfb 8x4MB) SWAP 619/8192MB (cached 62MB) CPU [0%@1728,0%@1728,0%@1728,0%@1728,0%@729,0%@729] GR3D_FREQ 0% cpu@68.968C soc2@67.687C soc0@68.156C gpu@68.718C tj@68.968C soc1@68.437C VDD_IN 4721mW/11050mW VDD_CPU_GPU_CV 594mW/4361mW VDD_SOC 1507mW/2790mW
09-14-2026 11:48:00 RAM 2603/7620MB (lfb 8x4MB) SWAP 619/8192MB (cached 62MB) CPU [0%@1728,1%@1728,0%@1728,0%@1728,0%@729,0%@729] GR3D_FREQ 0% cpu@68.937C soc2@67.531C soc0@67.968C gpu@68.625C tj@68.937C soc1@68.375C VDD_IN 4721mW/11040mW VDD_CPU_GPU_CV 594mW/4355mW VDD_SOC 1507mW/2788mW
09-14-2026 11:48:01 RAM 2603/7620MB (lfb 8x4MB) SWAP 619/8192MB (cached 62MB) CPU [1%@729,0%@729,0%@729,1%@729,0%@729,0%@729] GR3D_FREQ 0% cpu@68.718C soc2@67.5C soc0@67.937C gpu@68.625C tj@68.781C soc1@68.531C VDD_IN 4721mW/11030mW VDD_CPU_GPU_CV 633mW/4349mW VDD_SOC 1507mW/2786mW
09-14-2026 11:48:01 RAM 2610/7620MB (lfb 8x4MB) SWAP 619/8192MB (cached 62MB) CPU [1%@729,4%@729,0%@729,0%@729,0%@729,0%@729] GR3D_FREQ 0% cpu@68.656C soc2@67.562C soc0@67.937C gpu@68.5C tj@68.656C soc1@68.343C VDD_IN 4721mW/11021mW VDD_CPU_GPU_CV 633mW/4343mW VDD_SOC 1507mW/2784mW
09-14-2026 11:48:02 RAM 2610/7620MB (lfb 8x4MB) SWAP 619/8192MB (cached 62MB) CPU [1%@1728,0%@1728,0%@1728,0%@1728,0%@729,0%@729] GR3D_FREQ 0% cpu@68.781C soc2@67.468C soc0@68.031C gpu@68.25C tj@68.781C soc1@68.25C VDD_IN 4721mW/11011mW VDD_CPU_GPU_CV 594mW/4338mW VDD_SOC 1507mW/2782mW
09-14-2026 11:48:02 RAM 2610/7620MB (lfb 8x4MB) SWAP 619/8192MB (cached 62MB) CPU [0%@729,0%@1728,0%@1728,0%@1728,0%@729,0%@729] GR3D_FREQ 0% cpu@68.875C soc2@67.343C soc0@67.937C gpu@68.343C tj@68.875C soc1@68.218C VDD_IN 4721mW/11001mW VDD_CPU_GPU_CV 594mW/4332mW VDD_SOC 1507mW/2780mW
09-14-2026 11:48:03 RAM 2610/7620MB (lfb 8x4MB) SWAP 619/8192MB (cached 62MB) CPU [0%@729,0%@729,0%@729,0%@729,0%@729,0%@729] GR3D_FREQ 0% cpu@68.468C soc2@67.25C soc0@67.812C gpu@68.156C tj@68.718C soc1@68.156C VDD_IN 4682mW/10992mW VDD_CPU_GPU_CV 594mW/4326mW VDD_SOC 1507mW/2779mW
09-14-2026 11:48:03 RAM 2610/7620MB (lfb 8x4MB) SWAP 619/8192MB (cached 62MB) CPU [1%@729,3%@729,0%@729,1%@729,0%@729,0%@729] GR3D_FREQ 0% cpu@68.625C soc2@67.187C soc0@67.75C gpu@68.187C tj@68.625C soc1@68.218C VDD_IN 4721mW/10982mW VDD_CPU_GPU_CV 594mW/4320mW VDD_SOC 1507mW/2777mW
09-14-2026 11:48:04 RAM 2610/7620MB (lfb 8x4MB) SWAP 619/8192MB (cached 62MB) CPU [0%@1728,0%@1728,0%@1728,0%@1728,0%@729,0%@729] GR3D_FREQ 0% cpu@68.406C soc2@67.187C soc0@67.687C gpu@68.031C tj@68.406C soc1@68.125C VDD_IN 4761mW/10972mW VDD_CPU_GPU_CV 594mW/4315mW VDD_SOC 1507mW/2775mW
09-14-2026 11:48:04 RAM 2610/7620MB (lfb 8x4MB) SWAP 619/8192MB (cached 62MB) CPU [0%@729,0%@729,0%@729,0%@1728,0%@729,0%@729] GR3D_FREQ 0% cpu@68.531C soc2@67.187C soc0@67.625C gpu@68.375C tj@68.531C soc1@68.062C VDD_IN 4721mW/10963mW VDD_CPU_GPU_CV 594mW/4309mW VDD_SOC 1507mW/2773mW
09-14-2026 11:48:05 RAM 2610/7620MB (lfb 8x4MB) SWAP 619/8192MB (cached 62MB) CPU [1%@1728,0%@1728,0%@1728,0%@1728,0%@729,0%@729] GR3D_FREQ 0% cpu@68.312C soc2@67.031C soc0@67.718C gpu@68.031C tj@68.312C soc1@67.968C VDD_IN 4682mW/10953mW VDD_CPU_GPU_CV 594mW/4304mW VDD_SOC 1507mW/2771mW
09-14-2026 11:48:05 RAM 2610/7620MB (lfb 8x4MB) SWAP 619/8192MB (cached 62MB) CPU [0%@1728,0%@1728,1%@1728,0%@1728,0%@729,0%@729] GR3D_FREQ 0% cpu@68.375C soc2@67.031C soc0@67.562C gpu@68.218C tj@68.375C soc1@67.812C VDD_IN 4682mW/10944mW VDD_CPU_GPU_CV 594mW/4298mW VDD_SOC 1507mW/2769mW
09-14-2026 11:48:06 RAM 2610/7620MB (lfb 8x4MB) SWAP 619/8192MB (cached 62MB) CPU [0%@729,0%@729,0%@729,0%@729,0%@729,0%@729] GR3D_FREQ 0% cpu@68.281C soc2@66.968C soc0@67.468C gpu@68C tj@68.343C soc1@67.843C VDD_IN 4682mW/10934mW VDD_CPU_GPU_CV 595mW/4292mW VDD_SOC 1507mW/2767mW
09-14-2026 11:48:06 RAM 2610/7620MB (lfb 8x4MB) SWAP 619/8192MB (cached 62MB) CPU [0%@1728,0%@1728,0%@1728,0%@1728,0%@729,0%@729] GR3D_FREQ 0% cpu@68.218C soc2@66.968C soc0@67.375C gpu@68.062C tj@68.218C soc1@67.937C VDD_IN 4682mW/10925mW VDD_CPU_GPU_CV 595mW/4287mW VDD_SOC 1507mW/2765mW
09-14-2026 11:48:07 RAM 2610/7620MB (lfb 8x4MB) SWAP 619/8192MB (cached 62MB) CPU [1%@1728,0%@1728,1%@1728,0%@1728,0%@729,0%@729] GR3D_FREQ 0% cpu@68.093C soc2@66.937C soc0@67.25C gpu@67.906C tj@68.093C soc1@67.843C VDD_IN 4682mW/10916mW VDD_CPU_GPU_CV 595mW/4281mW VDD_SOC 1507mW/2763mW
09-14-2026 11:48:07 RAM 2610/7620MB (lfb 8x4MB) SWAP 619/8192MB (cached 62MB) CPU [1%@1728,1%@1728,0%@1728,0%@1728,0%@729,0%@729] GR3D_FREQ 0% cpu@68.156C soc2@66.937C soc0@67.312C gpu@67.875C tj@68.156C soc1@67.781C VDD_IN 4682mW/10906mW VDD_CPU_GPU_CV 594mW/4276mW VDD_SOC 1468mW/2761mW
09-14-2026 11:48:08 RAM 2610/7620MB (lfb 8x4MB) SWAP 619/8192MB (cached 62MB) CPU [0%@729,0%@729,0%@729,0%@729,0%@729,0%@729] GR3D_FREQ 0% cpu@68.187C soc2@66.812C soc0@67.406C gpu@67.812C tj@68.187C soc1@67.718C VDD_IN 4682mW/10897mW VDD_CPU_GPU_CV 595mW/4270mW VDD_SOC 1468mW/2759mW
09-14-2026 11:48:08 RAM 2610/7620MB (lfb 8x4MB) SWAP 619/8192MB (cached 62MB) CPU [0%@729,0%@1728,0%@1728,0%@1728,0%@729,0%@729] GR3D_FREQ 0% cpu@67.937C soc2@66.843C soc0@67.187C gpu@67.718C tj@67.937C soc1@67.593C VDD_IN 4682mW/10887mW VDD_CPU_GPU_CV 595mW/4264mW VDD_SOC 1507mW/2757mW
09-14-2026 11:48:09 RAM 2611/7620MB (lfb 8x4MB) SWAP 619/8192MB (cached 62MB) CPU [1%@1728,0%@1728,0%@1728,0%@1728,0%@729,0%@729] GR3D_FREQ 0% cpu@67.937C soc2@66.718C soc0@67.093C gpu@67.718C tj@67.937C soc1@67.718C VDD_IN 4682mW/10878mW VDD_CPU_GPU_CV 595mW/4259mW VDD_SOC 1507mW/2756mW
09-14-2026 11:48:09 RAM 2611/7620MB (lfb 8x4MB) SWAP 619/8192MB (cached 62MB) CPU [0%@729,1%@729,0%@729,0%@729,0%@729,1%@729] GR3D_FREQ 0% cpu@67.812C soc2@66.718C soc0@67.062C gpu@67.5C tj@67.812C soc1@67.656C VDD_IN 4682mW/10869mW VDD_CPU_GPU_CV 595mW/4253mW VDD_SOC 1468mW/2754mW
09-14-2026 11:48:10 RAM 2611/7620MB (lfb 8x4MB) SWAP 619/8192MB (cached 62MB) CPU [0%@1728,3%@1728,0%@1728,0%@1728,0%@729,0%@729] GR3D_FREQ 0% cpu@67.937C soc2@66.625C soc0@67.031C gpu@67.812C tj@67.937C soc1@67.468C VDD_IN 4682mW/10860mW VDD_CPU_GPU_CV 595mW/4248mW VDD_SOC 1468mW/2752mW
09-14-2026 11:48:11 RAM 2611/7620MB (lfb 8x4MB) SWAP 619/8192MB (cached 62MB) CPU [0%@729,0%@729,0%@729,0%@729,0%@729,0%@729] GR3D_FREQ 0% cpu@67.75C soc2@66.531C soc0@67.125C gpu@67.437C tj@67.75C soc1@67.375C VDD_IN 4682mW/10850mW VDD_CPU_GPU_CV 594mW/4243mW VDD_SOC 1468mW/2750mW
09-14-2026 11:48:11 RAM 2611/7620MB (lfb 8x4MB) SWAP 619/8192MB (cached 62MB) CPU [0%@1728,0%@1728,0%@1728,0%@1728,0%@729,0%@729] GR3D_FREQ 0% cpu@67.781C soc2@66.5C soc0@67C gpu@67.75C tj@67.781C soc1@67.343C VDD_IN 4682mW/10841mW VDD_CPU_GPU_CV 595mW/4237mW VDD_SOC 1468mW/2748mW
09-14-2026 11:48:12 RAM 2612/7620MB (lfb 8x4MB) SWAP 619/8192MB (cached 62MB) CPU [0%@729,3%@729,0%@729,0%@729,0%@729,0%@729] GR3D_FREQ 0% cpu@67.781C soc2@66.468C soc0@66.875C gpu@67.343C tj@67.781C soc1@67.25C VDD_IN 4682mW/10832mW VDD_CPU_GPU_CV 594mW/4232mW VDD_SOC 1468mW/2746mW
09-14-2026 11:48:12 RAM 2613/7620MB (lfb 8x4MB) SWAP 619/8192MB (cached 62MB) CPU [0%@729,0%@729,0%@729,0%@729,1%@729,0%@729] GR3D_FREQ 0% cpu@67.593C soc2@66.375C soc0@66.843C gpu@67.625C tj@67.625C soc1@67.343C VDD_IN 4682mW/10823mW VDD_CPU_GPU_CV 595mW/4226mW VDD_SOC 1468mW/2744mW
09-14-2026 11:48:13 RAM 2613/7620MB (lfb 8x4MB) SWAP 619/8192MB (cached 62MB) CPU [0%@1728,0%@1728,1%@1728,0%@1728,0%@729,0%@729] GR3D_FREQ 0% cpu@67.468C soc2@66.406C soc0@66.812C gpu@67.375C tj@67.468C soc1@67.25C VDD_IN 4682mW/10814mW VDD_CPU_GPU_CV 594mW/4221mW VDD_SOC 1468mW/2742mW
09-14-2026 11:48:13 RAM 2613/7620MB (lfb 8x4MB) SWAP 619/8192MB (cached 62MB) CPU [0%@729,0%@729,0%@729,0%@729,0%@729,0%@729] GR3D_FREQ 0% cpu@67.625C soc2@66.312C soc0@66.687C gpu@67.437C tj@67.625C soc1@67.156C VDD_IN 4682mW/10805mW VDD_CPU_GPU_CV 594mW/4215mW VDD_SOC 1468mW/2740mW
09-14-2026 11:48:14 RAM 2613/7620MB (lfb 8x4MB) SWAP 619/8192MB (cached 62MB) CPU [0%@729,0%@729,0%@729,0%@729,0%@729,0%@729] GR3D_FREQ 0% cpu@67.593C soc2@66.156C soc0@66.75C gpu@67.281C tj@67.593C soc1@67.062C VDD_IN 4682mW/10795mW VDD_CPU_GPU_CV 594mW/4210mW VDD_SOC 1468mW/2738mW
09-14-2026 11:48:14 RAM 2613/7620MB (lfb 8x4MB) SWAP 619/8192MB (cached 62MB) CPU [1%@1728,0%@1728,0%@1728,0%@1728,0%@729,0%@729] GR3D_FREQ 0% cpu@67.343C soc2@66.125C soc0@66.593C gpu@67.218C tj@67.343C soc1@66.937C VDD_IN 4642mW/10786mW VDD_CPU_GPU_CV 594mW/4205mW VDD_SOC 1468mW/2736mW
09-14-2026 11:48:15 RAM 2613/7620MB (lfb 8x4MB) SWAP 619/8192MB (cached 62MB) CPU [0%@729,1%@729,0%@729,0%@729,0%@729,0%@729] GR3D_FREQ 0% cpu@67.343C soc2@66.187C soc0@66.531C gpu@67.093C tj@67.406C soc1@67.125C VDD_IN 4642mW/10777mW VDD_CPU_GPU_CV 594mW/4199mW VDD_SOC 1468mW/2735mW
09-14-2026 11:48:15 RAM 2613/7620MB (lfb 8x4MB) SWAP 619/8192MB (cached 62MB) CPU [0%@1728,0%@1728,0%@1728,0%@1728,0%@729,0%@729] GR3D_FREQ 0% cpu@67.312C soc2@65.968C soc0@66.5C gpu@67C tj@67.312C soc1@67C VDD_IN 4682mW/10768mW VDD_CPU_GPU_CV 594mW/4194mW VDD_SOC 1468mW/2733mW
09-14-2026 11:48:16 RAM 2613/7620MB (lfb 8x4MB) SWAP 619/8192MB (cached 62MB) CPU [1%@729,0%@729,4%@729,1%@729,0%@729,0%@729] GR3D_FREQ 0% cpu@67.437C soc2@66.093C soc0@66.468C gpu@67.031C tj@67.437C soc1@67C VDD_IN 4682mW/10759mW VDD_CPU_GPU_CV 594mW/4189mW VDD_SOC 1468mW/2731mW
09-14-2026 11:48:16 RAM 2614/7620MB (lfb 8x4MB) SWAP 619/8192MB (cached 62MB) CPU [0%@1728,1%@1728,0%@1728,0%@1728,0%@729,0%@729] GR3D_FREQ 0% cpu@67.156C soc2@66C soc0@66.593C gpu@66.937C tj@67.156C soc1@66.843C VDD_IN 4682mW/10750mW VDD_CPU_GPU_CV 594mW/4184mW VDD_SOC 1468mW/2729mW
09-14-2026 11:48:17 RAM 2615/7620MB (lfb 8x4MB) SWAP 619/8192MB (cached 62MB) CPU [5%@1728,0%@1728,1%@1728,5%@1728,0%@729,0%@729] GR3D_FREQ 0% cpu@67.187C soc2@65.968C soc0@66.5C gpu@67C tj@67.187C soc1@66.781C VDD_IN 4721mW/10742mW VDD_CPU_GPU_CV 633mW/4178mW VDD_SOC 1468mW/2727mW
09-14-2026 11:48:17 RAM 2635/7620MB (lfb 8x4MB) SWAP 619/8192MB (cached 62MB) CPU [11%@1728,6%@1728,14%@1728,8%@1728,4%@729,1%@729] GR3D_FREQ 0% cpu@67.218C soc2@65.937C soc0@66.312C gpu@66.781C tj@67.218C soc1@66.843C VDD_IN 4920mW/10733mW VDD_CPU_GPU_CV 752mW/4173mW VDD_SOC 1507mW/2725mW
09-14-2026 11:48:18 RAM 2635/7620MB (lfb 8x4MB) SWAP 618/8192MB (cached 62MB) CPU [0%@729,1%@729,0%@729,0%@729,0%@729,0%@729] GR3D_FREQ 0% cpu@67.031C soc2@65.937C soc0@66.218C gpu@66.687C tj@67.031C soc1@66.937C VDD_IN 4761mW/10724mW VDD_CPU_GPU_CV 633mW/4168mW VDD_SOC 1468mW/2724mW
09-14-2026 11:48:18 RAM 2635/7620MB (lfb 8x4MB) SWAP 618/8192MB (cached 62MB) CPU [0%@729,0%@1728,0%@1728,0%@1728,0%@729,0%@729] GR3D_FREQ 0% cpu@66.875C soc2@65.843C soc0@66.156C gpu@66.687C tj@66.937C soc1@66.781C VDD_IN 4682mW/10715mW VDD_CPU_GPU_CV 633mW/4163mW VDD_SOC 1468mW/2722mW
09-14-2026 11:48:19 RAM 2635/7620MB (lfb 8x4MB) SWAP 618/8192MB (cached 62MB) CPU [0%@729,0%@729,0%@729,0%@729,0%@729,0%@729] GR3D_FREQ 0% cpu@66.937C soc2@65.781C soc0@66.156C gpu@66.625C tj@66.906C soc1@66.687C VDD_IN 4682mW/10707mW VDD_CPU_GPU_CV 594mW/4158mW VDD_SOC 1468mW/2720mW
09-14-2026 11:48:19 RAM 2635/7620MB (lfb 8x4MB) SWAP 618/8192MB (cached 62MB) CPU [0%@729,0%@729,1%@729,0%@729,0%@729,0%@729] GR3D_FREQ 0% cpu@67.093C soc2@65.812C soc0@66.218C gpu@66.531C tj@67.093C soc1@66.625C VDD_IN 4682mW/10698mW VDD_CPU_GPU_CV 594mW/4153mW VDD_SOC 1468mW/2718mW
09-14-2026 11:48:20 RAM 2635/7620MB (lfb 8x4MB) SWAP 618/8192MB (cached 62MB) CPU [0%@729,1%@729,0%@729,0%@729,0%@729,0%@729] GR3D_FREQ 0% cpu@66.781C soc2@65.593C soc0@66.156C gpu@66.437C tj@67.093C soc1@66.593C VDD_IN 4682mW/10689mW VDD_CPU_GPU_CV 594mW/4147mW VDD_SOC 1468mW/2716mW
09-14-2026 11:48:20 RAM 2635/7620MB (lfb 8x4MB) SWAP 618/8192MB (cached 62MB) CPU [0%@1728,0%@1728,0%@1728,0%@1728,0%@729,0%@729] GR3D_FREQ 0% cpu@66.843C soc2@65.656C soc0@66.093C gpu@66.718C tj@66.843C soc1@66.656C VDD_IN 4642mW/10680mW VDD_CPU_GPU_CV 594mW/4142mW VDD_SOC 1468mW/2714mW
09-14-2026 11:48:21 RAM 2635/7620MB (lfb 8x4MB) SWAP 618/8192MB (cached 62MB) CPU [0%@729,0%@729,0%@729,0%@729,0%@729,0%@729] GR3D_FREQ 0% cpu@66.656C soc2@65.5C soc0@65.968C gpu@66.781C tj@66.781C soc1@66.687C VDD_IN 4682mW/10672mW VDD_CPU_GPU_CV 594mW/4137mW VDD_SOC 1468mW/2713mW
09-14-2026 11:48:21 RAM 2635/7620MB (lfb 8x4MB) SWAP 618/8192MB (cached 62MB) CPU [0%@729,0%@729,0%@729,0%@729,0%@729,0%@729] GR3D_FREQ 0% cpu@66.875C soc2@65.656C soc0@65.906C gpu@66.656C tj@66.656C soc1@66.468C VDD_IN 4642mW/10663mW VDD_CPU_GPU_CV 595mW/4132mW VDD_SOC 1468mW/2711mW
09-14-2026 11:48:22 RAM 2639/7620MB (lfb 7x4MB) SWAP 618/8192MB (cached 62MB) CPU [0%@1728,3%@1728,0%@1728,0%@1728,0%@729,0%@729] GR3D_FREQ 0% cpu@66.593C soc2@65.531C soc0@66C gpu@66.656C tj@66.656C soc1@66.406C VDD_IN 4682mW/10654mW VDD_CPU_GPU_CV 595mW/4127mW VDD_SOC 1468mW/2709mW
09-14-2026 11:48:22 RAM 2639/7620MB (lfb 7x4MB) SWAP 618/8192MB (cached 62MB) CPU [0%@729,0%@729,0%@729,0%@729,0%@729,0%@729] GR3D_FREQ 0% cpu@66.625C soc2@65.5C soc0@65.843C gpu@66.375C tj@66.625C soc1@66.281C VDD_IN 4642mW/10646mW VDD_CPU_GPU_CV 595mW/4122mW VDD_SOC 1468mW/2707mW
09-14-2026 11:48:23 RAM 2639/7620MB (lfb 7x4MB) SWAP 618/8192MB (cached 62MB) CPU [0%@729,1%@729,0%@729,0%@729,0%@729,0%@729] GR3D_FREQ 0% cpu@66.625C soc2@65.437C soc0@65.812C gpu@66.281C tj@66.656C soc1@66.156C VDD_IN 4642mW/10637mW VDD_CPU_GPU_CV 595mW/4117mW VDD_SOC 1468mW/2705mW
09-14-2026 11:48:23 RAM 2639/7620MB (lfb 7x4MB) SWAP 618/8192MB (cached 62MB) CPU [1%@729,0%@729,0%@729,0%@729,0%@729,0%@729] GR3D_FREQ 0% cpu@66.5C soc2@65.281C soc0@65.687C gpu@66.25C tj@66.5C soc1@66.343C VDD_IN 4642mW/10628mW VDD_CPU_GPU_CV 595mW/4112mW VDD_SOC 1468mW/2704mW
09-14-2026 11:48:24 RAM 2639/7620MB (lfb 7x4MB) SWAP 618/8192MB (cached 62MB) CPU [0%@1728,0%@1728,0%@1728,0%@1728,0%@729,0%@729] GR3D_FREQ 0% cpu@66.312C soc2@65.218C soc0@65.718C gpu@66.156C tj@66.312C soc1@66.218C VDD_IN 4642mW/10620mW VDD_CPU_GPU_CV 595mW/4106mW VDD_SOC 1468mW/2702mW
09-14-2026 11:48:24 RAM 2639/7620MB (lfb 7x4MB) SWAP 618/8192MB (cached 62MB) CPU [0%@1728,0%@1728,0%@1728,0%@1728,0%@729,0%@729] GR3D_FREQ 0% cpu@66.406C soc2@65.281C soc0@65.625C gpu@66.093C tj@66.406C soc1@66.156C VDD_IN 4721mW/10611mW VDD_CPU_GPU_CV 595mW/4101mW VDD_SOC 1468mW/2700mW
09-14-2026 11:48:25 RAM 2639/7620MB (lfb 7x4MB) SWAP 618/8192MB (cached 62MB) CPU [1%@1728,0%@1728,1%@1728,0%@1728,0%@729,0%@729] GR3D_FREQ 0% cpu@66.5C soc2@65.187C soc0@65.75C gpu@66.031C tj@66.5C soc1@66.156C VDD_IN 4682mW/10603mW VDD_CPU_GPU_CV 594mW/4096mW VDD_SOC 1468mW/2698mW
09-14-2026 11:48:25 RAM 2639/7620MB (lfb 7x4MB) SWAP 618/8192MB (cached 62MB) CPU [0%@729,1%@729,0%@729,0%@729,0%@729,0%@729] GR3D_FREQ 0% cpu@66.281C soc2@65.156C soc0@65.625C gpu@66C tj@66.531C soc1@66C VDD_IN 4642mW/10594mW VDD_CPU_GPU_CV 595mW/4091mW VDD_SOC 1468mW/2697mW
09-14-2026 11:48:26 RAM 2639/7620MB (lfb 7x4MB) SWAP 618/8192MB (cached 62MB) CPU [0%@1728,0%@1728,0%@1728,0%@1728,0%@729,0%@729] GR3D_FREQ 0% cpu@66.375C soc2@65.187C soc0@65.437C gpu@66.218C tj@66.375C soc1@66.125C VDD_IN 4642mW/10586mW VDD_CPU_GPU_CV 594mW/4086mW VDD_SOC 1468mW/2695mW
09-14-2026 11:48:26 RAM 2639/7620MB (lfb 7x4MB) SWAP 618/8192MB (cached 62MB) CPU [0%@729,3%@729,0%@729,0%@729,0%@729,0%@729] GR3D_FREQ 0% cpu@66.093C soc2@65C soc0@65.468C gpu@65.875C tj@66.093C soc1@66.093C VDD_IN 4642mW/10577mW VDD_CPU_GPU_CV 595mW/4081mW VDD_SOC 1468mW/2693mW
09-14-2026 11:48:27 RAM 2639/7620MB (lfb 7x4MB) SWAP 618/8192MB (cached 62MB) CPU [0%@1728,0%@1728,0%@1728,0%@1728,0%@729,1%@729] GR3D_FREQ 0% cpu@66.406C soc2@65.093C soc0@65.375C gpu@66.062C tj@66.406C soc1@65.968C VDD_IN 4642mW/10569mW VDD_CPU_GPU_CV 595mW/4076mW VDD_SOC 1468mW/2691mW
09-14-2026 11:48:27 RAM 2620/7620MB (lfb 6x4MB) SWAP 617/8192MB (cached 63MB) CPU [11%@729,11%@729,13%@729,11%@729,7%@729,4%@729] GR3D_FREQ 0% cpu@66.125C soc2@65.093C soc0@65.312C gpu@65.75C tj@66.125C soc1@65.875C VDD_IN 4960mW/10561mW VDD_CPU_GPU_CV 792mW/4072mW VDD_SOC 1507mW/2690mW
09-14-2026 11:48:28 RAM 2617/7620MB (lfb 7x4MB) SWAP 617/8192MB (cached 63MB) CPU [16%@1728,6%@1728,6%@1728,5%@1728,2%@729,12%@729] GR3D_FREQ 0% cpu@66.343C soc2@64.937C soc0@65.375C gpu@66.093C tj@66.343C soc1@65.906C VDD_IN 5039mW/10553mW VDD_CPU_GPU_CV 831mW/4067mW VDD_SOC 1507mW/2688mW
09-14-2026 11:48:28 RAM 2618/7620MB (lfb 7x4MB) SWAP 617/8192MB (cached 63MB) CPU [7%@1728,8%@1728,5%@1728,5%@1728,0%@729,2%@729] GR3D_FREQ 0% cpu@66.437C soc2@64.906C soc0@65.343C gpu@65.75C tj@66.437C soc1@65.812C VDD_IN 4920mW/10545mW VDD_CPU_GPU_CV 752mW/4062mW VDD_SOC 1507mW/2686mW
09-14-2026 11:48:29 RAM 2617/7620MB (lfb 7x4MB) SWAP 617/8192MB (cached 63MB) CPU [12%@1728,10%@1728,13%@1728,17%@1728,5%@729,4%@729] GR3D_FREQ 0% cpu@66.281C soc2@64.937C soc0@65.187C gpu@65.875C tj@66.281C soc1@65.781C VDD_IN 4960mW/10537mW VDD_CPU_GPU_CV 792mW/4058mW VDD_SOC 1507mW/2685mW
09-14-2026 11:48:29 RAM 2613/7620MB (lfb 7x4MB) SWAP 617/8192MB (cached 63MB) CPU [15%@1728,17%@1728,8%@1728,19%@1728,2%@729,0%@729] GR3D_FREQ 0% cpu@66.156C soc2@64.843C soc0@65.093C gpu@65.593C tj@66.187C soc1@65.906C VDD_IN 5039mW/10529mW VDD_CPU_GPU_CV 831mW/4053mW VDD_SOC 1507mW/2683mW
09-14-2026 11:48:30 RAM 2613/7620MB (lfb 7x4MB) SWAP 617/8192MB (cached 63MB) CPU [10%@1113,19%@1113,19%@1113,11%@1113,2%@729,3%@729] GR3D_FREQ 0% cpu@66.031C soc2@64.906C soc0@65.125C gpu@65.812C tj@66.031C soc1@65.812C VDD_IN 5039mW/10521mW VDD_CPU_GPU_CV 831mW/4049mW VDD_SOC 1507mW/2681mW
09-14-2026 11:48:30 RAM 2616/7620MB (lfb 7x4MB) SWAP 617/8192MB (cached 63MB) CPU [12%@1728,19%@1728,2%@1728,15%@1728,3%@729,4%@729] GR3D_FREQ 0% cpu@66.218C soc2@64.812C soc0@65.062C gpu@65.5C tj@66.218C soc1@65.625C VDD_IN 4999mW/10513mW VDD_CPU_GPU_CV 792mW/4044mW VDD_SOC 1507mW/2680mW
09-14-2026 11:48:31 RAM 2617/7620MB (lfb 7x4MB) SWAP 617/8192MB (cached 63MB) CPU [19%@729,16%@729,12%@729,15%@729,4%@729,3%@729] GR3D_FREQ 0% cpu@65.843C soc2@64.781C soc0@65.218C gpu@65.781C tj@65.843C soc1@65.687C VDD_IN 4999mW/10506mW VDD_CPU_GPU_CV 831mW/4039mW VDD_SOC 1507mW/2678mW
09-14-2026 11:48:31 RAM 2617/7620MB (lfb 7x4MB) SWAP 617/8192MB (cached 63MB) CPU [0%@1728,0%@1728,0%@1728,0%@1728,0%@729,0%@729] GR3D_FREQ 0% cpu@65.843C soc2@64.718C soc0@65.062C gpu@65.406C tj@65.843C soc1@65.468C VDD_IN 4761mW/10498mW VDD_CPU_GPU_CV 673mW/4035mW VDD_SOC 1468mW/2676mW
09-14-2026 11:48:32 RAM 2618/7620MB (lfb 7x4MB) SWAP 617/8192MB (cached 63MB) CPU [1%@1728,2%@1728,0%@1728,1%@1728,0%@729,0%@729] GR3D_FREQ 0% cpu@65.875C soc2@64.687C soc0@65C gpu@65.593C tj@65.875C soc1@65.531C VDD_IN 4721mW/10490mW VDD_CPU_GPU_CV 633mW/4030mW VDD_SOC 1468mW/2675mW
09-14-2026 11:48:32 RAM 2618/7620MB (lfb 7x4MB) SWAP 617/8192MB (cached 63MB) CPU [0%@729,0%@729,1%@729,0%@729,0%@729,0%@729] GR3D_FREQ 0% cpu@65.687C soc2@64.562C soc0@64.968C gpu@65.718C tj@65.718C soc1@65.656C VDD_IN 4642mW/10481mW VDD_CPU_GPU_CV 595mW/4025mW VDD_SOC 1468mW/2673mW
09-14-2026 11:48:33 RAM 2618/7620MB (lfb 7x4MB) SWAP 617/8192MB (cached 63MB) CPU [0%@729,0%@729,0%@729,0%@729,0%@729,0%@729] GR3D_FREQ 0% cpu@65.593C soc2@64.437C soc0@64.843C gpu@65.5C tj@65.625C soc1@65.593C VDD_IN 4642mW/10473mW VDD_CPU_GPU_CV 595mW/4020mW VDD_SOC 1468mW/2671mW
09-14-2026 11:48:33 RAM 2618/7620MB (lfb 7x4MB) SWAP 617/8192MB (cached 63MB) CPU [0%@729,0%@729,0%@729,0%@729,0%@729,0%@729] GR3D_FREQ 0% cpu@65.625C soc2@64.5C soc0@64.781C gpu@65.281C tj@65.625C soc1@65.406C VDD_IN 4642mW/10465mW VDD_CPU_GPU_CV 595mW/4016mW VDD_SOC 1468mW/2669mW
09-14-2026 11:48:34 RAM 2618/7620MB (lfb 7x4MB) SWAP 617/8192MB (cached 63MB) CPU [0%@1728,0%@1728,0%@1728,0%@1728,0%@729,0%@729] GR3D_FREQ 0% cpu@65.75C soc2@64.531C soc0@64.875C gpu@65.406C tj@65.75C soc1@65.312C VDD_IN 4642mW/10457mW VDD_CPU_GPU_CV 595mW/4011mW VDD_SOC 1468mW/2668mW
09-14-2026 11:48:34 RAM 2618/7620MB (lfb 7x4MB) SWAP 617/8192MB (cached 63MB) CPU [0%@1728,0%@1728,0%@1728,0%@1728,0%@729,0%@729] GR3D_FREQ 0% cpu@65.718C soc2@64.437C soc0@64.843C gpu@65.218C tj@65.718C soc1@65.281C VDD_IN 4642mW/10449mW VDD_CPU_GPU_CV 595mW/4006mW VDD_SOC 1468mW/2666mW
09-14-2026 11:48:35 RAM 2618/7620MB (lfb 7x4MB) SWAP 617/8192MB (cached 63MB) CPU [0%@729,0%@729,0%@729,0%@729,0%@729,0%@729] GR3D_FREQ 0% cpu@65.5C soc2@64.281C soc0@64.781C gpu@65.281C tj@65.5C soc1@65.218C VDD_IN 4642mW/10441mW VDD_CPU_GPU_CV 595mW/4001mW VDD_SOC 1468mW/2664mW
09-14-2026 11:48:35 RAM 2618/7620MB (lfb 7x4MB) SWAP 617/8192MB (cached 63MB) CPU [0%@1728,0%@1728,0%@1728,0%@1728,0%@729,0%@729] GR3D_FREQ 0% cpu@65.5C soc2@64.281C soc0@64.718C gpu@65.062C tj@65.5C soc1@65.281C VDD_IN 4642mW/10432mW VDD_CPU_GPU_CV 595mW/3996mW VDD_SOC 1468mW/2663mW
09-14-2026 11:48:36 RAM 2618/7620MB (lfb 7x4MB) SWAP 617/8192MB (cached 63MB) CPU [1%@1728,0%@1728,1%@1728,0%@1728,0%@729,0%@729] GR3D_FREQ 0% cpu@65.375C soc2@64.25C soc0@64.562C gpu@65.062C tj@65.375C soc1@65.218C VDD_IN 4642mW/10424mW VDD_CPU_GPU_CV 595mW/3992mW VDD_SOC 1468mW/2661mW
09-14-2026 11:48:36 RAM 2618/7620MB (lfb 7x4MB) SWAP 617/8192MB (cached 63MB) CPU [1%@1728,0%@1728,0%@1728,0%@1728,0%@729,0%@729] GR3D_FREQ 0% cpu@65.218C soc2@64.312C soc0@64.531C gpu@65.031C tj@65.218C soc1@65.156C VDD_IN 4642mW/10416mW VDD_CPU_GPU_CV 595mW/3987mW VDD_SOC 1468mW/2659mW
09-14-2026 11:48:37 RAM 2618/7620MB (lfb 7x4MB) SWAP 617/8192MB (cached 63MB) CPU [0%@1728,0%@1728,0%@1728,0%@1728,0%@729,0%@729] GR3D_FREQ 0% cpu@65.312C soc2@64.187C soc0@64.5C gpu@65.125C tj@65.312C soc1@65.187C VDD_IN 4642mW/10408mW VDD_CPU_GPU_CV 595mW/3982mW VDD_SOC 1468mW/2658mW
09-14-2026 11:48:37 RAM 2618/7620MB (lfb 7x4MB) SWAP 616/8192MB (cached 63MB) CPU [0%@729,0%@729,1%@729,0%@729,0%@729,0%@729] GR3D_FREQ 0% cpu@65.375C soc2@64.156C soc0@64.531C gpu@64.843C tj@65.375C soc1@65.062C VDD_IN 4642mW/10400mW VDD_CPU_GPU_CV 595mW/3978mW VDD_SOC 1468mW/2656mW
09-14-2026 11:48:38 RAM 2617/7620MB (lfb 7x4MB) SWAP 616/8192MB (cached 63MB) CPU [0%@1728,0%@1728,0%@1728,1%@1728,0%@729,0%@729] GR3D_FREQ 0% cpu@65.312C soc2@64.125C soc0@64.531C gpu@64.968C tj@65.375C soc1@65C VDD_IN 4642mW/10392mW VDD_CPU_GPU_CV 595mW/3973mW VDD_SOC 1468mW/2654mW
09-14-2026 11:48:38 RAM 2617/7620MB (lfb 7x4MB) SWAP 616/8192MB (cached 63MB) CPU [0%@729,0%@729,0%@729,0%@729,0%@729,1%@729] GR3D_FREQ 0% cpu@65.187C soc2@64.031C soc0@64.437C gpu@64.812C tj@65.187C soc1@65.062C VDD_IN 4602mW/10384mW VDD_CPU_GPU_CV 595mW/3968mW VDD_SOC 1468mW/2653mW
09-14-2026 11:48:39 RAM 2617/7620MB (lfb 7x4MB) SWAP 616/8192MB (cached 63MB) CPU [1%@1728,0%@1728,0%@1728,0%@1728,0%@729,0%@729] GR3D_FREQ 0% cpu@65C soc2@63.968C soc0@64.312C gpu@64.75C tj@65.062C soc1@65.062C VDD_IN 4602mW/10376mW VDD_CPU_GPU_CV 555mW/3964mW VDD_SOC 1468mW/2651mW
09-14-2026 11:48:39 RAM 2618/7620MB (lfb 7x4MB) SWAP 616/8192MB (cached 63MB) CPU [2%@1728,2%@1728,5%@1728,10%@1728,3%@729,0%@729] GR3D_FREQ 0% cpu@65.281C soc2@64.031C soc0@64.25C gpu@64.75C tj@65.187C soc1@64.937C VDD_IN 4761mW/10369mW VDD_CPU_GPU_CV 674mW/3959mW VDD_SOC 1468mW/2650mW
09-14-2026 11:48:40 RAM 2617/7620MB (lfb 7x4MB) SWAP 616/8192MB (cached 63MB) CPU [2%@1728,9%@1728,0%@1728,0%@1728,0%@729,0%@729] GR3D_FREQ 0% cpu@65.187C soc2@64C soc0@64.281C gpu@64.656C tj@65.187C soc1@64.906C VDD_IN 4682mW/10361mW VDD_CPU_GPU_CV 634mW/3954mW VDD_SOC 1468mW/2648mW
09-14-2026 11:48:40 RAM 2616/7620MB (lfb 7x4MB) SWAP 616/8192MB (cached 63MB) CPU [1%@1728,0%@1728,0%@1728,8%@1728,0%@729,0%@729] GR3D_FREQ 0% cpu@65C soc2@63.937C soc0@64.281C gpu@64.625C tj@65C soc1@64.812C VDD_IN 4642mW/10353mW VDD_CPU_GPU_CV 595mW/3950mW VDD_SOC 1468mW/2646mW
09-14-2026 11:48:41 RAM 2616/7620MB (lfb 7x4MB) SWAP 616/8192MB (cached 63MB) CPU [0%@729,0%@729,1%@729,0%@729,0%@729,0%@729] GR3D_FREQ 0% cpu@65.031C soc2@63.937C soc0@64.187C gpu@64.5C tj@65.031C soc1@64.75C VDD_IN 4602mW/10345mW VDD_CPU_GPU_CV 555mW/3945mW VDD_SOC 1468mW/2645mW
09-14-2026 11:48:41 RAM 2616/7620MB (lfb 7x4MB) SWAP 616/8192MB (cached 63MB) CPU [0%@1728,0%@1728,0%@1728,0%@1728,0%@729,0%@729] GR3D_FREQ 0% cpu@64.843C soc2@63.843C soc0@64.125C gpu@64.593C tj@64.843C soc1@64.75C VDD_IN 4602mW/10337mW VDD_CPU_GPU_CV 555mW/3941mW VDD_SOC 1468mW/2643mW
09-14-2026 11:48:42 RAM 2620/7620MB (lfb 6x4MB) SWAP 616/8192MB (cached 63MB) CPU [0%@1728,0%@1728,0%@1728,1%@1728,0%@729,1%@729] GR3D_FREQ 0% cpu@64.968C soc2@63.781C soc0@64.062C gpu@64.437C tj@64.968C soc1@64.812C VDD_IN 4642mW/10330mW VDD_CPU_GPU_CV 595mW/3936mW VDD_SOC 1468mW/2642mW
09-14-2026 11:48:42 RAM 2618/7620MB (lfb 5x4MB) SWAP 616/8192MB (cached 63MB) CPU [0%@1728,1%@1728,0%@1728,0%@1728,0%@729,0%@729] GR3D_FREQ 0% cpu@64.718C soc2@63.812C soc0@64.031C gpu@64.437C tj@64.875C soc1@64.875C VDD_IN 4642mW/10322mW VDD_CPU_GPU_CV 595mW/3931mW VDD_SOC 1468mW/2640mW
09-14-2026 11:48:43 RAM 2618/7620MB (lfb 5x4MB) SWAP 616/8192MB (cached 63MB) CPU [0%@1728,0%@1728,0%@1728,0%@1728,0%@729,0%@729] GR3D_FREQ 0% cpu@64.906C soc2@63.781C soc0@63.906C gpu@64.406C tj@64.906C soc1@64.687C VDD_IN 4642mW/10314mW VDD_CPU_GPU_CV 595mW/3927mW VDD_SOC 1468mW/2638mW
09-14-2026 11:48:43 RAM 2618/7620MB (lfb 5x4MB) SWAP 616/8192MB (cached 63MB) CPU [1%@729,0%@729,0%@729,0%@729,0%@729,0%@729] GR3D_FREQ 0% cpu@64.906C soc2@63.781C soc0@64.031C gpu@64.406C tj@64.906C soc1@64.593C VDD_IN 4642mW/10306mW VDD_CPU_GPU_CV 595mW/3922mW VDD_SOC 1468mW/2637mW
09-14-2026 11:48:44 RAM 2618/7620MB (lfb 5x4MB) SWAP 616/8192MB (cached 63MB) CPU [0%@1728,0%@1728,0%@1728,17%@1728,0%@729,1%@729] GR3D_FREQ 0% cpu@64.812C soc2@63.687C soc0@63.906C gpu@64.718C tj@64.812C soc1@64.562C VDD_IN 4682mW/10299mW VDD_CPU_GPU_CV 634mW/3918mW VDD_SOC 1468mW/2635mW
09-14-2026 11:48:44 RAM 2618/7620MB (lfb 5x4MB) SWAP 616/8192MB (cached 63MB) CPU [0%@729,0%@729,0%@729,0%@729,0%@729,0%@729] GR3D_FREQ 0% cpu@64.687C soc2@63.656C soc0@63.906C gpu@64.468C tj@64.75C soc1@64.75C VDD_IN 4642mW/10291mW VDD_CPU_GPU_CV 595mW/3913mW VDD_SOC 1468mW/2634mW
09-14-2026 11:48:45 RAM 2618/7620MB (lfb 5x4MB) SWAP 616/8192MB (cached 63MB) CPU [0%@729,0%@729,0%@729,1%@729,0%@729,0%@729] GR3D_FREQ 0% cpu@64.531C soc2@63.531C soc0@63.812C gpu@64.593C tj@64.656C soc1@64.656C VDD_IN 4602mW/10283mW VDD_CPU_GPU_CV 595mW/3909mW VDD_SOC 1468mW/2632mW
09-14-2026 11:48:45 RAM 2618/7620MB (lfb 5x4MB) SWAP 616/8192MB (cached 63MB) CPU [0%@729,0%@729,0%@729,0%@729,0%@729,0%@729] GR3D_FREQ 0% cpu@64.718C soc2@63.562C soc0@63.718C gpu@64.312C tj@64.531C soc1@64.5C VDD_IN 4602mW/10276mW VDD_CPU_GPU_CV 554mW/3904mW VDD_SOC 1468mW/2630mW
09-14-2026 11:48:46 RAM 2618/7620MB (lfb 5x4MB) SWAP 616/8192MB (cached 63MB) CPU [1%@1728,0%@1728,1%@1728,1%@1728,0%@729,0%@729] GR3D_FREQ 0% cpu@64.531C soc2@63.5C soc0@63.718C gpu@64.468C tj@64.531C soc1@64.375C VDD_IN 4602mW/10268mW VDD_CPU_GPU_CV 594mW/3900mW VDD_SOC 1468mW/2629mW
09-14-2026 11:48:46 RAM 2618/7620MB (lfb 5x4MB) SWAP 616/8192MB (cached 63MB) CPU [1%@729,0%@1728,1%@1728,0%@1728,0%@729,0%@729] GR3D_FREQ 0% cpu@64.625C soc2@63.531C soc0@63.875C gpu@64.25C tj@64.625C soc1@64.281C VDD_IN 4602mW/10260mW VDD_CPU_GPU_CV 594mW/3895mW VDD_SOC 1468mW/2627mW
09-14-2026 11:48:47 RAM 2618/7620MB (lfb 5x4MB) SWAP 616/8192MB (cached 63MB) CPU [0%@1728,0%@1728,0%@1728,0%@1728,0%@729,0%@729] GR3D_FREQ 0% cpu@64.593C soc2@63.5C soc0@63.687C gpu@64.375C tj@64.687C soc1@64.281C VDD_IN 4602mW/10253mW VDD_CPU_GPU_CV 594mW/3891mW VDD_SOC 1468mW/2626mW
09-14-2026 11:48:47 RAM 2618/7620MB (lfb 5x4MB) SWAP 616/8192MB (cached 63MB) CPU [0%@1728,0%@1728,0%@1728,0%@1728,0%@729,0%@729] GR3D_FREQ 0% cpu@64.406C soc2@63.343C soc0@63.687C gpu@64.125C tj@64.406C soc1@64.406C VDD_IN 4602mW/10245mW VDD_CPU_GPU_CV 594mW/3886mW VDD_SOC 1468mW/2624mW
09-14-2026 11:48:48 RAM 2618/7620MB (lfb 5x4MB) SWAP 616/8192MB (cached 63MB) CPU [0%@729,1%@1728,0%@1728,0%@1728,0%@729,0%@729] GR3D_FREQ 0% cpu@64.25C soc2@63.281C soc0@63.562C gpu@64.062C tj@64.343C soc1@64.281C VDD_IN 4602mW/10237mW VDD_CPU_GPU_CV 555mW/3882mW VDD_SOC 1468mW/2623mW
09-14-2026 11:48:48 RAM 2618/7620MB (lfb 5x4MB) SWAP 616/8192MB (cached 63MB) CPU [0%@1728,0%@1728,0%@1728,0%@1728,0%@729,0%@729] GR3D_FREQ 0% cpu@64.25C soc2@63.312C soc0@63.562C gpu@64.062C tj@64.25C soc1@64.218C VDD_IN 4602mW/10230mW VDD_CPU_GPU_CV 555mW/3877mW VDD_SOC 1468mW/2621mW
09-14-2026 11:48:49 RAM 2618/7620MB (lfb 5x4MB) SWAP 616/8192MB (cached 63MB) CPU [0%@1728,0%@1728,0%@1728,0%@1728,0%@729,0%@729] GR3D_FREQ 0% cpu@64.531C soc2@63.25C soc0@63.531C gpu@63.937C tj@64.531C soc1@64.187C VDD_IN 4602mW/10222mW VDD_CPU_GPU_CV 555mW/3873mW VDD_SOC 1468mW/2619mW
09-14-2026 11:48:49 RAM 2618/7620MB (lfb 5x4MB) SWAP 616/8192MB (cached 63MB) CPU [0%@729,0%@729,1%@729,0%@729,0%@729,0%@729] GR3D_FREQ 0% cpu@64.187C soc2@63.25C soc0@63.562C gpu@63.937C tj@64.218C soc1@64.218C VDD_IN 4602mW/10215mW VDD_CPU_GPU_CV 595mW/3869mW VDD_SOC 1468mW/2618mW
09-14-2026 11:48:50 RAM 2618/7620MB (lfb 5x4MB) SWAP 615/8192MB (cached 63MB) CPU [0%@729,0%@729,7%@729,0%@729,1%@729,1%@729] GR3D_FREQ 0% cpu@64.312C soc2@63.125C soc0@63.562C gpu@63.812C tj@64.312C soc1@64.031C VDD_IN 4642mW/10207mW VDD_CPU_GPU_CV 595mW/3864mW VDD_SOC 1468mW/2616mW
09-14-2026 11:48:50 RAM 2618/7620MB (lfb 5x4MB) SWAP 615/8192MB (cached 63MB) CPU [0%@1728,0%@1728,0%@1728,0%@1728,0%@729,0%@729] GR3D_FREQ 0% cpu@64.093C soc2@63.093C soc0@63.5C gpu@63.843C tj@64.218C soc1@64.125C VDD_IN 4602mW/10200mW VDD_CPU_GPU_CV 595mW/3860mW VDD_SOC 1468mW/2615mW
09-14-2026 11:48:51 RAM 2618/7620MB (lfb 5x4MB) SWAP 615/8192MB (cached 63MB) CPU [1%@1728,0%@1728,1%@1728,0%@1728,0%@729,0%@729] GR3D_FREQ 0% cpu@64.093C soc2@63.062C soc0@63.281C gpu@63.812C tj@64.156C soc1@64.156C VDD_IN 4602mW/10192mW VDD_CPU_GPU_CV 555mW/3855mW VDD_SOC 1468mW/2613mW
09-14-2026 11:48:52 RAM 2618/7620MB (lfb 5x4MB) SWAP 615/8192MB (cached 63MB) CPU [0%@729,1%@729,0%@729,0%@729,0%@729,0%@729] GR3D_FREQ 0% cpu@63.937C soc2@63.062C soc0@63.25C gpu@63.781C tj@64.062C soc1@64.093C VDD_IN 4602mW/10185mW VDD_CPU_GPU_CV 555mW/3851mW VDD_SOC 1468mW/2612mW
09-14-2026 11:48:52 RAM 2618/7620MB (lfb 5x4MB) SWAP 615/8192MB (cached 63MB) CPU [0%@729,0%@729,0%@729,0%@729,0%@729,0%@729] GR3D_FREQ 0% cpu@64.125C soc2@63.031C soc0@63.25C gpu@63.781C tj@64.093C soc1@63.937C VDD_IN 4602mW/10177mW VDD_CPU_GPU_CV 555mW/3847mW VDD_SOC 1468mW/2610mW
09-14-2026 11:48:53 RAM 2619/7620MB (lfb 5x4MB) SWAP 615/8192MB (cached 63MB) CPU [0%@1728,0%@1728,0%@1728,0%@1728,0%@729,0%@729] GR3D_FREQ 0% cpu@64.218C soc2@63C soc0@63.375C gpu@63.625C tj@64.218C soc1@64C VDD_IN 4602mW/10170mW VDD_CPU_GPU_CV 555mW/3842mW VDD_SOC 1468mW/2609mW
09-14-2026 11:48:53 RAM 2619/7620MB (lfb 5x4MB) SWAP 615/8192MB (cached 63MB) CPU [3%@1728,0%@1728,0%@1728,0%@1728,0%@729,0%@729] GR3D_FREQ 0% cpu@64.25C soc2@62.968C soc0@63.281C gpu@63.625C tj@64.25C soc1@63.843C VDD_IN 4602mW/10163mW VDD_CPU_GPU_CV 595mW/3838mW VDD_SOC 1468mW/2607mW
09-14-2026 11:48:54 RAM 2619/7620MB (lfb 5x4MB) SWAP 615/8192MB (cached 63MB) CPU [0%@729,0%@729,0%@729,0%@729,0%@729,0%@729] GR3D_FREQ 0% cpu@64.031C soc2@62.875C soc0@63.25C gpu@63.468C tj@64.031C soc1@63.968C VDD_IN 4602mW/10155mW VDD_CPU_GPU_CV 555mW/3834mW VDD_SOC 1468mW/2606mW
09-14-2026 11:48:54 RAM 2619/7620MB (lfb 5x4MB) SWAP 615/8192MB (cached 63MB) CPU [0%@729,0%@729,0%@729,0%@729,0%@729,0%@729] GR3D_FREQ 0% cpu@63.812C soc2@62.937C soc0@63.156C gpu@63.562C tj@63.875C soc1@64C VDD_IN 4602mW/10148mW VDD_CPU_GPU_CV 555mW/3829mW VDD_SOC 1468mW/2604mW
09-14-2026 11:48:55 RAM 2619/7620MB (lfb 5x4MB) SWAP 615/8192MB (cached 63MB) CPU [0%@729,0%@729,0%@729,0%@729,0%@729,0%@729] GR3D_FREQ 0% cpu@63.843C soc2@62.875C soc0@63.062C gpu@63.875C tj@63.875C soc1@63.875C VDD_IN 4602mW/10140mW VDD_CPU_GPU_CV 555mW/3825mW VDD_SOC 1468mW/2603mW
09-14-2026 11:48:55 RAM 2619/7620MB (lfb 5x4MB) SWAP 615/8192MB (cached 63MB) CPU [1%@729,0%@1728,0%@1728,0%@1728,0%@729,0%@729] GR3D_FREQ 0% cpu@63.687C soc2@62.843C soc0@63.031C gpu@63.406C tj@63.875C soc1@63.875C VDD_IN 4602mW/10133mW VDD_CPU_GPU_CV 555mW/3821mW VDD_SOC 1468mW/2601mW
09-14-2026 11:48:56 RAM 2619/7620MB (lfb 5x4MB) SWAP 615/8192MB (cached 63MB) CPU [0%@729,0%@729,3%@729,0%@729,0%@729,0%@729] GR3D_FREQ 0% cpu@63.968C soc2@62.812C soc0@63.218C gpu@63.812C tj@63.968C soc1@63.781C VDD_IN 4602mW/10126mW VDD_CPU_GPU_CV 555mW/3816mW VDD_SOC 1468mW/2600mW
09-14-2026 11:48:56 RAM 2619/7620MB (lfb 5x4MB) SWAP 615/8192MB (cached 63MB) CPU [0%@1728,0%@1728,0%@1728,0%@1728,0%@729,0%@729] GR3D_FREQ 0% cpu@63.875C soc2@62.718C soc0@63.093C gpu@63.25C tj@63.875C soc1@63.718C VDD_IN 4602mW/10119mW VDD_CPU_GPU_CV 555mW/3812mW VDD_SOC 1468mW/2598mW
09-14-2026 11:48:57 RAM 2619/7620MB (lfb 5x4MB) SWAP 615/8192MB (cached 63MB) CPU [0%@729,0%@729,0%@729,0%@729,0%@729,0%@729] GR3D_FREQ 0% cpu@63.656C soc2@62.687C soc0@63.031C gpu@63.656C tj@63.843C soc1@63.843C VDD_IN 4602mW/10111mW VDD_CPU_GPU_CV 555mW/3808mW VDD_SOC 1468mW/2597mW
09-14-2026 11:48:57 RAM 2619/7620MB (lfb 5x4MB) SWAP 615/8192MB (cached 63MB) CPU [0%@729,0%@729,0%@729,0%@729,0%@729,0%@729] GR3D_FREQ 0% cpu@63.562C soc2@62.625C soc0@63C gpu@63.343C tj@63.781C soc1@63.781C VDD_IN 4602mW/10104mW VDD_CPU_GPU_CV 555mW/3803mW VDD_SOC 1468mW/2595mW
09-14-2026 11:48:58 RAM 2619/7620MB (lfb 5x4MB) SWAP 615/8192MB (cached 63MB) CPU [0%@1728,1%@1728,0%@1728,1%@1728,0%@729,0%@729] GR3D_FREQ 0% cpu@63.562C soc2@62.687C soc0@62.937C gpu@63.468C tj@63.656C soc1@63.656C VDD_IN 4602mW/10097mW VDD_CPU_GPU_CV 555mW/3799mW VDD_SOC 1468mW/2594mW
09-14-2026 11:48:58 RAM 2619/7620MB (lfb 5x4MB) SWAP 615/8192MB (cached 63MB) CPU [0%@1728,0%@1728,0%@1728,0%@1728,0%@729,0%@729] GR3D_FREQ 0% cpu@63.75C soc2@62.656C soc0@62.812C gpu@63.312C tj@63.718C soc1@63.562C VDD_IN 4602mW/10090mW VDD_CPU_GPU_CV 555mW/3795mW VDD_SOC 1468mW/2592mW
09-14-2026 11:48:59 RAM 2619/7620MB (lfb 5x4MB) SWAP 615/8192MB (cached 63MB) CPU [0%@1728,0%@1728,1%@1728,0%@1728,0%@729,0%@729] GR3D_FREQ 0% cpu@63.5C soc2@62.531C soc0@63C gpu@63.437C tj@63.531C soc1@63.531C VDD_IN 4602mW/10082mW VDD_CPU_GPU_CV 555mW/3791mW VDD_SOC 1468mW/2591mW
09-14-2026 11:48:59 RAM 2619/7620MB (lfb 5x4MB) SWAP 615/8192MB (cached 63MB) CPU [0%@1728,0%@1728,0%@1728,0%@1728,0%@729,0%@729] GR3D_FREQ 0% cpu@63.625C soc2@62.593C soc0@62.937C gpu@63.218C tj@63.625C soc1@63.437C VDD_IN 4602mW/10075mW VDD_CPU_GPU_CV 595mW/3787mW VDD_SOC 1468mW/2589mW
09-14-2026 11:49:00 RAM 2619/7620MB (lfb 5x4MB) SWAP 615/8192MB (cached 63MB) CPU [1%@729,0%@729,0%@729,0%@729,0%@729,0%@729] GR3D_FREQ 0% cpu@63.625C soc2@62.5C soc0@62.687C gpu@63.281C tj@63.625C soc1@63.343C VDD_IN 4602mW/10068mW VDD_CPU_GPU_CV 555mW/3782mW VDD_SOC 1468mW/2588mW
09-14-2026 11:49:00 RAM 2619/7620MB (lfb 5x4MB) SWAP 615/8192MB (cached 63MB) CPU [0%@729,0%@729,0%@729,1%@729,0%@729,0%@729] GR3D_FREQ 0% cpu@63.375C soc2@62.437C soc0@62.656C gpu@63.187C tj@63.5C soc1@63.5C VDD_IN 4602mW/10061mW VDD_CPU_GPU_CV 555mW/3778mW VDD_SOC 1468mW/2586mW
09-14-2026 11:49:01 RAM 2619/7620MB (lfb 5x4MB) SWAP 615/8192MB (cached 63MB) CPU [1%@1728,0%@1728,0%@1728,1%@1728,0%@729,8%@729] GR3D_FREQ 0% cpu@63.437C soc2@62.562C soc0@62.593C gpu@63.218C tj@63.437C soc1@63.343C VDD_IN 4682mW/10054mW VDD_CPU_GPU_CV 634mW/3774mW VDD_SOC 1468mW/2585mW
09-14-2026 11:49:01 RAM 2619/7620MB (lfb 5x4MB) SWAP 615/8192MB (cached 63MB) CPU [1%@1728,0%@1728,0%@1728,0%@1728,0%@729,0%@729] GR3D_FREQ 0% cpu@63.437C soc2@62.375C soc0@62.562C gpu@63.187C tj@63.437C soc1@63.437C VDD_IN 4642mW/10047mW VDD_CPU_GPU_CV 595mW/3770mW VDD_SOC 1468mW/2584mW
09-14-2026 11:49:02 RAM 2619/7620MB (lfb 5x4MB) SWAP 615/8192MB (cached 63MB) CPU [1%@1728,0%@1728,0%@1728,0%@1728,0%@729,0%@729] GR3D_FREQ 0% cpu@63.468C soc2@62.375C soc0@62.718C gpu@63.125C tj@63.468C soc1@63.281C VDD_IN 4602mW/10040mW VDD_CPU_GPU_CV 595mW/3766mW VDD_SOC 1468mW/2582mW
09-14-2026 11:49:02 RAM 2619/7620MB (lfb 5x4MB) SWAP 615/8192MB (cached 63MB) CPU [0%@729,0%@729,0%@729,1%@729,0%@729,0%@729] GR3D_FREQ 0% cpu@63.562C soc2@62.25C soc0@62.781C gpu@62.937C tj@63.562C soc1@63.187C VDD_IN 4602mW/10033mW VDD_CPU_GPU_CV 555mW/3762mW VDD_SOC 1468mW/2581mW
09-14-2026 11:49:03 RAM 2623/7620MB (lfb 5x4MB) SWAP 615/8192MB (cached 63MB) CPU [0%@729,2%@1728,0%@1728,0%@1728,0%@729,0%@729] GR3D_FREQ 0% cpu@63.375C soc2@62.25C soc0@62.593C gpu@63.031C tj@63.375C soc1@63.156C VDD_IN 4602mW/10026mW VDD_CPU_GPU_CV 595mW/3757mW VDD_SOC 1468mW/2579mW
09-14-2026 11:49:03 RAM 2513/7620MB (lfb 10x4MB) SWAP 614/8192MB (cached 63MB) CPU [3%@1728,19%@1728,5%@1728,6%@1728,3%@729,3%@729] GR3D_FREQ 0% cpu@63.25C soc2@62.25C soc0@62.468C gpu@62.875C tj@63.343C soc1@63.093C VDD_IN 4761mW/10019mW VDD_CPU_GPU_CV 674mW/3754mW VDD_SOC 1468mW/2578mW
09-14-2026 11:49:04 RAM 2513/7620MB (lfb 10x4MB) SWAP 614/8192MB (cached 63MB) CPU [4%@1728,3%@1728,0%@1728,9%@1728,0%@729,0%@729] GR3D_FREQ 0% cpu@63.218C soc2@62.093C soc0@62.5C gpu@63.062C tj@63.25C soc1@63.25C VDD_IN 4682mW/10012mW VDD_CPU_GPU_CV 634mW/3749mW VDD_SOC 1468mW/2576mW
