09-13-2026 13:34:38 RAM 2124/7620MB (lfb 169x1MB) SWAP 573/8192MB (cached 199MB) CPU [0%@729,0%@729,0%@729,0%@1036,62%@1728,39%@1728] GR3D_FREQ 0% cpu@51.906C soc2@49.718C soc0@50.281C gpu@50.5C tj@52.156C soc1@50.875C VDD_IN 5842mW/5842mW VDD_CPU_GPU_CV 1507mW/1507mW VDD_SOC 1510mW/1510mW
09-13-2026 13:34:38 RAM 2129/7620MB (lfb 169x1MB) SWAP 573/8192MB (cached 199MB) CPU [0%@1728,0%@1728,1%@1728,1%@1728,100%@1728,0%@1728] GR3D_FREQ 0% cpu@51.937C soc2@49.718C soc0@50.187C gpu@50.531C tj@51.937C soc1@50.968C VDD_IN 5723mW/5783mW VDD_CPU_GPU_CV 1507mW/1507mW VDD_SOC 1470mW/1490mW
09-13-2026 13:34:39 RAM 2134/7620MB (lfb 169x1MB) SWAP 573/8192MB (cached 199MB) CPU [0%@729,2%@729,0%@729,1%@729,100%@1728,0%@1728] GR3D_FREQ 0% cpu@51.75C soc2@49.687C soc0@50.343C gpu@50.812C tj@51.75C soc1@51.062C VDD_IN 5683mW/5749mW VDD_CPU_GPU_CV 1507mW/1507mW VDD_SOC 1470mW/1483mW
09-13-2026 13:34:39 RAM 2136/7620MB (lfb 169x1MB) SWAP 573/8192MB (cached 199MB) CPU [1%@1728,0%@1728,0%@1728,0%@1728,100%@1728,1%@1728] GR3D_FREQ 0% cpu@52C soc2@49.718C soc0@50.312C gpu@50.531C tj@52C soc1@51.031C VDD_IN 5643mW/5723mW VDD_CPU_GPU_CV 1507mW/1507mW VDD_SOC 1470mW/1480mW
09-13-2026 13:34:40 RAM 2145/7620MB (lfb 169x1MB) SWAP 573/8192MB (cached 199MB) CPU [0%@1728,0%@1728,0%@1728,0%@1728,21%@1728,69%@1728] GR3D_FREQ 0% cpu@51.781C soc2@49.875C soc0@50.312C gpu@50.843C tj@51.781C soc1@51C VDD_IN 5683mW/5715mW VDD_CPU_GPU_CV 1428mW/1491mW VDD_SOC 1470mW/1478mW
09-13-2026 13:34:40 RAM 2151/7620MB (lfb 169x1MB) SWAP 573/8192MB (cached 199MB) CPU [14%@1497,14%@1497,14%@1497,13%@1497,14%@1728,97%@1728] GR3D_FREQ 0% cpu@51.937C soc2@49.781C soc0@50.406C gpu@50.593C tj@51.937C soc1@50.937C VDD_IN 5842mW/5736mW VDD_CPU_GPU_CV 1468mW/1487mW VDD_SOC 1510mW/1483mW
09-13-2026 13:34:41 RAM 2173/7620MB (lfb 169x1MB) SWAP 573/8192MB (cached 199MB) CPU [1%@1728,0%@1728,0%@1728,0%@1728,2%@1728,92%@1728] GR3D_FREQ 0% cpu@51.781C soc2@49.718C soc0@50.437C gpu@50.875C tj@51.781C soc1@50.843C VDD_IN 5762mW/5740mW VDD_CPU_GPU_CV 1468mW/1485mW VDD_SOC 1470mW/1481mW
09-13-2026 13:34:41 RAM 2177/7620MB (lfb 169x1MB) SWAP 573/8192MB (cached 199MB) CPU [1%@1728,1%@1728,0%@1728,0%@1728,0%@1728,95%@1728] GR3D_FREQ 0% cpu@51.718C soc2@49.781C soc0@50.312C gpu@50.718C tj@51.718C soc1@51.156C VDD_IN 5723mW/5738mW VDD_CPU_GPU_CV 1468mW/1483mW VDD_SOC 1470mW/1480mW
09-13-2026 13:34:42 RAM 2184/7620MB (lfb 169x1MB) SWAP 573/8192MB (cached 199MB) CPU [0%@1728,0%@1728,0%@1728,0%@1728,0%@1728,96%@1728] GR3D_FREQ 0% cpu@51.593C soc2@49.781C soc0@50.281C gpu@50.906C tj@51.687C soc1@51.062C VDD_IN 5723mW/5736mW VDD_CPU_GPU_CV 1468mW/1481mW VDD_SOC 1470mW/1479mW
09-13-2026 13:34:42 RAM 2215/7620MB (lfb 169x1MB) SWAP 573/8192MB (cached 199MB) CPU [0%@1728,1%@1728,1%@1728,48%@1728,2%@729,40%@729] GR3D_FREQ 0% cpu@51.812C soc2@49.843C soc0@50.218C gpu@50.781C tj@51.812C soc1@51.062C VDD_IN 5762mW/5739mW VDD_CPU_GPU_CV 1468mW/1480mW VDD_SOC 1470mW/1478mW
09-13-2026 13:34:43 RAM 2218/7620MB (lfb 169x1MB) SWAP 573/8192MB (cached 199MB) CPU [70%@1728,0%@1728,0%@1728,26%@1728,1%@729,1%@729] GR3D_FREQ 0% cpu@52.062C soc2@50C soc0@50.437C gpu@50.718C tj@52.062C soc1@51C VDD_IN 5802mW/5744mW VDD_CPU_GPU_CV 1468mW/1479mW VDD_SOC 1510mW/1481mW
09-13-2026 13:34:43 RAM 2216/7620MB (lfb 169x1MB) SWAP 573/8192MB (cached 199MB) CPU [100%@1728,0%@1728,1%@1728,0%@1728,0%@729,0%@729] GR3D_FREQ 0% cpu@51.906C soc2@49.906C soc0@50.406C gpu@50.593C tj@51.906C soc1@51C VDD_IN 5762mW/5746mW VDD_CPU_GPU_CV 1349mW/1468mW VDD_SOC 1510mW/1483mW
09-13-2026 13:34:44 RAM 2208/7620MB (lfb 169x1MB) SWAP 573/8192MB (cached 199MB) CPU [57%@1728,26%@1728,4%@1728,3%@1728,0%@729,0%@729] GR3D_FREQ 0% cpu@52.062C soc2@49.812C soc0@50.343C gpu@50.843C tj@52.062C soc1@51.187C VDD_IN 5683mW/5741mW VDD_CPU_GPU_CV 1349mW/1459mW VDD_SOC 1510mW/1485mW
09-13-2026 13:34:44 RAM 2215/7620MB (lfb 169x1MB) SWAP 573/8192MB (cached 199MB) CPU [1%@1728,0%@1728,94%@1728,0%@1728,0%@729,0%@729] GR3D_FREQ 0% cpu@52.187C soc2@49.937C soc0@50.375C gpu@50.656C tj@52.187C soc1@51.093C VDD_IN 5723mW/5740mW VDD_CPU_GPU_CV 1428mW/1456mW VDD_SOC 1470mW/1484mW
09-13-2026 13:34:45 RAM 2221/7620MB (lfb 169x1MB) SWAP 573/8192MB (cached 199MB) CPU [8%@1728,65%@1728,21%@1728,1%@1728,0%@729,0%@729] GR3D_FREQ 0% cpu@52.062C soc2@49.968C soc0@50.562C gpu@50.906C tj@52.062C soc1@51.125C VDD_IN 5723mW/5739mW VDD_CPU_GPU_CV 1468mW/1457mW VDD_SOC 1470mW/1483mW
09-13-2026 13:34:45 RAM 2229/7620MB (lfb 169x1MB) SWAP 573/8192MB (cached 199MB) CPU [88%@1728,0%@1728,4%@1728,0%@1728,3%@729,0%@729] GR3D_FREQ 0% cpu@52.406C soc2@49.968C soc0@50.531C gpu@50.718C tj@52.406C soc1@51.031C VDD_IN 5723mW/5738mW VDD_CPU_GPU_CV 1468mW/1458mW VDD_SOC 1470mW/1483mW
09-13-2026 13:34:46 RAM 2232/7620MB (lfb 169x1MB) SWAP 573/8192MB (cached 199MB) CPU [0%@1728,1%@1728,100%@1728,0%@1728,0%@729,0%@729] GR3D_FREQ 0% cpu@52.25C soc2@49.968C soc0@50.343C gpu@50.718C tj@52.25C soc1@51.25C VDD_IN 5802mW/5741mW VDD_CPU_GPU_CV 1507mW/1461mW VDD_SOC 1470mW/1482mW
09-13-2026 13:34:46 RAM 2239/7620MB (lfb 169x1MB) SWAP 573/8192MB (cached 199MB) CPU [0%@1728,0%@1728,100%@1728,0%@1728,0%@729,0%@729] GR3D_FREQ 0% cpu@52.312C soc2@50C soc0@50.343C gpu@50.843C tj@52.312C soc1@51.187C VDD_IN 5882mW/5749mW VDD_CPU_GPU_CV 1547mW/1466mW VDD_SOC 1510mW/1483mW
09-13-2026 13:34:47 RAM 2243/7620MB (lfb 169x1MB) SWAP 573/8192MB (cached 199MB) CPU [82%@1728,0%@1728,15%@1728,0%@1728,0%@729,1%@729] GR3D_FREQ 0% cpu@51.937C soc2@49.937C soc0@50.437C gpu@50.812C tj@51.937C soc1@51.125C VDD_IN 5802mW/5752mW VDD_CPU_GPU_CV 1349mW/1459mW VDD_SOC 1550mW/1487mW
09-13-2026 13:34:47 RAM 2260/7620MB (lfb 168x1MB) SWAP 573/8192MB (cached 199MB) CPU [56%@1728,28%@1728,0%@1728,0%@1728,0%@729,5%@729] GR3D_FREQ 0% cpu@51.937C soc2@49.937C soc0@50.468C gpu@50.656C tj@51.937C soc1@51.187C VDD_IN 5603mW/5745mW VDD_CPU_GPU_CV 1269mW/1450mW VDD_SOC 1510mW/1488mW
09-13-2026 13:34:48 RAM 2271/7620MB (lfb 168x1MB) SWAP 573/8192MB (cached 199MB) CPU [3%@1728,87%@1728,0%@1728,1%@1728,0%@729,4%@729] GR3D_FREQ 0% cpu@51.843C soc2@49.843C soc0@50.406C gpu@50.937C tj@51.843C soc1@51.093C VDD_IN 5643mW/5740mW VDD_CPU_GPU_CV 1349mW/1445mW VDD_SOC 1470mW/1487mW
09-13-2026 13:34:48 RAM 2363/7620MB (lfb 167x1MB) SWAP 573/8192MB (cached 199MB) CPU [22%@1728,74%@1728,0%@1728,0%@1728,0%@729,9%@729] GR3D_FREQ 0% cpu@51.687C soc2@49.937C soc0@50.437C gpu@50.781C tj@51.687C soc1@51.281C VDD_IN 5723mW/5739mW VDD_CPU_GPU_CV 1388mW/1443mW VDD_SOC 1510mW/1488mW
09-13-2026 13:34:49 RAM 2437/7620MB (lfb 167x1MB) SWAP 573/8192MB (cached 199MB) CPU [27%@1728,100%@1728,28%@1728,28%@1728,27%@729,30%@729] GR3D_FREQ 0% cpu@51.937C soc2@50.062C soc0@50.468C gpu@50.968C tj@51.937C soc1@51.187C VDD_IN 6041mW/5752mW VDD_CPU_GPU_CV 1745mW/1456mW VDD_SOC 1468mW/1487mW
09-13-2026 13:34:49 RAM 2465/7620MB (lfb 167x1MB) SWAP 573/8192MB (cached 199MB) CPU [0%@1728,100%@1728,1%@1728,0%@1728,0%@729,0%@729] GR3D_FREQ 0% cpu@51.906C soc2@50.031C soc0@50.593C gpu@50.781C tj@51.906C soc1@51.125C VDD_IN 5882mW/5758mW VDD_CPU_GPU_CV 1547mW/1459mW VDD_SOC 1470mW/1487mW
09-13-2026 13:34:50 RAM 2479/7620MB (lfb 167x1MB) SWAP 573/8192MB (cached 199MB) CPU [0%@1728,100%@1728,0%@1728,3%@1728,0%@729,0%@729] GR3D_FREQ 0% cpu@51.937C soc2@49.968C soc0@50.531C gpu@50.781C tj@51.937C soc1@51.156C VDD_IN 5802mW/5759mW VDD_CPU_GPU_CV 1507mW/1461mW VDD_SOC 1470mW/1486mW
09-13-2026 13:34:50 RAM 2493/7620MB (lfb 168x1MB) SWAP 573/8192MB (cached 199MB) CPU [0%@1728,100%@1728,0%@1728,2%@1728,0%@729,0%@729] GR3D_FREQ 0% cpu@51.937C soc2@50C soc0@50.531C gpu@50.906C tj@52.062C soc1@51.375C VDD_IN 5802mW/5761mW VDD_CPU_GPU_CV 1507mW/1463mW VDD_SOC 1470mW/1485mW
09-13-2026 13:34:51 RAM 2515/7620MB (lfb 167x1MB) SWAP 573/8192MB (cached 199MB) CPU [1%@1728,100%@1728,0%@1728,2%@1728,0%@729,0%@729] GR3D_FREQ 0% cpu@51.906C soc2@50C soc0@50.562C gpu@50.843C tj@51.906C soc1@51.312C VDD_IN 5802mW/5762mW VDD_CPU_GPU_CV 1468mW/1463mW VDD_SOC 1510mW/1486mW
09-13-2026 13:34:51 RAM 2530/7620MB (lfb 167x1MB) SWAP 573/8192MB (cached 199MB) CPU [0%@1728,100%@1728,0%@1728,1%@1728,0%@729,0%@729] GR3D_FREQ 0% cpu@51.875C soc2@50.093C soc0@50.437C gpu@50.718C tj@51.875C soc1@51.187C VDD_IN 5762mW/5762mW VDD_CPU_GPU_CV 1428mW/1462mW VDD_SOC 1510mW/1487mW
09-13-2026 13:34:52 RAM 2547/7620MB (lfb 167x1MB) SWAP 573/8192MB (cached 199MB) CPU [0%@1728,100%@1728,1%@1728,0%@1728,0%@729,1%@729] GR3D_FREQ 0% cpu@51.968C soc2@50.031C soc0@50.687C gpu@51.093C tj@51.968C soc1@51.187C VDD_IN 5762mW/5762mW VDD_CPU_GPU_CV 1468mW/1462mW VDD_SOC 1470mW/1486mW
09-13-2026 13:34:53 RAM 2570/7620MB (lfb 167x1MB) SWAP 573/8192MB (cached 199MB) CPU [0%@1728,100%@1728,0%@1728,3%@1728,0%@729,0%@729] GR3D_FREQ 0% cpu@52C soc2@50C soc0@50.531C gpu@50.968C tj@52C soc1@51.218C VDD_IN 5842mW/5765mW VDD_CPU_GPU_CV 1428mW/1461mW VDD_SOC 1510mW/1487mW
09-13-2026 13:34:53 RAM 2581/7620MB (lfb 167x1MB) SWAP 573/8192MB (cached 199MB) CPU [0%@1728,98%@1728,0%@1728,1%@1728,0%@729,0%@729] GR3D_FREQ 0% cpu@51.937C soc2@50.031C soc0@50.5C gpu@51.156C tj@51.937C soc1@51.312C VDD_IN 5762mW/5765mW VDD_CPU_GPU_CV 1507mW/1463mW VDD_SOC 1470mW/1487mW
09-13-2026 13:34:54 RAM 2584/7620MB (lfb 167x1MB) SWAP 573/8192MB (cached 199MB) CPU [2%@1728,100%@1728,0%@1728,1%@1728,0%@729,0%@729] GR3D_FREQ 0% cpu@52.031C soc2@50.062C soc0@50.531C gpu@50.812C tj@52.031C soc1@51.25C VDD_IN 5723mW/5764mW VDD_CPU_GPU_CV 1507mW/1464mW VDD_SOC 1470mW/1486mW
09-13-2026 13:34:54 RAM 2586/7620MB (lfb 167x1MB) SWAP 573/8192MB (cached 199MB) CPU [3%@1113,96%@1113,7%@1113,2%@1113,4%@1728,1%@1728] GR3D_FREQ 0% cpu@52.375C soc2@50.156C soc0@50.5C gpu@50.875C tj@52.375C soc1@51.218C VDD_IN 5762mW/5764mW VDD_CPU_GPU_CV 1547mW/1466mW VDD_SOC 1470mW/1486mW
09-13-2026 13:34:55 RAM 2596/7620MB (lfb 167x1MB) SWAP 573/8192MB (cached 199MB) CPU [7%@729,2%@729,3%@729,9%@729,98%@1728,0%@1728] GR3D_FREQ 0% cpu@52.093C soc2@50.031C soc0@50.625C gpu@50.875C tj@52.093C soc1@51.187C VDD_IN 5802mW/5765mW VDD_CPU_GPU_CV 1547mW/1469mW VDD_SOC 1470mW/1485mW
09-13-2026 13:34:55 RAM 2606/7620MB (lfb 167x1MB) SWAP 573/8192MB (cached 199MB) CPU [0%@729,0%@729,0%@729,0%@729,100%@1728,0%@1728] GR3D_FREQ 0% cpu@52.156C soc2@49.968C soc0@50.593C gpu@50.781C tj@52.156C soc1@51.187C VDD_IN 5762mW/5765mW VDD_CPU_GPU_CV 1349mW/1465mW VDD_SOC 1510mW/1486mW
09-13-2026 13:34:56 RAM 2628/7620MB (lfb 167x1MB) SWAP 573/8192MB (cached 199MB) CPU [12%@1728,13%@1728,15%@1728,13%@1728,98%@1728,13%@1728] GR3D_FREQ 0% cpu@52.156C soc2@50.062C soc0@50.593C gpu@50.906C tj@52.156C soc1@51.437C VDD_IN 5842mW/5767mW VDD_CPU_GPU_CV 1507mW/1467mW VDD_SOC 1510mW/1487mW
09-13-2026 13:34:56 RAM 2645/7620MB (lfb 167x1MB) SWAP 573/8192MB (cached 199MB) CPU [0%@729,0%@1728,2%@1728,0%@1728,100%@1728,0%@1728] GR3D_FREQ 0% cpu@52.25C soc2@49.968C soc0@50.562C gpu@50.843C tj@52.25C soc1@51.406C VDD_IN 5802mW/5768mW VDD_CPU_GPU_CV 1507mW/1468mW VDD_SOC 1470mW/1486mW
09-13-2026 13:34:57 RAM 2646/7620MB (lfb 167x1MB) SWAP 573/8192MB (cached 199MB) CPU [1%@729,0%@1728,0%@1728,0%@1728,96%@1728,0%@1728] GR3D_FREQ 0% cpu@52C soc2@50.125C soc0@50.593C gpu@50.875C tj@52C soc1@51.375C VDD_IN 5762mW/5768mW VDD_CPU_GPU_CV 1388mW/1466mW VDD_SOC 1510mW/1487mW
09-13-2026 13:34:57 RAM 2659/7620MB (lfb 167x1MB) SWAP 573/8192MB (cached 199MB) CPU [1%@729,1%@729,3%@729,0%@729,96%@1728,0%@1728] GR3D_FREQ 0% cpu@52.156C soc2@49.968C soc0@50.75C gpu@50.875C tj@52.156C soc1@51.312C VDD_IN 5723mW/5766mW VDD_CPU_GPU_CV 1349mW/1463mW VDD_SOC 1510mW/1487mW
09-13-2026 13:34:58 RAM 2678/7620MB (lfb 167x1MB) SWAP 573/8192MB (cached 199MB) CPU [0%@729,3%@729,0%@729,2%@729,97%@1728,1%@1728] GR3D_FREQ 0% cpu@52.218C soc2@50.062C soc0@50.75C gpu@50.937C tj@52.218C soc1@51.25C VDD_IN 5723mW/5765mW VDD_CPU_GPU_CV 1428mW/1462mW VDD_SOC 1470mW/1487mW
09-13-2026 13:34:58 RAM 2692/7620MB (lfb 167x1MB) SWAP 573/8192MB (cached 199MB) CPU [0%@729,1%@729,0%@729,3%@729,100%@1728,0%@1728] GR3D_FREQ 0% cpu@52.25C soc2@50.031C soc0@50.687C gpu@50.875C tj@52.156C soc1@51.25C VDD_IN 5762mW/5765mW VDD_CPU_GPU_CV 1349mW/1459mW VDD_SOC 1510mW/1488mW
09-13-2026 13:34:59 RAM 2695/7620MB (lfb 167x1MB) SWAP 573/8192MB (cached 199MB) CPU [0%@729,0%@729,0%@729,0%@729,100%@1728,0%@1728] GR3D_FREQ 0% cpu@52.25C soc2@50.031C soc0@50.625C gpu@50.937C tj@52.25C soc1@51.281C VDD_IN 5723mW/5764mW VDD_CPU_GPU_CV 1309mW/1455mW VDD_SOC 1510mW/1488mW
09-13-2026 13:34:59 RAM 2700/7620MB (lfb 167x1MB) SWAP 573/8192MB (cached 199MB) CPU [0%@729,1%@729,1%@729,0%@729,98%@1728,0%@1728] GR3D_FREQ 0% cpu@52.218C soc2@50.031C soc0@50.593C gpu@50.843C tj@52.218C soc1@51.468C VDD_IN 5762mW/5764mW VDD_CPU_GPU_CV 1428mW/1455mW VDD_SOC 1470mW/1488mW
09-13-2026 13:35:00 RAM 2710/7620MB (lfb 167x1MB) SWAP 573/8192MB (cached 199MB) CPU [1%@1728,0%@1728,0%@1728,0%@1728,100%@1728,0%@1728] GR3D_FREQ 0% cpu@52.218C soc2@50.187C soc0@50.593C gpu@50.937C tj@52.218C soc1@51.406C VDD_IN 5723mW/5763mW VDD_CPU_GPU_CV 1468mW/1455mW VDD_SOC 1470mW/1487mW
09-13-2026 13:35:00 RAM 2726/7620MB (lfb 168x1MB) SWAP 573/8192MB (cached 199MB) CPU [0%@1728,31%@1728,0%@1728,1%@1728,67%@729,0%@729] GR3D_FREQ 0% cpu@52.25C soc2@50.156C soc0@50.75C gpu@50.875C tj@52.25C soc1@51.343C VDD_IN 5762mW/5763mW VDD_CPU_GPU_CV 1468mW/1455mW VDD_SOC 1470mW/1487mW
09-13-2026 13:35:01 RAM 2747/7620MB (lfb 167x1MB) SWAP 573/8192MB (cached 199MB) CPU [3%@1728,95%@1728,0%@1728,3%@1728,1%@1728,0%@1728] GR3D_FREQ 0% cpu@51.968C soc2@50.187C soc0@50.781C gpu@51.218C tj@51.968C soc1@51.375C VDD_IN 5723mW/5762mW VDD_CPU_GPU_CV 1468mW/1456mW VDD_SOC 1470mW/1486mW
09-13-2026 13:35:01 RAM 2759/7620MB (lfb 167x1MB) SWAP 573/8192MB (cached 199MB) CPU [0%@729,1%@729,1%@729,2%@729,97%@1728,0%@1728] GR3D_FREQ 0% cpu@52.312C soc2@50.093C soc0@50.75C gpu@51.093C tj@52.312C soc1@51.343C VDD_IN 5762mW/5762mW VDD_CPU_GPU_CV 1428mW/1455mW VDD_SOC 1510mW/1487mW
09-13-2026 13:35:02 RAM 2762/7620MB (lfb 167x1MB) SWAP 573/8192MB (cached 199MB) CPU [3%@729,0%@729,0%@729,0%@729,100%@1728,0%@1728] GR3D_FREQ 0% cpu@52.125C soc2@50.031C soc0@50.656C gpu@51.218C tj@52.125C soc1@51.562C VDD_IN 5723mW/5762mW VDD_CPU_GPU_CV 1230mW/1450mW VDD_SOC 1550mW/1488mW
09-13-2026 13:35:02 RAM 2762/7620MB (lfb 167x1MB) SWAP 573/8192MB (cached 199MB) CPU [0%@1728,1%@1728,0%@1728,0%@1728,100%@1728,0%@1728] GR3D_FREQ 0% cpu@52.031C soc2@50.062C soc0@50.625C gpu@50.906C tj@52.031C soc1@51.562C VDD_IN 5603mW/5758mW VDD_CPU_GPU_CV 1150mW/1444mW VDD_SOC 1550mW/1490mW
09-13-2026 13:35:03 RAM 2762/7620MB (lfb 167x1MB) SWAP 573/8192MB (cached 199MB) CPU [1%@729,0%@729,0%@729,0%@729,100%@1728,0%@1728] GR3D_FREQ 0% cpu@51.843C soc2@50.156C soc0@50.75C gpu@51.218C tj@51.843C soc1@51.406C VDD_IN 5603mW/5755mW VDD_CPU_GPU_CV 1150mW/1438mW VDD_SOC 1550mW/1491mW
09-13-2026 13:35:03 RAM 2761/7620MB (lfb 167x1MB) SWAP 573/8192MB (cached 199MB) CPU [0%@1728,0%@1728,0%@1728,0%@1728,100%@1728,0%@1728] GR3D_FREQ 0% cpu@52.187C soc2@50.125C soc0@50.687C gpu@51.062C tj@52.187C soc1@51.437C VDD_IN 5484mW/5750mW VDD_CPU_GPU_CV 1071mW/1431mW VDD_SOC 1510mW/1491mW
09-13-2026 13:35:04 RAM 2747/7620MB (lfb 167x1MB) SWAP 573/8192MB (cached 199MB) CPU [0%@1728,0%@1728,0%@1728,0%@1728,100%@1728,0%@1728] GR3D_FREQ 0% cpu@52.125C soc2@50.093C soc0@50.75C gpu@51.125C tj@52.125C soc1@51.375C VDD_IN 5603mW/5747mW VDD_CPU_GPU_CV 1111mW/1425mW VDD_SOC 1550mW/1492mW
09-13-2026 13:35:04 RAM 2298/7620MB (lfb 201x1MB) SWAP 573/8192MB (cached 199MB) CPU [0%@1728,0%@1728,0%@1728,0%@1728,42%@1190,47%@1190] GR3D_FREQ 0% cpu@52.031C soc2@50.031C soc0@50.656C gpu@51.062C tj@52.031C soc1@51.343C VDD_IN 5603mW/5744mW VDD_CPU_GPU_CV 1190mW/1421mW VDD_SOC 1510mW/1493mW
09-13-2026 13:35:05 RAM 2300/7620MB (lfb 202x1MB) SWAP 573/8192MB (cached 199MB) CPU [15%@729,3%@729,0%@729,0%@729,100%@1728,2%@1728] GR3D_FREQ 0% cpu@52.281C soc2@50.093C soc0@50.687C gpu@51.187C tj@52.593C soc1@51.562C VDD_IN 5762mW/5745mW VDD_CPU_GPU_CV 1428mW/1421mW VDD_SOC 1470mW/1492mW
09-13-2026 13:35:05 RAM 2323/7620MB (lfb 202x1MB) SWAP 573/8192MB (cached 199MB) CPU [6%@1728,11%@1728,9%@1728,11%@1728,100%@1728,3%@1728] GR3D_FREQ 0% cpu@52.312C soc2@50.187C soc0@50.656C gpu@51.031C tj@52.312C soc1@51.593C VDD_IN 5882mW/5747mW VDD_CPU_GPU_CV 1547mW/1423mW VDD_SOC 1470mW/1492mW
09-13-2026 13:35:06 RAM 2333/7620MB (lfb 202x1MB) SWAP 573/8192MB (cached 199MB) CPU [0%@729,0%@1728,1%@1728,1%@1728,100%@1728,0%@1728] GR3D_FREQ 0% cpu@52.156C soc2@50.25C soc0@50.718C gpu@51.218C tj@52.156C soc1@51.468C VDD_IN 5802mW/5748mW VDD_CPU_GPU_CV 1388mW/1422mW VDD_SOC 1510mW/1492mW
09-13-2026 13:35:06 RAM 2353/7620MB (lfb 202x1MB) SWAP 573/8192MB (cached 199MB) CPU [0%@729,0%@729,0%@729,0%@729,100%@1728,0%@1728] GR3D_FREQ 0% cpu@52.281C soc2@50.218C soc0@50.718C gpu@51.093C tj@52.281C soc1@51.468C VDD_IN 5762mW/5748mW VDD_CPU_GPU_CV 1388mW/1422mW VDD_SOC 1510mW/1492mW
09-13-2026 13:35:07 RAM 2333/7620MB (lfb 206x1MB) SWAP 573/8192MB (cached 199MB) CPU [1%@729,0%@729,0%@729,0%@729,100%@1728,0%@1728] GR3D_FREQ 0% cpu@52.125C soc2@50.187C soc0@50.781C gpu@51.031C tj@52.125C soc1@51.375C VDD_IN 5723mW/5748mW VDD_CPU_GPU_CV 1230mW/1418mW VDD_SOC 1550mW/1493mW
09-13-2026 13:35:07 RAM 2336/7620MB (lfb 206x1MB) SWAP 573/8192MB (cached 199MB) CPU [0%@1728,1%@1728,0%@1728,0%@1728,100%@1728,0%@1728] GR3D_FREQ 0% cpu@52.343C soc2@50.125C soc0@50.843C gpu@51.062C tj@52.562C soc1@51.468C VDD_IN 5762mW/5748mW VDD_CPU_GPU_CV 1428mW/1419mW VDD_SOC 1510mW/1494mW
09-13-2026 13:35:08 RAM 2346/7620MB (lfb 206x1MB) SWAP 573/8192MB (cached 199MB) CPU [0%@729,0%@1728,0%@1728,0%@1728,97%@1728,0%@1728] GR3D_FREQ 0% cpu@52.406C soc2@50.156C soc0@50.812C gpu@51.031C tj@52.406C soc1@51.468C VDD_IN 5723mW/5748mW VDD_CPU_GPU_CV 1428mW/1419mW VDD_SOC 1470mW/1493mW
09-13-2026 13:35:08 RAM 2353/7620MB (lfb 206x1MB) SWAP 573/8192MB (cached 199MB) CPU [2%@729,0%@729,0%@729,0%@729,62%@1728,28%@1728] GR3D_FREQ 0% cpu@52.156C soc2@50.156C soc0@50.781C gpu@51.156C tj@52.156C soc1@51.625C VDD_IN 5683mW/5747mW VDD_CPU_GPU_CV 1388mW/1418mW VDD_SOC 1470mW/1493mW
09-13-2026 13:35:09 RAM 2405/7620MB (lfb 206x1MB) SWAP 573/8192MB (cached 199MB) CPU [1%@1728,0%@1728,1%@1728,0%@1728,95%@1728,0%@1728] GR3D_FREQ 0% cpu@52.437C soc2@50.312C soc0@50.718C gpu@51.031C tj@52.437C soc1@51.531C VDD_IN 5762mW/5747mW VDD_CPU_GPU_CV 1428mW/1418mW VDD_SOC 1510mW/1493mW
09-13-2026 13:35:09 RAM 2444/7620MB (lfb 206x1MB) SWAP 573/8192MB (cached 199MB) CPU [0%@1728,0%@1728,0%@1728,0%@1728,98%@1728,1%@1728] GR3D_FREQ 0% cpu@52.093C soc2@50.281C soc0@50.75C gpu@51.093C tj@52.093C soc1@51.437C VDD_IN 5683mW/5746mW VDD_CPU_GPU_CV 1309mW/1417mW VDD_SOC 1510mW/1493mW
09-13-2026 13:35:10 RAM 2464/7620MB (lfb 206x1MB) SWAP 573/8192MB (cached 199MB) CPU [2%@729,0%@729,0%@1728,0%@1728,93%@1651,0%@1651] GR3D_FREQ 36% cpu@52.187C soc2@50.218C soc0@50.875C gpu@50.968C tj@52.187C soc1@51.5C VDD_IN 5683mW/5745mW VDD_CPU_GPU_CV 1349mW/1416mW VDD_SOC 1510mW/1494mW
09-13-2026 13:35:10 RAM 2472/7620MB (lfb 206x1MB) SWAP 573/8192MB (cached 199MB) CPU [5%@1036,3%@1036,0%@1036,1%@1036,5%@960,27%@960] GR3D_FREQ 0% cpu@51.906C soc2@50.218C soc0@50.812C gpu@51.25C tj@51.906C soc1@51.437C VDD_IN 5087mW/5735mW VDD_CPU_GPU_CV 912mW/1408mW VDD_SOC 1470mW/1493mW
09-13-2026 13:35:11 RAM 2472/7620MB (lfb 206x1MB) SWAP 573/8192MB (cached 199MB) CPU [0%@729,0%@729,0%@729,0%@729,0%@1728,100%@1728] GR3D_FREQ 0% cpu@51.968C soc2@50.281C soc0@50.875C gpu@51C tj@51.968C soc1@51.625C VDD_IN 5564mW/5732mW VDD_CPU_GPU_CV 1111mW/1403mW VDD_SOC 1550mW/1494mW
09-13-2026 13:35:11 RAM 2481/7620MB (lfb 205x1MB) SWAP 573/8192MB (cached 199MB) CPU [1%@1728,0%@1728,0%@1728,0%@1728,1%@1728,97%@1728] GR3D_FREQ 0% cpu@52.093C soc2@50.125C soc0@50.781C gpu@51.437C tj@52.093C soc1@51.562C VDD_IN 5683mW/5732mW VDD_CPU_GPU_CV 1349mW/1403mW VDD_SOC 1510mW/1494mW
09-13-2026 13:35:12 RAM 2487/7620MB (lfb 205x1MB) SWAP 573/8192MB (cached 199MB) CPU [1%@729,0%@729,0%@729,0%@729,1%@1728,89%@1728] GR3D_FREQ 0% cpu@52C soc2@50.218C soc0@50.687C gpu@51.093C tj@52C soc1@51.562C VDD_IN 5683mW/5731mW VDD_CPU_GPU_CV 1428mW/1403mW VDD_SOC 1470mW/1494mW
09-13-2026 13:35:12 RAM 2493/7620MB (lfb 204x1MB) SWAP 573/8192MB (cached 199MB) CPU [0%@729,0%@729,0%@1728,1%@1728,73%@1728,20%@1728] GR3D_FREQ 0% cpu@52.25C soc2@50.312C soc0@50.781C gpu@51.312C tj@52.25C soc1@51.5C VDD_IN 5723mW/5731mW VDD_CPU_GPU_CV 1428mW/1403mW VDD_SOC 1470mW/1494mW
09-13-2026 13:35:13 RAM 2592/7620MB (lfb 186x1MB) SWAP 573/8192MB (cached 199MB) CPU [2%@1728,1%@1728,1%@1728,1%@1728,84%@1728,15%@1728] GR3D_FREQ 0% cpu@52.5C soc2@50.218C soc0@50.843C gpu@51.062C tj@52.5C soc1@51.593C VDD_IN 5762mW/5731mW VDD_CPU_GPU_CV 1388mW/1403mW VDD_SOC 1510mW/1494mW
09-13-2026 13:35:13 RAM 2630/7620MB (lfb 172x1MB) SWAP 573/8192MB (cached 199MB) CPU [1%@1728,0%@1728,0%@1728,0%@1728,100%@1728,0%@1728] GR3D_FREQ 0% cpu@52.437C soc2@50.25C soc0@50.875C gpu@51.312C tj@52.437C soc1@51.5C VDD_IN 5762mW/5732mW VDD_CPU_GPU_CV 1349mW/1402mW VDD_SOC 1510mW/1494mW
09-13-2026 13:35:14 RAM 2691/7620MB (lfb 167x1MB) SWAP 573/8192MB (cached 199MB) CPU [0%@1728,0%@1728,0%@1728,2%@1728,100%@1728,0%@1728] GR3D_FREQ 0% cpu@52.437C soc2@50.218C soc0@50.843C gpu@51.312C tj@52.437C soc1@51.437C VDD_IN 5802mW/5733mW VDD_CPU_GPU_CV 1349mW/1402mW VDD_SOC 1510mW/1494mW
09-13-2026 13:35:14 RAM 2692/7620MB (lfb 167x1MB) SWAP 573/8192MB (cached 199MB) CPU [1%@729,0%@729,1%@1728,0%@1728,100%@1728,0%@1728] GR3D_FREQ 0% cpu@52.312C soc2@50.437C soc0@50.843C gpu@51.25C tj@52.312C soc1@51.593C VDD_IN 5802mW/5734mW VDD_CPU_GPU_CV 1349mW/1401mW VDD_SOC 1510mW/1495mW
09-13-2026 13:35:15 RAM 2695/7620MB (lfb 167x1MB) SWAP 573/8192MB (cached 199MB) CPU [0%@1728,1%@1728,0%@1728,3%@1728,100%@1728,0%@1728] GR3D_FREQ 0% cpu@52.343C soc2@50.375C soc0@50.843C gpu@51.125C tj@52.343C soc1@51.656C VDD_IN 5762mW/5734mW VDD_CPU_GPU_CV 1388mW/1401mW VDD_SOC 1510mW/1495mW
09-13-2026 13:35:15 RAM 2733/7620MB (lfb 167x1MB) SWAP 573/8192MB (cached 199MB) CPU [1%@729,0%@729,0%@729,2%@729,100%@1728,0%@1728] GR3D_FREQ 0% cpu@52.312C soc2@50.437C soc0@50.812C gpu@51.312C tj@52.312C soc1@51.625C VDD_IN 5802mW/5735mW VDD_CPU_GPU_CV 1349mW/1400mW VDD_SOC 1510mW/1495mW
09-13-2026 13:35:16 RAM 2754/7620MB (lfb 167x1MB) SWAP 573/8192MB (cached 199MB) CPU [1%@729,1%@729,0%@729,2%@729,100%@1728,0%@1728] GR3D_FREQ 0% cpu@52.406C soc2@50.343C soc0@50.937C gpu@51.218C tj@52.406C soc1@51.437C VDD_IN 5643mW/5734mW VDD_CPU_GPU_CV 1269mW/1398mW VDD_SOC 1510mW/1495mW
09-13-2026 13:35:16 RAM 2771/7620MB (lfb 167x1MB) SWAP 573/8192MB (cached 199MB) CPU [0%@729,0%@729,0%@729,1%@729,100%@1728,0%@1728] GR3D_FREQ 0% cpu@52.312C soc2@50.281C soc0@50.875C gpu@51.375C tj@52.468C soc1@51.562C VDD_IN 5802mW/5734mW VDD_CPU_GPU_CV 1349mW/1398mW VDD_SOC 1510mW/1495mW
09-13-2026 13:35:17 RAM 2795/7620MB (lfb 167x1MB) SWAP 573/8192MB (cached 199MB) CPU [1%@729,0%@729,2%@729,0%@729,100%@1728,0%@1728] GR3D_FREQ 0% cpu@52.375C soc2@50.343C soc0@50.906C gpu@51.25C tj@52.375C soc1@51.562C VDD_IN 5683mW/5734mW VDD_CPU_GPU_CV 1309mW/1397mW VDD_SOC 1510mW/1496mW
09-13-2026 13:35:17 RAM 2798/7620MB (lfb 167x1MB) SWAP 573/8192MB (cached 199MB) CPU [2%@729,0%@729,1%@729,0%@729,100%@1728,0%@1728] GR3D_FREQ 0% cpu@52.437C soc2@50.312C soc0@50.906C gpu@51.343C tj@52.437C soc1@51.687C VDD_IN 5723mW/5734mW VDD_CPU_GPU_CV 1309mW/1395mW VDD_SOC 1510mW/1496mW
09-13-2026 13:35:18 RAM 2835/7620MB (lfb 167x1MB) SWAP 573/8192MB (cached 199MB) CPU [1%@729,0%@729,4%@729,1%@729,100%@1728,0%@1728] GR3D_FREQ 0% cpu@52.25C soc2@50.468C soc0@50.875C gpu@51.187C tj@52.25C soc1@51.593C VDD_IN 5762mW/5734mW VDD_CPU_GPU_CV 1309mW/1394mW VDD_SOC 1510mW/1496mW
09-13-2026 13:35:18 RAM 2852/7620MB (lfb 167x1MB) SWAP 573/8192MB (cached 199MB) CPU [1%@729,0%@729,1%@729,0%@729,100%@1728,1%@1728] GR3D_FREQ 0% cpu@52.562C soc2@50.375C soc0@50.843C gpu@51.343C tj@52.562C soc1@51.656C VDD_IN 5683mW/5733mW VDD_CPU_GPU_CV 1269mW/1393mW VDD_SOC 1510mW/1496mW
09-13-2026 13:35:19 RAM 2853/7620MB (lfb 167x1MB) SWAP 573/8192MB (cached 199MB) CPU [0%@729,0%@729,0%@729,0%@729,100%@1728,0%@1728] GR3D_FREQ 0% cpu@52.25C soc2@50.468C soc0@51C gpu@51.187C tj@52.25C soc1@51.625C VDD_IN 5762mW/5734mW VDD_CPU_GPU_CV 1230mW/1391mW VDD_SOC 1550mW/1497mW
09-13-2026 13:35:19 RAM 2860/7620MB (lfb 170x1MB) SWAP 573/8192MB (cached 199MB) CPU [1%@1651,3%@1651,18%@1651,0%@1651,94%@1728,2%@1728] GR3D_FREQ 8% cpu@52.562C soc2@50.406C soc0@50.937C gpu@51.218C tj@52.562C soc1@51.5C VDD_IN 5882mW/5736mW VDD_CPU_GPU_CV 1388mW/1391mW VDD_SOC 1550mW/1497mW
09-13-2026 13:35:20 RAM 4205/7620MB (lfb 170x1MB) SWAP 573/8192MB (cached 199MB) CPU [0%@729,14%@729,3%@729,3%@729,0%@1728,100%@1728] GR3D_FREQ 0% cpu@52.187C soc2@50.375C soc0@50.968C gpu@51.281C tj@52.187C soc1@51.781C VDD_IN 5842mW/5737mW VDD_CPU_GPU_CV 1349mW/1390mW VDD_SOC 1589mW/1499mW
09-13-2026 13:35:20 RAM 5481/7620MB (lfb 2x4MB) SWAP 573/8192MB (cached 199MB) CPU [3%@1728,4%@1728,37%@1728,2%@1728,0%@1728,100%@1728] GR3D_FREQ 0% cpu@52.75C soc2@50.5C soc0@51C gpu@51.25C tj@52.75C soc1@51.656C VDD_IN 6547mW/5746mW VDD_CPU_GPU_CV 1782mW/1395mW VDD_SOC 1666mW/1501mW
09-13-2026 13:35:21 RAM 5476/7620MB (lfb 1x4MB) SWAP 573/8192MB (cached 199MB) CPU [14%@729,25%@729,8%@729,3%@729,38%@1728,16%@1728] GR3D_FREQ 0% cpu@52.5C soc2@50.562C soc0@50.937C gpu@51.312C tj@52.5C soc1@51.75C VDD_IN 6120mW/5751mW VDD_CPU_GPU_CV 1587mW/1397mW VDD_SOC 1587mW/1502mW
09-13-2026 13:35:21 RAM 5526/7620MB (lfb 13x1MB) SWAP 573/8192MB (cached 199MB) CPU [2%@1728,39%@1728,0%@1728,1%@1728,92%@1728,0%@1728] GR3D_FREQ 44% cpu@52.906C soc2@50.375C soc0@50.875C gpu@51.281C tj@52.625C soc1@51.656C VDD_IN 6309mW/5757mW VDD_CPU_GPU_CV 1624mW/1400mW VDD_SOC 1626mW/1503mW
09-13-2026 13:35:22 RAM 5520/7620MB (lfb 12x1MB) SWAP 574/8192MB (cached 196MB) CPU [4%@960,0%@960,9%@960,17%@960,28%@1728,54%@1728] GR3D_FREQ 18% cpu@52.531C soc2@50.5C soc0@50.968C gpu@51.312C tj@52.531C soc1@51.687C VDD_IN 6309mW/5763mW VDD_CPU_GPU_CV 1584mW/1402mW VDD_SOC 1666mW/1505mW
09-13-2026 13:35:22 RAM 5503/7620MB (lfb 4x1MB) SWAP 578/8192MB (cached 193MB) CPU [8%@1728,0%@1728,73%@1728,0%@1728,0%@1728,90%@1728] GR3D_FREQ 12% cpu@52.656C soc2@50.562C soc0@51.031C gpu@51.375C tj@52.656C soc1@51.625C VDD_IN 6586mW/5773mW VDD_CPU_GPU_CV 1822mW/1407mW VDD_SOC 1666mW/1507mW
09-13-2026 13:35:23 RAM 5501/7620MB (lfb 1x2MB) SWAP 580/8192MB (cached 190MB) CPU [4%@1728,10%@1728,51%@1728,0%@1728,40%@1728,50%@1728] GR3D_FREQ 15% cpu@52.781C soc2@50.468C soc0@51.093C gpu@51.437C tj@52.781C soc1@51.906C VDD_IN 6705mW/5783mW VDD_CPU_GPU_CV 1861mW/1412mW VDD_SOC 1706mW/1509mW
09-13-2026 13:35:23 RAM 5502/7620MB (lfb 1x2MB) SWAP 580/8192MB (cached 189MB) CPU [2%@1728,9%@1728,24%@1728,1%@1728,48%@1728,40%@1728] GR3D_FREQ 0% cpu@52.468C soc2@50.5C soc0@50.968C gpu@51.312C tj@52.468C soc1@51.843C VDD_IN 6200mW/5788mW VDD_CPU_GPU_CV 1666mW/1414mW VDD_SOC 1587mW/1510mW
09-13-2026 13:35:24 RAM 5504/7620MB (lfb 1x2MB) SWAP 580/8192MB (cached 189MB) CPU [1%@729,0%@1728,0%@1728,0%@1728,15%@729,52%@729] GR3D_FREQ 67% cpu@52.156C soc2@50.562C soc0@51.062C gpu@51.625C tj@52.156C soc1@51.75C VDD_IN 6388mW/5794mW VDD_CPU_GPU_CV 1545mW/1416mW VDD_SOC 1706mW/1512mW
09-13-2026 13:35:24 RAM 5505/7620MB (lfb 1x2MB) SWAP 580/8192MB (cached 189MB) CPU [1%@1728,0%@1728,0%@1728,0%@1728,34%@1728,59%@1728] GR3D_FREQ 0% cpu@52.5C soc2@50.562C soc0@50.968C gpu@51.281C tj@52.5C soc1@51.75C VDD_IN 6001mW/5796mW VDD_CPU_GPU_CV 1309mW/1415mW VDD_SOC 1626mW/1513mW
09-13-2026 13:35:25 RAM 5504/7620MB (lfb 1x2MB) SWAP 580/8192MB (cached 189MB) CPU [0%@1728,0%@1728,0%@1728,0%@1728,0%@1728,100%@1728] GR3D_FREQ 0% cpu@52.437C soc2@50.468C soc0@51.093C gpu@51.562C tj@52.437C soc1@51.75C VDD_IN 5842mW/5797mW VDD_CPU_GPU_CV 1230mW/1413mW VDD_SOC 1589mW/1514mW
09-13-2026 13:35:25 RAM 5504/7620MB (lfb 1x2MB) SWAP 580/8192MB (cached 189MB) CPU [8%@1728,5%@1728,6%@1728,16%@1728,8%@729,82%@729] GR3D_FREQ 7% cpu@52.656C soc2@50.5C soc0@51.156C gpu@51.281C tj@52.656C soc1@51.718C VDD_IN 5842mW/5797mW VDD_CPU_GPU_CV 1309mW/1412mW VDD_SOC 1550mW/1514mW
09-13-2026 13:35:26 RAM 5694/7620MB (lfb 3x1MB) SWAP 581/8192MB (cached 187MB) CPU [17%@1728,28%@1728,5%@1728,50%@1728,0%@729,0%@729] GR3D_FREQ 0% cpu@52.25C soc2@50.5C soc0@51.062C gpu@51.531C tj@52.25C soc1@51.875C VDD_IN 5762mW/5797mW VDD_CPU_GPU_CV 1349mW/1411mW VDD_SOC 1550mW/1515mW
09-13-2026 13:35:26 RAM 5692/7620MB (lfb 3x1MB) SWAP 581/8192MB (cached 186MB) CPU [6%@1728,60%@1728,7%@1728,31%@1728,0%@729,1%@729] GR3D_FREQ 0% cpu@52.187C soc2@50.562C soc0@51C gpu@51.406C tj@52.343C soc1@51.812C VDD_IN 5524mW/5794mW VDD_CPU_GPU_CV 1230mW/1409mW VDD_SOC 1510mW/1515mW
09-13-2026 13:35:27 RAM 5691/7620MB (lfb 4x1MB) SWAP 583/8192MB (cached 182MB) CPU [14%@1728,4%@1728,9%@1728,82%@1728,12%@729,0%@729] GR3D_FREQ 0% cpu@52.468C soc2@50.531C soc0@51.093C gpu@51.562C tj@52.468C soc1@51.843C VDD_IN 5723mW/5793mW VDD_CPU_GPU_CV 1349mW/1408mW VDD_SOC 1510mW/1515mW
09-13-2026 13:35:27 RAM 5690/7620MB (lfb 4x1MB) SWAP 583/8192MB (cached 182MB) CPU [14%@1728,0%@1728,1%@1728,92%@1728,20%@729,0%@729] GR3D_FREQ 0% cpu@52.718C soc2@50.593C soc0@51.218C gpu@51.468C tj@52.718C soc1@51.75C VDD_IN 5762mW/5793mW VDD_CPU_GPU_CV 1428mW/1409mW VDD_SOC 1550mW/1515mW
09-13-2026 13:35:28 RAM 5689/7620MB (lfb 4x1MB) SWAP 583/8192MB (cached 182MB) CPU [9%@1728,17%@1728,0%@1728,78%@1728,13%@729,0%@729] GR3D_FREQ 0% cpu@52.406C soc2@50.562C soc0@51.125C gpu@51.406C tj@52.531C soc1@51.656C VDD_IN 5643mW/5792mW VDD_CPU_GPU_CV 1349mW/1408mW VDD_SOC 1510mW/1515mW
09-13-2026 13:35:28 RAM 5693/7620MB (lfb 4x1MB) SWAP 583/8192MB (cached 182MB) CPU [5%@729,78%@729,8%@729,7%@729,0%@729,5%@729] GR3D_FREQ 0% cpu@52.531C soc2@50.531C soc0@51.093C gpu@51.468C tj@52.531C soc1@52C VDD_IN 5643mW/5790mW VDD_CPU_GPU_CV 1349mW/1407mW VDD_SOC 1510mW/1515mW
09-13-2026 13:35:29 RAM 5705/7620MB (lfb 4x1MB) SWAP 583/8192MB (cached 182MB) CPU [2%@1728,0%@1728,0%@1728,90%@1728,0%@729,0%@729] GR3D_FREQ 26% cpu@53.343C soc2@51.312C soc0@51.187C gpu@53.5C tj@53.5C soc1@51.843C VDD_IN 14358mW/5874mW VDD_CPU_GPU_CV 7808mW/1470mW VDD_SOC 2275mW/1522mW
09-13-2026 13:35:29 RAM 5706/7620MB (lfb 4x1MB) SWAP 583/8192MB (cached 182MB) CPU [0%@1728,1%@1728,1%@1728,98%@1728,0%@729,0%@729] GR3D_FREQ 0% cpu@53.343C soc2@51.093C soc0@51.343C gpu@51.875C tj@53.125C soc1@51.968C VDD_IN 8661mW/5901mW VDD_CPU_GPU_CV 3632mW/1491mW VDD_SOC 1740mW/1524mW
09-13-2026 13:35:30 RAM 5710/7620MB (lfb 4x1MB) SWAP 583/8192MB (cached 182MB) CPU [0%@1728,0%@1728,1%@1728,100%@1728,0%@729,0%@729] GR3D_FREQ 0% cpu@52.906C soc2@50.937C soc0@51.406C gpu@51.937C tj@52.906C soc1@51.875C VDD_IN 6745mW/5909mW VDD_CPU_GPU_CV 2218mW/1498mW VDD_SOC 1547mW/1525mW
09-13-2026 13:35:30 RAM 5711/7620MB (lfb 4x1MB) SWAP 583/8192MB (cached 182MB) CPU [3%@1728,0%@1728,0%@1728,100%@1728,0%@729,0%@729] GR3D_FREQ 0% cpu@53C soc2@50.906C soc0@51.312C gpu@52.031C tj@53C soc1@51.968C VDD_IN 6160mW/5912mW VDD_CPU_GPU_CV 1745mW/1501mW VDD_SOC 1507mW/1524mW
09-13-2026 13:35:31 RAM 5713/7620MB (lfb 4x1MB) SWAP 583/8192MB (cached 182MB) CPU [0%@1728,0%@1728,1%@1728,100%@1728,0%@729,0%@729] GR3D_FREQ 0% cpu@52.937C soc2@50.875C soc0@51.312C gpu@51.718C tj@52.937C soc1@52.031C VDD_IN 5961mW/5912mW VDD_CPU_GPU_CV 1626mW/1502mW VDD_SOC 1507mW/1524mW
09-13-2026 13:35:31 RAM 5714/7620MB (lfb 4x1MB) SWAP 583/8192MB (cached 182MB) CPU [0%@1728,0%@1728,0%@1728,100%@1728,0%@729,0%@729] GR3D_FREQ 0% cpu@52.937C soc2@50.937C soc0@51.218C gpu@51.687C tj@52.937C soc1@52.031C VDD_IN 5921mW/5912mW VDD_CPU_GPU_CV 1587mW/1503mW VDD_SOC 1507mW/1524mW
09-13-2026 13:35:32 RAM 5716/7620MB (lfb 4x1MB) SWAP 583/8192MB (cached 182MB) CPU [0%@1728,1%@1728,0%@1728,100%@1728,0%@729,0%@729] GR3D_FREQ 0% cpu@52.906C soc2@50.906C soc0@51.218C gpu@51.75C tj@52.906C soc1@51.968C VDD_IN 5921mW/5912mW VDD_CPU_GPU_CV 1547mW/1503mW VDD_SOC 1510mW/1524mW
09-13-2026 13:35:32 RAM 5718/7620MB (lfb 4x1MB) SWAP 583/8192MB (cached 182MB) CPU [0%@1728,0%@1728,0%@1728,100%@1728,0%@729,0%@729] GR3D_FREQ 0% cpu@53C soc2@50.906C soc0@51.468C gpu@51.687C tj@53C soc1@51.968C VDD_IN 5921mW/5912mW VDD_CPU_GPU_CV 1547mW/1503mW VDD_SOC 1507mW/1524mW
09-13-2026 13:35:33 RAM 5719/7620MB (lfb 4x1MB) SWAP 584/8192MB (cached 182MB) CPU [0%@1728,0%@1728,0%@1728,100%@1728,1%@729,7%@729] GR3D_FREQ 0% cpu@53.062C soc2@50.781C soc0@51.375C gpu@51.718C tj@53.062C soc1@51.968C VDD_IN 5921mW/5912mW VDD_CPU_GPU_CV 1587mW/1504mW VDD_SOC 1507mW/1524mW
09-13-2026 13:35:33 RAM 5720/7620MB (lfb 4x1MB) SWAP 584/8192MB (cached 182MB) CPU [0%@1728,0%@1728,0%@1728,100%@1728,0%@729,0%@729] GR3D_FREQ 0% cpu@52.906C soc2@50.812C soc0@51.343C gpu@51.687C tj@52.906C soc1@51.937C VDD_IN 5921mW/5913mW VDD_CPU_GPU_CV 1547mW/1504mW VDD_SOC 1510mW/1524mW
09-13-2026 13:35:34 RAM 5722/7620MB (lfb 4x1MB) SWAP 584/8192MB (cached 182MB) CPU [0%@1728,0%@1728,0%@1728,100%@1728,0%@729,0%@729] GR3D_FREQ 0% cpu@52.906C soc2@50.781C soc0@51.281C gpu@51.656C tj@53C soc1@52.218C VDD_IN 5921mW/5913mW VDD_CPU_GPU_CV 1547mW/1505mW VDD_SOC 1510mW/1523mW
09-13-2026 13:35:35 RAM 5723/7620MB (lfb 4x1MB) SWAP 584/8192MB (cached 182MB) CPU [1%@1728,0%@1728,0%@1728,100%@1728,0%@729,0%@729] GR3D_FREQ 0% cpu@52.843C soc2@50.875C soc0@51.25C gpu@51.718C tj@52.843C soc1@52.125C VDD_IN 5921mW/5913mW VDD_CPU_GPU_CV 1547mW/1505mW VDD_SOC 1507mW/1523mW
09-13-2026 13:35:35 RAM 5727/7620MB (lfb 4x1MB) SWAP 584/8192MB (cached 182MB) CPU [7%@1728,4%@1728,8%@1728,100%@1728,7%@729,2%@729] GR3D_FREQ 0% cpu@53.156C soc2@50.937C soc0@51.437C gpu@51.625C tj@53.156C soc1@52.093C VDD_IN 6041mW/5914mW VDD_CPU_GPU_CV 1626mW/1506mW VDD_SOC 1507mW/1523mW
09-13-2026 13:35:36 RAM 5728/7620MB (lfb 4x1MB) SWAP 584/8192MB (cached 182MB) CPU [2%@1728,2%@1728,1%@1728,100%@1728,2%@729,3%@729] GR3D_FREQ 0% cpu@52.906C soc2@50.937C soc0@51.406C gpu@51.906C tj@52.906C soc1@51.937C VDD_IN 6001mW/5915mW VDD_CPU_GPU_CV 1587mW/1507mW VDD_SOC 1547mW/1523mW
09-13-2026 13:35:36 RAM 5729/7620MB (lfb 4x1MB) SWAP 584/8192MB (cached 182MB) CPU [0%@1728,0%@1728,0%@1728,100%@1728,0%@729,0%@729] GR3D_FREQ 0% cpu@53.031C soc2@50.875C soc0@51.406C gpu@51.562C tj@53.031C soc1@52.031C VDD_IN 5961mW/5915mW VDD_CPU_GPU_CV 1547mW/1507mW VDD_SOC 1507mW/1523mW
09-13-2026 13:35:37 RAM 5731/7620MB (lfb 4x1MB) SWAP 584/8192MB (cached 182MB) CPU [0%@1728,1%@1728,0%@1728,100%@1728,1%@729,0%@729] GR3D_FREQ 0% cpu@53.031C soc2@50.812C soc0@51.375C gpu@51.843C tj@53.031C soc1@52.125C VDD_IN 5921mW/5915mW VDD_CPU_GPU_CV 1547mW/1508mW VDD_SOC 1507mW/1523mW
09-13-2026 13:35:37 RAM 5733/7620MB (lfb 4x1MB) SWAP 584/8192MB (cached 182MB) CPU [1%@1728,0%@1728,0%@1728,100%@1728,0%@729,0%@729] GR3D_FREQ 0% cpu@53C soc2@51.031C soc0@51.375C gpu@51.593C tj@53C soc1@52.093C VDD_IN 5921mW/5915mW VDD_CPU_GPU_CV 1547mW/1508mW VDD_SOC 1507mW/1523mW
09-13-2026 13:35:38 RAM 5734/7620MB (lfb 4x1MB) SWAP 584/8192MB (cached 182MB) CPU [0%@1728,0%@1728,0%@1728,100%@1728,0%@729,0%@729] GR3D_FREQ 0% cpu@52.906C soc2@50.875C soc0@51.343C gpu@52C tj@52.906C soc1@52.062C VDD_IN 5921mW/5915mW VDD_CPU_GPU_CV 1547mW/1508mW VDD_SOC 1510mW/1523mW
09-13-2026 13:35:38 RAM 5735/7620MB (lfb 4x1MB) SWAP 584/8192MB (cached 182MB) CPU [0%@1728,0%@1728,1%@1728,100%@1728,0%@729,0%@729] GR3D_FREQ 0% cpu@53.156C soc2@50.937C soc0@51.468C gpu@51.781C tj@53.156C soc1@51.968C VDD_IN 5921mW/5915mW VDD_CPU_GPU_CV 1547mW/1509mW VDD_SOC 1507mW/1523mW
09-13-2026 13:35:39 RAM 5738/7620MB (lfb 4x1MB) SWAP 584/8192MB (cached 182MB) CPU [1%@1728,1%@1728,0%@1728,100%@1728,0%@729,0%@729] GR3D_FREQ 0% cpu@53.187C soc2@50.906C soc0@51.437C gpu@51.875C tj@53.187C soc1@52.031C VDD_IN 5921mW/5915mW VDD_CPU_GPU_CV 1587mW/1509mW VDD_SOC 1507mW/1523mW
09-13-2026 13:35:39 RAM 5739/7620MB (lfb 4x1MB) SWAP 584/8192MB (cached 182MB) CPU [1%@1728,0%@1728,0%@1728,100%@1728,0%@729,0%@729] GR3D_FREQ 0% cpu@53C soc2@50.937C soc0@51.375C gpu@51.75C tj@53C soc1@52.281C VDD_IN 5921mW/5915mW VDD_CPU_GPU_CV 1547mW/1510mW VDD_SOC 1510mW/1522mW
09-13-2026 13:35:40 RAM 5741/7620MB (lfb 4x1MB) SWAP 584/8192MB (cached 182MB) CPU [0%@1728,0%@1728,0%@1728,100%@1728,1%@729,0%@729] GR3D_FREQ 0% cpu@53.062C soc2@51.031C soc0@51.406C gpu@51.687C tj@53.062C soc1@52.156C VDD_IN 5921mW/5915mW VDD_CPU_GPU_CV 1547mW/1510mW VDD_SOC 1507mW/1522mW
09-13-2026 13:35:40 RAM 5742/7620MB (lfb 4x1MB) SWAP 584/8192MB (cached 182MB) CPU [0%@1728,1%@1728,0%@1728,100%@1728,0%@729,0%@729] GR3D_FREQ 0% cpu@53C soc2@50.968C soc0@51.406C gpu@51.718C tj@53C soc1@52.125C VDD_IN 5921mW/5915mW VDD_CPU_GPU_CV 1547mW/1510mW VDD_SOC 1507mW/1522mW
09-13-2026 13:35:41 RAM 5744/7620MB (lfb 4x1MB) SWAP 584/8192MB (cached 182MB) CPU [0%@1728,0%@1728,0%@1728,100%@1728,0%@729,0%@729] GR3D_FREQ 0% cpu@53.218C soc2@50.937C soc0@51.5C gpu@51.687C tj@53.218C soc1@52.093C VDD_IN 5921mW/5915mW VDD_CPU_GPU_CV 1547mW/1511mW VDD_SOC 1507mW/1522mW
09-13-2026 13:35:41 RAM 5746/7620MB (lfb 4x1MB) SWAP 584/8192MB (cached 182MB) CPU [0%@1728,1%@1728,3%@1728,100%@1728,0%@729,0%@729] GR3D_FREQ 0% cpu@53.062C soc2@50.937C soc0@51.468C gpu@51.75C tj@53.062C soc1@52.031C VDD_IN 5921mW/5915mW VDD_CPU_GPU_CV 1547mW/1511mW VDD_SOC 1507mW/1522mW
09-13-2026 13:35:42 RAM 5747/7620MB (lfb 4x1MB) SWAP 584/8192MB (cached 182MB) CPU [0%@1728,0%@1728,0%@1728,100%@1728,0%@729,0%@729] GR3D_FREQ 0% cpu@52.906C soc2@50.937C soc0@51.437C gpu@51.718C tj@52.906C soc1@52.281C VDD_IN 5882mW/5915mW VDD_CPU_GPU_CV 1507mW/1511mW VDD_SOC 1510mW/1522mW
09-13-2026 13:35:42 RAM 5747/7620MB (lfb 4x1MB) SWAP 584/8192MB (cached 182MB) CPU [0%@1728,0%@1728,0%@1728,100%@1728,0%@729,1%@729] GR3D_FREQ 0% cpu@52.718C soc2@50.968C soc0@51.437C gpu@51.687C tj@52.718C soc1@52.156C VDD_IN 5802mW/5914mW VDD_CPU_GPU_CV 1309mW/1509mW VDD_SOC 1550mW/1522mW
09-13-2026 13:35:43 RAM 5747/7620MB (lfb 4x1MB) SWAP 584/8192MB (cached 182MB) CPU [0%@1728,0%@1728,0%@1728,100%@1728,1%@729,0%@729] GR3D_FREQ 0% cpu@53.281C soc2@51.031C soc0@51.406C gpu@51.906C tj@53.281C soc1@52.156C VDD_IN 5762mW/5913mW VDD_CPU_GPU_CV 1349mW/1508mW VDD_SOC 1510mW/1522mW
09-13-2026 13:35:43 RAM 5749/7620MB (lfb 4x1MB) SWAP 584/8192MB (cached 182MB) CPU [0%@1728,0%@1728,0%@1728,100%@1728,0%@729,0%@729] GR3D_FREQ 0% cpu@52.968C soc2@51C soc0@51.5C gpu@51.593C tj@52.968C soc1@52.125C VDD_IN 5882mW/5913mW VDD_CPU_GPU_CV 1507mW/1508mW VDD_SOC 1510mW/1522mW
09-13-2026 13:35:44 RAM 5750/7620MB (lfb 4x1MB) SWAP 584/8192MB (cached 182MB) CPU [0%@1728,1%@1728,0%@1728,100%@1728,0%@729,0%@729] GR3D_FREQ 0% cpu@53.187C soc2@51C soc0@51.468C gpu@51.812C tj@53.187C soc1@52.125C VDD_IN 5882mW/5913mW VDD_CPU_GPU_CV 1547mW/1508mW VDD_SOC 1510mW/1522mW
09-13-2026 13:35:44 RAM 5752/7620MB (lfb 4x1MB) SWAP 584/8192MB (cached 182MB) CPU [0%@1728,0%@1728,0%@1728,100%@1728,0%@729,0%@729] GR3D_FREQ 0% cpu@53.062C soc2@50.968C soc0@51.5C gpu@51.781C tj@53.062C soc1@52.375C VDD_IN 5921mW/5913mW VDD_CPU_GPU_CV 1547mW/1509mW VDD_SOC 1507mW/1522mW
09-13-2026 13:35:45 RAM 5753/7620MB (lfb 4x1MB) SWAP 584/8192MB (cached 182MB) CPU [0%@1728,0%@1728,0%@1728,100%@1728,0%@729,1%@729] GR3D_FREQ 0% cpu@53.093C soc2@50.937C soc0@51.437C gpu@51.875C tj@53.093C soc1@52.281C VDD_IN 5921mW/5913mW VDD_CPU_GPU_CV 1547mW/1509mW VDD_SOC 1507mW/1522mW
09-13-2026 13:35:45 RAM 5755/7620MB (lfb 4x1MB) SWAP 584/8192MB (cached 182MB) CPU [1%@1728,0%@1728,0%@1728,100%@1728,1%@729,0%@729] GR3D_FREQ 0% cpu@53C soc2@51C soc0@51.406C gpu@51.812C tj@53C soc1@52.25C VDD_IN 5921mW/5913mW VDD_CPU_GPU_CV 1547mW/1509mW VDD_SOC 1507mW/1521mW
09-13-2026 13:35:46 RAM 5756/7620MB (lfb 4x1MB) SWAP 584/8192MB (cached 182MB) CPU [0%@1728,0%@1728,0%@1728,100%@1728,0%@729,2%@729] GR3D_FREQ 0% cpu@53.25C soc2@51.062C soc0@51.656C gpu@51.687C tj@53.031C soc1@52.156C VDD_IN 5921mW/5913mW VDD_CPU_GPU_CV 1547mW/1509mW VDD_SOC 1507mW/1521mW
09-13-2026 13:35:46 RAM 5757/7620MB (lfb 4x1MB) SWAP 584/8192MB (cached 182MB) CPU [1%@1728,0%@1728,0%@1728,100%@1728,1%@729,0%@729] GR3D_FREQ 0% cpu@53.218C soc2@51.031C soc0@51.562C gpu@51.843C tj@53.218C soc1@52.156C VDD_IN 5882mW/5913mW VDD_CPU_GPU_CV 1547mW/1510mW VDD_SOC 1510mW/1521mW
09-13-2026 13:35:47 RAM 5791/7620MB (lfb 4x1MB) SWAP 585/8192MB (cached 182MB) CPU [0%@1728,0%@1728,0%@1728,98%@1728,16%@729,0%@729] GR3D_FREQ 0% cpu@52.968C soc2@51.062C soc0@51.437C gpu@51.718C tj@52.968C soc1@52.156C VDD_IN 5882mW/5912mW VDD_CPU_GPU_CV 1547mW/1510mW VDD_SOC 1510mW/1521mW
09-13-2026 13:35:47 RAM 5791/7620MB (lfb 4x1MB) SWAP 585/8192MB (cached 182MB) CPU [10%@1728,0%@1728,0%@1728,66%@1728,1%@729,0%@729] GR3D_FREQ 0% cpu@52.906C soc2@50.968C soc0@51.468C gpu@51.75C tj@52.906C soc1@52.375C VDD_IN 5603mW/5910mW VDD_CPU_GPU_CV 1309mW/1508mW VDD_SOC 1470mW/1521mW
09-13-2026 13:35:48 RAM 5794/7620MB (lfb 4x1MB) SWAP 585/8192MB (cached 182MB) CPU [2%@1728,0%@1728,0%@1728,90%@1728,0%@729,0%@729] GR3D_FREQ 0% cpu@52.906C soc2@50.937C soc0@51.437C gpu@51.781C tj@52.906C soc1@52.25C VDD_IN 5723mW/5909mW VDD_CPU_GPU_CV 1428mW/1508mW VDD_SOC 1470mW/1520mW
09-13-2026 13:35:48 RAM 5796/7620MB (lfb 4x1MB) SWAP 585/8192MB (cached 182MB) CPU [1%@1728,0%@1728,0%@1728,100%@1728,0%@729,0%@729] GR3D_FREQ 0% cpu@53.437C soc2@51.031C soc0@51.437C gpu@51.875C tj@53.437C soc1@52.281C VDD_IN 5802mW/5908mW VDD_CPU_GPU_CV 1507mW/1508mW VDD_SOC 1470mW/1520mW
09-13-2026 13:35:49 RAM 5797/7620MB (lfb 4x1MB) SWAP 585/8192MB (cached 182MB) CPU [4%@1728,4%@1728,0%@1728,100%@1728,1%@729,0%@729] GR3D_FREQ 0% cpu@53.062C soc2@51.031C soc0@51.656C gpu@51.781C tj@53.062C soc1@52.25C VDD_IN 5961mW/5908mW VDD_CPU_GPU_CV 1626mW/1509mW VDD_SOC 1510mW/1520mW
09-13-2026 13:35:49 RAM 5800/7620MB (lfb 4x1MB) SWAP 590/8192MB (cached 182MB) CPU [12%@1728,12%@1728,15%@1728,100%@1728,18%@729,5%@729] GR3D_FREQ 0% cpu@53.281C soc2@51.093C soc0@51.531C gpu@52.187C tj@53.281C soc1@52.156C VDD_IN 6120mW/5910mW VDD_CPU_GPU_CV 1745mW/1510mW VDD_SOC 1507mW/1520mW
09-13-2026 13:35:50 RAM 5800/7620MB (lfb 4x1MB) SWAP 590/8192MB (cached 182MB) CPU [0%@1728,0%@1728,0%@1728,100%@1728,0%@729,0%@729] GR3D_FREQ 0% cpu@53.25C soc2@51C soc0@51.625C gpu@51.75C tj@53.375C soc1@52.218C VDD_IN 5961mW/5910mW VDD_CPU_GPU_CV 1626mW/1511mW VDD_SOC 1507mW/1520mW
09-13-2026 13:35:50 RAM 5800/7620MB (lfb 4x1MB) SWAP 590/8192MB (cached 182MB) CPU [0%@1728,1%@1728,1%@1728,100%@1728,1%@729,0%@729] GR3D_FREQ 0% cpu@53.25C soc2@51.093C soc0@51.468C gpu@52.031C tj@53.25C soc1@52.375C VDD_IN 5921mW/5910mW VDD_CPU_GPU_CV 1626mW/1512mW VDD_SOC 1470mW/1519mW
09-13-2026 13:35:51 RAM 5800/7620MB (lfb 4x1MB) SWAP 590/8192MB (cached 182MB) CPU [1%@1728,0%@1728,0%@1728,100%@1728,0%@729,0%@729] GR3D_FREQ 0% cpu@53.062C soc2@51.125C soc0@51.468C gpu@51.75C tj@53.062C soc1@52.343C VDD_IN 5921mW/5910mW VDD_CPU_GPU_CV 1587mW/1513mW VDD_SOC 1470mW/1519mW
09-13-2026 13:35:51 RAM 5800/7620MB (lfb 4x1MB) SWAP 590/8192MB (cached 182MB) CPU [0%@1728,0%@1728,0%@1728,100%@1728,1%@729,0%@729] GR3D_FREQ 0% cpu@53.093C soc2@51.156C soc0@51.593C gpu@52.062C tj@53.093C soc1@52.312C VDD_IN 5921mW/5911mW VDD_CPU_GPU_CV 1587mW/1513mW VDD_SOC 1470mW/1519mW
09-13-2026 13:35:52 RAM 5800/7620MB (lfb 4x1MB) SWAP 590/8192MB (cached 182MB) CPU [1%@1728,0%@1728,0%@1728,100%@1728,0%@729,0%@729] GR3D_FREQ 0% cpu@53.437C soc2@51.125C soc0@51.593C gpu@51.937C tj@53.437C soc1@52.281C VDD_IN 5921mW/5911mW VDD_CPU_GPU_CV 1587mW/1514mW VDD_SOC 1470mW/1518mW
09-13-2026 13:35:52 RAM 5800/7620MB (lfb 4x1MB) SWAP 590/8192MB (cached 182MB) CPU [1%@1728,0%@1728,0%@1728,100%@1728,1%@729,0%@729] GR3D_FREQ 0% cpu@53.281C soc2@51C soc0@51.656C gpu@52.156C tj@53.281C soc1@52.25C VDD_IN 5921mW/5911mW VDD_CPU_GPU_CV 1587mW/1514mW VDD_SOC 1468mW/1518mW
09-13-2026 13:35:53 RAM 5800/7620MB (lfb 4x1MB) SWAP 590/8192MB (cached 182MB) CPU [0%@1728,0%@1728,0%@1728,100%@1728,0%@729,0%@729] GR3D_FREQ 0% cpu@53.312C soc2@51.093C soc0@51.562C gpu@51.937C tj@53.312C soc1@52.468C VDD_IN 5921mW/5911mW VDD_CPU_GPU_CV 1587mW/1515mW VDD_SOC 1470mW/1518mW
09-13-2026 13:35:53 RAM 5800/7620MB (lfb 4x1MB) SWAP 590/8192MB (cached 182MB) CPU [0%@1728,0%@1728,0%@1728,100%@1728,0%@729,1%@729] GR3D_FREQ 0% cpu@53.218C soc2@51.031C soc0@51.531C gpu@51.875C tj@53.218C soc1@52.375C VDD_IN 5921mW/5911mW VDD_CPU_GPU_CV 1587mW/1515mW VDD_SOC 1468mW/1517mW
09-13-2026 13:35:54 RAM 5800/7620MB (lfb 4x1MB) SWAP 590/8192MB (cached 182MB) CPU [0%@1728,0%@1728,1%@1728,100%@1728,1%@729,0%@729] GR3D_FREQ 0% cpu@53.125C soc2@51.218C soc0@51.5C gpu@51.968C tj@53.125C soc1@52.406C VDD_IN 5921mW/5911mW VDD_CPU_GPU_CV 1587mW/1515mW VDD_SOC 1468mW/1517mW
09-13-2026 13:35:54 RAM 5802/7620MB (lfb 4x1MB) SWAP 590/8192MB (cached 182MB) CPU [0%@1728,0%@1728,0%@1728,100%@1728,0%@729,0%@729] GR3D_FREQ 0% cpu@53.125C soc2@51.062C soc0@51.718C gpu@51.843C tj@53.125C soc1@52.312C VDD_IN 5842mW/5910mW VDD_CPU_GPU_CV 1587mW/1516mW VDD_SOC 1470mW/1517mW
09-13-2026 13:35:55 RAM 5802/7620MB (lfb 4x1MB) SWAP 590/8192MB (cached 182MB) CPU [0%@1728,0%@1728,0%@1728,100%@1728,0%@729,0%@729] GR3D_FREQ 0% cpu@53.343C soc2@51.093C soc0@51.562C gpu@51.875C tj@53.343C soc1@52.312C VDD_IN 5882mW/5910mW VDD_CPU_GPU_CV 1587mW/1516mW VDD_SOC 1468mW/1517mW
09-13-2026 13:35:55 RAM 5801/7620MB (lfb 4x1MB) SWAP 590/8192MB (cached 182MB) CPU [0%@1728,1%@1728,0%@1728,100%@1728,1%@729,0%@729] GR3D_FREQ 0% cpu@53.343C soc2@51.031C soc0@51.562C gpu@51.937C tj@53.343C soc1@52.5C VDD_IN 5882mW/5910mW VDD_CPU_GPU_CV 1587mW/1517mW VDD_SOC 1470mW/1516mW
09-13-2026 13:35:56 RAM 5802/7620MB (lfb 4x1MB) SWAP 590/8192MB (cached 182MB) CPU [0%@1728,0%@1728,0%@1728,100%@1728,0%@729,0%@729] GR3D_FREQ 0% cpu@53.312C soc2@51.093C soc0@51.531C gpu@51.843C tj@53.312C soc1@52.468C VDD_IN 5882mW/5910mW VDD_CPU_GPU_CV 1587mW/1517mW VDD_SOC 1470mW/1516mW
09-13-2026 13:35:56 RAM 5802/7620MB (lfb 4x1MB) SWAP 590/8192MB (cached 182MB) CPU [0%@1728,0%@1728,0%@1728,100%@1728,0%@729,0%@729] GR3D_FREQ 0% cpu@53.187C soc2@51.281C soc0@51.625C gpu@52.125C tj@53.187C soc1@52.343C VDD_IN 5882mW/5910mW VDD_CPU_GPU_CV 1587mW/1518mW VDD_SOC 1470mW/1516mW
09-13-2026 13:35:57 RAM 5802/7620MB (lfb 4x1MB) SWAP 590/8192MB (cached 182MB) CPU [0%@1728,0%@1728,0%@1728,100%@1728,0%@729,0%@729] GR3D_FREQ 0% cpu@53.343C soc2@51.187C soc0@51.687C gpu@51.875C tj@53.343C soc1@52.343C VDD_IN 5882mW/5909mW VDD_CPU_GPU_CV 1587mW/1518mW VDD_SOC 1470mW/1515mW
09-13-2026 13:35:57 RAM 5803/7620MB (lfb 4x1MB) SWAP 590/8192MB (cached 182MB) CPU [0%@1728,0%@1728,0%@1728,100%@1728,1%@729,0%@729] GR3D_FREQ 0% cpu@53.468C soc2@51.218C soc0@51.656C gpu@52.125C tj@53.468C soc1@52.281C VDD_IN 5882mW/5909mW VDD_CPU_GPU_CV 1587mW/1519mW VDD_SOC 1468mW/1515mW
09-13-2026 13:35:58 RAM 5784/7620MB (lfb 5x1MB) SWAP 592/8192MB (cached 182MB) CPU [3%@1728,0%@1728,0%@1728,100%@1728,8%@729,1%@729] GR3D_FREQ 0% cpu@53.25C soc2@51.156C soc0@51.531C gpu@52.25C tj@53.25C soc1@52.25C VDD_IN 5842mW/5909mW VDD_CPU_GPU_CV 1547mW/1519mW VDD_SOC 1470mW/1515mW
09-13-2026 13:35:58 RAM 5783/7620MB (lfb 5x1MB) SWAP 592/8192MB (cached 182MB) CPU [0%@1728,0%@1728,0%@1728,97%@1728,0%@729,0%@729] GR3D_FREQ 0% cpu@53.25C soc2@51.156C soc0@51.593C gpu@52.125C tj@53.25C soc1@52.593C VDD_IN 5882mW/5909mW VDD_CPU_GPU_CV 1547mW/1519mW VDD_SOC 1510mW/1515mW
09-13-2026 13:35:59 RAM 5783/7620MB (lfb 5x1MB) SWAP 592/8192MB (cached 182MB) CPU [0%@1728,0%@1728,0%@1728,100%@1728,0%@729,0%@729] GR3D_FREQ 0% cpu@53.187C soc2@51.281C soc0@51.468C gpu@51.937C tj@53.187C soc1@52.562C VDD_IN 5882mW/5909mW VDD_CPU_GPU_CV 1547mW/1519mW VDD_SOC 1507mW/1515mW
09-13-2026 13:35:59 RAM 5784/7620MB (lfb 5x1MB) SWAP 592/8192MB (cached 182MB) CPU [0%@1728,1%@1728,0%@1728,100%@1728,0%@729,0%@729] GR3D_FREQ 0% cpu@53.187C soc2@51.156C soc0@51.531C gpu@52.125C tj@53.187C soc1@52.468C VDD_IN 5882mW/5908mW VDD_CPU_GPU_CV 1547mW/1519mW VDD_SOC 1510mW/1515mW
09-13-2026 13:36:00 RAM 5787/7620MB (lfb 5x1MB) SWAP 592/8192MB (cached 182MB) CPU [1%@1728,2%@1728,0%@1728,96%@1728,0%@729,0%@729] GR3D_FREQ 0% cpu@53.281C soc2@51.187C soc0@51.781C gpu@52.031C tj@53.281C soc1@52.406C VDD_IN 5882mW/5908mW VDD_CPU_GPU_CV 1547mW/1520mW VDD_SOC 1510mW/1515mW
09-13-2026 13:36:00 RAM 5794/7620MB (lfb 2x2MB) SWAP 592/8192MB (cached 182MB) CPU [0%@1728,0%@1728,0%@1728,98%@1728,5%@729,0%@729] GR3D_FREQ 0% cpu@53.406C soc2@51.187C soc0@51.718C gpu@52.125C tj@53.406C soc1@52.375C VDD_IN 5921mW/5908mW VDD_CPU_GPU_CV 1587mW/1520mW VDD_SOC 1507mW/1515mW
09-13-2026 13:36:01 RAM 5798/7620MB (lfb 2x2MB) SWAP 592/8192MB (cached 182MB) CPU [6%@1728,1%@1728,17%@1728,78%@1728,11%@729,1%@729] GR3D_FREQ 0% cpu@53.093C soc2@51.156C soc0@51.562C gpu@51.906C tj@53.093C soc1@52.406C VDD_IN 5802mW/5908mW VDD_CPU_GPU_CV 1468mW/1520mW VDD_SOC 1510mW/1515mW
09-13-2026 13:36:01 RAM 6046/7620MB (lfb 1x1MB) SWAP 592/8192MB (cached 182MB) CPU [2%@1728,4%@1728,90%@1728,6%@1728,22%@729,3%@729] GR3D_FREQ 0% cpu@53.562C soc2@51.187C soc0@51.656C gpu@52.093C tj@53.562C soc1@52.562C VDD_IN 6080mW/5909mW VDD_CPU_GPU_CV 1587mW/1520mW VDD_SOC 1547mW/1515mW
09-13-2026 13:36:02 RAM 6074/7620MB (lfb 3x1MB) SWAP 592/8192MB (cached 181MB) CPU [33%@1113,24%@1113,40%@1113,40%@1113,14%@1728,16%@1728] GR3D_FREQ 0% cpu@53.437C soc2@51.218C soc0@51.593C gpu@52.031C tj@53.437C soc1@52.562C VDD_IN 6279mW/5911mW VDD_CPU_GPU_CV 1822mW/1522mW VDD_SOC 1547mW/1515mW
09-13-2026 13:36:02 RAM 6067/7620MB (lfb 3x2MB) SWAP 592/8192MB (cached 181MB) CPU [22%@960,1%@960,32%@960,33%@960,10%@729,15%@729] GR3D_FREQ 48% cpu@53.125C soc2@51.343C soc0@51.531C gpu@52.187C tj@53.125C soc1@52.406C VDD_IN 5802mW/5910mW VDD_CPU_GPU_CV 1428mW/1521mW VDD_SOC 1510mW/1515mW
09-13-2026 13:36:03 RAM 6067/7620MB (lfb 4x2MB) SWAP 592/8192MB (cached 181MB) CPU [3%@1728,2%@1728,24%@1728,72%@1728,41%@729,1%@729] GR3D_FREQ 0% cpu@53.531C soc2@51.25C soc0@51.843C gpu@52.062C tj@53.531C soc1@52.437C VDD_IN 6160mW/5912mW VDD_CPU_GPU_CV 1666mW/1522mW VDD_SOC 1547mW/1515mW
09-13-2026 13:36:03 RAM 6087/7620MB (lfb 5x2MB) SWAP 592/8192MB (cached 181MB) CPU [0%@1728,21%@1728,9%@1728,68%@1728,0%@729,5%@729] GR3D_FREQ 0% cpu@53.375C soc2@51.125C soc0@51.75C gpu@51.937C tj@53.375C soc1@52.406C VDD_IN 5802mW/5911mW VDD_CPU_GPU_CV 1468mW/1522mW VDD_SOC 1510mW/1515mW
09-13-2026 13:36:04 RAM 6084/7620MB (lfb 5x2MB) SWAP 592/8192MB (cached 181MB) CPU [6%@1728,2%@1728,12%@1728,76%@1728,1%@729,0%@729] GR3D_FREQ 16% cpu@53.218C soc2@51.25C soc0@51.718C gpu@52C tj@53.218C soc1@52.625C VDD_IN 6160mW/5913mW VDD_CPU_GPU_CV 1547mW/1522mW VDD_SOC 1587mW/1515mW
09-13-2026 13:36:04 RAM 6082/7620MB (lfb 5x2MB) SWAP 592/8192MB (cached 181MB) CPU [11%@1728,29%@1728,13%@1728,51%@1728,0%@729,0%@729] GR3D_FREQ 0% cpu@52.843C soc2@51.187C soc0@51.625C gpu@51.875C tj@52.843C soc1@52.593C VDD_IN 5524mW/5910mW VDD_CPU_GPU_CV 1190mW/1520mW VDD_SOC 1510mW/1515mW
09-13-2026 13:36:05 RAM 6089/7620MB (lfb 5x2MB) SWAP 592/8192MB (cached 181MB) CPU [25%@1728,14%@1728,12%@1728,48%@1728,0%@729,3%@729] GR3D_FREQ 0% cpu@52.843C soc2@51.25C soc0@51.656C gpu@52.093C tj@52.906C soc1@52.531C VDD_IN 5285mW/5907mW VDD_CPU_GPU_CV 1031mW/1517mW VDD_SOC 1470mW/1515mW
09-13-2026 13:36:05 RAM 6089/7620MB (lfb 5x2MB) SWAP 592/8192MB (cached 181MB) CPU [0%@1728,0%@1728,9%@1728,80%@1728,1%@729,0%@729] GR3D_FREQ 0% cpu@53.218C soc2@51.343C soc0@51.843C gpu@52.062C tj@53.218C soc1@52.437C VDD_IN 6785mW/5912mW VDD_CPU_GPU_CV 1624mW/1518mW VDD_SOC 1785mW/1517mW
09-13-2026 13:36:06 RAM 6090/7620MB (lfb 5x2MB) SWAP 592/8192MB (cached 181MB) CPU [48%@1728,7%@1728,2%@1728,49%@1728,0%@729,0%@729] GR3D_FREQ 0% cpu@52.937C soc2@51.343C soc0@51.875C gpu@52.187C tj@52.937C soc1@52.437C VDD_IN 5723mW/5911mW VDD_CPU_GPU_CV 1190mW/1516mW VDD_SOC 1587mW/1517mW
09-13-2026 13:36:06 RAM 6095/7620MB (lfb 5x2MB) SWAP 592/8192MB (cached 181MB) CPU [5%@1344,36%@1344,55%@1344,11%@1344,0%@729,0%@729] GR3D_FREQ 0% cpu@53.187C soc2@51.25C soc0@51.812C gpu@51.875C tj@53.187C soc1@52.5C VDD_IN 5365mW/5908mW VDD_CPU_GPU_CV 992mW/1513mW VDD_SOC 1510mW/1517mW
09-13-2026 13:36:07 RAM 6092/7620MB (lfb 5x2MB) SWAP 592/8192MB (cached 181MB) CPU [0%@1728,0%@1728,98%@1728,0%@1728,0%@729,0%@729] GR3D_FREQ 0% cpu@53.343C soc2@51.218C soc0@51.75C gpu@52.25C tj@53.343C soc1@52.625C VDD_IN 5683mW/5906mW VDD_CPU_GPU_CV 1150mW/1511mW VDD_SOC 1550mW/1517mW
09-13-2026 13:36:07 RAM 6092/7620MB (lfb 5x2MB) SWAP 592/8192MB (cached 181MB) CPU [0%@1728,1%@1728,100%@1728,0%@1728,0%@729,0%@729] GR3D_FREQ 0% cpu@53.031C soc2@51.312C soc0@51.687C gpu@52.125C tj@53.031C soc1@52.562C VDD_IN 5603mW/5905mW VDD_CPU_GPU_CV 1150mW/1509mW VDD_SOC 1550mW/1517mW
09-13-2026 13:36:08 RAM 6092/7620MB (lfb 5x2MB) SWAP 592/8192MB (cached 181MB) CPU [3%@1651,19%@1651,76%@1651,0%@1651,0%@729,1%@729] GR3D_FREQ 98% cpu@53.375C soc2@51.312C soc0@51.593C gpu@52.531C tj@53.375C soc1@52.468C VDD_IN 6269mW/5907mW VDD_CPU_GPU_CV 1426mW/1508mW VDD_SOC 1706mW/1519mW
09-13-2026 13:36:08 RAM 6093/7620MB (lfb 5x2MB) SWAP 592/8192MB (cached 181MB) CPU [13%@1267,6%@1267,58%@1267,14%@1267,15%@729,0%@729] GR3D_FREQ 0% cpu@53.375C soc2@51.25C soc0@51.937C gpu@52.125C tj@53.375C soc1@52.468C VDD_IN 6160mW/5908mW VDD_CPU_GPU_CV 1507mW/1508mW VDD_SOC 1626mW/1519mW
09-13-2026 13:36:09 RAM 6092/7620MB (lfb 5x2MB) SWAP 592/8192MB (cached 181MB) CPU [24%@1190,45%@1190,34%@1190,1%@1190,0%@729,0%@729] GR3D_FREQ 0% cpu@53.281C soc2@51.343C soc0@51.812C gpu@52C tj@53.281C soc1@52.468C VDD_IN 5643mW/5907mW VDD_CPU_GPU_CV 1269mW/1507mW VDD_SOC 1510mW/1519mW
09-13-2026 13:36:09 RAM 6093/7620MB (lfb 5x2MB) SWAP 592/8192MB (cached 181MB) CPU [19%@1728,26%@1728,1%@1728,55%@1728,0%@1036,0%@1036] GR3D_FREQ 0% cpu@53.062C soc2@51.281C soc0@51.718C gpu@52.031C tj@53.062C soc1@52.656C VDD_IN 5405mW/5904mW VDD_CPU_GPU_CV 1111mW/1505mW VDD_SOC 1510mW/1519mW
09-13-2026 13:36:10 RAM 6095/7620MB (lfb 5x2MB) SWAP 592/8192MB (cached 181MB) CPU [0%@1728,1%@1728,27%@1728,58%@1728,0%@729,0%@729] GR3D_FREQ 86% cpu@52.937C soc2@51.25C soc0@51.781C gpu@52.187C tj@52.937C soc1@52.656C VDD_IN 6705mW/5908mW VDD_CPU_GPU_CV 1545mW/1505mW VDD_SOC 1785mW/1520mW
09-13-2026 13:36:10 RAM 6092/7620MB (lfb 5x2MB) SWAP 592/8192MB (cached 181MB) CPU [8%@1728,18%@1728,0%@1728,73%@1728,0%@729,0%@729] GR3D_FREQ 0% cpu@53.125C soc2@51.281C soc0@51.75C gpu@52.187C tj@53.125C soc1@52.593C VDD_IN 6269mW/5910mW VDD_CPU_GPU_CV 1545mW/1505mW VDD_SOC 1626mW/1521mW
09-13-2026 13:36:11 RAM 6095/7620MB (lfb 5x2MB) SWAP 592/8192MB (cached 181MB) CPU [5%@1728,11%@1728,0%@1728,80%@1728,0%@729,0%@729] GR3D_FREQ 0% cpu@53.375C soc2@51.437C soc0@51.75C gpu@52.125C tj@53.375C soc1@52.5C VDD_IN 6626mW/5914mW VDD_CPU_GPU_CV 1743mW/1507mW VDD_SOC 1706mW/1522mW
09-13-2026 13:36:11 RAM 6093/7620MB (lfb 5x2MB) SWAP 592/8192MB (cached 181MB) CPU [6%@1344,62%@1344,10%@1344,21%@1344,0%@729,0%@729] GR3D_FREQ 83% cpu@53.156C soc2@51.437C soc0@51.937C gpu@52.312C tj@53.156C soc1@52.531C VDD_IN 6309mW/5916mW VDD_CPU_GPU_CV 1584mW/1507mW VDD_SOC 1666mW/1523mW
09-13-2026 13:36:12 RAM 6093/7620MB (lfb 5x2MB) SWAP 592/8192MB (cached 181MB) CPU [28%@1728,69%@1728,0%@1728,1%@1728,0%@729,1%@729] GR3D_FREQ 0% cpu@53.375C soc2@51.437C soc0@51.875C gpu@52.156C tj@53.375C soc1@52.531C VDD_IN 6160mW/5917mW VDD_CPU_GPU_CV 1587mW/1507mW VDD_SOC 1587mW/1523mW
09-13-2026 13:36:12 RAM 6093/7620MB (lfb 5x2MB) SWAP 592/8192MB (cached 181MB) CPU [42%@1728,28%@1728,0%@1728,27%@1728,1%@729,0%@729] GR3D_FREQ 90% cpu@53C soc2@51.375C soc0@51.843C gpu@52.593C tj@53C soc1@52.718C VDD_IN 6001mW/5918mW VDD_CPU_GPU_CV 1428mW/1507mW VDD_SOC 1587mW/1523mW
09-13-2026 13:36:13 RAM 6093/7620MB (lfb 5x2MB) SWAP 592/8192MB (cached 181MB) CPU [0%@1574,91%@1574,4%@1574,0%@1574,0%@729,0%@729] GR3D_FREQ 0% cpu@53.468C soc2@51.437C soc0@51.843C gpu@52.156C tj@53.468C soc1@52.656C VDD_IN 6200mW/5919mW VDD_CPU_GPU_CV 1587mW/1507mW VDD_SOC 1587mW/1524mW
09-13-2026 13:36:13 RAM 6092/7620MB (lfb 5x2MB) SWAP 592/8192MB (cached 181MB) CPU [17%@1728,21%@1728,11%@1728,56%@1728,1%@729,0%@729] GR3D_FREQ 0% cpu@53.218C soc2@51.562C soc0@51.718C gpu@52.468C tj@53.218C soc1@52.656C VDD_IN 5762mW/5919mW VDD_CPU_GPU_CV 1388mW/1507mW VDD_SOC 1510mW/1524mW
09-13-2026 13:36:14 RAM 6095/7620MB (lfb 5x2MB) SWAP 592/8192MB (cached 181MB) CPU [14%@1728,38%@1728,28%@1728,21%@1728,0%@729,0%@729] GR3D_FREQ 0% cpu@53.343C soc2@51.406C soc0@51.937C gpu@52.031C tj@53.343C soc1@52.625C VDD_IN 5484mW/5916mW VDD_CPU_GPU_CV 1150mW/1505mW VDD_SOC 1510mW/1524mW
09-13-2026 13:36:14 RAM 6097/7620MB (lfb 5x2MB) SWAP 592/8192MB (cached 181MB) CPU [24%@1728,16%@1728,48%@1728,12%@1728,1%@729,0%@729] GR3D_FREQ 0% cpu@53.093C soc2@51.281C soc0@51.937C gpu@52.343C tj@53.093C soc1@52.562C VDD_IN 5365mW/5913mW VDD_CPU_GPU_CV 1111mW/1503mW VDD_SOC 1470mW/1523mW
09-13-2026 13:36:15 RAM 6095/7620MB (lfb 5x2MB) SWAP 592/8192MB (cached 181MB) CPU [0%@1728,49%@1728,52%@1728,1%@1728,0%@729,0%@729] GR3D_FREQ 0% cpu@53.125C soc2@51.281C soc0@51.875C gpu@52.093C tj@53.125C soc1@52.531C VDD_IN 5365mW/5911mW VDD_CPU_GPU_CV 1150mW/1501mW VDD_SOC 1470mW/1523mW
09-13-2026 13:36:15 RAM 6091/7620MB (lfb 5x2MB) SWAP 592/8192MB (cached 181MB) CPU [14%@1728,60%@1728,26%@1728,3%@1728,0%@729,0%@729] GR3D_FREQ 0% cpu@53.281C soc2@51.375C soc0@51.843C gpu@52.406C tj@53.281C soc1@52.718C VDD_IN 5564mW/5909mW VDD_CPU_GPU_CV 1309mW/1500mW VDD_SOC 1470mW/1523mW
09-13-2026 13:36:16 RAM 6090/7620MB (lfb 5x2MB) SWAP 592/8192MB (cached 181MB) CPU [34%@1344,40%@1344,30%@1344,3%@1344,0%@729,2%@729] GR3D_FREQ 0% cpu@53.218C soc2@51.312C soc0@51.843C gpu@52.156C tj@53.218C soc1@52.687C VDD_IN 5564mW/5907mW VDD_CPU_GPU_CV 1309mW/1499mW VDD_SOC 1470mW/1523mW
09-13-2026 13:36:17 RAM 6096/7620MB (lfb 5x2MB) SWAP 592/8192MB (cached 181MB) CPU [50%@1728,15%@1728,35%@1728,1%@1728,0%@729,0%@729] GR3D_FREQ 0% cpu@53.093C soc2@51.437C soc0@51.781C gpu@52.312C tj@53.093C soc1@52.625C VDD_IN 5564mW/5905mW VDD_CPU_GPU_CV 1309mW/1498mW VDD_SOC 1470mW/1522mW
09-13-2026 13:36:17 RAM 6092/7620MB (lfb 5x2MB) SWAP 592/8192MB (cached 181MB) CPU [5%@1728,0%@1728,70%@1728,0%@1728,0%@729,0%@729] GR3D_FREQ 38% cpu@53.437C soc2@51.468C soc0@51.781C gpu@52.718C tj@53.437C soc1@52.625C VDD_IN 7883mW/5915mW VDD_CPU_GPU_CV 2214mW/1502mW VDD_SOC 2020mW/1525mW
09-13-2026 13:36:18 RAM 6178/7620MB (lfb 31x1MB) SWAP 592/8192MB (cached 181MB) CPU [0%@1728,0%@1728,97%@1728,1%@1728,0%@729,0%@729] GR3D_FREQ 0% cpu@53.875C soc2@51.437C soc0@51.968C gpu@52.5C tj@53.875C soc1@52.593C VDD_IN 6467mW/5918mW VDD_CPU_GPU_CV 1743mW/1503mW VDD_SOC 1666mW/1526mW
09-13-2026 13:36:18 RAM 6224/7620MB (lfb 31x1MB) SWAP 592/8192MB (cached 181MB) CPU [0%@1728,0%@1728,100%@1728,0%@1728,0%@729,1%@729] GR3D_FREQ 0% cpu@53.687C soc2@51.375C soc0@51.906C gpu@52.281C tj@53.687C soc1@52.625C VDD_IN 6001mW/5919mW VDD_CPU_GPU_CV 1587mW/1503mW VDD_SOC 1507mW/1525mW
09-13-2026 13:36:19 RAM 6273/7620MB (lfb 31x1MB) SWAP 592/8192MB (cached 181MB) CPU [0%@1728,0%@1728,100%@1728,0%@1728,0%@729,0%@729] GR3D_FREQ 0% cpu@53.687C soc2@51.375C soc0@51.937C gpu@52.218C tj@53.687C soc1@52.718C VDD_IN 5882mW/5918mW VDD_CPU_GPU_CV 1547mW/1504mW VDD_SOC 1470mW/1525mW
09-13-2026 13:36:19 RAM 6314/7620MB (lfb 31x1MB) SWAP 595/8192MB (cached 182MB) CPU [1%@1728,2%@1728,100%@1728,0%@1728,0%@729,1%@729] GR3D_FREQ 0% cpu@53.656C soc2@51.437C soc0@51.875C gpu@52.187C tj@53.656C soc1@52.593C VDD_IN 5842mW/5918mW VDD_CPU_GPU_CV 1547mW/1504mW VDD_SOC 1470mW/1525mW
09-13-2026 13:36:20 RAM 6351/7620MB (lfb 31x1MB) SWAP 595/8192MB (cached 182MB) CPU [3%@1728,0%@1728,100%@1728,0%@1728,0%@729,0%@729] GR3D_FREQ 0% cpu@53.968C soc2@51.5C soc0@52C gpu@52.218C tj@53.968C soc1@52.625C VDD_IN 5842mW/5918mW VDD_CPU_GPU_CV 1547mW/1504mW VDD_SOC 1470mW/1525mW
09-13-2026 13:36:20 RAM 6395/7620MB (lfb 29x1MB) SWAP 595/8192MB (cached 182MB) CPU [1%@1728,0%@1728,100%@1728,0%@1728,0%@729,0%@729] GR3D_FREQ 0% cpu@53.718C soc2@51.562C soc0@51.937C gpu@52.125C tj@53.718C soc1@52.625C VDD_IN 5802mW/5917mW VDD_CPU_GPU_CV 1547mW/1504mW VDD_SOC 1470mW/1524mW
09-13-2026 13:36:21 RAM 6431/7620MB (lfb 29x1MB) SWAP 595/8192MB (cached 182MB) CPU [0%@1728,3%@1728,100%@1728,1%@1728,0%@729,2%@729] GR3D_FREQ 0% cpu@53.812C soc2@51.468C soc0@51.906C gpu@52.5C tj@53.812C soc1@52.781C VDD_IN 5802mW/5916mW VDD_CPU_GPU_CV 1547mW/1505mW VDD_SOC 1470mW/1524mW
09-13-2026 13:36:21 RAM 6437/7620MB (lfb 20x1MB) SWAP 625/8192MB (cached 181MB) CPU [0%@1728,0%@1728,100%@1728,0%@1728,1%@729,23%@729] GR3D_FREQ 0% cpu@54C soc2@51.437C soc0@51.843C gpu@52.218C tj@54C soc1@52.687C VDD_IN 5961mW/5917mW VDD_CPU_GPU_CV 1587mW/1505mW VDD_SOC 1507mW/1524mW
09-13-2026 13:36:22 RAM 6444/7620MB (lfb 20x1MB) SWAP 625/8192MB (cached 181MB) CPU [0%@1728,0%@1728,100%@1728,0%@1728,0%@729,0%@729] GR3D_FREQ 0% cpu@53.656C soc2@51.562C soc0@51.781C gpu@52.531C tj@53.656C soc1@52.718C VDD_IN 5961mW/5917mW VDD_CPU_GPU_CV 1547mW/1505mW VDD_SOC 1547mW/1524mW
09-13-2026 13:36:22 RAM 6454/7620MB (lfb 20x1MB) SWAP 625/8192MB (cached 181MB) CPU [1%@1728,0%@1728,100%@1728,0%@1728,1%@729,0%@729] GR3D_FREQ 0% cpu@53.875C soc2@51.562C soc0@52.031C gpu@52.375C tj@53.843C soc1@52.656C VDD_IN 5961mW/5917mW VDD_CPU_GPU_CV 1507mW/1505mW VDD_SOC 1547mW/1524mW
09-13-2026 13:36:23 RAM 6455/7620MB (lfb 20x1MB) SWAP 625/8192MB (cached 181MB) CPU [1%@1728,0%@1728,100%@1728,0%@1728,0%@729,0%@729] GR3D_FREQ 0% cpu@54.156C soc2@51.437C soc0@51.937C gpu@52.25C tj@54.156C soc1@52.687C VDD_IN 5961mW/5917mW VDD_CPU_GPU_CV 1547mW/1505mW VDD_SOC 1507mW/1524mW
09-13-2026 13:36:23 RAM 6455/7620MB (lfb 20x1MB) SWAP 625/8192MB (cached 181MB) CPU [1%@1728,1%@1728,100%@1728,1%@1728,0%@729,1%@729] GR3D_FREQ 0% cpu@53.968C soc2@51.468C soc0@51.875C gpu@52.343C tj@53.968C soc1@52.875C VDD_IN 6001mW/5918mW VDD_CPU_GPU_CV 1547mW/1506mW VDD_SOC 1547mW/1524mW
09-13-2026 13:36:24 RAM 6455/7620MB (lfb 20x1MB) SWAP 625/8192MB (cached 181MB) CPU [0%@1728,0%@1728,100%@1728,0%@1728,1%@729,0%@729] GR3D_FREQ 0% cpu@53.906C soc2@51.531C soc0@51.937C gpu@52.343C tj@53.906C soc1@52.75C VDD_IN 5921mW/5918mW VDD_CPU_GPU_CV 1547mW/1506mW VDD_SOC 1507mW/1524mW
09-13-2026 13:36:24 RAM 6455/7620MB (lfb 20x1MB) SWAP 625/8192MB (cached 181MB) CPU [0%@1728,0%@1728,100%@1728,1%@1728,0%@729,0%@729] GR3D_FREQ 0% cpu@53.875C soc2@51.531C soc0@51.812C gpu@52.187C tj@53.875C soc1@52.718C VDD_IN 5961mW/5918mW VDD_CPU_GPU_CV 1547mW/1506mW VDD_SOC 1550mW/1524mW
09-13-2026 13:36:25 RAM 6456/7620MB (lfb 20x1MB) SWAP 625/8192MB (cached 181MB) CPU [0%@1728,0%@1728,100%@1728,0%@1728,0%@729,0%@729] GR3D_FREQ 0% cpu@54.031C soc2@51.531C soc0@52.031C gpu@52.468C tj@54.031C soc1@52.718C VDD_IN 5961mW/5918mW VDD_CPU_GPU_CV 1547mW/1506mW VDD_SOC 1547mW/1524mW
09-13-2026 13:36:25 RAM 6456/7620MB (lfb 20x1MB) SWAP 625/8192MB (cached 181MB) CPU [0%@1728,0%@1728,100%@1728,1%@1728,0%@729,0%@729] GR3D_FREQ 0% cpu@53.875C soc2@51.5C soc0@52C gpu@52.656C tj@53.875C soc1@52.656C VDD_IN 5961mW/5918mW VDD_CPU_GPU_CV 1547mW/1506mW VDD_SOC 1547mW/1525mW
09-13-2026 13:36:26 RAM 6456/7620MB (lfb 20x1MB) SWAP 625/8192MB (cached 181MB) CPU [0%@1728,1%@1728,100%@1728,0%@1728,0%@729,0%@729] GR3D_FREQ 0% cpu@54.093C soc2@51.468C soc0@51.937C gpu@52.531C tj@54.093C soc1@52.843C VDD_IN 5921mW/5918mW VDD_CPU_GPU_CV 1587mW/1507mW VDD_SOC 1507mW/1524mW
09-13-2026 13:36:26 RAM 6456/7620MB (lfb 20x1MB) SWAP 625/8192MB (cached 181MB) CPU [0%@1728,0%@1728,100%@1728,0%@1728,0%@729,0%@729] GR3D_FREQ 0% cpu@53.968C soc2@51.656C soc0@51.875C gpu@52.375C tj@53.968C soc1@52.718C VDD_IN 5921mW/5918mW VDD_CPU_GPU_CV 1587mW/1507mW VDD_SOC 1510mW/1524mW
09-13-2026 13:36:27 RAM 6456/7620MB (lfb 20x1MB) SWAP 625/8192MB (cached 181MB) CPU [0%@1728,0%@1728,100%@1728,0%@1728,0%@729,0%@729] GR3D_FREQ 0% cpu@53.937C soc2@51.531C soc0@52.125C gpu@52.375C tj@53.937C soc1@52.625C VDD_IN 5921mW/5918mW VDD_CPU_GPU_CV 1587mW/1507mW VDD_SOC 1510mW/1524mW
09-13-2026 13:36:27 RAM 6456/7620MB (lfb 20x1MB) SWAP 625/8192MB (cached 181MB) CPU [1%@1728,0%@1728,100%@1728,1%@1728,0%@729,0%@729] GR3D_FREQ 0% cpu@54.156C soc2@51.625C soc0@52.062C gpu@52.406C tj@54.156C soc1@52.656C VDD_IN 5882mW/5918mW VDD_CPU_GPU_CV 1587mW/1508mW VDD_SOC 1510mW/1524mW
09-13-2026 13:36:28 RAM 6456/7620MB (lfb 20x1MB) SWAP 625/8192MB (cached 181MB) CPU [0%@1728,0%@1728,100%@1728,0%@1728,0%@729,0%@729] GR3D_FREQ 0% cpu@53.968C soc2@51.562C soc0@51.968C gpu@52.25C tj@53.968C soc1@52.875C VDD_IN 5842mW/5918mW VDD_CPU_GPU_CV 1626mW/1508mW VDD_SOC 1510mW/1524mW
09-13-2026 13:36:28 RAM 6456/7620MB (lfb 20x1MB) SWAP 625/8192MB (cached 181MB) CPU [1%@1728,0%@1728,100%@1728,1%@1728,1%@729,0%@729] GR3D_FREQ 0% cpu@53.875C soc2@51.562C soc0@51.906C gpu@52.656C tj@53.875C soc1@52.812C VDD_IN 5802mW/5917mW VDD_CPU_GPU_CV 1587mW/1509mW VDD_SOC 1470mW/1524mW
09-13-2026 13:36:29 RAM 6440/7620MB (lfb 20x1MB) SWAP 625/8192MB (cached 181MB) CPU [0%@1728,0%@1728,100%@1728,0%@1728,2%@729,0%@729] GR3D_FREQ 0% cpu@53.843C soc2@51.562C soc0@51.937C gpu@52.531C tj@53.843C soc1@52.718C VDD_IN 6001mW/5918mW VDD_CPU_GPU_CV 1547mW/1509mW VDD_SOC 1547mW/1524mW
09-13-2026 13:36:29 RAM 6447/7620MB (lfb 20x1MB) SWAP 625/8192MB (cached 181MB) CPU [0%@1728,0%@1728,100%@1728,0%@1728,0%@729,0%@729] GR3D_FREQ 0% cpu@53.875C soc2@51.593C soc0@52.062C gpu@52.687C tj@53.875C soc1@52.718C VDD_IN 5961mW/5918mW VDD_CPU_GPU_CV 1547mW/1509mW VDD_SOC 1547mW/1524mW
09-13-2026 13:36:30 RAM 6447/7620MB (lfb 20x1MB) SWAP 625/8192MB (cached 181MB) CPU [0%@1728,0%@1728,100%@1728,0%@1728,1%@729,0%@729] GR3D_FREQ 0% cpu@54.156C soc2@51.593C soc0@51.937C gpu@52.468C tj@54.156C soc1@52.718C VDD_IN 6001mW/5918mW VDD_CPU_GPU_CV 1547mW/1509mW VDD_SOC 1547mW/1524mW
09-13-2026 13:36:30 RAM 6447/7620MB (lfb 20x1MB) SWAP 625/8192MB (cached 181MB) CPU [0%@1728,0%@1728,100%@1728,0%@1728,0%@729,0%@729] GR3D_FREQ 0% cpu@53.968C soc2@51.593C soc0@51.937C gpu@52.437C tj@53.968C soc1@52.906C VDD_IN 5961mW/5918mW VDD_CPU_GPU_CV 1547mW/1509mW VDD_SOC 1547mW/1524mW
09-13-2026 13:36:31 RAM 6447/7620MB (lfb 20x1MB) SWAP 625/8192MB (cached 181MB) CPU [0%@1728,1%@1728,100%@1728,0%@1728,0%@729,0%@729] GR3D_FREQ 0% cpu@53.937C soc2@51.718C soc0@52C gpu@52.343C tj@53.937C soc1@52.875C VDD_IN 5961mW/5919mW VDD_CPU_GPU_CV 1547mW/1510mW VDD_SOC 1507mW/1524mW
09-13-2026 13:36:31 RAM 6447/7620MB (lfb 20x1MB) SWAP 625/8192MB (cached 181MB) CPU [1%@1728,0%@1728,100%@1728,0%@1728,0%@729,0%@729] GR3D_FREQ 0% cpu@54.062C soc2@51.625C soc0@51.937C gpu@52.375C tj@54.062C soc1@52.656C VDD_IN 6001mW/5919mW VDD_CPU_GPU_CV 1547mW/1510mW VDD_SOC 1547mW/1524mW
09-13-2026 13:36:32 RAM 6447/7620MB (lfb 20x1MB) SWAP 625/8192MB (cached 181MB) CPU [0%@1728,0%@1728,100%@1728,1%@1728,0%@729,0%@729] GR3D_FREQ 0% cpu@54.281C soc2@51.625C soc0@52.093C gpu@52.375C tj@54.281C soc1@52.75C VDD_IN 6001mW/5919mW VDD_CPU_GPU_CV 1547mW/1510mW VDD_SOC 1547mW/1524mW
09-13-2026 13:36:32 RAM 6447/7620MB (lfb 20x1MB) SWAP 625/8192MB (cached 181MB) CPU [0%@1728,0%@1728,100%@1728,0%@1728,0%@729,1%@729] GR3D_FREQ 0% cpu@54.062C soc2@51.562C soc0@52.093C gpu@52.718C tj@54.062C soc1@52.75C VDD_IN 5961mW/5920mW VDD_CPU_GPU_CV 1547mW/1510mW VDD_SOC 1507mW/1524mW
09-13-2026 13:36:33 RAM 6447/7620MB (lfb 20x1MB) SWAP 625/8192MB (cached 181MB) CPU [0%@1728,0%@1728,100%@1728,0%@1728,0%@729,0%@729] GR3D_FREQ 0% cpu@54C soc2@51.468C soc0@52.031C gpu@52.5C tj@54C soc1@52.937C VDD_IN 5921mW/5920mW VDD_CPU_GPU_CV 1547mW/1510mW VDD_SOC 1507mW/1524mW
09-13-2026 13:36:33 RAM 6448/7620MB (lfb 20x1MB) SWAP 625/8192MB (cached 181MB) CPU [0%@1728,0%@1728,100%@1728,0%@1728,0%@729,0%@729] GR3D_FREQ 0% cpu@53.968C soc2@51.75C soc0@51.968C gpu@52.687C tj@53.968C soc1@52.875C VDD_IN 5921mW/5920mW VDD_CPU_GPU_CV 1587mW/1511mW VDD_SOC 1507mW/1524mW
09-13-2026 13:36:34 RAM 6448/7620MB (lfb 20x1MB) SWAP 625/8192MB (cached 181MB) CPU [0%@1728,0%@1728,100%@1728,1%@1728,0%@729,0%@729] GR3D_FREQ 0% cpu@54.218C soc2@51.625C soc0@52.125C gpu@52.531C tj@54.218C soc1@52.75C VDD_IN 5921mW/5920mW VDD_CPU_GPU_CV 1587mW/1511mW VDD_SOC 1507mW/1524mW
09-13-2026 13:36:34 RAM 6448/7620MB (lfb 20x1MB) SWAP 625/8192MB (cached 181MB) CPU [0%@1728,0%@1728,100%@1728,1%@1728,0%@729,0%@729] GR3D_FREQ 0% cpu@54.156C soc2@51.687C soc0@52.093C gpu@52.437C tj@54.156C soc1@52.875C VDD_IN 5882mW/5919mW VDD_CPU_GPU_CV 1587mW/1511mW VDD_SOC 1507mW/1524mW
09-13-2026 13:36:35 RAM 6448/7620MB (lfb 20x1MB) SWAP 625/8192MB (cached 181MB) CPU [1%@1728,0%@1728,100%@1728,0%@1728,0%@729,0%@729] GR3D_FREQ 0% cpu@54.156C soc2@51.687C soc0@52.062C gpu@52.406C tj@54.156C soc1@52.968C VDD_IN 5882mW/5919mW VDD_CPU_GPU_CV 1626mW/1512mW VDD_SOC 1510mW/1524mW
09-13-2026 13:36:35 RAM 6450/7620MB (lfb 20x1MB) SWAP 625/8192MB (cached 182MB) CPU [3%@1728,0%@1728,100%@1728,0%@1728,0%@729,2%@729] GR3D_FREQ 0% cpu@54.093C soc2@51.656C soc0@52.031C gpu@52.437C tj@54.093C soc1@52.875C VDD_IN 5882mW/5919mW VDD_CPU_GPU_CV 1626mW/1512mW VDD_SOC 1507mW/1524mW
09-13-2026 13:36:36 RAM 6450/7620MB (lfb 20x1MB) SWAP 625/8192MB (cached 182MB) CPU [0%@1728,0%@1728,100%@1728,0%@1728,1%@729,0%@729] GR3D_FREQ 0% cpu@54.343C soc2@51.781C soc0@52C gpu@52.343C tj@54.343C soc1@52.781C VDD_IN 5961mW/5919mW VDD_CPU_GPU_CV 1547mW/1512mW VDD_SOC 1547mW/1524mW
09-13-2026 13:36:36 RAM 6458/7620MB (lfb 20x1MB) SWAP 625/8192MB (cached 182MB) CPU [0%@1728,0%@1728,100%@1728,1%@1728,0%@729,1%@729] GR3D_FREQ 0% cpu@53.812C soc2@51.687C soc0@52.156C gpu@52.687C tj@53.812C soc1@52.812C VDD_IN 5961mW/5919mW VDD_CPU_GPU_CV 1547mW/1512mW VDD_SOC 1507mW/1524mW
09-13-2026 13:36:37 RAM 6465/7620MB (lfb 7x1MB) SWAP 625/8192MB (cached 182MB) CPU [0%@1728,0%@1728,100%@1728,1%@1728,0%@729,10%@729] GR3D_FREQ 0% cpu@54.25C soc2@51.625C soc0@52.125C gpu@52.468C tj@54.25C soc1@52.843C VDD_IN 6080mW/5920mW VDD_CPU_GPU_CV 1587mW/1513mW VDD_SOC 1547mW/1524mW
09-13-2026 13:36:37 RAM 6466/7620MB (lfb 7x1MB) SWAP 625/8192MB (cached 182MB) CPU [0%@1728,1%@1728,100%@1728,0%@1728,0%@729,1%@729] GR3D_FREQ 0% cpu@53.812C soc2@51.687C soc0@52C gpu@52.687C tj@53.812C soc1@53C VDD_IN 5961mW/5920mW VDD_CPU_GPU_CV 1547mW/1513mW VDD_SOC 1547mW/1524mW
09-13-2026 13:36:38 RAM 6466/7620MB (lfb 7x1MB) SWAP 625/8192MB (cached 182MB) CPU [1%@1728,1%@1728,100%@1728,0%@1728,0%@729,0%@729] GR3D_FREQ 0% cpu@53.968C soc2@51.718C soc0@52C gpu@52.531C tj@53.968C soc1@52.906C VDD_IN 6001mW/5921mW VDD_CPU_GPU_CV 1547mW/1513mW VDD_SOC 1547mW/1524mW
09-13-2026 13:36:38 RAM 6466/7620MB (lfb 7x1MB) SWAP 625/8192MB (cached 182MB) CPU [0%@1728,0%@1728,100%@1728,0%@1728,0%@729,0%@729] GR3D_FREQ 0% cpu@53.937C soc2@51.781C soc0@52.187C gpu@52.468C tj@53.937C soc1@52.843C VDD_IN 5961mW/5921mW VDD_CPU_GPU_CV 1547mW/1513mW VDD_SOC 1547mW/1524mW
09-13-2026 13:36:39 RAM 6466/7620MB (lfb 7x1MB) SWAP 625/8192MB (cached 182MB) CPU [0%@1728,0%@1728,100%@1728,0%@1728,0%@729,0%@729] GR3D_FREQ 0% cpu@54.062C soc2@51.687C soc0@52.218C gpu@52.562C tj@54.062C soc1@52.812C VDD_IN 5961mW/5921mW VDD_CPU_GPU_CV 1547mW/1513mW VDD_SOC 1510mW/1524mW
09-13-2026 13:36:39 RAM 6466/7620MB (lfb 7x1MB) SWAP 625/8192MB (cached 182MB) CPU [1%@1728,1%@1728,100%@1728,0%@1728,0%@729,0%@729] GR3D_FREQ 0% cpu@54.062C soc2@51.687C soc0@52.156C gpu@52.468C tj@54.062C soc1@52.843C VDD_IN 5961mW/5921mW VDD_CPU_GPU_CV 1547mW/1514mW VDD_SOC 1547mW/1524mW
09-13-2026 13:36:40 RAM 6466/7620MB (lfb 7x1MB) SWAP 625/8192MB (cached 182MB) CPU [0%@1728,0%@1728,100%@1728,1%@1728,0%@729,0%@729] GR3D_FREQ 0% cpu@54.093C soc2@51.718C soc0@52.031C gpu@52.406C tj@54.093C soc1@52.968C VDD_IN 6001mW/5921mW VDD_CPU_GPU_CV 1547mW/1514mW VDD_SOC 1547mW/1524mW
09-13-2026 13:36:40 RAM 6466/7620MB (lfb 7x1MB) SWAP 625/8192MB (cached 182MB) CPU [0%@1728,0%@1728,100%@1728,1%@1728,0%@729,0%@729] GR3D_FREQ 0% cpu@54.187C soc2@51.812C soc0@52.093C gpu@52.656C tj@54.187C soc1@52.843C VDD_IN 5961mW/5922mW VDD_CPU_GPU_CV 1587mW/1514mW VDD_SOC 1550mW/1525mW
09-13-2026 13:36:41 RAM 6467/7620MB (lfb 7x1MB) SWAP 625/8192MB (cached 182MB) CPU [5%@1728,8%@1728,100%@1728,2%@1728,7%@729,1%@729] GR3D_FREQ 0% cpu@54.187C soc2@51.843C soc0@52.062C gpu@52.5C tj@54.187C soc1@52.812C VDD_IN 6080mW/5922mW VDD_CPU_GPU_CV 1666mW/1515mW VDD_SOC 1547mW/1525mW
09-13-2026 13:36:41 RAM 6471/7620MB (lfb 7x1MB) SWAP 625/8192MB (cached 182MB) CPU [2%@1728,2%@1728,100%@1728,3%@1728,2%@729,0%@729] GR3D_FREQ 0% cpu@54.343C soc2@51.812C soc0@52.125C gpu@52.656C tj@54.343C soc1@52.843C VDD_IN 6001mW/5923mW VDD_CPU_GPU_CV 1626mW/1515mW VDD_SOC 1507mW/1525mW
09-13-2026 13:36:42 RAM 6471/7620MB (lfb 7x1MB) SWAP 625/8192MB (cached 182MB) CPU [0%@1728,0%@1728,100%@1728,0%@1728,0%@729,0%@729] GR3D_FREQ 0% cpu@54.125C soc2@51.718C soc0@52.062C gpu@52.593C tj@54.125C soc1@53.062C VDD_IN 5921mW/5923mW VDD_CPU_GPU_CV 1626mW/1515mW VDD_SOC 1510mW/1525mW
09-13-2026 13:36:42 RAM 6471/7620MB (lfb 7x1MB) SWAP 625/8192MB (cached 182MB) CPU [0%@1728,0%@1728,100%@1728,0%@1728,0%@729,1%@729] GR3D_FREQ 0% cpu@53.906C soc2@51.687C soc0@52.062C gpu@52.468C tj@53.906C soc1@53C VDD_IN 5842mW/5922mW VDD_CPU_GPU_CV 1626mW/1516mW VDD_SOC 1510mW/1525mW
09-13-2026 13:36:43 RAM 6471/7620MB (lfb 7x1MB) SWAP 625/8192MB (cached 182MB) CPU [0%@1728,1%@1728,100%@1728,0%@1728,0%@729,0%@729] GR3D_FREQ 0% cpu@54.281C soc2@51.687C soc0@51.937C gpu@52.593C tj@54.062C soc1@53C VDD_IN 5842mW/5922mW VDD_CPU_GPU_CV 1587mW/1516mW VDD_SOC 1510mW/1524mW
09-13-2026 13:36:43 RAM 6471/7620MB (lfb 7x1MB) SWAP 625/8192MB (cached 182MB) CPU [1%@1728,0%@1728,100%@1728,0%@1728,0%@729,0%@729] GR3D_FREQ 0% cpu@53.937C soc2@51.781C soc0@52.25C gpu@52.5C tj@53.937C soc1@52.875C VDD_IN 6001mW/5922mW VDD_CPU_GPU_CV 1507mW/1516mW VDD_SOC 1547mW/1525mW
09-13-2026 13:36:44 RAM 6479/7620MB (lfb 7x1MB) SWAP 629/8192MB (cached 182MB) CPU [1%@1728,0%@1728,100%@1728,0%@1728,5%@729,0%@729] GR3D_FREQ 0% cpu@54.218C soc2@51.75C soc0@52.187C gpu@52.843C tj@54.218C soc1@52.906C VDD_IN 6001mW/5923mW VDD_CPU_GPU_CV 1547mW/1516mW VDD_SOC 1547mW/1525mW
09-13-2026 13:36:44 RAM 6481/7620MB (lfb 7x1MB) SWAP 629/8192MB (cached 181MB) CPU [0%@1728,0%@1728,100%@1728,0%@1728,0%@729,0%@729] GR3D_FREQ 0% cpu@54.093C soc2@51.812C soc0@52.187C gpu@52.531C tj@54.093C soc1@53.093C VDD_IN 6001mW/5923mW VDD_CPU_GPU_CV 1547mW/1516mW VDD_SOC 1547mW/1525mW
09-13-2026 13:36:45 RAM 6481/7620MB (lfb 7x1MB) SWAP 629/8192MB (cached 181MB) CPU [0%@1728,1%@1728,100%@1728,1%@1728,0%@729,0%@729] GR3D_FREQ 0% cpu@54C soc2@51.937C soc0@52.156C gpu@52.843C tj@54C soc1@52.937C VDD_IN 6001mW/5923mW VDD_CPU_GPU_CV 1507mW/1516mW VDD_SOC 1547mW/1525mW
09-13-2026 13:36:45 RAM 6484/7620MB (lfb 7x1MB) SWAP 629/8192MB (cached 181MB) CPU [0%@1728,0%@1728,100%@1728,0%@1728,0%@729,0%@729] GR3D_FREQ 0% cpu@54C soc2@51.812C soc0@52.093C gpu@52.75C tj@54C soc1@52.937C VDD_IN 5961mW/5923mW VDD_CPU_GPU_CV 1547mW/1517mW VDD_SOC 1547mW/1525mW
09-13-2026 13:36:46 RAM 6484/7620MB (lfb 7x1MB) SWAP 629/8192MB (cached 181MB) CPU [0%@1728,0%@1728,100%@1728,0%@1728,1%@729,0%@729] GR3D_FREQ 0% cpu@54.093C soc2@51.812C soc0@52.343C gpu@52.625C tj@54.093C soc1@52.875C VDD_IN 6001mW/5924mW VDD_CPU_GPU_CV 1507mW/1516mW VDD_SOC 1547mW/1525mW
09-13-2026 13:36:46 RAM 6484/7620MB (lfb 7x1MB) SWAP 629/8192MB (cached 181MB) CPU [0%@1728,0%@1728,100%@1728,0%@1728,1%@729,0%@729] GR3D_FREQ 0% cpu@54.343C soc2@51.781C soc0@52.218C gpu@52.687C tj@54.343C soc1@52.843C VDD_IN 5961mW/5924mW VDD_CPU_GPU_CV 1547mW/1517mW VDD_SOC 1507mW/1525mW
09-13-2026 13:36:47 RAM 6487/7620MB (lfb 7x1MB) SWAP 629/8192MB (cached 181MB) CPU [1%@1728,0%@1728,100%@1728,1%@1728,0%@729,1%@729] GR3D_FREQ 0% cpu@54.156C soc2@51.781C soc0@52.156C gpu@52.468C tj@54.156C soc1@53.031C VDD_IN 6001mW/5924mW VDD_CPU_GPU_CV 1507mW/1517mW VDD_SOC 1547mW/1525mW
09-13-2026 13:36:47 RAM 6487/7620MB (lfb 7x1MB) SWAP 629/8192MB (cached 181MB) CPU [1%@1728,0%@1728,100%@1728,0%@1728,1%@729,1%@729] GR3D_FREQ 0% cpu@53.875C soc2@51.843C soc0@52.187C gpu@52.531C tj@53.875C soc1@53.031C VDD_IN 5961mW/5924mW VDD_CPU_GPU_CV 1547mW/1517mW VDD_SOC 1507mW/1525mW
09-13-2026 13:36:48 RAM 6487/7620MB (lfb 7x1MB) SWAP 629/8192MB (cached 181MB) CPU [1%@1728,0%@1728,100%@1728,0%@1728,0%@729,0%@729] GR3D_FREQ 0% cpu@54.343C soc2@51.781C soc0@52.281C gpu@52.843C tj@54.343C soc1@53C VDD_IN 6001mW/5925mW VDD_CPU_GPU_CV 1507mW/1517mW VDD_SOC 1547mW/1525mW
09-13-2026 13:36:48 RAM 6487/7620MB (lfb 7x1MB) SWAP 629/8192MB (cached 181MB) CPU [0%@1728,1%@1728,100%@1728,0%@1728,0%@729,0%@729] GR3D_FREQ 0% cpu@54.343C soc2@51.812C soc0@52.281C gpu@52.437C tj@54.343C soc1@52.937C VDD_IN 5961mW/5925mW VDD_CPU_GPU_CV 1507mW/1517mW VDD_SOC 1547mW/1525mW
09-13-2026 13:36:49 RAM 6482/7620MB (lfb 7x1MB) SWAP 634/8192MB (cached 182MB) CPU [1%@1728,4%@1728,100%@1728,0%@1728,6%@729,3%@729] GR3D_FREQ 0% cpu@54.093C soc2@51.75C soc0@52.187C gpu@52.781C tj@54.093C soc1@53.031C VDD_IN 6041mW/5925mW VDD_CPU_GPU_CV 1547mW/1517mW VDD_SOC 1547mW/1525mW
09-13-2026 13:36:49 RAM 6479/7620MB (lfb 7x1MB) SWAP 634/8192MB (cached 182MB) CPU [0%@1728,0%@1728,100%@1728,1%@1728,1%@729,0%@729] GR3D_FREQ 0% cpu@54.218C soc2@51.812C soc0@52.156C gpu@52.687C tj@54.218C soc1@53.062C VDD_IN 6001mW/5925mW VDD_CPU_GPU_CV 1587mW/1517mW VDD_SOC 1547mW/1525mW
09-13-2026 13:36:50 RAM 6479/7620MB (lfb 7x1MB) SWAP 634/8192MB (cached 182MB) CPU [0%@1728,3%@1728,100%@1728,0%@1728,0%@729,0%@729] GR3D_FREQ 0% cpu@54.343C soc2@51.843C soc0@52.125C gpu@52.781C tj@54.343C soc1@52.968C VDD_IN 5961mW/5926mW VDD_CPU_GPU_CV 1547mW/1517mW VDD_SOC 1547mW/1525mW
09-13-2026 13:36:50 RAM 6480/7620MB (lfb 7x1MB) SWAP 634/8192MB (cached 182MB) CPU [3%@1728,3%@1728,100%@1728,1%@1728,0%@729,0%@729] GR3D_FREQ 0% cpu@54.437C soc2@51.843C soc0@52.437C gpu@52.718C tj@54.437C soc1@52.812C VDD_IN 5961mW/5926mW VDD_CPU_GPU_CV 1587mW/1517mW VDD_SOC 1547mW/1525mW
09-13-2026 13:36:51 RAM 6480/7620MB (lfb 7x1MB) SWAP 634/8192MB (cached 182MB) CPU [0%@1728,0%@1728,100%@1728,0%@1728,0%@729,0%@729] GR3D_FREQ 0% cpu@54.281C soc2@51.937C soc0@52.406C gpu@52.687C tj@54.281C soc1@52.906C VDD_IN 5961mW/5926mW VDD_CPU_GPU_CV 1547mW/1517mW VDD_SOC 1547mW/1526mW
09-13-2026 13:36:51 RAM 6480/7620MB (lfb 7x1MB) SWAP 634/8192MB (cached 182MB) CPU [0%@1728,0%@1728,100%@1728,1%@1728,0%@729,0%@729] GR3D_FREQ 0% cpu@54.062C soc2@51.875C soc0@52.25C gpu@52.593C tj@54.218C soc1@53.125C VDD_IN 5921mW/5926mW VDD_CPU_GPU_CV 1587mW/1518mW VDD_SOC 1510mW/1525mW
09-13-2026 13:36:52 RAM 6479/7620MB (lfb 7x1MB) SWAP 634/8192MB (cached 182MB) CPU [0%@1728,1%@1728,100%@1728,0%@1728,0%@729,0%@729] GR3D_FREQ 0% cpu@54.406C soc2@51.937C soc0@52.218C gpu@52.625C tj@54.406C soc1@53C VDD_IN 5921mW/5926mW VDD_CPU_GPU_CV 1587mW/1518mW VDD_SOC 1507mW/1525mW
09-13-2026 13:36:52 RAM 6479/7620MB (lfb 7x1MB) SWAP 634/8192MB (cached 182MB) CPU [0%@1728,0%@1728,100%@1728,0%@1728,1%@729,0%@729] GR3D_FREQ 0% cpu@54.218C soc2@51.937C soc0@52.156C gpu@52.625C tj@54.218C soc1@52.968C VDD_IN 5921mW/5926mW VDD_CPU_GPU_CV 1587mW/1518mW VDD_SOC 1507mW/1525mW
09-13-2026 13:36:53 RAM 6479/7620MB (lfb 7x1MB) SWAP 634/8192MB (cached 182MB) CPU [1%@1728,0%@1728,100%@1728,0%@1728,0%@729,0%@729] GR3D_FREQ 0% cpu@54.125C soc2@51.875C soc0@52.343C gpu@52.812C tj@54.125C soc1@52.906C VDD_IN 5921mW/5926mW VDD_CPU_GPU_CV 1587mW/1519mW VDD_SOC 1510mW/1525mW
09-13-2026 13:36:53 RAM 6479/7620MB (lfb 7x1MB) SWAP 634/8192MB (cached 182MB) CPU [0%@1728,0%@1728,100%@1728,0%@1728,0%@729,0%@729] GR3D_FREQ 0% cpu@54.468C soc2@51.843C soc0@52.281C gpu@52.687C tj@54.468C soc1@52.906C VDD_IN 5961mW/5926mW VDD_CPU_GPU_CV 1587mW/1519mW VDD_SOC 1547mW/1525mW
09-13-2026 13:36:54 RAM 6479/7620MB (lfb 7x1MB) SWAP 634/8192MB (cached 182MB) CPU [0%@1728,1%@1728,100%@1728,1%@1728,0%@729,0%@729] GR3D_FREQ 0% cpu@54.218C soc2@51.937C soc0@52.281C gpu@52.875C tj@54.218C soc1@53.125C VDD_IN 5961mW/5926mW VDD_CPU_GPU_CV 1547mW/1519mW VDD_SOC 1547mW/1525mW
09-13-2026 13:36:54 RAM 6479/7620MB (lfb 7x1MB) SWAP 634/8192MB (cached 182MB) CPU [0%@1728,0%@1728,100%@1728,0%@1728,0%@729,4%@729] GR3D_FREQ 0% cpu@54.25C soc2@51.968C soc0@52.218C gpu@52.718C tj@54.25C soc1@53.031C VDD_IN 6041mW/5926mW VDD_CPU_GPU_CV 1547mW/1519mW VDD_SOC 1547mW/1525mW
09-13-2026 13:36:55 RAM 6479/7620MB (lfb 7x1MB) SWAP 634/8192MB (cached 182MB) CPU [0%@1728,1%@1728,100%@1728,1%@1728,1%@729,0%@729] GR3D_FREQ 0% cpu@53.968C soc2@51.812C soc0@52.187C gpu@52.656C tj@53.968C soc1@53.031C VDD_IN 5961mW/5927mW VDD_CPU_GPU_CV 1547mW/1519mW VDD_SOC 1507mW/1525mW
09-13-2026 13:36:55 RAM 6479/7620MB (lfb 7x1MB) SWAP 634/8192MB (cached 182MB) CPU [1%@1728,0%@1728,100%@1728,0%@1728,0%@729,0%@729] GR3D_FREQ 0% cpu@54.343C soc2@51.937C soc0@52.343C gpu@52.593C tj@54.343C soc1@52.906C VDD_IN 6001mW/5927mW VDD_CPU_GPU_CV 1547mW/1519mW VDD_SOC 1547mW/1526mW
09-13-2026 13:36:56 RAM 6479/7620MB (lfb 7x1MB) SWAP 634/8192MB (cached 182MB) CPU [1%@1728,0%@1728,100%@1728,1%@1728,0%@729,0%@729] GR3D_FREQ 0% cpu@54.343C soc2@51.937C soc0@52.375C gpu@52.656C tj@54.343C soc1@53C VDD_IN 5961mW/5927mW VDD_CPU_GPU_CV 1547mW/1519mW VDD_SOC 1547mW/1526mW
09-13-2026 13:36:56 RAM 6479/7620MB (lfb 7x1MB) SWAP 634/8192MB (cached 182MB) CPU [1%@1728,0%@1728,100%@1728,0%@1728,0%@729,0%@729] GR3D_FREQ 0% cpu@54.093C soc2@51.906C soc0@52.25C gpu@52.593C tj@54.093C soc1@53.125C VDD_IN 5961mW/5927mW VDD_CPU_GPU_CV 1547mW/1519mW VDD_SOC 1507mW/1526mW
09-13-2026 13:36:57 RAM 6479/7620MB (lfb 7x1MB) SWAP 634/8192MB (cached 182MB) CPU [1%@1728,0%@1728,100%@1728,0%@1728,0%@729,0%@729] GR3D_FREQ 0% cpu@54.375C soc2@51.968C soc0@52.218C gpu@52.812C tj@54.375C soc1@53.125C VDD_IN 5961mW/5927mW VDD_CPU_GPU_CV 1547mW/1519mW VDD_SOC 1547mW/1526mW
09-13-2026 13:36:57 RAM 6479/7620MB (lfb 7x1MB) SWAP 634/8192MB (cached 182MB) CPU [0%@1728,0%@1728,100%@1728,1%@1728,0%@729,0%@729] GR3D_FREQ 0% cpu@54.406C soc2@51.968C soc0@52.406C gpu@52.75C tj@54.406C soc1@53C VDD_IN 5961mW/5927mW VDD_CPU_GPU_CV 1587mW/1520mW VDD_SOC 1547mW/1526mW
09-13-2026 13:36:58 RAM 6479/7620MB (lfb 7x1MB) SWAP 634/8192MB (cached 182MB) CPU [0%@1728,0%@1728,100%@1728,0%@1728,0%@729,0%@729] GR3D_FREQ 0% cpu@54.156C soc2@51.843C soc0@52.343C gpu@52.812C tj@54.156C soc1@53.031C VDD_IN 5921mW/5927mW VDD_CPU_GPU_CV 1587mW/1520mW VDD_SOC 1510mW/1526mW
09-13-2026 13:36:58 RAM 6479/7620MB (lfb 7x1MB) SWAP 634/8192MB (cached 182MB) CPU [0%@1728,0%@1728,100%@1728,0%@1728,0%@729,1%@729] GR3D_FREQ 0% cpu@54.218C soc2@51.937C soc0@52.25C gpu@52.718C tj@54.218C soc1@53.156C VDD_IN 5921mW/5927mW VDD_CPU_GPU_CV 1587mW/1520mW VDD_SOC 1510mW/1526mW
09-13-2026 13:36:59 RAM 6479/7620MB (lfb 7x1MB) SWAP 634/8192MB (cached 182MB) CPU [0%@1728,0%@1728,100%@1728,0%@1728,0%@729,0%@729] GR3D_FREQ 0% cpu@54.406C soc2@52C soc0@52.218C gpu@52.687C tj@54.406C soc1@53.125C VDD_IN 5921mW/5927mW VDD_CPU_GPU_CV 1587mW/1520mW VDD_SOC 1510mW/1526mW
09-13-2026 13:36:59 RAM 6479/7620MB (lfb 7x1MB) SWAP 634/8192MB (cached 182MB) CPU [0%@1728,0%@1728,100%@1728,0%@1728,0%@729,1%@729] GR3D_FREQ 0% cpu@54.5C soc2@51.937C soc0@52.375C gpu@52.625C tj@54.5C soc1@53.062C VDD_IN 5882mW/5927mW VDD_CPU_GPU_CV 1626mW/1521mW VDD_SOC 1510mW/1525mW
09-13-2026 13:37:00 RAM 6479/7620MB (lfb 7x1MB) SWAP 634/8192MB (cached 182MB) CPU [0%@1728,0%@1728,100%@1728,0%@1728,0%@729,0%@729] GR3D_FREQ 0% cpu@54.5C soc2@51.937C soc0@52.343C gpu@52.687C tj@54.343C soc1@53C VDD_IN 5842mW/5927mW VDD_CPU_GPU_CV 1626mW/1521mW VDD_SOC 1470mW/1525mW
09-13-2026 13:37:00 RAM 6482/7620MB (lfb 7x1MB) SWAP 650/8192MB (cached 182MB) CPU [22%@1728,16%@1728,57%@1728,4%@1728,19%@729,1%@729] GR3D_FREQ 91% cpu@53.812C soc2@52C soc0@52.375C gpu@52.937C tj@53.812C soc1@53.031C VDD_IN 7221mW/5931mW VDD_CPU_GPU_CV 1980mW/1523mW VDD_SOC 1822mW/1526mW
09-13-2026 13:37:01 RAM 6481/7620MB (lfb 7x1MB) SWAP 650/8192MB (cached 182MB) CPU [2%@1728,90%@1728,5%@1728,3%@1728,2%@729,1%@729] GR3D_FREQ 0% cpu@53.875C soc2@52C soc0@52.375C gpu@52.875C tj@53.875C soc1@53.25C VDD_IN 6864mW/5935mW VDD_CPU_GPU_CV 1901mW/1524mW VDD_SOC 1706mW/1527mW
09-13-2026 13:37:01 RAM 6481/7620MB (lfb 7x1MB) SWAP 650/8192MB (cached 182MB) CPU [0%@1728,100%@1728,1%@1728,0%@1728,0%@729,0%@729] GR3D_FREQ 0% cpu@53.843C soc2@52.093C soc0@52.375C gpu@53.031C tj@53.875C soc1@53.125C VDD_IN 6200mW/5936mW VDD_CPU_GPU_CV 1666mW/1525mW VDD_SOC 1547mW/1527mW
09-13-2026 13:37:02 RAM 6481/7620MB (lfb 7x1MB) SWAP 650/8192MB (cached 182MB) CPU [0%@1728,100%@1728,0%@1728,1%@1728,0%@729,0%@729] GR3D_FREQ 0% cpu@53.687C soc2@52.093C soc0@52.312C gpu@52.875C tj@53.687C soc1@53.125C VDD_IN 6041mW/5936mW VDD_CPU_GPU_CV 1626mW/1525mW VDD_SOC 1507mW/1527mW
09-13-2026 13:37:03 RAM 6481/7620MB (lfb 7x1MB) SWAP 650/8192MB (cached 182MB) CPU [0%@1728,100%@1728,1%@1728,0%@1728,0%@729,0%@729] GR3D_FREQ 0% cpu@54C soc2@52.062C soc0@52.5C gpu@52.718C tj@54C soc1@53.125C VDD_IN 5961mW/5936mW VDD_CPU_GPU_CV 1587mW/1525mW VDD_SOC 1507mW/1527mW
09-13-2026 13:37:03 RAM 6481/7620MB (lfb 7x1MB) SWAP 650/8192MB (cached 182MB) CPU [1%@1728,100%@1728,0%@1728,3%@1728,0%@729,0%@729] GR3D_FREQ 0% cpu@53.781C soc2@52C soc0@52.375C gpu@52.75C tj@54C soc1@53.125C VDD_IN 5961mW/5936mW VDD_CPU_GPU_CV 1587mW/1525mW VDD_SOC 1510mW/1527mW
09-13-2026 13:37:04 RAM 6481/7620MB (lfb 7x1MB) SWAP 650/8192MB (cached 182MB) CPU [0%@1728,100%@1728,0%@1728,0%@1728,0%@729,0%@729] GR3D_FREQ 0% cpu@53.843C soc2@51.968C soc0@52.343C gpu@52.625C tj@53.843C soc1@53.187C VDD_IN 5961mW/5936mW VDD_CPU_GPU_CV 1587mW/1526mW VDD_SOC 1507mW/1527mW
09-13-2026 13:37:04 RAM 6481/7620MB (lfb 7x1MB) SWAP 650/8192MB (cached 182MB) CPU [0%@1728,100%@1728,0%@1728,0%@1728,1%@729,0%@729] GR3D_FREQ 0% cpu@53.843C soc2@52.031C soc0@52.406C gpu@52.687C tj@53.843C soc1@53.156C VDD_IN 5961mW/5936mW VDD_CPU_GPU_CV 1587mW/1526mW VDD_SOC 1507mW/1527mW
09-13-2026 13:37:05 RAM 6483/7620MB (lfb 7x1MB) SWAP 650/8192MB (cached 182MB) CPU [17%@1113,56%@1113,22%@1113,2%@1113,4%@729,1%@729] GR3D_FREQ 0% cpu@53.875C soc2@52C soc0@52.375C gpu@52.968C tj@53.875C soc1@53.25C VDD_IN 5603mW/5935mW VDD_CPU_GPU_CV 1269mW/1525mW VDD_SOC 1510mW/1527mW
09-13-2026 13:37:05 RAM 6482/7620MB (lfb 7x1MB) SWAP 657/8192MB (cached 181MB) CPU [24%@1728,62%@1728,12%@1728,2%@1728,1%@729,4%@729] GR3D_FREQ 0% cpu@53.875C soc2@51.937C soc0@52.5C gpu@52.656C tj@53.875C soc1@53.093C VDD_IN 5484mW/5934mW VDD_CPU_GPU_CV 1190mW/1524mW VDD_SOC 1510mW/1527mW
09-13-2026 13:37:06 RAM 6484/7620MB (lfb 7x1MB) SWAP 657/8192MB (cached 181MB) CPU [4%@1728,49%@1728,0%@1728,48%@1728,0%@729,1%@729] GR3D_FREQ 0% cpu@53.562C soc2@51.875C soc0@52.343C gpu@52.843C tj@53.562C soc1@53.125C VDD_IN 5405mW/5932mW VDD_CPU_GPU_CV 1150mW/1523mW VDD_SOC 1470mW/1526mW
09-13-2026 13:37:06 RAM 6485/7620MB (lfb 7x1MB) SWAP 657/8192MB (cached 181MB) CPU [28%@1728,16%@1728,5%@1728,50%@1728,0%@729,1%@729] GR3D_FREQ 0% cpu@53.75C soc2@51.843C soc0@52.406C gpu@52.531C tj@53.75C soc1@53.375C VDD_IN 5365mW/5930mW VDD_CPU_GPU_CV 1111mW/1521mW VDD_SOC 1470mW/1526mW
09-13-2026 13:37:07 RAM 6493/7620MB (lfb 7x1MB) SWAP 657/8192MB (cached 181MB) CPU [5%@1267,34%@1267,17%@1267,48%@1267,4%@729,1%@729] GR3D_FREQ 0% cpu@53.593C soc2@51.875C soc0@52.406C gpu@52.843C tj@53.593C soc1@53.156C VDD_IN 5405mW/5928mW VDD_CPU_GPU_CV 1150mW/1520mW VDD_SOC 1470mW/1526mW
09-13-2026 13:37:07 RAM 6491/7620MB (lfb 7x1MB) SWAP 657/8192MB (cached 181MB) CPU [20%@1728,14%@1728,4%@1728,60%@1728,3%@729,0%@729] GR3D_FREQ 0% cpu@53.687C soc2@51.843C soc0@52.312C gpu@52.625C tj@53.687C soc1@53.125C VDD_IN 5444mW/5926mW VDD_CPU_GPU_CV 1190mW/1519mW VDD_SOC 1470mW/1526mW
09-13-2026 13:37:08 RAM 6487/7620MB (lfb 7x1MB) SWAP 657/8192MB (cached 181MB) CPU [22%@1728,21%@1728,1%@1728,52%@1728,1%@729,1%@729] GR3D_FREQ 0% cpu@53.781C soc2@51.875C soc0@52.406C gpu@52.875C tj@53.718C soc1@53.125C VDD_IN 5524mW/5925mW VDD_CPU_GPU_CV 1269mW/1518mW VDD_SOC 1470mW/1526mW
09-13-2026 13:37:08 RAM 6493/7620MB (lfb 7x1MB) SWAP 657/8192MB (cached 181MB) CPU [3%@1420,12%@1420,35%@1728,54%@1728,0%@729,0%@729] GR3D_FREQ 0% cpu@53.937C soc2@51.812C soc0@52.437C gpu@52.687C tj@53.937C soc1@53.031C VDD_IN 5484mW/5924mW VDD_CPU_GPU_CV 1230mW/1517mW VDD_SOC 1470mW/1525mW
09-13-2026 13:37:09 RAM 6488/7620MB (lfb 7x1MB) SWAP 657/8192MB (cached 181MB) CPU [5%@1728,0%@1728,52%@1728,39%@1728,0%@729,0%@729] GR3D_FREQ 61% cpu@53.843C soc2@51.937C soc0@52.312C gpu@53.312C tj@53.843C soc1@53.281C VDD_IN 6229mW/5925mW VDD_CPU_GPU_CV 1507mW/1517mW VDD_SOC 1666mW/1526mW
09-13-2026 13:37:09 RAM 6488/7620MB (lfb 7x1MB) SWAP 657/8192MB (cached 181MB) CPU [3%@1728,0%@1728,72%@1728,0%@1728,0%@729,1%@729] GR3D_FREQ 27% cpu@54.031C soc2@52.031C soc0@52.343C gpu@53.156C tj@54.031C soc1@53.125C VDD_IN 7962mW/5931mW VDD_CPU_GPU_CV 2135mW/1519mW VDD_SOC 2060mW/1528mW
09-13-2026 13:37:10 RAM 6482/7620MB (lfb 7x1MB) SWAP 657/8192MB (cached 181MB) CPU [1%@1036,0%@1036,68%@1036,0%@1036,1%@729,0%@729] GR3D_FREQ 99% cpu@53.875C soc2@52.343C soc0@52.437C gpu@53.656C tj@53.875C soc1@53.218C VDD_IN 9413mW/5943mW VDD_CPU_GPU_CV 2877mW/1524mW VDD_SOC 2290mW/1530mW
09-13-2026 13:37:10 RAM 6482/7620MB (lfb 7x1MB) SWAP 657/8192MB (cached 181MB) CPU [0%@1728,1%@1728,100%@1728,0%@1728,0%@729,0%@729] GR3D_FREQ 0% cpu@54.687C soc2@52.187C soc0@52.375C gpu@53.062C tj@54.687C soc1@53.187C VDD_IN 7328mW/5948mW VDD_CPU_GPU_CV 2175mW/1526mW VDD_SOC 1822mW/1531mW
09-13-2026 13:37:11 RAM 6483/7620MB (lfb 7x1MB) SWAP 657/8192MB (cached 181MB) CPU [0%@1728,0%@1728,100%@1728,0%@1728,0%@729,0%@729] GR3D_FREQ 0% cpu@54.375C soc2@52.187C soc0@52.562C gpu@52.906C tj@54.375C soc1@53.156C VDD_IN 6348mW/5949mW VDD_CPU_GPU_CV 1743mW/1526mW VDD_SOC 1587mW/1531mW
09-13-2026 13:37:11 RAM 6485/7620MB (lfb 7x1MB) SWAP 657/8192MB (cached 181MB) CPU [0%@1728,0%@1728,100%@1728,0%@1728,0%@729,1%@729] GR3D_FREQ 0% cpu@54.562C soc2@52.093C soc0@52.5C gpu@52.843C tj@54.562C soc1@53.125C VDD_IN 6080mW/5949mW VDD_CPU_GPU_CV 1626mW/1527mW VDD_SOC 1547mW/1531mW
09-13-2026 13:37:12 RAM 6479/7620MB (lfb 7x1MB) SWAP 666/8192MB (cached 182MB) CPU [0%@1728,0%@1728,98%@1728,0%@1728,0%@729,6%@729] GR3D_FREQ 0% cpu@54.343C soc2@52.156C soc0@52.437C gpu@53.062C tj@54.343C soc1@53.312C VDD_IN 6864mW/5952mW VDD_CPU_GPU_CV 2139mW/1529mW VDD_SOC 1626mW/1532mW
09-13-2026 13:37:12 RAM 6479/7620MB (lfb 7x1MB) SWAP 666/8192MB (cached 182MB) CPU [0%@1728,1%@1728,100%@1728,0%@1728,0%@729,0%@729] GR3D_FREQ 0% cpu@54.406C soc2@52.218C soc0@52.406C gpu@52.812C tj@54.406C soc1@53.343C VDD_IN 6200mW/5953mW VDD_CPU_GPU_CV 1743mW/1529mW VDD_SOC 1547mW/1532mW
09-13-2026 13:37:13 RAM 6481/7620MB (lfb 7x1MB) SWAP 666/8192MB (cached 182MB) CPU [1%@1728,0%@1728,100%@1728,1%@1728,0%@729,0%@729] GR3D_FREQ 0% cpu@54.406C soc2@52.125C soc0@52.562C gpu@53.093C tj@54.406C soc1@53.218C VDD_IN 6041mW/5953mW VDD_CPU_GPU_CV 1626mW/1530mW VDD_SOC 1507mW/1532mW
09-13-2026 13:37:13 RAM 6482/7620MB (lfb 7x1MB) SWAP 666/8192MB (cached 182MB) CPU [1%@1728,0%@1728,100%@1728,0%@1728,0%@729,0%@729] GR3D_FREQ 0% cpu@54.562C soc2@52.125C soc0@52.531C gpu@52.937C tj@54.562C soc1@53.218C VDD_IN 5961mW/5953mW VDD_CPU_GPU_CV 1587mW/1530mW VDD_SOC 1507mW/1532mW
09-13-2026 13:37:14 RAM 6482/7620MB (lfb 7x1MB) SWAP 666/8192MB (cached 182MB) CPU [0%@1728,0%@1728,100%@1728,0%@1728,7%@729,0%@729] GR3D_FREQ 0% cpu@54.5C soc2@52.125C soc0@52.437C gpu@53.062C tj@54.5C soc1@53.406C VDD_IN 6001mW/5954mW VDD_CPU_GPU_CV 1626mW/1530mW VDD_SOC 1507mW/1532mW
09-13-2026 13:37:14 RAM 6483/7620MB (lfb 7x1MB) SWAP 666/8192MB (cached 182MB) CPU [0%@1728,0%@1728,100%@1728,0%@1728,0%@729,0%@729] GR3D_FREQ 0% cpu@54.406C soc2@52.062C soc0@52.343C gpu@52.937C tj@54.406C soc1@53.281C VDD_IN 5961mW/5954mW VDD_CPU_GPU_CV 1587mW/1530mW VDD_SOC 1507mW/1531mW
09-13-2026 13:37:15 RAM 6483/7620MB (lfb 7x1MB) SWAP 666/8192MB (cached 182MB) CPU [0%@1728,1%@1728,100%@1728,0%@1728,0%@729,0%@729] GR3D_FREQ 0% cpu@54.343C soc2@52.125C soc0@52.5C gpu@52.906C tj@54.343C soc1@53.25C VDD_IN 5961mW/5954mW VDD_CPU_GPU_CV 1587mW/1531mW VDD_SOC 1507mW/1531mW
09-13-2026 13:37:15 RAM 6485/7620MB (lfb 7x1MB) SWAP 666/8192MB (cached 182MB) CPU [11%@1728,6%@1728,56%@1728,8%@1728,1%@729,0%@729] GR3D_FREQ 99% cpu@53.687C soc2@52.125C soc0@52.562C gpu@53.093C tj@53.687C soc1@53.187C VDD_IN 6785mW/5956mW VDD_CPU_GPU_CV 1782mW/1531mW VDD_SOC 1745mW/1532mW
09-13-2026 13:37:16 RAM 6485/7620MB (lfb 7x1MB) SWAP 666/8192MB (cached 182MB) CPU [0%@1728,0%@1728,82%@1728,0%@1728,0%@729,0%@729] GR3D_FREQ 0% cpu@54.562C soc2@52.218C soc0@52.531C gpu@53.156C tj@54.562C soc1@53.156C VDD_IN 7843mW/5962mW VDD_CPU_GPU_CV 2175mW/1533mW VDD_SOC 2020mW/1534mW
09-13-2026 13:37:16 RAM 6485/7620MB (lfb 7x1MB) SWAP 666/8192MB (cached 182MB) CPU [0%@1574,1%@1574,69%@1574,0%@1574,0%@729,0%@729] GR3D_FREQ 0% cpu@54.593C soc2@52.5C soc0@52.656C gpu@53.718C tj@54.593C soc1@53.531C VDD_IN 10582mW/5977mW VDD_CPU_GPU_CV 3148mW/1539mW VDD_SOC 2956mW/1538mW
09-13-2026 13:37:17 RAM 6478/7620MB (lfb 7x1MB) SWAP 669/8192MB (cached 182MB) CPU [1%@1728,0%@1728,100%@1728,0%@1728,2%@729,0%@729] GR3D_FREQ 1% cpu@54.593C soc2@52.562C soc0@52.593C gpu@53.468C tj@54.593C soc1@53.468C VDD_IN 8279mW/5984mW VDD_CPU_GPU_CV 2645mW/1542mW VDD_SOC 2096mW/1540mW
09-13-2026 13:37:17 RAM 6472/7620MB (lfb 7x1MB) SWAP 677/8192MB (cached 182MB) CPU [2%@1728,1%@1728,100%@1728,1%@1728,7%@1728,0%@1728] GR3D_FREQ 0% cpu@54.625C soc2@52.375C soc0@52.687C gpu@53.687C tj@54.625C soc1@53.375C VDD_IN 7804mW/5990mW VDD_CPU_GPU_CV 2610mW/1545mW VDD_SOC 1861mW/1541mW
09-13-2026 13:37:18 RAM 6466/7620MB (lfb 7x1MB) SWAP 685/8192MB (cached 182MB) CPU [0%@1728,0%@1728,98%@1728,1%@1728,6%@729,0%@729] GR3D_FREQ 99% cpu@54.875C soc2@52.437C soc0@52.718C gpu@53.656C tj@54.875C soc1@53.312C VDD_IN 7606mW/5995mW VDD_CPU_GPU_CV 2531mW/1549mW VDD_SOC 1782mW/1542mW
09-13-2026 13:37:18 RAM 6468/7620MB (lfb 7x1MB) SWAP 685/8192MB (cached 182MB) CPU [0%@1728,0%@1728,100%@1728,0%@1728,3%@729,1%@729] GR3D_FREQ 15% cpu@54.656C soc2@52.406C soc0@52.656C gpu@53.343C tj@54.656C soc1@53.406C VDD_IN 7340mW/5999mW VDD_CPU_GPU_CV 2412mW/1551mW VDD_SOC 1703mW/1542mW
09-13-2026 13:37:19 RAM 6470/7620MB (lfb 7x1MB) SWAP 685/8192MB (cached 182MB) CPU [0%@1728,0%@1728,98%@1728,0%@1728,0%@729,1%@729] GR3D_FREQ 0% cpu@54.656C soc2@52.406C soc0@52.656C gpu@53.375C tj@54.656C soc1@53.562C VDD_IN 7487mW/6004mW VDD_CPU_GPU_CV 2491mW/1554mW VDD_SOC 1743mW/1543mW
09-13-2026 13:37:19 RAM 6470/7620MB (lfb 7x1MB) SWAP 685/8192MB (cached 182MB) CPU [2%@1728,1%@1728,98%@1728,4%@1728,11%@729,13%@729] GR3D_FREQ 99% cpu@54.75C soc2@52.468C soc0@52.593C gpu@53.656C tj@54.75C soc1@53.437C VDD_IN 7527mW/6009mW VDD_CPU_GPU_CV 2531mW/1557mW VDD_SOC 1743mW/1543mW
09-13-2026 13:37:20 RAM 6463/7620MB (lfb 7x1MB) SWAP 692/8192MB (cached 182MB) CPU [3%@1728,14%@1728,98%@1728,0%@1728,0%@729,0%@729] GR3D_FREQ 24% cpu@54.75C soc2@52.406C soc0@52.718C gpu@53.25C tj@54.75C soc1@53.5C VDD_IN 7301mW/6013mW VDD_CPU_GPU_CV 2412mW/1560mW VDD_SOC 1703mW/1544mW
09-13-2026 13:37:20 RAM 6465/7620MB (lfb 7x1MB) SWAP 692/8192MB (cached 182MB) CPU [1%@1728,1%@1728,100%@1728,1%@1728,0%@729,0%@729] GR3D_FREQ 0% cpu@54.843C soc2@52.593C soc0@52.781C gpu@53.781C tj@54.843C soc1@53.437C VDD_IN 7487mW/6017mW VDD_CPU_GPU_CV 2531mW/1563mW VDD_SOC 1743mW/1545mW
09-13-2026 13:37:21 RAM 6467/7620MB (lfb 7x1MB) SWAP 692/8192MB (cached 182MB) CPU [1%@1728,0%@1728,98%@1728,0%@1728,0%@729,0%@729] GR3D_FREQ 0% cpu@54.875C soc2@52.5C soc0@52.812C gpu@53.437C tj@54.875C soc1@53.687C VDD_IN 7102mW/6021mW VDD_CPU_GPU_CV 2294mW/1565mW VDD_SOC 1663mW/1545mW
09-13-2026 13:37:21 RAM 6468/7620MB (lfb 7x1MB) SWAP 692/8192MB (cached 182MB) CPU [0%@1728,0%@1728,100%@1728,1%@1728,0%@729,0%@729] GR3D_FREQ 0% cpu@54.906C soc2@52.437C soc0@52.781C gpu@53.531C tj@54.906C soc1@53.593C VDD_IN 6269mW/6022mW VDD_CPU_GPU_CV 1782mW/1566mW VDD_SOC 1547mW/1545mW
09-13-2026 13:37:22 RAM 6475/7620MB (lfb 7x1MB) SWAP 692/8192MB (cached 182MB) CPU [12%@1036,8%@1036,52%@1036,2%@1036,23%@729,0%@729] GR3D_FREQ 88% cpu@54.218C soc2@52.531C soc0@52.656C gpu@53.5C tj@54.218C soc1@53.437C VDD_IN 6200mW/6022mW VDD_CPU_GPU_CV 1626mW/1566mW VDD_SOC 1587mW/1545mW
09-13-2026 13:37:22 RAM 6472/7620MB (lfb 5x1MB) SWAP 694/8192MB (cached 183MB) CPU [2%@1728,1%@1728,68%@1728,1%@1728,1%@729,0%@729] GR3D_FREQ 0% cpu@54.281C soc2@52.406C soc0@52.781C gpu@53.218C tj@54.281C soc1@53.5C VDD_IN 6824mW/6025mW VDD_CPU_GPU_CV 1743mW/1567mW VDD_SOC 1785mW/1546mW
09-13-2026 13:37:23 RAM 6479/7620MB (lfb 4x1MB) SWAP 694/8192MB (cached 183MB) CPU [0%@1728,0%@1728,100%@1728,0%@1728,6%@729,0%@729] GR3D_FREQ 0% cpu@54.562C soc2@52.375C soc0@52.906C gpu@53.25C tj@54.562C soc1@53.468C VDD_IN 6200mW/6025mW VDD_CPU_GPU_CV 1428mW/1566mW VDD_SOC 1666mW/1546mW
09-13-2026 13:37:23 RAM 6479/7620MB (lfb 4x1MB) SWAP 694/8192MB (cached 183MB) CPU [1%@1728,0%@1728,100%@1728,0%@1728,0%@729,0%@729] GR3D_FREQ 0% cpu@54.218C soc2@52.375C soc0@52.687C gpu@53.156C tj@54.218C soc1@53.437C VDD_IN 5802mW/6024mW VDD_CPU_GPU_CV 1230mW/1565mW VDD_SOC 1589mW/1546mW
09-13-2026 13:37:24 RAM 6582/7620MB (lfb 22x512kB) SWAP 751/8192MB (cached 177MB) CPU [4%@1728,21%@1728,100%@1728,1%@1728,8%@1728,0%@1728] GR3D_FREQ 0% cpu@54.593C soc2@52.531C soc0@52.718C gpu@53.031C tj@54.687C soc1@53.593C VDD_IN 6080mW/6025mW VDD_CPU_GPU_CV 1507mW/1565mW VDD_SOC 1587mW/1546mW
09-13-2026 13:37:24 RAM 6676/7620MB (lfb 22x512kB) SWAP 754/8192MB (cached 174MB) CPU [5%@1728,0%@1728,14%@1728,87%@1728,2%@729,0%@729] GR3D_FREQ 0% cpu@54.031C soc2@52.406C soc0@52.75C gpu@53.125C tj@54.031C soc1@53.562C VDD_IN 5882mW/6024mW VDD_CPU_GPU_CV 1309mW/1564mW VDD_SOC 1589mW/1547mW
09-13-2026 13:37:25 RAM 6682/7620MB (lfb 5x2MB) SWAP 754/8192MB (cached 174MB) CPU [0%@1728,0%@1728,0%@1728,100%@1728,40%@729,0%@729] GR3D_FREQ 0% cpu@54.218C soc2@52.406C soc0@52.843C gpu@52.968C tj@54.218C soc1@53.562C VDD_IN 5961mW/6024mW VDD_CPU_GPU_CV 1349mW/1564mW VDD_SOC 1587mW/1547mW
09-13-2026 13:37:25 RAM 6687/7620MB (lfb 4x2MB) SWAP 754/8192MB (cached 174MB) CPU [0%@1728,0%@1728,1%@1728,96%@1728,1%@729,0%@729] GR3D_FREQ 20% cpu@54.375C soc2@52.437C soc0@52.843C gpu@53.437C tj@54.375C soc1@53.562C VDD_IN 6080mW/6024mW VDD_CPU_GPU_CV 1468mW/1563mW VDD_SOC 1587mW/1547mW
09-13-2026 13:37:26 RAM 6726/7620MB (lfb 1x2MB) SWAP 754/8192MB (cached 174MB) CPU [0%@1728,1%@1728,0%@1728,100%@1728,1%@729,0%@729] GR3D_FREQ 0% cpu@54.343C soc2@52.343C soc0@52.687C gpu@53.218C tj@54.343C soc1@53.625C VDD_IN 6160mW/6025mW VDD_CPU_GPU_CV 1468mW/1563mW VDD_SOC 1626mW/1547mW
09-13-2026 13:37:26 RAM 6726/7620MB (lfb 1x2MB) SWAP 754/8192MB (cached 174MB) CPU [0%@1728,0%@1728,0%@1728,100%@1728,0%@729,0%@729] GR3D_FREQ 0% cpu@54.062C soc2@52.343C soc0@52.718C gpu@53.343C tj@54.062C soc1@53.531C VDD_IN 5921mW/6024mW VDD_CPU_GPU_CV 1309mW/1562mW VDD_SOC 1589mW/1547mW
09-13-2026 13:37:27 RAM 6729/7620MB (lfb 1x2MB) SWAP 754/8192MB (cached 174MB) CPU [0%@1728,0%@1728,0%@1728,98%@1728,0%@729,0%@729] GR3D_FREQ 62% cpu@54.406C soc2@52.406C soc0@52.687C gpu@53.468C tj@54.406C soc1@53.562C VDD_IN 6160mW/6025mW VDD_CPU_GPU_CV 1468mW/1562mW VDD_SOC 1626mW/1547mW
09-13-2026 13:37:27 RAM 6729/7620MB (lfb 1x2MB) SWAP 754/8192MB (cached 174MB) CPU [0%@1728,0%@1728,0%@1728,100%@1728,0%@729,0%@729] GR3D_FREQ 0% cpu@54.218C soc2@52.343C soc0@52.781C gpu@53.093C tj@54.218C soc1@53.531C VDD_IN 5961mW/6025mW VDD_CPU_GPU_CV 1309mW/1561mW VDD_SOC 1589mW/1548mW
09-13-2026 13:37:28 RAM 6729/7620MB (lfb 1x2MB) SWAP 754/8192MB (cached 174MB) CPU [1%@1728,0%@1728,1%@1728,100%@1728,0%@729,0%@729] GR3D_FREQ 0% cpu@54.25C soc2@52.312C soc0@52.75C gpu@52.968C tj@54.25C soc1@53.5C VDD_IN 5762mW/6024mW VDD_CPU_GPU_CV 1230mW/1560mW VDD_SOC 1550mW/1548mW
09-13-2026 13:37:28 RAM 6761/7620MB (lfb 2x2MB) SWAP 758/8192MB (cached 174MB) CPU [30%@1728,9%@1728,8%@1728,72%@1728,6%@729,13%@729] GR3D_FREQ 0% cpu@54.343C soc2@52.437C soc0@52.75C gpu@53.093C tj@54.343C soc1@53.687C VDD_IN 5921mW/6023mW VDD_CPU_GPU_CV 1428mW/1560mW VDD_SOC 1547mW/1548mW
09-13-2026 13:37:29 RAM 6879/7620MB (lfb 1x2MB) SWAP 809/8192MB (cached 157MB) CPU [3%@1728,0%@1728,9%@1728,93%@1728,32%@1036,22%@1036] GR3D_FREQ 0% cpu@54.343C soc2@52.5C soc0@52.75C gpu@53.062C tj@54.343C soc1@53.625C VDD_IN 6547mW/6025mW VDD_CPU_GPU_CV 1861mW/1561mW VDD_SOC 1626mW/1548mW
09-13-2026 13:37:29 RAM 6912/7620MB (lfb 1x4MB) SWAP 809/8192MB (cached 157MB) CPU [28%@1728,54%@1728,1%@1728,11%@1728,6%@1190,0%@1190] GR3D_FREQ 0% cpu@54.218C soc2@52.406C soc0@52.906C gpu@53.312C tj@54.218C soc1@53.531C VDD_IN 5961mW/6025mW VDD_CPU_GPU_CV 1547mW/1561mW VDD_SOC 1547mW/1548mW
09-13-2026 13:37:30 RAM 7037/7620MB (lfb 15x512kB) SWAP 870/8192MB (cached 124MB) CPU [4%@1728,24%@1728,0%@1728,70%@1728,30%@1728,25%@1728] GR3D_FREQ 99% cpu@54.656C soc2@52.687C soc0@52.843C gpu@54.937C tj@54.843C soc1@53.468C VDD_IN 8820mW/6033mW VDD_CPU_GPU_CV 3593mW/1567mW VDD_SOC 1858mW/1549mW
09-13-2026 13:37:30 RAM 6996/7620MB (lfb 27x512kB) SWAP 900/8192MB (cached 115MB) CPU [0%@729,0%@729,2%@729,6%@729,15%@729,1%@729] GR3D_FREQ 99% cpu@54.656C soc2@53.218C soc0@53.062C gpu@56.687C tj@56.687C soc1@53.593C VDD_IN 16971mW/6065mW VDD_CPU_GPU_CV 9440mW/1590mW VDD_SOC 2615mW/1552mW
09-13-2026 13:37:31 RAM 7002/7620MB (lfb 7x2MB) SWAP 900/8192MB (cached 114MB) CPU [0%@1728,0%@1728,0%@1728,60%@1728,0%@729,38%@729] GR3D_FREQ 99% cpu@55.625C soc2@53.906C soc0@53.343C gpu@57.25C tj@57.25C soc1@53.875C VDD_IN 20195mW/6106mW VDD_CPU_GPU_CV 11114mW/1617mW VDD_SOC 3729mW/1558mW
09-13-2026 13:37:31 RAM 7005/7620MB (lfb 7x2MB) SWAP 900/8192MB (cached 114MB) CPU [0%@1728,0%@1728,0%@1728,100%@1728,0%@729,2%@729] GR3D_FREQ 41% cpu@56.062C soc2@54.312C soc0@53.656C gpu@56.875C tj@56.875C soc1@54.156C VDD_IN 20628mW/6148mW VDD_CPU_GPU_CV 11153mW/1645mW VDD_SOC 4149mW/1566mW
09-13-2026 13:37:32 RAM 7005/7620MB (lfb 7x2MB) SWAP 900/8192MB (cached 115MB) CPU [0%@1728,0%@1728,0%@1728,100%@1728,0%@729,0%@729] GR3D_FREQ 87% cpu@56.437C soc2@54.468C soc0@53.781C gpu@56.906C tj@56.906C soc1@54.218C VDD_IN 20117mW/6189mW VDD_CPU_GPU_CV 8929mW/1666mW VDD_SOC 5011mW/1576mW
09-13-2026 13:37:32 RAM 7006/7620MB (lfb 7x2MB) SWAP 900/8192MB (cached 115MB) CPU [1%@1728,0%@1728,1%@1728,100%@1728,1%@729,0%@729] GR3D_FREQ 87% cpu@56.687C soc2@54.562C soc0@53.968C gpu@57.031C tj@57.031C soc1@54.343C VDD_IN 20084mW/6229mW VDD_CPU_GPU_CV 8349mW/1686mW VDD_SOC 5322mW/1586mW
09-13-2026 13:37:33 RAM 7031/7620MB (lfb 21x1MB) SWAP 900/8192MB (cached 115MB) CPU [6%@1728,8%@1728,8%@1728,98%@1728,6%@806,4%@806] GR3D_FREQ 0% cpu@56.781C soc2@54.625C soc0@54.187C gpu@55.937C tj@56.781C soc1@54.687C VDD_IN 17841mW/6262mW VDD_CPU_GPU_CV 7109mW/1701mW VDD_SOC 4833mW/1596mW
09-13-2026 13:37:33 RAM 7203/7620MB (lfb 22x1MB) SWAP 975/8192MB (cached 97MB) CPU [7%@1728,0%@1728,0%@1728,96%@1728,5%@729,26%@729] GR3D_FREQ 0% cpu@56.031C soc2@54.218C soc0@54.031C gpu@55.25C tj@56.031C soc1@54.718C VDD_IN 10841mW/6276mW VDD_CPU_GPU_CV 3615mW/1707mW VDD_SOC 3227mW/1601mW
09-13-2026 13:37:34 RAM 7241/7620MB (lfb 1x256kB) SWAP 1094/8192MB (cached 87MB) CPU [7%@1728,0%@1728,0%@1728,91%@1728,2%@1728,56%@1728] GR3D_FREQ 0% cpu@56.187C soc2@54.062C soc0@53.968C gpu@54.906C tj@56.187C soc1@54.656C VDD_IN 9872mW/6286mW VDD_CPU_GPU_CV 3384mW/1712mW VDD_SOC 2843mW/1604mW
09-13-2026 13:37:34 RAM 7309/7620MB (lfb 3x256kB) SWAP 1176/8192MB (cached 50MB) CPU [4%@1728,1%@1728,1%@1728,96%@1728,0%@729,52%@729] GR3D_FREQ 99% cpu@55.968C soc2@54.343C soc0@54.031C gpu@57.593C tj@57.593C soc1@54.656C VDD_IN 14358mW/6309mW VDD_CPU_GPU_CV 6910mW/1726mW VDD_SOC 3290mW/1609mW
09-13-2026 13:37:35 RAM 7313/7620MB (lfb 2x2MB) SWAP 1176/8192MB (cached 50MB) CPU [0%@1728,0%@1728,0%@1728,100%@1728,0%@729,40%@729] GR3D_FREQ 99% cpu@56.687C soc2@54.906C soc0@54.375C gpu@58.625C tj@58.625C soc1@54.656C VDD_IN 20356mW/6349mW VDD_CPU_GPU_CV 11230mW/1753mW VDD_SOC 4001mW/1616mW
09-13-2026 13:37:35 RAM 7312/7620MB (lfb 2x2MB) SWAP 1176/8192MB (cached 50MB) CPU [3%@1728,1%@1728,3%@1728,100%@1728,1%@729,2%@729] GR3D_FREQ 99% cpu@57.093C soc2@55.343C soc0@54.531C gpu@58.812C tj@58.812C soc1@54.812C VDD_IN 21990mW/6393mW VDD_CPU_GPU_CV 12462mW/1784mW VDD_SOC 4181mW/1623mW
09-13-2026 13:37:36 RAM 7312/7620MB (lfb 2x2MB) SWAP 1176/8192MB (cached 50MB) CPU [0%@1728,0%@1728,0%@1728,100%@1728,0%@729,0%@729] GR3D_FREQ 99% cpu@57.093C soc2@55.562C soc0@54.75C gpu@58.843C tj@58.843C soc1@55.187C VDD_IN 22106mW/6438mW VDD_CPU_GPU_CV 12577mW/1814mW VDD_SOC 4181mW/1630mW
09-13-2026 13:37:36 RAM 7312/7620MB (lfb 2x2MB) SWAP 1176/8192MB (cached 50MB) CPU [0%@1728,1%@1728,0%@1728,100%@1728,0%@729,0%@729] GR3D_FREQ 99% cpu@57.312C soc2@55.812C soc0@54.875C gpu@59.093C tj@59.093C soc1@55.187C VDD_IN 22029mW/6482mW VDD_CPU_GPU_CV 12193mW/1844mW VDD_SOC 4297mW/1638mW
09-13-2026 13:37:37 RAM 7312/7620MB (lfb 2x2MB) SWAP 1176/8192MB (cached 50MB) CPU [0%@1728,0%@1728,0%@1728,100%@1728,0%@729,0%@729] GR3D_FREQ 99% cpu@57.75C soc2@55.968C soc0@55.125C gpu@59.312C tj@59.312C soc1@55.375C VDD_IN 21757mW/6525mW VDD_CPU_GPU_CV 11885mW/1872mW VDD_SOC 4375mW/1645mW
09-13-2026 13:37:37 RAM 7312/7620MB (lfb 2x2MB) SWAP 1176/8192MB (cached 50MB) CPU [0%@1728,1%@1728,0%@1728,100%@1728,0%@729,0%@729] GR3D_FREQ 99% cpu@57.843C soc2@56.281C soc0@55.343C gpu@59.437C tj@59.437C soc1@55.406C VDD_IN 21641mW/6568mW VDD_CPU_GPU_CV 11846mW/1900mW VDD_SOC 4375mW/1653mW
09-13-2026 13:37:38 RAM 7312/7620MB (lfb 2x2MB) SWAP 1176/8192MB (cached 50MB) CPU [0%@1728,3%@1728,0%@1728,100%@1728,0%@729,0%@729] GR3D_FREQ 99% cpu@58.156C soc2@56.25C soc0@55.406C gpu@59.906C tj@59.906C soc1@55.718C VDD_IN 21602mW/6610mW VDD_CPU_GPU_CV 11885mW/1928mW VDD_SOC 4336mW/1661mW
09-13-2026 13:37:38 RAM 7312/7620MB (lfb 2x2MB) SWAP 1176/8192MB (cached 50MB) CPU [0%@1728,1%@1728,0%@1728,100%@1728,0%@729,0%@729] GR3D_FREQ 88% cpu@58.031C soc2@56.531C soc0@55.5C gpu@59C tj@59C soc1@55.937C VDD_IN 21016mW/6650mW VDD_CPU_GPU_CV 9940mW/1950mW VDD_SOC 5003mW/1670mW
09-13-2026 13:37:39 RAM 7312/7620MB (lfb 2x2MB) SWAP 1176/8192MB (cached 50MB) CPU [0%@1728,0%@1728,0%@1728,100%@1728,0%@729,0%@729] GR3D_FREQ 87% cpu@58.281C soc2@56.562C soc0@55.75C gpu@58.968C tj@58.968C soc1@55.968C VDD_IN 20705mW/6689mW VDD_CPU_GPU_CV 8798mW/1970mW VDD_SOC 5390mW/1680mW
09-13-2026 13:37:39 RAM 7312/7620MB (lfb 2x2MB) SWAP 1176/8192MB (cached 50MB) CPU [1%@1728,0%@1728,0%@1728,100%@1728,0%@729,1%@729] GR3D_FREQ 88% cpu@58.5C soc2@56.625C soc0@55.843C gpu@59.125C tj@59.125C soc1@55.968C VDD_IN 20589mW/6728mW VDD_CPU_GPU_CV 8490mW/1988mW VDD_SOC 5507mW/1691mW
09-13-2026 13:37:40 RAM 7312/7620MB (lfb 2x2MB) SWAP 1176/8192MB (cached 50MB) CPU [0%@1728,0%@1728,0%@1728,100%@1728,0%@729,0%@729] GR3D_FREQ 99% cpu@58.437C soc2@56.656C soc0@55.906C gpu@59.156C tj@59.156C soc1@56.343C VDD_IN 20550mW/6766mW VDD_CPU_GPU_CV 8374mW/2005mW VDD_SOC 5546mW/1702mW
09-13-2026 13:37:40 RAM 7317/7620MB (lfb 1x1MB) SWAP 1176/8192MB (cached 50MB) CPU [8%@1728,8%@1728,8%@1728,88%@1728,6%@1651,6%@1651] GR3D_FREQ 0% cpu@58.625C soc2@56.656C soc0@55.937C gpu@57.906C tj@58.625C soc1@56.406C VDD_IN 17851mW/6797mW VDD_CPU_GPU_CV 7136mW/2019mW VDD_SOC 4864mW/1710mW
09-13-2026 13:37:41 RAM 7190/7620MB (lfb 1x4MB) SWAP 1176/8192MB (cached 50MB) CPU [0%@1728,98%@1728,2%@1728,0%@1728,3%@729,7%@729] GR3D_FREQ 99% cpu@58.125C soc2@56.562C soc0@55.875C gpu@59.718C tj@59.718C soc1@56.437C VDD_IN 16501mW/6823mW VDD_CPU_GPU_CV 7548mW/2035mW VDD_SOC 4021mW/1717mW
09-13-2026 13:37:41 RAM 7190/7620MB (lfb 1x4MB) SWAP 1176/8192MB (cached 50MB) CPU [1%@1728,100%@1728,0%@1728,0%@1728,0%@729,0%@729] GR3D_FREQ 99% cpu@58.531C soc2@56.968C soc0@56.218C gpu@60.25C tj@60.25C soc1@56.406C VDD_IN 20900mW/6862mW VDD_CPU_GPU_CV 11057mW/2059mW VDD_SOC 4343mW/1724mW
09-13-2026 13:37:42 RAM 7190/7620MB (lfb 1x4MB) SWAP 1176/8192MB (cached 50MB) CPU [0%@1728,100%@1728,0%@1728,0%@1728,0%@729,0%@729] GR3D_FREQ 99% cpu@58.625C soc2@57.25C soc0@56.312C gpu@60.687C tj@60.687C soc1@56.812C VDD_IN 21447mW/6902mW VDD_CPU_GPU_CV 11539mW/2085mW VDD_SOC 4414mW/1731mW
09-13-2026 13:37:42 RAM 7187/7620MB (lfb 1x4MB) SWAP 1176/8192MB (cached 50MB) CPU [16%@729,65%@729,0%@729,34%@729,70%@1728,0%@1728] GR3D_FREQ 87% cpu@58.812C soc2@57.406C soc0@56.5C gpu@59.843C tj@59.843C soc1@56.968C VDD_IN 20589mW/6939mW VDD_CPU_GPU_CV 10535mW/2109mW VDD_SOC 4498mW/1739mW
09-13-2026 13:37:43 RAM 7184/7620MB (lfb 1x4MB) SWAP 1176/8192MB (cached 50MB) CPU [8%@729,50%@1728,2%@1728,42%@1728,100%@1728,0%@1728] GR3D_FREQ 88% cpu@58.906C soc2@57.562C soc0@56.625C gpu@60.156C tj@60.156C soc1@57C VDD_IN 20511mW/6976mW VDD_CPU_GPU_CV 9069mW/2128mW VDD_SOC 5158mW/1748mW
09-13-2026 13:37:43 RAM 7184/7620MB (lfb 1x4MB) SWAP 1176/8192MB (cached 50MB) CPU [0%@1728,52%@1728,0%@1728,46%@1728,100%@1728,0%@1728] GR3D_FREQ 99% cpu@59.343C soc2@57.625C soc0@56.656C gpu@59.937C tj@59.937C soc1@57.031C VDD_IN 20511mW/7013mW VDD_CPU_GPU_CV 8606mW/2145mW VDD_SOC 5390mW/1758mW
09-13-2026 13:37:44 RAM 7212/7620MB (lfb 18x512kB) SWAP 1176/8192MB (cached 50MB) CPU [11%@1728,39%@1728,7%@1728,13%@1728,96%@1728,3%@1728] GR3D_FREQ 0% cpu@59C soc2@57.281C soc0@56.656C gpu@58.531C tj@59C soc1@57.093C VDD_IN 16071mW/7038mW VDD_CPU_GPU_CV 6381mW/2157mW VDD_SOC 4372mW/1765mW
09-13-2026 13:37:44 RAM 7401/7620MB (lfb 1x512kB) SWAP 1242/8192MB (cached 51MB) CPU [4%@1728,36%@1728,0%@1728,1%@1728,57%@729,18%@729] GR3D_FREQ 0% cpu@58.5C soc2@56.906C soc0@56.687C gpu@57.687C tj@58.5C soc1@57.093C VDD_IN 9911mW/7045mW VDD_CPU_GPU_CV 3030mW/2159mW VDD_SOC 3075mW/1769mW
09-13-2026 13:37:45 RAM 7210/7620MB (lfb 17x128kB) SWAP 1368/8192MB (cached 55MB) CPU [4%@1728,96%@1728,1%@1728,0%@1728,11%@729,32%@729] GR3D_FREQ 99% cpu@58.312C soc2@57.125C soc0@56.656C gpu@59.781C tj@59.781C soc1@57.281C VDD_IN 13203mW/7062mW VDD_CPU_GPU_CV 5787mW/2169mW VDD_SOC 3295mW/1773mW
09-13-2026 13:37:45 RAM 7215/7620MB (lfb 2x2MB) SWAP 1368/8192MB (cached 55MB) CPU [0%@1728,100%@1728,0%@1728,0%@1728,48%@1728,0%@1728] GR3D_FREQ 99% cpu@58.937C soc2@57.593C soc0@56.843C gpu@60.812C tj@60.812C soc1@57.281C VDD_IN 20039mW/7097mW VDD_CPU_GPU_CV 11037mW/2193mW VDD_SOC 4001mW/1779mW
09-13-2026 13:37:46 RAM 7215/7620MB (lfb 2x2MB) SWAP 1368/8192MB (cached 55MB) CPU [0%@1728,100%@1728,0%@1728,1%@1728,2%@1728,0%@1728] GR3D_FREQ 99% cpu@59.187C soc2@58.093C soc0@57.062C gpu@61.312C tj@61.312C soc1@57.25C VDD_IN 21796mW/7136mW VDD_CPU_GPU_CV 12385mW/2220mW VDD_SOC 4143mW/1785mW
09-13-2026 13:37:46 RAM 7216/7620MB (lfb 2x2MB) SWAP 1368/8192MB (cached 55MB) CPU [0%@1728,100%@1728,0%@1728,0%@1728,1%@729,0%@729] GR3D_FREQ 99% cpu@59.562C soc2@58.281C soc0@57.406C gpu@61.625C tj@61.625C soc1@57.468C VDD_IN 22109mW/7176mW VDD_CPU_GPU_CV 12672mW/2248mW VDD_SOC 4136mW/1791mW
09-13-2026 13:37:47 RAM 7216/7620MB (lfb 2x2MB) SWAP 1368/8192MB (cached 55MB) CPU [0%@1728,100%@1728,1%@1728,0%@1728,0%@729,0%@729] GR3D_FREQ 99% cpu@59.718C soc2@58.531C soc0@57.468C gpu@61.968C tj@61.968C soc1@57.593C VDD_IN 22109mW/7216mW VDD_CPU_GPU_CV 12403mW/2275mW VDD_SOC 4290mW/1798mW
09-13-2026 13:37:48 RAM 7216/7620MB (lfb 2x2MB) SWAP 1368/8192MB (cached 55MB) CPU [0%@1728,100%@1728,0%@1728,0%@1728,0%@729,0%@729] GR3D_FREQ 99% cpu@60.093C soc2@58.593C soc0@57.593C gpu@61.781C tj@61.781C soc1@57.937C VDD_IN 21757mW/7255mW VDD_CPU_GPU_CV 11923mW/2301mW VDD_SOC 4375mW/1805mW
09-13-2026 13:37:48 RAM 7216/7620MB (lfb 2x2MB) SWAP 1368/8192MB (cached 55MB) CPU [0%@1728,100%@1728,0%@1728,0%@1728,0%@729,0%@729] GR3D_FREQ 99% cpu@59.906C soc2@58.812C soc0@57.718C gpu@61.937C tj@61.937C soc1@57.968C VDD_IN 21680mW/7293mW VDD_CPU_GPU_CV 11808mW/2326mW VDD_SOC 4375mW/1812mW
09-13-2026 13:37:49 RAM 7216/7620MB (lfb 2x2MB) SWAP 1368/8192MB (cached 55MB) CPU [3%@1728,100%@1728,0%@1728,0%@1728,0%@729,0%@729] GR3D_FREQ 99% cpu@60.343C soc2@58.968C soc0@58.062C gpu@62.156C tj@62.156C soc1@58.062C VDD_IN 21680mW/7331mW VDD_CPU_GPU_CV 11923mW/2351mW VDD_SOC 4336mW/1818mW
09-13-2026 13:37:49 RAM 7215/7620MB (lfb 2x2MB) SWAP 1368/8192MB (cached 55MB) CPU [5%@1728,100%@1728,0%@1728,0%@1728,1%@729,1%@729] GR3D_FREQ 88% cpu@60.375C soc2@59.093C soc0@58.093C gpu@61.531C tj@61.531C soc1@58.156C VDD_IN 21253mW/7368mW VDD_CPU_GPU_CV 10479mW/2373mW VDD_SOC 4840mW/1826mW
09-13-2026 13:37:50 RAM 7215/7620MB (lfb 2x2MB) SWAP 1368/8192MB (cached 55MB) CPU [0%@1728,100%@1728,0%@1728,1%@1728,0%@729,0%@729] GR3D_FREQ 90% cpu@60.531C soc2@59.156C soc0@58.156C gpu@61.375C tj@61.375C soc1@58.406C VDD_IN 20749mW/7403mW VDD_CPU_GPU_CV 8991mW/2390mW VDD_SOC 5343mW/1836mW
09-13-2026 13:37:50 RAM 7216/7620MB (lfb 2x2MB) SWAP 1368/8192MB (cached 55MB) CPU [0%@1728,100%@1728,0%@1728,0%@1728,0%@729,0%@729] GR3D_FREQ 88% cpu@60.406C soc2@59.281C soc0@58.187C gpu@61.656C tj@61.656C soc1@58.5C VDD_IN 20671mW/7438mW VDD_CPU_GPU_CV 8567mW/2406mW VDD_SOC 5498mW/1845mW
09-13-2026 13:37:51 RAM 7217/7620MB (lfb 2x2MB) SWAP 1368/8192MB (cached 55MB) CPU [0%@1728,100%@1728,2%@1728,1%@1728,0%@729,0%@729] GR3D_FREQ 99% cpu@60.781C soc2@59.375C soc0@58.562C gpu@61.593C tj@61.593C soc1@58.562C VDD_IN 20628mW/7472mW VDD_CPU_GPU_CV 8413mW/2422mW VDD_SOC 5546mW/1855mW
09-13-2026 13:37:51 RAM 7217/7620MB (lfb 2x2MB) SWAP 1368/8192MB (cached 55MB) CPU [0%@1728,100%@1728,0%@1728,0%@1728,0%@729,0%@729] GR3D_FREQ 98% cpu@60.687C soc2@59.343C soc0@58.562C gpu@61.875C tj@61.875C soc1@58.656C VDD_IN 20628mW/7507mW VDD_CPU_GPU_CV 8374mW/2438mW VDD_SOC 5584mW/1865mW
09-13-2026 13:37:52 RAM 7196/7620MB (lfb 9x2MB) SWAP 1383/8192MB (cached 54MB) CPU [17%@1728,19%@1728,15%@1728,86%@1728,17%@1344,17%@1344] GR3D_FREQ 99% cpu@60.406C soc2@58.937C soc0@58.375C gpu@61.031C tj@61.031C soc1@58.937C VDD_IN 13652mW/7523mW VDD_CPU_GPU_CV 5357mW/2445mW VDD_SOC 3760mW/1870mW
09-13-2026 13:37:52 RAM 7196/7620MB (lfb 9x2MB) SWAP 1383/8192MB (cached 54MB) CPU [1%@1728,0%@1728,0%@1728,100%@1728,0%@729,0%@729] GR3D_FREQ 99% cpu@60.687C soc2@59.343C soc0@58.468C gpu@62.593C tj@62.593C soc1@58.906C VDD_IN 20278mW/7556mW VDD_CPU_GPU_CV 10535mW/2466mW VDD_SOC 4305mW/1876mW
09-13-2026 13:37:53 RAM 7196/7620MB (lfb 9x2MB) SWAP 1383/8192MB (cached 54MB) CPU [0%@1728,0%@1728,0%@1728,100%@1728,0%@729,0%@729] GR3D_FREQ 99% cpu@61C soc2@59.687C soc0@58.656C gpu@62.812C tj@62.812C soc1@58.937C VDD_IN 21719mW/7593mW VDD_CPU_GPU_CV 11654mW/2490mW VDD_SOC 4452mW/1883mW
09-13-2026 13:37:53 RAM 7196/7620MB (lfb 9x2MB) SWAP 1383/8192MB (cached 54MB) CPU [0%@1728,0%@1728,1%@1728,100%@1728,0%@729,0%@729] GR3D_FREQ 99% cpu@61.125C soc2@59.968C soc0@58.937C gpu@63.218C tj@63C soc1@59.093C VDD_IN 21641mW/7629mW VDD_CPU_GPU_CV 11693mW/2514mW VDD_SOC 4452mW/1889mW
09-13-2026 13:37:54 RAM 7196/7620MB (lfb 9x2MB) SWAP 1382/8192MB (cached 54MB) CPU [1%@1728,0%@1728,0%@1728,100%@1728,0%@729,1%@729] GR3D_FREQ 87% cpu@61.625C soc2@60.093C soc0@59.062C gpu@62.375C tj@62.375C soc1@59.156C VDD_IN 21214mW/7664mW VDD_CPU_GPU_CV 10710mW/2535mW VDD_SOC 4762mW/1897mW
09-13-2026 13:37:54 RAM 7197/7620MB (lfb 9x2MB) SWAP 1382/8192MB (cached 54MB) CPU [0%@1728,0%@1728,0%@1728,100%@1728,0%@729,0%@729] GR3D_FREQ 99% cpu@61.531C soc2@60C soc0@59.093C gpu@62.562C tj@62.562C soc1@59.343C VDD_IN 20589mW/7697mW VDD_CPU_GPU_CV 8953mW/2551mW VDD_SOC 5274mW/1905mW
09-13-2026 13:37:55 RAM 7197/7620MB (lfb 9x2MB) SWAP 1382/8192MB (cached 54MB) CPU [0%@1728,0%@1728,0%@1728,100%@1728,0%@729,0%@729] GR3D_FREQ 99% cpu@61.531C soc2@60.187C soc0@59.125C gpu@62.437C tj@62.437C soc1@59.5C VDD_IN 20395mW/7730mW VDD_CPU_GPU_CV 8413mW/2566mW VDD_SOC 5429mW/1914mW
09-13-2026 13:37:55 RAM 7245/7620MB (lfb 6x1MB) SWAP 1382/8192MB (cached 54MB) CPU [15%@1728,17%@1728,16%@1728,98%@1728,9%@729,4%@729] GR3D_FREQ 0% cpu@61.625C soc2@59.906C soc0@59.343C gpu@60.968C tj@61.437C soc1@59.468C VDD_IN 15485mW/7750mW VDD_CPU_GPU_CV 6041mW/2575mW VDD_SOC 4262mW/1920mW
09-13-2026 13:37:56 RAM 7248/7620MB (lfb 6x1MB) SWAP 1560/8192MB (cached 53MB) CPU [39%@1728,38%@1728,38%@1728,76%@1728,58%@1728,46%@1728] GR3D_FREQ 0% cpu@61.562C soc2@59.468C soc0@59.218C gpu@60.343C tj@61.562C soc1@59.5C VDD_IN 10723mW/7757mW VDD_CPU_GPU_CV 3772mW/2578mW VDD_SOC 3070mW/1923mW
09-13-2026 13:37:56 RAM 6987/7620MB (lfb 7x2MB) SWAP 1677/8192MB (cached 68MB) CPU [34%@1113,0%@1113,12%@1113,42%@1113,37%@729,11%@729] GR3D_FREQ 88% cpu@60.531C soc2@59.218C soc0@59.062C gpu@60.187C tj@60.656C soc1@59.468C VDD_IN 8582mW/7759mW VDD_CPU_GPU_CV 2369mW/2578mW VDD_SOC 2764mW/1926mW
09-13-2026 13:37:57 RAM 7314/7620MB (lfb 7x1MB) SWAP 1677/8192MB (cached 68MB) CPU [1%@1728,1%@1728,0%@1728,100%@1728,0%@729,30%@729] GR3D_FREQ 99% cpu@61.312C soc2@59.75C soc0@59.062C gpu@63.062C tj@63.062C soc1@59.562C VDD_IN 17216mW/7783mW VDD_CPU_GPU_CV 8997mW/2594mW VDD_SOC 3624mW/1930mW
09-13-2026 13:37:57 RAM 7314/7620MB (lfb 7x1MB) SWAP 1677/8192MB (cached 68MB) CPU [0%@1728,0%@1728,0%@1728,100%@1728,0%@729,0%@729] GR3D_FREQ 99% cpu@61.531C soc2@60.312C soc0@59.312C gpu@63.656C tj@63.656C soc1@59.781C VDD_IN 20982mW/7817mW VDD_CPU_GPU_CV 11789mW/2617mW VDD_SOC 4065mW/1935mW
09-13-2026 13:37:58 RAM 7314/7620MB (lfb 7x1MB) SWAP 1677/8192MB (cached 68MB) CPU [0%@1728,0%@1728,0%@1728,100%@1728,0%@729,0%@729] GR3D_FREQ 99% cpu@62.062C soc2@60.531C soc0@59.75C gpu@64.281C tj@64.281C soc1@59.781C VDD_IN 22264mW/7853mW VDD_CPU_GPU_CV 12710mW/2643mW VDD_SOC 4213mW/1941mW
09-13-2026 13:37:58 RAM 7314/7620MB (lfb 7x1MB) SWAP 1677/8192MB (cached 68MB) CPU [0%@1728,1%@1728,0%@1728,100%@1728,0%@729,0%@729] GR3D_FREQ 99% cpu@62.062C soc2@60.718C soc0@59.875C gpu@64.125C tj@64.125C soc1@59.843C VDD_IN 22380mW/7890mW VDD_CPU_GPU_CV 12748mW/2668mW VDD_SOC 4213mW/1947mW
09-13-2026 13:37:59 RAM 7314/7620MB (lfb 7x1MB) SWAP 1677/8192MB (cached 68MB) CPU [1%@1728,0%@1728,0%@1728,100%@1728,0%@729,0%@729] GR3D_FREQ 99% cpu@62.312C soc2@60.968C soc0@59.906C gpu@64.312C tj@64.312C soc1@60.125C VDD_IN 22380mW/7926mW VDD_CPU_GPU_CV 12748mW/2694mW VDD_SOC 4213mW/1952mW
09-13-2026 13:37:59 RAM 7315/7620MB (lfb 7x1MB) SWAP 1677/8192MB (cached 68MB) CPU [2%@1728,0%@1728,2%@1728,100%@1728,0%@729,0%@729] GR3D_FREQ 99% cpu@62.437C soc2@61.156C soc0@60.062C gpu@64.25C tj@64.25C soc1@60.281C VDD_IN 21835mW/7961mW VDD_CPU_GPU_CV 12000mW/2717mW VDD_SOC 4368mW/1958mW
09-13-2026 13:38:00 RAM 7315/7620MB (lfb 7x1MB) SWAP 1677/8192MB (cached 68MB) CPU [0%@1728,0%@1728,0%@1728,100%@1728,0%@729,0%@729] GR3D_FREQ 99% cpu@62.531C soc2@61.312C soc0@60.187C gpu@64.562C tj@64.562C soc1@60.343C VDD_IN 21641mW/7995mW VDD_CPU_GPU_CV 11731mW/2739mW VDD_SOC 4414mW/1965mW
09-13-2026 13:38:00 RAM 7315/7620MB (lfb 7x1MB) SWAP 1677/8192MB (cached 68MB) CPU [1%@1728,0%@1728,0%@1728,100%@1728,0%@729,0%@729] GR3D_FREQ 99% cpu@62.593C soc2@61.406C soc0@60.468C gpu@64.593C tj@64.593C soc1@60.406C VDD_IN 21602mW/8029mW VDD_CPU_GPU_CV 11808mW/2762mW VDD_SOC 4375mW/1971mW
09-13-2026 13:38:01 RAM 7315/7620MB (lfb 7x1MB) SWAP 1677/8192MB (cached 68MB) CPU [0%@1728,0%@1728,0%@1728,100%@1728,0%@729,0%@729] GR3D_FREQ 99% cpu@62.75C soc2@61.5C soc0@60.593C gpu@64.718C tj@64.718C soc1@60.593C VDD_IN 21602mW/8063mW VDD_CPU_GPU_CV 11769mW/2785mW VDD_SOC 4414mW/1977mW
09-13-2026 13:38:01 RAM 7315/7620MB (lfb 7x1MB) SWAP 1677/8192MB (cached 68MB) CPU [0%@1728,0%@1728,0%@1728,100%@1728,0%@729,0%@729] GR3D_FREQ 85% cpu@63.031C soc2@61.687C soc0@60.593C gpu@64.187C tj@64.187C soc1@60.625C VDD_IN 21253mW/8096mW VDD_CPU_GPU_CV 10846mW/2805mW VDD_SOC 4723mW/1984mW
09-13-2026 13:38:02 RAM 7315/7620MB (lfb 7x1MB) SWAP 1677/8192MB (cached 68MB) CPU [0%@1728,0%@1728,0%@1728,98%@1728,0%@729,0%@729] GR3D_FREQ 88% cpu@63.093C soc2@61.562C soc0@60.656C gpu@64.343C tj@64.156C soc1@60.875C VDD_IN 20865mW/8127mW VDD_CPU_GPU_CV 9131mW/2820mW VDD_SOC 5343mW/1992mW
09-13-2026 13:38:02 RAM 7314/7620MB (lfb 7x1MB) SWAP 1677/8192MB (cached 68MB) CPU [0%@1728,0%@1728,0%@1728,100%@1728,0%@729,0%@729] GR3D_FREQ 88% cpu@63.062C soc2@61.75C soc0@60.656C gpu@64.093C tj@64.093C soc1@61.031C VDD_IN 20788mW/8158mW VDD_CPU_GPU_CV 8644mW/2835mW VDD_SOC 5498mW/2000mW
09-13-2026 13:38:03 RAM 7314/7620MB (lfb 7x1MB) SWAP 1677/8192MB (cached 68MB) CPU [0%@1728,0%@1728,0%@1728,100%@1728,0%@729,0%@729] GR3D_FREQ 88% cpu@63.406C soc2@61.812C soc0@60.968C gpu@64.437C tj@64.437C soc1@61.031C VDD_IN 20788mW/8190mW VDD_CPU_GPU_CV 8490mW/2848mW VDD_SOC 5575mW/2009mW
09-13-2026 13:38:03 RAM 7235/7620MB (lfb 1x4MB) SWAP 1676/8192MB (cached 68MB) CPU [12%@1728,4%@1728,37%@1728,52%@1728,4%@729,3%@729] GR3D_FREQ 0% cpu@63.437C soc2@61.375C soc0@60.906C gpu@62.625C tj@63.437C soc1@61.062C VDD_IN 14061mW/8204mW VDD_CPU_GPU_CV 5192mW/2854mW VDD_SOC 3995mW/2014mW
09-13-2026 13:38:04 RAM 7236/7620MB (lfb 1x4MB) SWAP 1676/8192MB (cached 68MB) CPU [0%@1728,0%@1728,100%@1728,0%@1728,0%@729,0%@729] GR3D_FREQ 99% cpu@63.343C soc2@61.843C soc0@60.968C gpu@65.218C tj@65.218C soc1@61.062C VDD_IN 20084mW/8233mW VDD_CPU_GPU_CV 10111mW/2872mW VDD_SOC 4382mW/2020mW
09-13-2026 13:38:04 RAM 7235/7620MB (lfb 1x4MB) SWAP 1676/8192MB (cached 68MB) CPU [0%@1728,1%@1728,100%@1728,0%@1728,0%@729,0%@729] GR3D_FREQ 86% cpu@63.781C soc2@62.125C soc0@61.093C gpu@64.906C tj@64.906C soc1@61.312C VDD_IN 20943mW/8264mW VDD_CPU_GPU_CV 10749mW/2891mW VDD_SOC 4530mW/2026mW
09-13-2026 13:38:05 RAM 7235/7620MB (lfb 1x4MB) SWAP 1676/8192MB (cached 68MB) CPU [0%@1728,0%@1728,100%@1728,0%@1728,1%@729,0%@729] GR3D_FREQ 96% cpu@63.875C soc2@62C soc0@61.187C gpu@64.781C tj@64.781C soc1@61.437C VDD_IN 20395mW/8294mW VDD_CPU_GPU_CV 8876mW/2906mW VDD_SOC 5197mW/2034mW
09-13-2026 13:38:05 RAM 7236/7620MB (lfb 1x4MB) SWAP 1676/8192MB (cached 68MB) CPU [0%@1728,1%@1728,100%@1728,0%@1728,0%@729,0%@729] GR3D_FREQ 88% cpu@63.875C soc2@62.281C soc0@61.281C gpu@64.593C tj@64.593C soc1@61.406C VDD_IN 20239mW/8323mW VDD_CPU_GPU_CV 8297mW/2919mW VDD_SOC 5390mW/2042mW
09-13-2026 13:38:06 RAM 7324/7620MB (lfb 1x4MB) SWAP 1700/8192MB (cached 65MB) CPU [15%@1728,49%@1728,35%@1728,4%@1728,15%@729,2%@729] GR3D_FREQ 0% cpu@63C soc2@61.875C soc0@61.468C gpu@62.968C tj@63C soc1@61.656C VDD_IN 13103mW/8334mW VDD_CPU_GPU_CV 4731mW/2923mW VDD_SOC 3766mW/2046mW
09-13-2026 13:38:06 RAM 7191/7620MB (lfb 1x4MB) SWAP 1714/8192MB (cached 64MB) CPU [3%@729,9%@729,0%@729,0%@729,100%@1728,0%@1728] GR3D_FREQ 99% cpu@63.187C soc2@61.968C soc0@61.375C gpu@65.062C tj@65.062C soc1@61.468C VDD_IN 16748mW/8355mW VDD_CPU_GPU_CV 8313mW/2936mW VDD_SOC 3780mW/2050mW
09-13-2026 13:38:07 RAM 7198/7620MB (lfb 1x4MB) SWAP 1714/8192MB (cached 64MB) CPU [62%@1728,0%@1728,0%@1728,0%@1728,37%@729,22%@729] GR3D_FREQ 99% cpu@63.781C soc2@62.5C soc0@61.5C gpu@65.906C tj@65.906C soc1@61.593C VDD_IN 20788mW/8385mW VDD_CPU_GPU_CV 11673mW/2958mW VDD_SOC 4026mW/2055mW
09-13-2026 13:38:07 RAM 7198/7620MB (lfb 1x4MB) SWAP 1714/8192MB (cached 64MB) CPU [100%@1728,1%@1728,0%@1728,0%@1728,0%@729,0%@729] GR3D_FREQ 99% cpu@63.75C soc2@62.687C soc0@61.593C gpu@65.968C tj@65.968C soc1@61.718C VDD_IN 21680mW/8417mW VDD_CPU_GPU_CV 12193mW/2980mW VDD_SOC 4174mW/2060mW
09-13-2026 13:38:08 RAM 7198/7620MB (lfb 1x4MB) SWAP 1714/8192MB (cached 64MB) CPU [100%@1728,0%@1728,0%@1728,3%@1728,0%@729,0%@729] GR3D_FREQ 99% cpu@63.906C soc2@62.781C soc0@61.781C gpu@66.218C tj@66.218C soc1@62C VDD_IN 21602mW/8449mW VDD_CPU_GPU_CV 11808mW/3001mW VDD_SOC 4375mW/2066mW
09-13-2026 13:38:08 RAM 7199/7620MB (lfb 1x4MB) SWAP 1714/8192MB (cached 64MB) CPU [100%@1728,0%@1728,0%@1728,0%@1728,1%@729,0%@729] GR3D_FREQ 99% cpu@64.062C soc2@63.125C soc0@61.875C gpu@66.25C tj@66.25C soc1@62.125C VDD_IN 21641mW/8480mW VDD_CPU_GPU_CV 11808mW/3022mW VDD_SOC 4414mW/2071mW
09-13-2026 13:38:09 RAM 7199/7620MB (lfb 1x4MB) SWAP 1714/8192MB (cached 64MB) CPU [100%@1728,0%@1728,0%@1728,1%@1728,0%@729,0%@729] GR3D_FREQ 88% cpu@64.468C soc2@63.093C soc0@62.125C gpu@65.5C tj@65.625C soc1@62.218C VDD_IN 20788mW/8510mW VDD_CPU_GPU_CV 9362mW/3037mW VDD_SOC 5149mW/2079mW
09-13-2026 13:38:09 RAM 7199/7620MB (lfb 1x4MB) SWAP 1714/8192MB (cached 64MB) CPU [100%@1728,0%@1728,0%@1728,0%@1728,0%@729,0%@729] GR3D_FREQ 99% cpu@64.406C soc2@63.062C soc0@62.218C gpu@65.531C tj@65.531C soc1@62.281C VDD_IN 20550mW/8538mW VDD_CPU_GPU_CV 8567mW/3051mW VDD_SOC 5459mW/2087mW
09-13-2026 13:38:10 RAM 7197/7620MB (lfb 1x4MB) SWAP 1724/8192MB (cached 64MB) CPU [23%@1728,15%@1728,84%@1728,9%@1728,4%@729,4%@729] GR3D_FREQ 99% cpu@64.437C soc2@62.718C soc0@62.125C gpu@65.406C tj@65.406C soc1@62.25C VDD_IN 15118mW/8554mW VDD_CPU_GPU_CV 6353mW/3058mW VDD_SOC 3949mW/2091mW
09-13-2026 13:38:10 RAM 7196/7620MB (lfb 1x4MB) SWAP 1724/8192MB (cached 64MB) CPU [1%@1728,0%@1728,100%@1728,0%@1728,0%@729,0%@729] GR3D_FREQ 99% cpu@64.5C soc2@63.031C soc0@62.125C gpu@66.718C tj@66.718C soc1@62.375C VDD_IN 20671mW/8583mW VDD_CPU_GPU_CV 10787mW/3077mW VDD_SOC 4375mW/2097mW
09-13-2026 13:38:11 RAM 7194/7620MB (lfb 1x4MB) SWAP 1724/8192MB (cached 64MB) CPU [1%@1728,0%@1728,100%@1728,0%@1728,0%@960,8%@960] GR3D_FREQ 99% cpu@64.906C soc2@63.343C soc0@62.312C gpu@66.531C tj@66.531C soc1@62.406C VDD_IN 21486mW/8613mW VDD_CPU_GPU_CV 11462mW/3097mW VDD_SOC 4452mW/2102mW
09-13-2026 13:38:11 RAM 7195/7620MB (lfb 1x4MB) SWAP 1724/8192MB (cached 64MB) CPU [0%@1728,0%@1728,100%@1728,0%@1728,0%@729,2%@729] GR3D_FREQ 99% cpu@65.093C soc2@63.5C soc0@62.593C gpu@66.656C tj@66.656C soc1@62.562C VDD_IN 21369mW/8644mW VDD_CPU_GPU_CV 11423mW/3116mW VDD_SOC 4452mW/2108mW
09-13-2026 13:38:12 RAM 7195/7620MB (lfb 1x4MB) SWAP 1724/8192MB (cached 64MB) CPU [0%@1728,0%@1728,100%@1728,0%@1728,0%@729,0%@729] GR3D_FREQ 88% cpu@65.343C soc2@63.5C soc0@62.687C gpu@66.187C tj@66.187C soc1@62.656C VDD_IN 20511mW/8672mW VDD_CPU_GPU_CV 9069mW/3130mW VDD_SOC 5111mW/2115mW
09-13-2026 13:38:12 RAM 7195/7620MB (lfb 1x4MB) SWAP 1724/8192MB (cached 64MB) CPU [0%@1728,0%@1728,100%@1728,0%@1728,0%@729,0%@729] GR3D_FREQ 88% cpu@65.25C soc2@63.562C soc0@62.656C gpu@66.093C tj@66.093C soc1@62.937C VDD_IN 20439mW/8699mW VDD_CPU_GPU_CV 8490mW/3143mW VDD_SOC 5420mW/2123mW
09-13-2026 13:38:13 RAM 7303/7620MB (lfb 4x1MB) SWAP 1766/8192MB (cached 63MB) CPU [66%@1728,13%@1728,33%@1728,6%@1728,24%@1728,2%@1728] GR3D_FREQ 0% cpu@64.468C soc2@63.156C soc0@62.625C gpu@64.218C tj@64.468C soc1@62.968C VDD_IN 12574mW/8708mW VDD_CPU_GPU_CV 4504mW/3146mW VDD_SOC 3609mW/2126mW
09-13-2026 13:38:13 RAM 7030/7620MB (lfb 1x4MB) SWAP 1944/8192MB (cached 58MB) CPU [24%@1651,38%@1651,29%@1651,0%@1651,70%@729,0%@729] GR3D_FREQ 0% cpu@63.937C soc2@62.843C soc0@62.531C gpu@63.5C tj@63.937C soc1@62.968C VDD_IN 9003mW/8709mW VDD_CPU_GPU_CV 2601mW/3145mW VDD_SOC 2882mW/2128mW
09-13-2026 13:38:14 RAM 6980/7620MB (lfb 8x2MB) SWAP 1944/8192MB (cached 58MB) CPU [3%@1728,92%@1728,1%@1728,1%@1728,15%@1036,0%@1036] GR3D_FREQ 99% cpu@64.531C soc2@63.062C soc0@62.468C gpu@66.125C tj@66.125C soc1@62.781C VDD_IN 15485mW/8725mW VDD_CPU_GPU_CV 7665mW/3155mW VDD_SOC 3480mW/2131mW
09-13-2026 13:38:14 RAM 6985/7620MB (lfb 8x2MB) SWAP 1943/8192MB (cached 58MB) CPU [14%@1728,100%@1728,15%@1728,8%@1728,57%@729,26%@729] GR3D_FREQ 99% cpu@64.75C soc2@63.531C soc0@62.781C gpu@67.343C tj@67.343C soc1@62.812C VDD_IN 20904mW/8753mW VDD_CPU_GPU_CV 11789mW/3176mW VDD_SOC 4026mW/2136mW
09-13-2026 13:38:15 RAM 6983/7620MB (lfb 8x2MB) SWAP 1943/8192MB (cached 58MB) CPU [0%@1728,100%@1728,5%@1728,3%@1728,36%@729,34%@729] GR3D_FREQ 99% cpu@65.125C soc2@63.75C soc0@62.875C gpu@67.312C tj@67.312C soc1@63C VDD_IN 22496mW/8785mW VDD_CPU_GPU_CV 12864mW/3198mW VDD_SOC 4213mW/2140mW
09-13-2026 13:38:15 RAM 6983/7620MB (lfb 8x2MB) SWAP 1943/8192MB (cached 58MB) CPU [1%@1728,100%@1728,0%@1728,0%@1728,0%@729,0%@729] GR3D_FREQ 99% cpu@65.125C soc2@64.062C soc0@63.093C gpu@67.593C tj@67.593C soc1@63.156C VDD_IN 22457mW/8817mW VDD_CPU_GPU_CV 12787mW/3220mW VDD_SOC 4252mW/2145mW
09-13-2026 13:38:16 RAM 6983/7620MB (lfb 8x2MB) SWAP 1943/8192MB (cached 58MB) CPU [1%@1728,100%@1728,0%@1728,1%@1728,0%@729,0%@729] GR3D_FREQ 99% cpu@65.531C soc2@64.125C soc0@63.406C gpu@67.687C tj@67.687C soc1@63.218C VDD_IN 22147mW/8848mW VDD_CPU_GPU_CV 12249mW/3241mW VDD_SOC 4368mW/2150mW
09-13-2026 13:38:16 RAM 6983/7620MB (lfb 8x2MB) SWAP 1943/8192MB (cached 58MB) CPU [0%@1728,100%@1728,0%@1728,0%@1728,0%@729,0%@729] GR3D_FREQ 99% cpu@65.5C soc2@64.218C soc0@63.375C gpu@67.687C tj@67.687C soc1@63.343C VDD_IN 21757mW/8878mW VDD_CPU_GPU_CV 11827mW/3261mW VDD_SOC 4406mW/2156mW
09-13-2026 13:38:17 RAM 6983/7620MB (lfb 8x2MB) SWAP 1943/8192MB (cached 58MB) CPU [0%@1728,100%@1728,0%@1728,0%@1728,0%@729,0%@729] GR3D_FREQ 99% cpu@65.687C soc2@64.281C soc0@63.531C gpu@67.718C tj@67.718C soc1@63.625C VDD_IN 21602mW/8907mW VDD_CPU_GPU_CV 11731mW/3281mW VDD_SOC 4406mW/2161mW
09-13-2026 13:38:17 RAM 6984/7620MB (lfb 8x2MB) SWAP 1943/8192MB (cached 58MB) CPU [1%@1728,100%@1728,1%@1728,1%@1728,0%@729,1%@729] GR3D_FREQ 82% cpu@65.875C soc2@64.562C soc0@63.625C gpu@67.718C tj@67.718C soc1@63.625C VDD_IN 21408mW/8936mW VDD_CPU_GPU_CV 11654mW/3300mW VDD_SOC 4375mW/2166mW
09-13-2026 13:38:18 RAM 6984/7620MB (lfb 8x2MB) SWAP 1943/8192MB (cached 58MB) CPU [0%@1728,100%@1728,0%@1728,1%@1728,0%@729,0%@729] GR3D_FREQ 88% cpu@66.218C soc2@64.593C soc0@63.843C gpu@67.156C tj@67.156C soc1@63.781C VDD_IN 21137mW/8964mW VDD_CPU_GPU_CV 10017mW/3315mW VDD_SOC 4994mW/2172mW
09-13-2026 13:38:18 RAM 6984/7620MB (lfb 8x2MB) SWAP 1943/8192MB (cached 58MB) CPU [0%@1728,100%@1728,0%@1728,0%@1728,0%@729,0%@729] GR3D_FREQ 88% cpu@66.093C soc2@64.593C soc0@63.875C gpu@67.468C tj@67.468C soc1@63.812C VDD_IN 20904mW/8991mW VDD_CPU_GPU_CV 8938mW/3328mW VDD_SOC 5459mW/2180mW
09-13-2026 13:38:19 RAM 7041/7620MB (lfb 19x1MB) SWAP 1943/8192MB (cached 58MB) CPU [4%@1728,92%@1728,2%@1728,2%@1728,6%@729,7%@729] GR3D_FREQ 0% cpu@65.875C soc2@64.25C soc0@63.812C gpu@65.812C tj@65.875C soc1@64.062C VDD_IN 15798mW/9007mW VDD_CPU_GPU_CV 6187mW/3335mW VDD_SOC 4333mW/2185mW
09-13-2026 13:38:19 RAM 6990/7620MB (lfb 2x2MB) SWAP 1943/8192MB (cached 58MB) CPU [3%@1728,100%@1728,0%@1728,1%@1728,0%@729,0%@729] GR3D_FREQ 99% cpu@65.843C soc2@64.562C soc0@63.875C gpu@67.968C tj@67.968C soc1@63.906C VDD_IN 20395mW/9032mW VDD_CPU_GPU_CV 10325mW/3351mW VDD_SOC 4421mW/2190mW
09-13-2026 13:38:20 RAM 6990/7620MB (lfb 2x2MB) SWAP 1943/8192MB (cached 58MB) CPU [0%@1728,100%@1728,0%@1728,0%@1728,0%@729,0%@729] GR3D_FREQ 99% cpu@66.125C soc2@64.875C soc0@63.937C gpu@67.968C tj@67.968C soc1@64.093C VDD_IN 21214mW/9060mW VDD_CPU_GPU_CV 11154mW/3368mW VDD_SOC 4491mW/2195mW
09-13-2026 13:38:20 RAM 6990/7620MB (lfb 2x2MB) SWAP 1943/8192MB (cached 58MB) CPU [0%@1728,100%@1728,2%@1728,0%@1728,0%@729,0%@729] GR3D_FREQ 85% cpu@66.468C soc2@64.937C soc0@64.25C gpu@67.5C tj@67.5C soc1@64.125C VDD_IN 20555mW/9086mW VDD_CPU_GPU_CV 9107mW/3381mW VDD_SOC 5188mW/2202mW
09-13-2026 13:38:21 RAM 6934/7620MB (lfb 19x1MB) SWAP 1943/8192MB (cached 58MB) CPU [7%@1728,18%@1728,3%@1728,2%@1728,82%@1728,3%@1728] GR3D_FREQ 72% cpu@66.218C soc2@64.375C soc0@64.187C gpu@66.25C tj@66.25C soc1@64.125C VDD_IN 13181mW/9095mW VDD_CPU_GPU_CV 5083mW/3385mW VDD_SOC 3642mW/2205mW
09-13-2026 13:38:21 RAM 6934/7620MB (lfb 19x1MB) SWAP 1943/8192MB (cached 58MB) CPU [3%@729,0%@729,1%@729,1%@729,100%@1728,0%@1728] GR3D_FREQ 99% cpu@66.156C soc2@64.843C soc0@64.125C gpu@68.25C tj@68.25C soc1@64.281C VDD_IN 19657mW/9119mW VDD_CPU_GPU_CV 10574mW/3401mW VDD_SOC 4033mW/2209mW
09-13-2026 13:38:22 RAM 6934/7620MB (lfb 19x1MB) SWAP 1942/8192MB (cached 58MB) CPU [0%@729,0%@729,0%@729,0%@729,100%@1728,0%@1728] GR3D_FREQ 99% cpu@66.406C soc2@65C soc0@64.343C gpu@68.687C tj@68.687C soc1@64.281C VDD_IN 21567mW/9147mW VDD_CPU_GPU_CV 12249mW/3421mW VDD_SOC 4097mW/2214mW
09-13-2026 13:38:22 RAM 6934/7620MB (lfb 19x1MB) SWAP 1942/8192MB (cached 58MB) CPU [1%@729,1%@729,0%@729,0%@729,100%@1728,0%@1728] GR3D_FREQ 99% cpu@66.531C soc2@65.25C soc0@64.406C gpu@68.906C tj@68.906C soc1@64.437C VDD_IN 21760mW/9176mW VDD_CPU_GPU_CV 12057mW/3441mW VDD_SOC 4290mW/2218mW
09-13-2026 13:38:23 RAM 6934/7620MB (lfb 19x1MB) SWAP 1942/8192MB (cached 58MB) CPU [0%@1728,1%@1728,1%@1728,1%@1728,100%@1728,0%@1728] GR3D_FREQ 99% cpu@66.968C soc2@65.343C soc0@64.593C gpu@68.75C tj@68.75C soc1@64.468C VDD_IN 21525mW/9203mW VDD_CPU_GPU_CV 11693mW/3459mW VDD_SOC 4368mW/2223mW
09-13-2026 13:38:23 RAM 6934/7620MB (lfb 19x1MB) SWAP 1942/8192MB (cached 58MB) CPU [1%@729,0%@729,0%@729,0%@729,100%@1728,0%@1728] GR3D_FREQ 88% cpu@67.187C soc2@65.531C soc0@64.75C gpu@68.468C tj@68.468C soc1@64.656C VDD_IN 21214mW/9230mW VDD_CPU_GPU_CV 10539mW/3475mW VDD_SOC 4801mW/2229mW
09-13-2026 13:38:24 RAM 6934/7620MB (lfb 19x1MB) SWAP 1942/8192MB (cached 58MB) CPU [5%@1113,3%@1113,2%@1113,6%@1113,96%@729,2%@729] GR3D_FREQ 0% cpu@67.187C soc2@65.343C soc0@64.781C gpu@67.218C tj@67.218C soc1@64.656C VDD_IN 19618mW/9253mW VDD_CPU_GPU_CV 8465mW/3486mW VDD_SOC 5003mW/2235mW
09-13-2026 13:38:24 RAM 6901/7620MB (lfb 1x4MB) SWAP 1942/8192MB (cached 58MB) CPU [3%@1728,98%@1728,3%@1728,3%@1728,0%@729,2%@729] GR3D_FREQ 99% cpu@66.75C soc2@65.375C soc0@64.781C gpu@69C tj@69C soc1@64.781C VDD_IN 19734mW/9277mW VDD_CPU_GPU_CV 9763mW/3500mW VDD_SOC 4421mW/2240mW
09-13-2026 13:38:25 RAM 6901/7620MB (lfb 1x4MB) SWAP 1942/8192MB (cached 59MB) CPU [0%@1728,100%@1728,0%@1728,0%@1728,0%@729,0%@729] GR3D_FREQ 99% cpu@67.062C soc2@65.75C soc0@64.812C gpu@69.093C tj@69.093C soc1@64.875C VDD_IN 21253mW/9303mW VDD_CPU_GPU_CV 11154mW/3517mW VDD_SOC 4491mW/2245mW
09-13-2026 13:38:25 RAM 6901/7620MB (lfb 1x4MB) SWAP 1942/8192MB (cached 59MB) CPU [1%@1728,100%@1728,0%@1728,0%@1728,0%@729,0%@729] GR3D_FREQ 90% cpu@67.25C soc2@65.812C soc0@64.937C gpu@68.343C tj@68.343C soc1@64.906C VDD_IN 20633mW/9329mW VDD_CPU_GPU_CV 9362mW/3530mW VDD_SOC 5111mW/2251mW
09-13-2026 13:38:26 RAM 6966/7620MB (lfb 19x1MB) SWAP 1942/8192MB (cached 59MB) CPU [4%@729,13%@1728,2%@1728,4%@1728,2%@1728,86%@1728] GR3D_FREQ 99% cpu@66.687C soc2@65.218C soc0@65.031C gpu@67.718C tj@67.718C soc1@64.906C VDD_IN 13378mW/9337mW VDD_CPU_GPU_CV 5426mW/3534mW VDD_SOC 3564mW/2254mW
09-13-2026 13:38:26 RAM 6966/7620MB (lfb 19x1MB) SWAP 1942/8192MB (cached 59MB) CPU [0%@729,0%@729,0%@729,1%@729,0%@1728,100%@1728] GR3D_FREQ 99% cpu@67.125C soc2@65.625C soc0@65.031C gpu@69.281C tj@69.281C soc1@65C VDD_IN 19734mW/9360mW VDD_CPU_GPU_CV 10728mW/3550mW VDD_SOC 3994mW/2258mW
09-13-2026 13:38:27 RAM 6966/7620MB (lfb 19x1MB) SWAP 1942/8192MB (cached 59MB) CPU [0%@729,0%@1728,0%@1728,0%@1728,0%@1728,100%@1728] GR3D_FREQ 99% cpu@67.218C soc2@65.875C soc0@65.125C gpu@69.468C tj@69.468C soc1@65.281C VDD_IN 21644mW/9387mW VDD_CPU_GPU_CV 12249mW/3569mW VDD_SOC 4136mW/2262mW
09-13-2026 13:38:27 RAM 6966/7620MB (lfb 19x1MB) SWAP 1942/8192MB (cached 59MB) CPU [0%@1728,0%@1728,0%@1728,0%@1728,0%@1728,100%@1728] GR3D_FREQ 99% cpu@67.468C soc2@66.093C soc0@65.281C gpu@69.656C tj@69.656C soc1@65.281C VDD_IN 21799mW/9415mW VDD_CPU_GPU_CV 11980mW/3588mW VDD_SOC 4329mW/2267mW
09-13-2026 13:38:28 RAM 6966/7620MB (lfb 19x1MB) SWAP 1942/8192MB (cached 59MB) CPU [3%@1728,0%@1728,0%@1728,2%@1728,0%@1728,100%@1728] GR3D_FREQ 99% cpu@67.468C soc2@66.125C soc0@65.468C gpu@69.656C tj@69.656C soc1@65.406C VDD_IN 21525mW/9441mW VDD_CPU_GPU_CV 11693mW/3606mW VDD_SOC 4368mW/2271mW
09-13-2026 13:38:28 RAM 6966/7620MB (lfb 19x1MB) SWAP 1942/8192MB (cached 59MB) CPU [0%@1728,0%@1728,0%@1728,1%@1728,0%@1728,100%@1728] GR3D_FREQ 88% cpu@67.875C soc2@66.375C soc0@65.593C gpu@69.031C tj@69.031C soc1@65.468C VDD_IN 21253mW/9467mW VDD_CPU_GPU_CV 10462mW/3621mW VDD_SOC 4832mW/2277mW
09-13-2026 13:38:29 RAM 6966/7620MB (lfb 19x1MB) SWAP 1942/8192MB (cached 59MB) CPU [0%@1728,1%@1728,0%@1728,0%@1728,0%@1728,100%@1728] GR3D_FREQ 97% cpu@68.156C soc2@66.312C soc0@65.75C gpu@69.312C tj@69.312C soc1@65.437C VDD_IN 20749mW/9492mW VDD_CPU_GPU_CV 9015mW/3632mW VDD_SOC 5343mW/2284mW
09-13-2026 13:38:29 RAM 6916/7620MB (lfb 1x4MB) SWAP 1942/8192MB (cached 59MB) CPU [4%@729,5%@729,4%@729,9%@729,4%@1728,98%@1728] GR3D_FREQ 99% cpu@67.562C soc2@66.093C soc0@65.593C gpu@69.125C tj@69.125C soc1@65.562C VDD_IN 17422mW/9509mW VDD_CPU_GPU_CV 7718mW/3641mW VDD_SOC 4358mW/2288mW
09-13-2026 13:38:30 RAM 6915/7620MB (lfb 1x4MB) SWAP 1942/8192MB (cached 59MB) CPU [0%@729,0%@729,0%@729,0%@729,0%@1728,100%@1728] GR3D_FREQ 99% cpu@67.75C soc2@66.375C soc0@65.781C gpu@70.062C tj@70.062C soc1@65.875C VDD_IN 20865mW/9534mW VDD_CPU_GPU_CV 10731mW/3657mW VDD_SOC 4491mW/2293mW
09-13-2026 13:38:30 RAM 6915/7620MB (lfb 1x4MB) SWAP 1942/8192MB (cached 59MB) CPU [1%@729,0%@729,0%@729,1%@729,0%@1728,100%@1728] GR3D_FREQ 88% cpu@68.031C soc2@66.562C soc0@65.937C gpu@69.312C tj@69.312C soc1@65.781C VDD_IN 20982mW/9559mW VDD_CPU_GPU_CV 10248mW/3671mW VDD_SOC 4801mW/2298mW
09-13-2026 13:38:31 RAM 6915/7620MB (lfb 1x4MB) SWAP 1942/8192MB (cached 59MB) CPU [1%@729,0%@729,1%@729,0%@729,0%@1728,100%@1728] GR3D_FREQ 93% cpu@68.468C soc2@66.687C soc0@65.937C gpu@69.593C tj@69.593C soc1@65.906C VDD_IN 20555mW/9582mW VDD_CPU_GPU_CV 8822mW/3682mW VDD_SOC 5343mW/2305mW
09-13-2026 13:38:32 RAM 6922/7620MB (lfb 1x4MB) SWAP 1942/8192MB (cached 59MB) CPU [1%@729,0%@729,0%@729,1%@729,0%@1728,100%@1728] GR3D_FREQ 88% cpu@68.343C soc2@66.625C soc0@66C gpu@69.437C tj@69.343C soc1@65.937C VDD_IN 20400mW/9606mW VDD_CPU_GPU_CV 8374mW/3692mW VDD_SOC 5459mW/2312mW
09-13-2026 13:38:32 RAM 6975/7620MB (lfb 19x1MB) SWAP 1942/8192MB (cached 59MB) CPU [4%@1728,4%@1728,5%@1728,7%@1728,3%@1728,94%@1728] GR3D_FREQ 0% cpu@67.718C soc2@66.093C soc0@66C gpu@67.687C tj@67.718C soc1@65.937C VDD_IN 12828mW/9613mW VDD_CPU_GPU_CV 4575mW/3694mW VDD_SOC 3727mW/2315mW
09-13-2026 13:38:33 RAM 6975/7620MB (lfb 19x1MB) SWAP 1942/8192MB (cached 59MB) CPU [3%@729,1%@729,0%@729,0%@729,0%@1728,100%@1728] GR3D_FREQ 99% cpu@68.031C soc2@66.593C soc0@65.968C gpu@70.156C tj@70.156C soc1@65.906C VDD_IN 19144mW/9633mW VDD_CPU_GPU_CV 10089mW/3708mW VDD_SOC 4040mW/2319mW
09-13-2026 13:38:33 RAM 6975/7620MB (lfb 19x1MB) SWAP 1942/8192MB (cached 59MB) CPU [1%@1728,0%@1728,0%@1728,0%@1728,0%@1728,100%@1728] GR3D_FREQ 99% cpu@68.25C soc2@66.906C soc0@66.156C gpu@70.75C tj@70.75C soc1@66.125C VDD_IN 21567mW/9659mW VDD_CPU_GPU_CV 12096mW/3726mW VDD_SOC 4174mW/2323mW
09-13-2026 13:38:34 RAM 6975/7620MB (lfb 19x1MB) SWAP 1942/8192MB (cached 59MB) CPU [0%@1728,0%@1728,0%@1728,0%@1728,0%@1728,100%@1728] GR3D_FREQ 99% cpu@68.437C soc2@67.093C soc0@66.312C gpu@70.593C tj@70.593C soc1@66.187C VDD_IN 21799mW/9685mW VDD_CPU_GPU_CV 12057mW/3744mW VDD_SOC 4329mW/2327mW
09-13-2026 13:38:34 RAM 6975/7620MB (lfb 19x1MB) SWAP 1942/8192MB (cached 59MB) CPU [0%@729,0%@729,0%@729,0%@729,0%@1728,100%@1728] GR3D_FREQ 99% cpu@68.625C soc2@67.218C soc0@66.468C gpu@70.875C tj@70.875C soc1@66.312C VDD_IN 21528mW/9710mW VDD_CPU_GPU_CV 11712mW/3761mW VDD_SOC 4406mW/2331mW
09-13-2026 13:38:35 RAM 6975/7620MB (lfb 19x1MB) SWAP 1942/8192MB (cached 59MB) CPU [1%@1728,0%@1728,1%@1728,0%@1728,0%@1728,100%@1728] GR3D_FREQ 94% cpu@68.968C soc2@67.281C soc0@66.468C gpu@70.187C tj@70.187C soc1@66.281C VDD_IN 21292mW/9735mW VDD_CPU_GPU_CV 10923mW/3776mW VDD_SOC 4677mW/2336mW
09-13-2026 13:38:35 RAM 6975/7620MB (lfb 19x1MB) SWAP 1942/8192MB (cached 59MB) CPU [0%@1728,0%@1728,0%@1728,0%@1728,0%@1728,100%@1728] GR3D_FREQ 87% cpu@68.968C soc2@67.25C soc0@66.718C gpu@70.031C tj@70.031C soc1@66.406C VDD_IN 20865mW/9758mW VDD_CPU_GPU_CV 9131mW/3787mW VDD_SOC 5343mW/2343mW
09-13-2026 13:38:36 RAM 6979/7620MB (lfb 19x1MB) SWAP 1940/8192MB (cached 62MB) CPU [6%@1728,2%@1728,5%@1728,3%@1728,0%@1728,100%@1728] GR3D_FREQ 87% cpu@69.093C soc2@67.281C soc0@66.718C gpu@70.218C tj@70.218C soc1@66.656C VDD_IN 20710mW/9782mW VDD_CPU_GPU_CV 8630mW/3798mW VDD_SOC 5536mW/2349mW
09-13-2026 13:38:36 RAM 6979/7620MB (lfb 19x1MB) SWAP 1940/8192MB (cached 62MB) CPU [0%@1728,0%@1728,0%@1728,0%@1728,0%@1728,100%@1728] GR3D_FREQ 88% cpu@69.125C soc2@67.375C soc0@66.75C gpu@70.062C tj@70.062C soc1@66.687C VDD_IN 20671mW/9805mW VDD_CPU_GPU_CV 8437mW/3808mW VDD_SOC 5614mW/2356mW
09-13-2026 13:38:37 RAM 6983/7620MB (lfb 1x2MB) SWAP 1940/8192MB (cached 62MB) CPU [17%@729,17%@1728,12%@1728,18%@1728,86%@1728,25%@1728] GR3D_FREQ 99% cpu@68.562C soc2@66.968C soc0@66.75C gpu@69.437C tj@69.437C soc1@66.812C VDD_IN 13691mW/9813mW VDD_CPU_GPU_CV 5270mW/3811mW VDD_SOC 3799mW/2359mW
09-13-2026 13:38:37 RAM 6983/7620MB (lfb 1x2MB) SWAP 1940/8192MB (cached 62MB) CPU [1%@729,0%@729,1%@729,0%@729,100%@1728,0%@1728] GR3D_FREQ 99% cpu@68.906C soc2@67.437C soc0@66.718C gpu@70.875C tj@70.875C soc1@66.687C VDD_IN 20439mW/9835mW VDD_CPU_GPU_CV 10672mW/3825mW VDD_SOC 4375mW/2364mW
09-13-2026 13:38:38 RAM 6983/7620MB (lfb 1x2MB) SWAP 1940/8192MB (cached 62MB) CPU [0%@1728,1%@1728,0%@1728,0%@1728,100%@1728,0%@1728] GR3D_FREQ 99% cpu@69.218C soc2@67.562C soc0@67.062C gpu@71.093C tj@71.093C soc1@66.812C VDD_IN 21876mW/9861mW VDD_CPU_GPU_CV 11712mW/3842mW VDD_SOC 4522mW/2368mW
09-13-2026 13:38:38 RAM 6983/7620MB (lfb 1x2MB) SWAP 1940/8192MB (cached 62MB) CPU [0%@729,0%@729,0%@729,0%@729,100%@1728,0%@1728] GR3D_FREQ 99% cpu@69.531C soc2@67.75C soc0@67.187C gpu@71.187C tj@71.187C soc1@66.843C VDD_IN 21605mW/9885mW VDD_CPU_GPU_CV 11596mW/3858mW VDD_SOC 4484mW/2373mW
09-13-2026 13:38:39 RAM 6983/7620MB (lfb 1x2MB) SWAP 1940/8192MB (cached 62MB) CPU [0%@1728,1%@1728,0%@1728,0%@1728,100%@1728,0%@1728] GR3D_FREQ 87% cpu@69.437C soc2@67.875C soc0@67.187C gpu@70.718C tj@70.718C soc1@66.937C VDD_IN 21214mW/9909mW VDD_CPU_GPU_CV 10808mW/3873mW VDD_SOC 4716mW/2378mW
09-13-2026 13:38:39 RAM 6983/7620MB (lfb 1x2MB) SWAP 1940/8192MB (cached 62MB) CPU [0%@1728,0%@1728,0%@1728,0%@1728,100%@1728,0%@1728] GR3D_FREQ 88% cpu@69.5C soc2@67.875C soc0@67.281C gpu@70.656C tj@70.656C soc1@67.093C VDD_IN 20865mW/9932mW VDD_CPU_GPU_CV 9092mW/3884mW VDD_SOC 5343mW/2384mW
09-13-2026 13:38:40 RAM 6983/7620MB (lfb 1x2MB) SWAP 1940/8192MB (cached 62MB) CPU [0%@729,1%@729,0%@729,0%@729,100%@1728,0%@1728] GR3D_FREQ 88% cpu@69.562C soc2@68C soc0@67.312C gpu@70.937C tj@70.656C soc1@67.156C VDD_IN 20710mW/9955mW VDD_CPU_GPU_CV 8553mW/3893mW VDD_SOC 5536mW/2390mW
09-13-2026 13:38:40 RAM 7025/7620MB (lfb 20x1MB) SWAP 1940/8192MB (cached 62MB) CPU [13%@1728,11%@1728,10%@1728,43%@1728,68%@729,9%@729] GR3D_FREQ 0% cpu@69.468C soc2@67.718C soc0@67.281C gpu@69.093C tj@69.468C soc1@67.125C VDD_IN 15485mW/9966mW VDD_CPU_GPU_CV 5992mW/3898mW VDD_SOC 4294mW/2394mW
09-13-2026 13:38:41 RAM 7072/7620MB (lfb 20x1MB) SWAP 2030/8192MB (cached 49MB) CPU [2%@1728,0%@1728,6%@1728,100%@1728,14%@1728,14%@1728] GR3D_FREQ 0% cpu@69.218C soc2@67.125C soc0@67.312C gpu@68.687C tj@69.218C soc1@67.156C VDD_IN 10329mW/9967mW VDD_CPU_GPU_CV 3300mW/3896mW VDD_SOC 3148mW/2396mW
09-13-2026 13:38:41 RAM 6939/7620MB (lfb 22x1MB) SWAP 2037/8192MB (cached 55MB) CPU [2%@1728,0%@1728,0%@1728,80%@1728,2%@729,5%@729] GR3D_FREQ 99% cpu@69.125C soc2@67.406C soc0@67.093C gpu@70.625C tj@70.625C soc1@67.187C VDD_IN 13731mW/9975mW VDD_CPU_GPU_CV 6207mW/3901mW VDD_SOC 3368mW/2398mW
09-13-2026 13:38:42 RAM 6953/7620MB (lfb 2x2MB) SWAP 2037/8192MB (cached 55MB) CPU [0%@1728,0%@1728,0%@1728,100%@1728,21%@729,0%@729] GR3D_FREQ 99% cpu@69.625C soc2@67.812C soc0@67.343C gpu@71.625C tj@71.625C soc1@67.312C VDD_IN 20200mW/9996mW VDD_CPU_GPU_CV 11134mW/3916mW VDD_SOC 4033mW/2401mW
09-13-2026 13:38:42 RAM 6954/7620MB (lfb 2x2MB) SWAP 2037/8192MB (cached 55MB) CPU [0%@1728,0%@1728,0%@1728,100%@1728,3%@729,0%@729] GR3D_FREQ 99% cpu@69.781C soc2@68.093C soc0@67.468C gpu@71.937C tj@71.937C soc1@67.187C VDD_IN 22031mW/10021mW VDD_CPU_GPU_CV 12595mW/3934mW VDD_SOC 4174mW/2405mW
09-13-2026 13:38:43 RAM 6954/7620MB (lfb 2x2MB) SWAP 2037/8192MB (cached 55MB) CPU [0%@1728,0%@1728,3%@1728,100%@1728,0%@729,0%@729] GR3D_FREQ 99% cpu@70.031C soc2@68.312C soc0@67.593C gpu@72.062C tj@72.062C soc1@67.375C VDD_IN 22536mW/10047mW VDD_CPU_GPU_CV 13072mW/3953mW VDD_SOC 4206mW/2409mW
09-13-2026 13:38:43 RAM 6954/7620MB (lfb 2x2MB) SWAP 2037/8192MB (cached 55MB) CPU [0%@1728,0%@1728,0%@1728,100%@1728,1%@729,0%@729] GR3D_FREQ 99% cpu@70.375C soc2@68.406C soc0@67.875C gpu@72.281C tj@72.281C soc1@67.5C VDD_IN 22459mW/10072mW VDD_CPU_GPU_CV 12995mW/3972mW VDD_SOC 4167mW/2412mW
09-13-2026 13:38:44 RAM 6954/7620MB (lfb 2x2MB) SWAP 2037/8192MB (cached 55MB) CPU [3%@1728,0%@1728,0%@1728,100%@1728,0%@729,1%@729] GR3D_FREQ 99% cpu@70.343C soc2@68.562C soc0@67.937C gpu@72.406C tj@72.406C soc1@67.625C VDD_IN 22264mW/10097mW VDD_CPU_GPU_CV 12305mW/3989mW VDD_SOC 4399mW/2416mW
09-13-2026 13:38:44 RAM 6954/7620MB (lfb 2x2MB) SWAP 2037/8192MB (cached 55MB) CPU [4%@1728,1%@1728,0%@1728,100%@1728,6%@729,1%@729] GR3D_FREQ 99% cpu@70.375C soc2@68.75C soc0@68.031C gpu@72.375C tj@72.187C soc1@67.718C VDD_IN 21644mW/10121mW VDD_CPU_GPU_CV 11750mW/4005mW VDD_SOC 4406mW/2420mW
09-13-2026 13:38:45 RAM 6954/7620MB (lfb 2x2MB) SWAP 2037/8192MB (cached 55MB) CPU [0%@1728,0%@1728,0%@1728,100%@1728,0%@729,0%@729] GR3D_FREQ 99% cpu@70.687C soc2@68.812C soc0@68.093C gpu@72.531C tj@72.531C soc1@67.843C VDD_IN 21528mW/10144mW VDD_CPU_GPU_CV 11673mW/4020mW VDD_SOC 4406mW/2424mW
09-13-2026 13:38:45 RAM 6954/7620MB (lfb 2x2MB) SWAP 2037/8192MB (cached 55MB) CPU [0%@1728,0%@1728,0%@1728,100%@1728,0%@729,0%@729] GR3D_FREQ 99% cpu@70.812C soc2@68.875C soc0@68.312C gpu@72.562C tj@72.562C soc1@67.843C VDD_IN 21408mW/10167mW VDD_CPU_GPU_CV 11654mW/4036mW VDD_SOC 4329mW/2428mW
09-13-2026 13:38:46 RAM 6954/7620MB (lfb 2x2MB) SWAP 2037/8192MB (cached 55MB) CPU [0%@1728,0%@1728,0%@1728,100%@1728,1%@729,0%@729] GR3D_FREQ 99% cpu@70.718C soc2@69C soc0@68.375C gpu@72.531C tj@72.531C soc1@67.968C VDD_IN 21567mW/10190mW VDD_CPU_GPU_CV 11712mW/4051mW VDD_SOC 4445mW/2432mW
09-13-2026 13:38:46 RAM 6954/7620MB (lfb 2x2MB) SWAP 2037/8192MB (cached 55MB) CPU [0%@1728,0%@1728,0%@1728,100%@1728,0%@729,0%@729] GR3D_FREQ 88% cpu@70.875C soc2@68.968C soc0@68.5C gpu@71.843C tj@71.843C soc1@68.187C VDD_IN 21218mW/10213mW VDD_CPU_GPU_CV 10039mW/4064mW VDD_SOC 5063mW/2438mW
09-13-2026 13:38:47 RAM 6954/7620MB (lfb 2x2MB) SWAP 2037/8192MB (cached 55MB) CPU [0%@1728,0%@1728,0%@1728,100%@1728,0%@729,0%@729] GR3D_FREQ 88% cpu@70.968C soc2@69.125C soc0@68.406C gpu@71.75C tj@71.75C soc1@68.156C VDD_IN 21141mW/10235mW VDD_CPU_GPU_CV 9054mW/4074mW VDD_SOC 5489mW/2444mW
09-13-2026 13:38:47 RAM 6954/7620MB (lfb 2x2MB) SWAP 2037/8192MB (cached 55MB) CPU [0%@1728,0%@1728,0%@1728,100%@1728,0%@729,0%@729] GR3D_FREQ 88% cpu@71.281C soc2@69.187C soc0@68.718C gpu@71.812C tj@71.812C soc1@68.218C VDD_IN 21063mW/10257mW VDD_CPU_GPU_CV 8707mW/4083mW VDD_SOC 5605mW/2450mW
09-13-2026 13:38:48 RAM 6954/7620MB (lfb 2x2MB) SWAP 2037/8192MB (cached 55MB) CPU [0%@1728,1%@1728,0%@1728,100%@1728,0%@729,0%@729] GR3D_FREQ 52% cpu@71.031C soc2@69.093C soc0@68.5C gpu@71.75C tj@71.75C soc1@68.187C VDD_IN 20633mW/10278mW VDD_CPU_GPU_CV 8399mW/4092mW VDD_SOC 5536mW/2457mW
09-13-2026 13:38:48 RAM 6813/7620MB (lfb 16x2MB) SWAP 2037/8192MB (cached 55MB) CPU [9%@1728,9%@1728,11%@1728,96%@1728,6%@729,6%@729] GR3D_FREQ 99% cpu@70.75C soc2@68.968C soc0@68.562C gpu@72.437C tj@72.437C soc1@68.5C VDD_IN 18522mW/10294mW VDD_CPU_GPU_CV 8658mW/4101mW VDD_SOC 4389mW/2461mW
09-13-2026 13:38:49 RAM 6811/7620MB (lfb 16x2MB) SWAP 2036/8192MB (cached 55MB) CPU [3%@1728,3%@1728,1%@1728,100%@1728,1%@1728,3%@1728] GR3D_FREQ 99% cpu@71.187C soc2@69.312C soc0@68.656C gpu@72.906C tj@72.906C soc1@68.5C VDD_IN 21412mW/10317mW VDD_CPU_GPU_CV 11174mW/4115mW VDD_SOC 4522mW/2465mW
09-13-2026 13:38:49 RAM 6815/7620MB (lfb 16x2MB) SWAP 2033/8192MB (cached 57MB) CPU [5%@1728,0%@1728,4%@1728,100%@1728,2%@729,4%@729] GR3D_FREQ 99% cpu@71.062C soc2@69.437C soc0@68.812C gpu@72.906C tj@72.906C soc1@68.468C VDD_IN 21408mW/10339mW VDD_CPU_GPU_CV 11328mW/4130mW VDD_SOC 4484mW/2469mW
09-13-2026 13:38:50 RAM 6815/7620MB (lfb 16x2MB) SWAP 2033/8192MB (cached 57MB) CPU [0%@1728,0%@1728,0%@1728,100%@1728,0%@729,0%@729] GR3D_FREQ 88% cpu@71.437C soc2@69.375C soc0@68.875C gpu@72.156C tj@72.156C soc1@68.625C VDD_IN 20788mW/10360mW VDD_CPU_GPU_CV 9323mW/4140mW VDD_SOC 5227mW/2474mW
09-13-2026 13:38:50 RAM 6841/7620MB (lfb 4x2MB) SWAP 2032/8192MB (cached 59MB) CPU [4%@1728,4%@1728,4%@1728,98%@1728,4%@729,16%@729] GR3D_FREQ 0% cpu@71.593C soc2@69.312C soc0@68.937C gpu@71.125C tj@71.593C soc1@68.812C VDD_IN 18366mW/10376mW VDD_CPU_GPU_CV 7550mW/4147mW VDD_SOC 4894mW/2479mW
09-13-2026 13:38:51 RAM 6927/7620MB (lfb 22x1MB) SWAP 2030/8192MB (cached 61MB) CPU [5%@1728,1%@1728,0%@1728,100%@1728,9%@729,13%@729] GR3D_FREQ 99% cpu@70.937C soc2@68.906C soc0@68.781C gpu@71.187C tj@71.187C soc1@68.812C VDD_IN 12221mW/10380mW VDD_CPU_GPU_CV 4582mW/4148mW VDD_SOC 3452mW/2481mW
09-13-2026 13:38:51 RAM 6927/7620MB (lfb 22x1MB) SWAP 2030/8192MB (cached 61MB) CPU [0%@1728,0%@1728,0%@1728,100%@1728,0%@729,0%@729] GR3D_FREQ 99% cpu@71.062C soc2@69.437C soc0@68.875C gpu@72.937C tj@72.937C soc1@68.718C VDD_IN 19657mW/10398mW VDD_CPU_GPU_CV 10556mW/4161mW VDD_SOC 4033mW/2484mW
09-13-2026 13:38:52 RAM 6927/7620MB (lfb 22x1MB) SWAP 2030/8192MB (cached 61MB) CPU [0%@1728,0%@1728,1%@1728,100%@1728,0%@729,1%@729] GR3D_FREQ 99% cpu@71.468C soc2@69.625C soc0@69.156C gpu@73.531C tj@73.531C soc1@68.781C VDD_IN 22070mW/10421mW VDD_CPU_GPU_CV 12420mW/4177mW VDD_SOC 4245mW/2488mW
09-13-2026 13:38:52 RAM 6921/7620MB (lfb 1x2MB) SWAP 2030/8192MB (cached 62MB) CPU [0%@1728,1%@1728,0%@1728,100%@1728,0%@729,0%@729] GR3D_FREQ 99% cpu@71.812C soc2@69.687C soc0@69.312C gpu@73.718C tj@73.718C soc1@68.718C VDD_IN 22343mW/10445mW VDD_CPU_GPU_CV 12765mW/4194mW VDD_SOC 4245mW/2491mW
09-13-2026 13:38:53 RAM 6921/7620MB (lfb 1x2MB) SWAP 2030/8192MB (cached 62MB) CPU [1%@1728,0%@1728,0%@1728,100%@1728,0%@729,0%@729] GR3D_FREQ 99% cpu@71.812C soc2@69.875C soc0@69.375C gpu@73.531C tj@73.531C soc1@69.093C VDD_IN 21954mW/10468mW VDD_CPU_GPU_CV 12057mW/4210mW VDD_SOC 4406mW/2495mW
09-13-2026 13:38:53 RAM 6921/7620MB (lfb 1x2MB) SWAP 2030/8192MB (cached 62MB) CPU [1%@729,1%@729,0%@729,14%@729,86%@1728,0%@1728] GR3D_FREQ 99% cpu@71.468C soc2@70.093C soc0@69.437C gpu@73.5C tj@73.5C soc1@69.062C VDD_IN 21373mW/10489mW VDD_CPU_GPU_CV 11481mW/4224mW VDD_SOC 4445mW/2499mW
09-13-2026 13:38:54 RAM 6921/7620MB (lfb 1x2MB) SWAP 2030/8192MB (cached 62MB) CPU [1%@1728,0%@1728,0%@1728,0%@1728,100%@1728,0%@1728] GR3D_FREQ 99% cpu@71.812C soc2@70.062C soc0@69.406C gpu@73.593C tj@73.593C soc1@69.125C VDD_IN 21489mW/10511mW VDD_CPU_GPU_CV 11635mW/4239mW VDD_SOC 4406mW/2503mW
09-13-2026 13:38:54 RAM 6922/7620MB (lfb 1x2MB) SWAP 2029/8192MB (cached 62MB) CPU [0%@1728,0%@1728,1%@1728,0%@1728,100%@1728,0%@1728] GR3D_FREQ 99% cpu@72.093C soc2@70.125C soc0@69.687C gpu@73.031C tj@73.031C soc1@69.187C VDD_IN 21024mW/10532mW VDD_CPU_GPU_CV 9808mW/4250mW VDD_SOC 5102mW/2508mW
09-13-2026 13:38:55 RAM 6929/7620MB (lfb 23x1MB) SWAP 2028/8192MB (cached 65MB) CPU [31%@1728,26%@1728,40%@1728,20%@1728,80%@729,25%@729] GR3D_FREQ 0% cpu@72.25C soc2@69.875C soc0@69.656C gpu@71.5C tj@72.25C soc1@69.312C VDD_IN 16045mW/10543mW VDD_CPU_GPU_CV 6759mW/4255mW VDD_SOC 4170mW/2511mW
09-13-2026 13:38:55 RAM 6892/7620MB (lfb 2x2MB) SWAP 2028/8192MB (cached 66MB) CPU [0%@1728,0%@1728,100%@1728,0%@1728,0%@729,0%@729] GR3D_FREQ 99% cpu@71.968C soc2@69.843C soc0@69.468C gpu@73.125C tj@73.125C soc1@69.437C VDD_IN 16592mW/10554mW VDD_CPU_GPU_CV 7834mW/4262mW VDD_SOC 3936mW/2514mW
09-13-2026 13:38:56 RAM 6892/7620MB (lfb 2x2MB) SWAP 2028/8192MB (cached 66MB) CPU [0%@1728,0%@1728,100%@1728,1%@1728,0%@729,0%@729] GR3D_FREQ 99% cpu@72.25C soc2@70.25C soc0@69.625C gpu@73.968C tj@73.968C soc1@69.343C VDD_IN 21334mW/10576mW VDD_CPU_GPU_CV 11385mW/4276mW VDD_SOC 4445mW/2517mW
09-13-2026 13:38:56 RAM 6892/7620MB (lfb 2x2MB) SWAP 2027/8192MB (cached 66MB) CPU [0%@1728,1%@1728,100%@1728,0%@1728,2%@729,17%@729] GR3D_FREQ 99% cpu@72.625C soc2@70.343C soc0@69.906C gpu@73.937C tj@73.937C soc1@69.468C VDD_IN 21721mW/10597mW VDD_CPU_GPU_CV 11635mW/4290mW VDD_SOC 4484mW/2521mW
09-13-2026 13:38:57 RAM 6892/7620MB (lfb 2x2MB) SWAP 2027/8192MB (cached 66MB) CPU [0%@1728,0%@1728,100%@1728,0%@1728,0%@729,2%@729] GR3D_FREQ 99% cpu@72.687C soc2@70.312C soc0@69.937C gpu@74.062C tj@74.062C soc1@69.531C VDD_IN 21412mW/10618mW VDD_CPU_GPU_CV 11520mW/4304mW VDD_SOC 4445mW/2525mW
09-13-2026 13:38:57 RAM 6893/7620MB (lfb 2x2MB) SWAP 2027/8192MB (cached 66MB) CPU [1%@1728,0%@1728,100%@1728,0%@1728,0%@729,4%@729] GR3D_FREQ 88% cpu@72.906C soc2@70.562C soc0@70C gpu@73.375C tj@73.375C soc1@69.781C VDD_IN 20986mW/10639mW VDD_CPU_GPU_CV 10039mW/4315mW VDD_SOC 4986mW/2530mW
09-13-2026 13:38:58 RAM 6893/7620MB (lfb 2x2MB) SWAP 2027/8192MB (cached 66MB) CPU [0%@1728,0%@1728,100%@1728,1%@1728,0%@729,0%@729] GR3D_FREQ 89% cpu@72.75C soc2@70.656C soc0@69.968C gpu@73.281C tj@73.281C soc1@69.75C VDD_IN 20865mW/10658mW VDD_CPU_GPU_CV 8899mW/4324mW VDD_SOC 5450mW/2536mW
09-13-2026 13:38:58 RAM 6928/7620MB (lfb 23x1MB) SWAP 2027/8192MB (cached 66MB) CPU [20%@1728,22%@1728,49%@1728,18%@1728,27%@1728,67%@1728] GR3D_FREQ 0% cpu@71.75C soc2@70.218C soc0@69.875C gpu@71.562C tj@71.625C soc1@69.75C VDD_IN 13747mW/10664mW VDD_CPU_GPU_CV 5348mW/4326mW VDD_SOC 3799mW/2538mW
09-13-2026 13:38:59 RAM 6911/7620MB (lfb 2x2MB) SWAP 2033/8192MB (cached 47MB) CPU [3%@1728,1%@1728,0%@1728,0%@1728,6%@1728,100%@1728] GR3D_FREQ 0% cpu@71.187C soc2@69.562C soc0@69.875C gpu@70.812C tj@71.187C soc1@69.625C VDD_IN 9619mW/10662mW VDD_CPU_GPU_CV 2912mW/4323mW VDD_SOC 2996mW/2539mW
09-13-2026 13:38:59 RAM 6911/7620MB (lfb 2x2MB) SWAP 2033/8192MB (cached 47MB) CPU [0%@729,0%@729,0%@729,0%@729,0%@1728,100%@1728] GR3D_FREQ 99% cpu@71.781C soc2@70.031C soc0@69.812C gpu@73.937C tj@73.937C soc1@69.593C VDD_IN 17928mW/10676mW VDD_CPU_GPU_CV 9408mW/4333mW VDD_SOC 3813mW/2541mW
09-13-2026 13:39:00 RAM 6911/7620MB (lfb 2x2MB) SWAP 2033/8192MB (cached 47MB) CPU [0%@1728,0%@1728,0%@1728,0%@1728,0%@1728,100%@1728] GR3D_FREQ 99% cpu@72.062C soc2@70.437C soc0@69.906C gpu@74.062C tj@74.062C soc1@69.625C VDD_IN 21528mW/10697mW VDD_CPU_GPU_CV 12057mW/4348mW VDD_SOC 4213mW/2545mW
09-13-2026 13:39:00 RAM 6911/7620MB (lfb 2x2MB) SWAP 2033/8192MB (cached 47MB) CPU [0%@729,0%@729,0%@729,0%@729,0%@1728,100%@1728] GR3D_FREQ 99% cpu@72.25C soc2@70.656C soc0@70.031C gpu@74.562C tj@74.562C soc1@69.875C VDD_IN 22613mW/10720mW VDD_CPU_GPU_CV 12919mW/4364mW VDD_SOC 4283mW/2548mW
09-13-2026 13:39:01 RAM 6911/7620MB (lfb 2x2MB) SWAP 2033/8192MB (cached 47MB) CPU [0%@729,1%@729,0%@729,0%@1728,1%@1728,100%@1728] GR3D_FREQ 99% cpu@72.281C soc2@70.687C soc0@70.062C gpu@74.406C tj@74.406C soc1@69.843C VDD_IN 22768mW/10743mW VDD_CPU_GPU_CV 13050mW/4381mW VDD_SOC 4283mW/2551mW
09-13-2026 13:39:01 RAM 6911/7620MB (lfb 2x2MB) SWAP 2033/8192MB (cached 47MB) CPU [0%@1728,1%@1728,3%@1728,0%@1728,0%@1728,100%@1728] GR3D_FREQ 99% cpu@72.406C soc2@70.843C soc0@70.25C gpu@74.781C tj@74.781C soc1@69.843C VDD_IN 22691mW/10766mW VDD_CPU_GPU_CV 12974mW/4398mW VDD_SOC 4283mW/2555mW
09-13-2026 13:39:02 RAM 6911/7620MB (lfb 2x2MB) SWAP 2033/8192MB (cached 47MB) CPU [1%@729,0%@729,0%@729,0%@729,0%@1728,100%@1728] GR3D_FREQ 99% cpu@72.781C soc2@70.843C soc0@70.375C gpu@74.5C tj@74.5C soc1@69.843C VDD_IN 21992mW/10788mW VDD_CPU_GPU_CV 12037mW/4412mW VDD_SOC 4438mW/2558mW
09-13-2026 13:39:02 RAM 6904/7620MB (lfb 23x1MB) SWAP 2033/8192MB (cached 48MB) CPU [3%@729,0%@729,1%@729,1%@729,1%@1728,100%@1728] GR3D_FREQ 99% cpu@72.593C soc2@70.843C soc0@70.406C gpu@74.5C tj@74.5C soc1@69.843C VDD_IN 21373mW/10808mW VDD_CPU_GPU_CV 11481mW/4426mW VDD_SOC 4445mW/2562mW
09-13-2026 13:39:03 RAM 6904/7620MB (lfb 23x1MB) SWAP 2033/8192MB (cached 48MB) CPU [0%@1728,0%@1728,0%@1728,0%@1728,0%@1728,100%@1728] GR3D_FREQ 99% cpu@72.531C soc2@70.843C soc0@70.343C gpu@74.5C tj@74.5C soc1@69.906C VDD_IN 21412mW/10828mW VDD_CPU_GPU_CV 11635mW/4439mW VDD_SOC 4406mW/2565mW
09-13-2026 13:39:03 RAM 6904/7620MB (lfb 23x1MB) SWAP 2033/8192MB (cached 48MB) CPU [0%@1728,1%@1728,0%@1728,3%@1728,0%@1728,100%@1728] GR3D_FREQ 99% cpu@72.468C soc2@70.812C soc0@70.343C gpu@74.562C tj@74.562C soc1@70C VDD_IN 21373mW/10848mW VDD_CPU_GPU_CV 11558mW/4453mW VDD_SOC 4445mW/2569mW
09-13-2026 13:39:04 RAM 6904/7620MB (lfb 23x1MB) SWAP 2033/8192MB (cached 48MB) CPU [0%@1728,0%@1728,0%@1728,0%@1728,0%@1728,100%@1728] GR3D_FREQ 84% cpu@72.656C soc2@71C soc0@70.281C gpu@74.281C tj@74.281C soc1@69.968C VDD_IN 21489mW/10868mW VDD_CPU_GPU_CV 11443mW/4466mW VDD_SOC 4561mW/2573mW
09-13-2026 13:39:04 RAM 6904/7620MB (lfb 23x1MB) SWAP 2033/8192MB (cached 48MB) CPU [0%@729,0%@729,0%@729,0%@729,0%@1728,100%@1728] GR3D_FREQ 89% cpu@72.593C soc2@70.875C soc0@70.281C gpu@73.75C tj@74C soc1@70.031C VDD_IN 21257mW/10888mW VDD_CPU_GPU_CV 9500mW/4476mW VDD_SOC 5373mW/2578mW
09-13-2026 13:39:05 RAM 6904/7620MB (lfb 23x1MB) SWAP 2033/8192MB (cached 48MB) CPU [0%@729,0%@729,0%@729,0%@729,0%@1728,100%@1728] GR3D_FREQ 89% cpu@72.781C soc2@70.843C soc0@70.375C gpu@73.812C tj@73.812C soc1@69.968C VDD_IN 21218mW/10908mW VDD_CPU_GPU_CV 8923mW/4484mW VDD_SOC 5605mW/2584mW
09-13-2026 13:39:05 RAM 6850/7620MB (lfb 2x2MB) SWAP 2033/8192MB (cached 48MB) CPU [25%@1728,25%@1728,23%@1728,20%@1728,23%@1728,90%@1728] GR3D_FREQ 1% cpu@72.187C soc2@70.125C soc0@70.25C gpu@71.75C tj@72.187C soc1@69.906C VDD_IN 12554mW/10911mW VDD_CPU_GPU_CV 4536mW/4484mW VDD_SOC 3609mW/2586mW
09-13-2026 13:39:06 RAM 6850/7620MB (lfb 2x2MB) SWAP 2033/8192MB (cached 48MB) CPU [0%@1728,0%@1728,0%@1728,3%@1728,1%@1728,100%@1728] GR3D_FREQ 99% cpu@72.125C soc2@70.531C soc0@70.187C gpu@74.218C tj@74.218C soc1@70.031C VDD_IN 20012mW/10928mW VDD_CPU_GPU_CV 10364mW/4495mW VDD_SOC 4336mW/2589mW
09-13-2026 13:39:06 RAM 6850/7620MB (lfb 2x2MB) SWAP 2033/8192MB (cached 48MB) CPU [1%@729,1%@729,0%@729,0%@729,0%@1728,100%@1728] GR3D_FREQ 99% cpu@72.281C soc2@70.75C soc0@70.25C gpu@74.312C tj@74.312C soc1@70.093C VDD_IN 21992mW/10949mW VDD_CPU_GPU_CV 11712mW/4509mW VDD_SOC 4553mW/2593mW
09-13-2026 13:39:07 RAM 6850/7620MB (lfb 2x2MB) SWAP 2033/8192MB (cached 48MB) CPU [1%@729,1%@729,0%@729,0%@729,0%@1728,100%@1728] GR3D_FREQ 99% cpu@72.562C soc2@70.843C soc0@70.312C gpu@74.437C tj@74.437C soc1@69.906C VDD_IN 21605mW/10969mW VDD_CPU_GPU_CV 11596mW/4522mW VDD_SOC 4484mW/2596mW
09-13-2026 13:39:07 RAM 6850/7620MB (lfb 2x2MB) SWAP 2033/8192MB (cached 48MB) CPU [0%@729,1%@729,0%@729,0%@729,7%@1728,100%@1728] GR3D_FREQ 87% cpu@72.937C soc2@70.937C soc0@70.25C gpu@73.968C tj@73.968C soc1@69.968C VDD_IN 21257mW/10988mW VDD_CPU_GPU_CV 11136mW/4535mW VDD_SOC 4600mW/2600mW
09-13-2026 13:39:08 RAM 6850/7620MB (lfb 2x2MB) SWAP 2033/8192MB (cached 48MB) CPU [0%@1728,0%@1728,3%@1728,0%@1728,2%@1728,100%@1728] GR3D_FREQ 88% cpu@72.531C soc2@70.812C soc0@70.468C gpu@73.562C tj@73.562C soc1@69.937C VDD_IN 20870mW/11006mW VDD_CPU_GPU_CV 9231mW/4543mW VDD_SOC 5334mW/2605mW
09-13-2026 13:39:08 RAM 6849/7620MB (lfb 23x1MB) SWAP 2032/8192MB (cached 48MB) CPU [15%@1728,10%@1728,9%@1728,8%@1728,14%@1113,96%@1113] GR3D_FREQ 0% cpu@73.25C soc2@70.625C soc0@70.375C gpu@72.468C tj@73.25C soc1@69.968C VDD_IN 18724mW/11021mW VDD_CPU_GPU_CV 7731mW/4549mW VDD_SOC 4972mW/2609mW
09-13-2026 13:39:09 RAM 7095/7620MB (lfb 22x1MB) SWAP 2032/8192MB (cached 49MB) CPU [4%@1728,96%@1728,6%@1728,7%@1728,10%@729,12%@729] GR3D_FREQ 0% cpu@71.781C soc2@70.125C soc0@70.156C gpu@71.281C tj@71.781C soc1@70.062C VDD_IN 11277mW/11021mW VDD_CPU_GPU_CV 3844mW/4548mW VDD_SOC 3340mW/2611mW
09-13-2026 13:39:09 RAM 6928/7620MB (lfb 22x1MB) SWAP 2039/8192MB (cached 48MB) CPU [0%@729,25%@729,8%@729,3%@729,74%@1728,0%@1728] GR3D_FREQ 99% cpu@71.781C soc2@69.906C soc0@69.875C gpu@73.062C tj@73.062C soc1@69.937C VDD_IN 12789mW/11024mW VDD_CPU_GPU_CV 5318mW/4549mW VDD_SOC 3334mW/2612mW
09-13-2026 13:39:10 RAM 6934/7620MB (lfb 1x2MB) SWAP 2039/8192MB (cached 48MB) CPU [60%@1728,0%@1728,0%@1728,0%@1728,40%@1651,12%@1651] GR3D_FREQ 99% cpu@72.093C soc2@70.562C soc0@70.031C gpu@74.343C tj@74.343C soc1@69.875C VDD_IN 20051mW/11041mW VDD_CPU_GPU_CV 10864mW/4561mW VDD_SOC 4104mW/2615mW
09-13-2026 13:39:10 RAM 6939/7620MB (lfb 1x2MB) SWAP 2039/8192MB (cached 48MB) CPU [100%@1728,2%@1728,8%@1728,11%@1728,5%@729,2%@729] GR3D_FREQ 99% cpu@72.781C soc2@70.875C soc0@70.281C gpu@74.531C tj@74.531C soc1@69.906C VDD_IN 22188mW/11062mW VDD_CPU_GPU_CV 12612mW/4576mW VDD_SOC 4245mW/2618mW
09-13-2026 13:39:11 RAM 6939/7620MB (lfb 1x2MB) SWAP 2039/8192MB (cached 48MB) CPU [100%@1728,1%@1728,0%@1728,0%@1728,0%@729,0%@729] GR3D_FREQ 99% cpu@72.75C soc2@71.093C soc0@70.375C gpu@74.531C tj@74.531C soc1@69.843C VDD_IN 22807mW/11084mW VDD_CPU_GPU_CV 13050mW/4592mW VDD_SOC 4283mW/2621mW
09-13-2026 13:39:11 RAM 6939/7620MB (lfb 1x2MB) SWAP 2039/8192MB (cached 48MB) CPU [11%@729,1%@1728,1%@1728,0%@1728,92%@1728,0%@1728] GR3D_FREQ 99% cpu@72.718C soc2@70.937C soc0@70.375C gpu@74.625C tj@74.625C soc1@70.156C VDD_IN 22652mW/11105mW VDD_CPU_GPU_CV 12935mW/4607mW VDD_SOC 4283mW/2624mW
09-13-2026 13:39:12 RAM 6939/7620MB (lfb 1x2MB) SWAP 2039/8192MB (cached 48MB) CPU [0%@729,0%@729,1%@729,0%@729,100%@1728,0%@1728] GR3D_FREQ 99% cpu@72.593C soc2@70.968C soc0@70.437C gpu@74.562C tj@74.562C soc1@70.125C VDD_IN 22343mW/11126mW VDD_CPU_GPU_CV 12459mW/4622mW VDD_SOC 4399mW/2627mW
09-13-2026 13:39:12 RAM 6925/7620MB (lfb 23x1MB) SWAP 2039/8192MB (cached 49MB) CPU [2%@729,0%@729,1%@729,0%@729,100%@1728,0%@1728] GR3D_FREQ 99% cpu@72.781C soc2@71.093C soc0@70.375C gpu@74.437C tj@74.437C soc1@70.062C VDD_IN 21683mW/11145mW VDD_CPU_GPU_CV 11788mW/4635mW VDD_SOC 4445mW/2631mW
09-13-2026 13:39:13 RAM 6925/7620MB (lfb 23x1MB) SWAP 2039/8192MB (cached 49MB) CPU [0%@729,0%@729,0%@729,1%@729,100%@1728,0%@1728] GR3D_FREQ 99% cpu@73.062C soc2@71.062C soc0@70.468C gpu@74.625C tj@74.625C soc1@70.093C VDD_IN 21489mW/11164mW VDD_CPU_GPU_CV 11635mW/4648mW VDD_SOC 4406mW/2634mW
09-13-2026 13:39:13 RAM 6925/7620MB (lfb 23x1MB) SWAP 2039/8192MB (cached 49MB) CPU [0%@1728,1%@1728,0%@1728,0%@1728,100%@1728,0%@1728] GR3D_FREQ 99% cpu@72.781C soc2@70.968C soc0@70.593C gpu@74.468C tj@74.468C soc1@70.062C VDD_IN 21296mW/11183mW VDD_CPU_GPU_CV 11596mW/4660mW VDD_SOC 4368mW/2637mW
09-13-2026 13:39:14 RAM 6925/7620MB (lfb 23x1MB) SWAP 2039/8192MB (cached 49MB) CPU [0%@729,0%@729,0%@729,0%@729,100%@1728,0%@1728] GR3D_FREQ 99% cpu@72.75C soc2@71C soc0@70.625C gpu@74.593C tj@74.593C soc1@70.031C VDD_IN 21605mW/11202mW VDD_CPU_GPU_CV 11673mW/4673mW VDD_SOC 4484mW/2640mW
09-13-2026 13:39:14 RAM 6925/7620MB (lfb 23x1MB) SWAP 2039/8192MB (cached 49MB) CPU [0%@729,3%@729,0%@729,1%@729,100%@1728,0%@1728] GR3D_FREQ 96% cpu@72.843C soc2@71.093C soc0@70.468C gpu@73.937C tj@73.937C soc1@70.25C VDD_IN 21373mW/11220mW VDD_CPU_GPU_CV 10346mW/4683mW VDD_SOC 4986mW/2645mW
09-13-2026 13:39:15 RAM 6925/7620MB (lfb 23x1MB) SWAP 2039/8192MB (cached 49MB) CPU [0%@729,0%@729,1%@729,0%@729,98%@1728,0%@1728] GR3D_FREQ 95% cpu@72.687C soc2@71.031C soc0@70.406C gpu@74C tj@74C soc1@70.156C VDD_IN 21218mW/11238mW VDD_CPU_GPU_CV 9154mW/4692mW VDD_SOC 5489mW/2650mW
09-13-2026 13:39:16 RAM 6926/7620MB (lfb 23x1MB) SWAP 2039/8192MB (cached 49MB) CPU [24%@806,30%@806,27%@806,26%@806,88%@1574,24%@1574] GR3D_FREQ 0% cpu@73.25C soc2@70.812C soc0@70.343C gpu@72.281C tj@73.25C soc1@70.218C VDD_IN 17149mW/11249mW VDD_CPU_GPU_CV 7097mW/4696mW VDD_SOC 4513mW/2653mW
09-13-2026 13:39:16 RAM 6820/7620MB (lfb 1x4MB) SWAP 2039/8192MB (cached 49MB) CPU [0%@1728,2%@1728,2%@1728,100%@1728,2%@729,2%@729] GR3D_FREQ 99% cpu@72.593C soc2@70.593C soc0@70.343C gpu@73.656C tj@73.656C soc1@70.156C VDD_IN 15616mW/11257mW VDD_CPU_GPU_CV 7031mW/4700mW VDD_SOC 3864mW/2655mW
09-13-2026 13:39:17 RAM 6820/7620MB (lfb 1x4MB) SWAP 2039/8192MB (cached 49MB) CPU [1%@1728,0%@1728,0%@1728,100%@1728,0%@729,0%@729] GR3D_FREQ 99% cpu@72.906C soc2@70.843C soc0@70.375C gpu@74.343C tj@74.343C soc1@69.968C VDD_IN 21024mW/11275mW VDD_CPU_GPU_CV 11116mW/4712mW VDD_SOC 4406mW/2659mW
09-13-2026 13:39:17 RAM 6820/7620MB (lfb 1x4MB) SWAP 2039/8192MB (cached 49MB) CPU [1%@1728,0%@1728,0%@1728,100%@1728,0%@729,0%@729] GR3D_FREQ 99% cpu@72.843C soc2@70.937C soc0@70.406C gpu@74.687C tj@74.687C soc1@70.187C VDD_IN 21838mW/11294mW VDD_CPU_GPU_CV 11635mW/4724mW VDD_SOC 4515mW/2662mW
09-13-2026 13:39:18 RAM 6820/7620MB (lfb 1x4MB) SWAP 2039/8192MB (cached 49MB) CPU [1%@1728,0%@1728,0%@1728,100%@1728,0%@729,0%@729] GR3D_FREQ 99% cpu@72.812C soc2@71C soc0@70.343C gpu@74.5C tj@74.5C soc1@70.093C VDD_IN 21412mW/11312mW VDD_CPU_GPU_CV 11443mW/4737mW VDD_SOC 4484mW/2665mW
09-13-2026 13:39:18 RAM 6820/7620MB (lfb 1x4MB) SWAP 2039/8192MB (cached 49MB) CPU [0%@1728,0%@1728,0%@1728,100%@1728,0%@729,0%@729] GR3D_FREQ 99% cpu@73.156C soc2@71C soc0@70.406C gpu@73.906C tj@73.906C soc1@70.125C VDD_IN 21102mW/11330mW VDD_CPU_GPU_CV 10192mW/4746mW VDD_SOC 4947mW/2669mW
09-13-2026 13:39:19 RAM 6820/7620MB (lfb 1x4MB) SWAP 2039/8192MB (cached 49MB) CPU [1%@1728,0%@1728,0%@1728,100%@1728,0%@729,0%@729] GR3D_FREQ 88% cpu@73.062C soc2@71.031C soc0@70.656C gpu@73.718C tj@73.718C soc1@70.062C VDD_IN 20831mW/11347mW VDD_CPU_GPU_CV 8923mW/4754mW VDD_SOC 5450mW/2674mW
09-13-2026 13:39:19 RAM 6827/7620MB (lfb 1x4MB) SWAP 2037/8192MB (cached 52MB) CPU [17%@1728,10%@1728,14%@1728,96%@1728,8%@1728,10%@1728] GR3D_FREQ 0% cpu@73.625C soc2@70.843C soc0@70.531C gpu@72.562C tj@73.625C soc1@70.031C VDD_IN 18647mW/11360mW VDD_CPU_GPU_CV 7692mW/4759mW VDD_SOC 4964mW/2679mW
09-13-2026 13:39:20 RAM 7162/7620MB (lfb 23x1MB) SWAP 2037/8192MB (cached 52MB) CPU [96%@1728,11%@1728,13%@1728,12%@1728,13%@729,10%@729] GR3D_FREQ 0% cpu@72.312C soc2@70.343C soc0@70.312C gpu@71.5C tj@72.312C soc1@70.187C VDD_IN 11317mW/11360mW VDD_CPU_GPU_CV 3916mW/4758mW VDD_SOC 3340mW/2680mW
09-13-2026 13:39:20 RAM 6917/7620MB (lfb 23x1MB) SWAP 2037/8192MB (cached 52MB) CPU [100%@1728,1%@1728,0%@1728,0%@1728,0%@729,0%@729] GR3D_FREQ 99% cpu@71.875C soc2@70.406C soc0@70.125C gpu@73.531C tj@73.531C soc1@70C VDD_IN 13630mW/11364mW VDD_CPU_GPU_CV 6051mW/4760mW VDD_SOC 3407mW/2681mW
09-13-2026 13:39:21 RAM 6919/7620MB (lfb 23x1MB) SWAP 2037/8192MB (cached 52MB) CPU [100%@1728,0%@1728,1%@1728,1%@1728,1%@1267,11%@1267] GR3D_FREQ 99% cpu@72.343C soc2@70.781C soc0@70.406C gpu@74.312C tj@74.312C soc1@70.031C VDD_IN 20206mW/11380mW VDD_CPU_GPU_CV 11096mW/4771mW VDD_SOC 4026mW/2683mW
09-13-2026 13:39:21 RAM 6919/7620MB (lfb 23x1MB) SWAP 2037/8192MB (cached 52MB) CPU [100%@1728,0%@1728,1%@1728,0%@1728,0%@729,0%@729] GR3D_FREQ 99% cpu@72.656C soc2@70.968C soc0@70.468C gpu@74.812C tj@74.812C soc1@69.968C VDD_IN 21956mW/11399mW VDD_CPU_GPU_CV 12574mW/4785mW VDD_SOC 4167mW/2686mW
09-13-2026 13:39:22 RAM 6919/7620MB (lfb 23x1MB) SWAP 2037/8192MB (cached 52MB) CPU [100%@1728,0%@1728,0%@1728,0%@1728,0%@729,0%@729] GR3D_FREQ 99% cpu@72.75C soc2@71.156C soc0@70.5C gpu@75C tj@75C soc1@70.218C VDD_IN 22652mW/11419mW VDD_CPU_GPU_CV 13050mW/4800mW VDD_SOC 4245mW/2689mW
09-13-2026 13:39:22 RAM 6919/7620MB (lfb 23x1MB) SWAP 2037/8192MB (cached 52MB) CPU [100%@1728,0%@1728,0%@1728,0%@1728,0%@729,0%@729] GR3D_FREQ 99% cpu@72.906C soc2@71.312C soc0@70.625C gpu@74.906C tj@74.906C soc1@70.156C VDD_IN 22652mW/11439mW VDD_CPU_GPU_CV 12897mW/4814mW VDD_SOC 4283mW/2692mW
09-13-2026 13:39:23 RAM 6914/7620MB (lfb 23x1MB) SWAP 2037/8192MB (cached 52MB) CPU [100%@1728,1%@1728,0%@1728,0%@1728,0%@729,0%@729] GR3D_FREQ 99% cpu@72.812C soc2@71.406C soc0@70.875C gpu@74.75C tj@74.75C soc1@70.125C VDD_IN 22304mW/11458mW VDD_CPU_GPU_CV 12382mW/4828mW VDD_SOC 4399mW/2695mW
09-13-2026 13:39:23 RAM 6914/7620MB (lfb 23x1MB) SWAP 2037/8192MB (cached 52MB) CPU [80%@1728,1%@1728,0%@1728,0%@1728,18%@1728,0%@1728] GR3D_FREQ 99% cpu@72.875C soc2@71.312C soc0@70.781C gpu@74.687C tj@74.687C soc1@70.218C VDD_IN 21605mW/11476mW VDD_CPU_GPU_CV 11712mW/4840mW VDD_SOC 4438mW/2698mW
09-13-2026 13:39:24 RAM 6914/7620MB (lfb 23x1MB) SWAP 2037/8192MB (cached 52MB) CPU [0%@1728,1%@1728,0%@1728,0%@1728,100%@1728,0%@1728] GR3D_FREQ 99% cpu@73.093C soc2@71.187C soc0@70.75C gpu@74.656C tj@74.656C soc1@70.187C VDD_IN 21528mW/11494mW VDD_CPU_GPU_CV 11596mW/4852mW VDD_SOC 4445mW/2701mW
09-13-2026 13:39:24 RAM 6914/7620MB (lfb 23x1MB) SWAP 2037/8192MB (cached 52MB) CPU [0%@729,0%@729,0%@729,3%@729,100%@1728,0%@1728] GR3D_FREQ 99% cpu@72.781C soc2@71.281C soc0@70.625C gpu@74.656C tj@74.656C soc1@70.375C VDD_IN 21296mW/11511mW VDD_CPU_GPU_CV 11520mW/4864mW VDD_SOC 4368mW/2704mW
09-13-2026 13:39:25 RAM 6914/7620MB (lfb 23x1MB) SWAP 2037/8192MB (cached 52MB) CPU [0%@1728,0%@1728,0%@1728,1%@1728,100%@1728,0%@1728] GR3D_FREQ 99% cpu@72.843C soc2@71.25C soc0@70.625C gpu@74.625C tj@74.625C soc1@70.343C VDD_IN 21489mW/11528mW VDD_CPU_GPU_CV 11558mW/4875mW VDD_SOC 4484mW/2707mW
09-13-2026 13:39:25 RAM 6914/7620MB (lfb 23x1MB) SWAP 2037/8192MB (cached 52MB) CPU [1%@729,0%@729,0%@729,0%@729,100%@1728,1%@1728] GR3D_FREQ 88% cpu@73C soc2@71.25C soc0@70.718C gpu@74.125C tj@74.125C soc1@70.25C VDD_IN 21296mW/11546mW VDD_CPU_GPU_CV 10214mW/4885mW VDD_SOC 5025mW/2711mW
09-13-2026 13:39:26 RAM 6914/7620MB (lfb 23x1MB) SWAP 2037/8192MB (cached 52MB) CPU [0%@729,0%@729,0%@729,0%@729,100%@1728,0%@1728] GR3D_FREQ 88% cpu@73.125C soc2@71.25C soc0@70.781C gpu@74.25C tj@74.25C soc1@70.25C VDD_IN 21218mW/11563mW VDD_CPU_GPU_CV 9077mW/4892mW VDD_SOC 5489mW/2716mW
09-13-2026 13:39:26 RAM 6916/7620MB (lfb 1x2MB) SWAP 2036/8192MB (cached 52MB) CPU [12%@729,13%@729,11%@729,12%@729,96%@1728,11%@1728] GR3D_FREQ 99% cpu@72.656C soc2@70.687C soc0@70.656C gpu@73.281C tj@73.281C soc1@70.25C VDD_IN 14624mW/11568mW VDD_CPU_GPU_CV 5875mW/4894mW VDD_SOC 3943mW/2718mW
09-13-2026 13:39:27 RAM 6916/7620MB (lfb 1x2MB) SWAP 2036/8192MB (cached 52MB) CPU [1%@729,1%@729,1%@729,0%@1728,100%@1728,0%@1728] GR3D_FREQ 99% cpu@72.812C soc2@71C soc0@70.625C gpu@74.812C tj@74.812C soc1@70.125C VDD_IN 20831mW/11584mW VDD_CPU_GPU_CV 10846mW/4904mW VDD_SOC 4445mW/2721mW
09-13-2026 13:39:27 RAM 6916/7620MB (lfb 1x2MB) SWAP 2036/8192MB (cached 52MB) CPU [1%@729,0%@1728,0%@1728,0%@1728,100%@1728,0%@1728] GR3D_FREQ 99% cpu@72.781C soc2@71C soc0@70.562C gpu@74.718C tj@74.718C soc1@70.218C VDD_IN 21995mW/11602mW VDD_CPU_GPU_CV 11730mW/4916mW VDD_SOC 4553mW/2724mW
09-13-2026 13:39:28 RAM 6916/7620MB (lfb 1x2MB) SWAP 2036/8192MB (cached 52MB) CPU [1%@729,0%@729,0%@729,1%@729,100%@1728,0%@1728] GR3D_FREQ 99% cpu@72.812C soc2@71.125C soc0@70.656C gpu@74.781C tj@74.781C soc1@70.281C VDD_IN 21605mW/11620mW VDD_CPU_GPU_CV 11596mW/4928mW VDD_SOC 4484mW/2727mW
09-13-2026 13:39:28 RAM 6916/7620MB (lfb 1x2MB) SWAP 2036/8192MB (cached 52MB) CPU [0%@1728,0%@1728,3%@1728,1%@1728,100%@1728,0%@1728] GR3D_FREQ 87% cpu@72.781C soc2@71.156C soc0@70.531C gpu@74.156C tj@74.156C soc1@70.218C VDD_IN 21179mW/11636mW VDD_CPU_GPU_CV 10790mW/4938mW VDD_SOC 4716mW/2731mW
09-13-2026 13:39:29 RAM 6916/7620MB (lfb 1x2MB) SWAP 2036/8192MB (cached 52MB) CPU [0%@1728,1%@1728,0%@1728,1%@1728,98%@1728,0%@1728] GR3D_FREQ 96% cpu@72.906C soc2@71.031C soc0@70.781C gpu@73.781C tj@74.062C soc1@70.156C VDD_IN 20870mW/11652mW VDD_CPU_GPU_CV 9115mW/4945mW VDD_SOC 5373mW/2735mW
09-13-2026 13:39:29 RAM 6860/7620MB (lfb 23x1MB) SWAP 2036/8192MB (cached 52MB) CPU [8%@1728,6%@1728,6%@1728,8%@1728,74%@1728,30%@1728] GR3D_FREQ 0% cpu@72.75C soc2@70.687C soc0@70.5C gpu@72.5C tj@72.75C soc1@70.156C VDD_IN 16525mW/11661mW VDD_CPU_GPU_CV 6593mW/4948mW VDD_SOC 4482mW/2738mW
09-13-2026 13:39:30 RAM 7040/7620MB (lfb 19x1MB) SWAP 2036/8192MB (cached 52MB) CPU [0%@1728,10%@1728,0%@1728,0%@1728,1%@1728,100%@1728] GR3D_FREQ 0% cpu@72C soc2@70.125C soc0@70.343C gpu@71.5C tj@72C soc1@70.093C VDD_IN 10509mW/11659mW VDD_CPU_GPU_CV 3373mW/4945mW VDD_SOC 3188mW/2739mW
09-13-2026 13:39:30 RAM 6916/7620MB (lfb 23x1MB) SWAP 2036/8192MB (cached 52MB) CPU [3%@729,23%@729,1%@729,12%@729,1%@1728,100%@1728] GR3D_FREQ 99% cpu@72.125C soc2@70.406C soc0@70.218C gpu@74C tj@74C soc1@69.937C VDD_IN 17539mW/11669mW VDD_CPU_GPU_CV 9099mW/4952mW VDD_SOC 3774mW/2741mW
09-13-2026 13:39:31 RAM 6919/7620MB (lfb 23x1MB) SWAP 2036/8192MB (cached 52MB) CPU [0%@729,0%@729,0%@729,0%@729,8%@1728,100%@1728] GR3D_FREQ 99% cpu@72.406C soc2@70.75C soc0@70.343C gpu@74.562C tj@74.562C soc1@70.125C VDD_IN 21296mW/11686mW VDD_CPU_GPU_CV 11980mW/4965mW VDD_SOC 4136mW/2743mW
09-13-2026 13:39:31 RAM 6919/7620MB (lfb 23x1MB) SWAP 2036/8192MB (cached 52MB) CPU [2%@1728,1%@1728,3%@1728,5%@1728,0%@1728,100%@1728] GR3D_FREQ 99% cpu@72.781C soc2@70.968C soc0@70.437C gpu@74.906C tj@74.906C soc1@70.093C VDD_IN 22536mW/11704mW VDD_CPU_GPU_CV 12897mW/4978mW VDD_SOC 4245mW/2746mW
09-13-2026 13:39:32 RAM 6919/7620MB (lfb 23x1MB) SWAP 2036/8192MB (cached 52MB) CPU [0%@1728,0%@1728,0%@1728,0%@1728,0%@1728,100%@1728] GR3D_FREQ 99% cpu@72.656C soc2@71.062C soc0@70.531C gpu@74.843C tj@74.843C soc1@70.093C VDD_IN 22846mW/11723mW VDD_CPU_GPU_CV 13012mW/4992mW VDD_SOC 4315mW/2749mW
09-13-2026 13:39:32 RAM 6919/7620MB (lfb 23x1MB) SWAP 2035/8192MB (cached 52MB) CPU [1%@1728,0%@1728,0%@1728,0%@1728,0%@1728,100%@1728] GR3D_FREQ 99% cpu@72.781C soc2@71.125C soc0@70.625C gpu@74.968C tj@74.968C soc1@70C VDD_IN 22575mW/11742mW VDD_CPU_GPU_CV 12974mW/5006mW VDD_SOC 4199mW/2751mW
09-13-2026 13:39:33 RAM 6920/7620MB (lfb 23x1MB) SWAP 2035/8192MB (cached 52MB) CPU [0%@729,1%@729,0%@729,0%@729,0%@1728,100%@1728] GR3D_FREQ 99% cpu@72.843C soc2@71.312C soc0@70.656C gpu@74.531C tj@74.531C soc1@70.093C VDD_IN 21879mW/11759mW VDD_CPU_GPU_CV 11960mW/5018mW VDD_SOC 4438mW/2754mW
09-13-2026 13:39:33 RAM 6920/7620MB (lfb 23x1MB) SWAP 2035/8192MB (cached 52MB) CPU [1%@1728,0%@1728,0%@1728,5%@1728,0%@1728,100%@1728] GR3D_FREQ 99% cpu@72.781C soc2@71C soc0@70.593C gpu@74.406C tj@74.406C soc1@70.25C VDD_IN 21296mW/11776mW VDD_CPU_GPU_CV 11404mW/5029mW VDD_SOC 4445mW/2757mW
09-13-2026 13:39:34 RAM 6920/7620MB (lfb 23x1MB) SWAP 2035/8192MB (cached 52MB) CPU [0%@1728,0%@1728,1%@1728,1%@1728,0%@1728,100%@1728] GR3D_FREQ 99% cpu@72.593C soc2@71.093C soc0@70.562C gpu@74.593C tj@74.593C soc1@70.218C VDD_IN 21334mW/11792mW VDD_CPU_GPU_CV 11558mW/5040mW VDD_SOC 4406mW/2760mW
09-13-2026 13:39:34 RAM 6920/7620MB (lfb 23x1MB) SWAP 2035/8192MB (cached 52MB) CPU [1%@729,1%@729,0%@729,0%@729,0%@1728,100%@1728] GR3D_FREQ 99% cpu@72.656C soc2@71.156C soc0@70.562C gpu@74.5C tj@74.5C soc1@70.093C VDD_IN 21257mW/11808mW VDD_CPU_GPU_CV 11443mW/5051mW VDD_SOC 4406mW/2763mW
09-13-2026 13:39:35 RAM 6920/7620MB (lfb 23x1MB) SWAP 2035/8192MB (cached 52MB) CPU [0%@729,0%@729,3%@729,0%@729,0%@1728,100%@1728] GR3D_FREQ 99% cpu@73C soc2@71.156C soc0@70.718C gpu@74.562C tj@74.562C soc1@70.156C VDD_IN 21528mW/11825mW VDD_CPU_GPU_CV 11635mW/5062mW VDD_SOC 4438mW/2765mW
09-13-2026 13:39:35 RAM 6920/7620MB (lfb 23x1MB) SWAP 2035/8192MB (cached 52MB) CPU [0%@1728,0%@1728,0%@1728,0%@1728,0%@1728,100%@1728] GR3D_FREQ 99% cpu@73.156C soc2@71.093C soc0@70.656C gpu@73.906C tj@73.906C soc1@70.093C VDD_IN 21257mW/11841mW VDD_CPU_GPU_CV 9654mW/5070mW VDD_SOC 5257mW/2770mW
09-13-2026 13:39:36 RAM 6921/7620MB (lfb 23x1MB) SWAP 2035/8192MB (cached 52MB) CPU [3%@1728,1%@1728,0%@1728,0%@1728,0%@1728,100%@1728] GR3D_FREQ 99% cpu@72.906C soc2@71.031C soc0@70.593C gpu@74C tj@74C soc1@70.187C VDD_IN 21179mW/11856mW VDD_CPU_GPU_CV 8923mW/5076mW VDD_SOC 5566mW/2774mW
09-13-2026 13:39:36 RAM 6927/7620MB (lfb 23x1MB) SWAP 2028/8192MB (cached 53MB) CPU [4%@1728,1%@1728,1%@1728,0%@1728,5%@1420,66%@1420] GR3D_FREQ 0% cpu@72.031C soc2@70.437C soc0@70.312C gpu@71.843C tj@72.031C soc1@70.25C VDD_IN 13395mW/11859mW VDD_CPU_GPU_CV 4919mW/5076mW VDD_SOC 3877mW/2776mW
09-13-2026 13:39:37 RAM 6947/7620MB (lfb 23x1MB) SWAP 2012/8192MB (cached 58MB) CPU [11%@1728,3%@1728,0%@1728,0%@1728,4%@1113,32%@1113] GR3D_FREQ 0% cpu@71.437C soc2@69.937C soc0@70.281C gpu@71.343C tj@71.437C soc1@70.187C VDD_IN 8647mW/11854mW VDD_CPU_GPU_CV 2322mW/5071mW VDD_SOC 2917mW/2776mW
09-13-2026 13:39:37 RAM 6969/7620MB (lfb 23x1MB) SWAP 1992/8192MB (cached 60MB) CPU [11%@729,0%@729,1%@729,1%@729,4%@1728,30%@1728] GR3D_FREQ 0% cpu@71.25C soc2@69.687C soc0@69.968C gpu@71.062C tj@71.062C soc1@70C VDD_IN 7079mW/11846mW VDD_CPU_GPU_CV 1461mW/5065mW VDD_SOC 2570mW/2776mW
09-13-2026 13:39:38 RAM 6990/7620MB (lfb 23x1MB) SWAP 1977/8192MB (cached 67MB) CPU [10%@1728,0%@1728,0%@1728,1%@1728,2%@1113,34%@1113] GR3D_FREQ 0% cpu@70.843C soc2@69.406C soc0@69.656C gpu@70.375C tj@70.843C soc1@69.875C VDD_IN 5902mW/11836mW VDD_CPU_GPU_CV 1188mW/5059mW VDD_SOC 1861mW/2775mW
09-13-2026 13:39:38 RAM 7011/7620MB (lfb 23x1MB) SWAP 1969/8192MB (cached 80MB) CPU [9%@729,0%@729,0%@729,0%@729,4%@729,40%@729] GR3D_FREQ 0% cpu@70.843C soc2@69.25C soc0@69.687C gpu@70.5C tj@70.843C soc1@69.656C VDD_IN 5475mW/11825mW VDD_CPU_GPU_CV 1030mW/5052mW VDD_SOC 1624mW/2773mW
09-13-2026 13:39:39 RAM 7025/7620MB (lfb 3x2MB) SWAP 1949/8192MB (cached 84MB) CPU [11%@1728,0%@1728,0%@1728,0%@1728,3%@1113,27%@1113] GR3D_FREQ 0% cpu@70.625C soc2@68.937C soc0@69.531C gpu@70.062C tj@70.718C soc1@69.625C VDD_IN 5436mW/11814mW VDD_CPU_GPU_CV 1030mW/5045mW VDD_SOC 1587mW/2771mW
09-13-2026 13:39:39 RAM 7042/7620MB (lfb 3x2MB) SWAP 1934/8192MB (cached 87MB) CPU [6%@1728,0%@1728,0%@1728,1%@1728,2%@1113,30%@1113] GR3D_FREQ 0% cpu@70.406C soc2@68.75C soc0@69.406C gpu@70.25C tj@70.406C soc1@69.406C VDD_IN 5396mW/11803mW VDD_CPU_GPU_CV 1069mW/5038mW VDD_SOC 1547mW/2769mW
09-13-2026 13:39:40 RAM 7067/7620MB (lfb 3x2MB) SWAP 1907/8192MB (cached 85MB) CPU [6%@1728,0%@1728,0%@1728,0%@1728,5%@1497,52%@1497] GR3D_FREQ 0% cpu@70.312C soc2@68.75C soc0@69.375C gpu@69.781C tj@70.312C soc1@69.625C VDD_IN 5436mW/11793mW VDD_CPU_GPU_CV 1069mW/5032mW VDD_SOC 1547mW/2767mW
09-13-2026 13:39:40 RAM 7080/7620MB (lfb 19x1MB) SWAP 1892/8192MB (cached 84MB) CPU [7%@729,0%@729,0%@729,0%@729,3%@1728,48%@1728] GR3D_FREQ 0% cpu@70.125C soc2@68.593C soc0@69.218C gpu@69.968C tj@70.125C soc1@69.468C VDD_IN 5396mW/11782mW VDD_CPU_GPU_CV 1030mW/5025mW VDD_SOC 1547mW/2765mW
09-13-2026 13:39:41 RAM 6634/7620MB (lfb 1x4MB) SWAP 877/8192MB (cached 56MB) CPU [23%@729,12%@729,0%@729,0%@729,26%@1728,14%@1728] GR3D_FREQ 0% cpu@70.375C soc2@68.656C soc0@69.093C gpu@69.656C tj@70.375C soc1@69.281C VDD_IN 5515mW/11772mW VDD_CPU_GPU_CV 1188mW/5019mW VDD_SOC 1547mW/2762mW
09-13-2026 13:39:41 RAM 2372/7620MB (lfb 17x4MB) SWAP 712/8192MB (cached 45MB) CPU [24%@1113,3%@1113,3%@1113,0%@1113,66%@1728,47%@1728] GR3D_FREQ 0% cpu@70.468C soc2@68.593C soc0@69C gpu@69.937C tj@70.468C soc1@69.125C VDD_IN 6259mW/11762mW VDD_CPU_GPU_CV 1582mW/5013mW VDD_SOC 1624mW/2761mW
09-13-2026 13:39:42 RAM 2372/7620MB (lfb 17x4MB) SWAP 700/8192MB (cached 41MB) CPU [6%@729,7%@729,0%@729,1%@729,4%@1728,56%@1728] GR3D_FREQ 0% cpu@70.25C soc2@68.531C soc0@69.031C gpu@69.531C tj@70.25C soc1@69.187C VDD_IN 5832mW/11753mW VDD_CPU_GPU_CV 1267mW/5007mW VDD_SOC 1624mW/2759mW
09-13-2026 13:39:42 RAM 2369/7620MB (lfb 17x4MB) SWAP 700/8192MB (cached 41MB) CPU [0%@1728,0%@1728,0%@1728,0%@1728,0%@729,16%@729] GR3D_FREQ 0% cpu@69.906C soc2@68.437C soc0@68.968C gpu@69.718C tj@70.062C soc1@69.093C VDD_IN 5277mW/11742mW VDD_CPU_GPU_CV 990mW/5000mW VDD_SOC 1547mW/2757mW
09-13-2026 13:39:43 RAM 2369/7620MB (lfb 17x4MB) SWAP 700/8192MB (cached 41MB) CPU [0%@1728,0%@1728,0%@1728,0%@1728,0%@729,2%@729] GR3D_FREQ 0% cpu@69.687C soc2@68.281C soc0@68.875C gpu@69.25C tj@69.687C soc1@69.218C VDD_IN 4920mW/11731mW VDD_CPU_GPU_CV 752mW/4993mW VDD_SOC 1507mW/2755mW
09-13-2026 13:39:43 RAM 2369/7620MB (lfb 17x4MB) SWAP 700/8192MB (cached 41MB) CPU [0%@729,0%@729,0%@729,0%@729,0%@729,0%@729] GR3D_FREQ 0% cpu@69.468C soc2@68.343C soc0@68.875C gpu@69.531C tj@69.531C soc1@69.093C VDD_IN 4761mW/11719mW VDD_CPU_GPU_CV 634mW/4986mW VDD_SOC 1507mW/2753mW
09-13-2026 13:39:44 RAM 2370/7620MB (lfb 17x4MB) SWAP 699/8192MB (cached 41MB) CPU [13%@1728,14%@1728,1%@1728,2%@1728,0%@729,4%@729] GR3D_FREQ 0% cpu@69.656C soc2@68.406C soc0@68.625C gpu@69.25C tj@69.625C soc1@69C VDD_IN 4880mW/11708mW VDD_CPU_GPU_CV 752mW/4979mW VDD_SOC 1507mW/2751mW
09-13-2026 13:39:44 RAM 2372/7620MB (lfb 17x4MB) SWAP 698/8192MB (cached 43MB) CPU [8%@729,5%@729,53%@729,34%@729,4%@729,9%@729] GR3D_FREQ 0% cpu@69.843C soc2@68.125C soc0@68.906C gpu@69.312C tj@69.843C soc1@68.906C VDD_IN 5079mW/11697mW VDD_CPU_GPU_CV 911mW/4972mW VDD_SOC 1507mW/2748mW
09-13-2026 13:39:45 RAM 2372/7620MB (lfb 17x4MB) SWAP 698/8192MB (cached 43MB) CPU [0%@1728,0%@1728,1%@1728,0%@1728,0%@729,0%@729] GR3D_FREQ 0% cpu@69.343C soc2@68C soc0@68.656C gpu@69.125C tj@69.312C soc1@68.875C VDD_IN 4801mW/11686mW VDD_CPU_GPU_CV 714mW/4965mW VDD_SOC 1507mW/2746mW
09-13-2026 13:39:45 RAM 2372/7620MB (lfb 17x4MB) SWAP 698/8192MB (cached 43MB) CPU [0%@1728,0%@1728,0%@1728,1%@1728,0%@729,0%@729] GR3D_FREQ 0% cpu@69.375C soc2@67.937C soc0@68.593C gpu@69.156C tj@69.375C soc1@68.781C VDD_IN 4761mW/11674mW VDD_CPU_GPU_CV 634mW/4958mW VDD_SOC 1507mW/2744mW
09-13-2026 13:39:46 RAM 2372/7620MB (lfb 17x4MB) SWAP 698/8192MB (cached 43MB) CPU [3%@729,0%@729,0%@729,0%@1728,0%@729,0%@729] GR3D_FREQ 0% cpu@69.156C soc2@67.843C soc0@68.531C gpu@69.062C tj@69.343C soc1@68.875C VDD_IN 4721mW/11663mW VDD_CPU_GPU_CV 634mW/4951mW VDD_SOC 1507mW/2742mW
09-13-2026 13:39:46 RAM 2372/7620MB (lfb 17x4MB) SWAP 698/8192MB (cached 43MB) CPU [0%@1728,0%@1728,0%@1728,0%@1728,0%@729,0%@729] GR3D_FREQ 0% cpu@69.156C soc2@67.843C soc0@68.562C gpu@69.031C tj@69.156C soc1@68.875C VDD_IN 4721mW/11651mW VDD_CPU_GPU_CV 595mW/4944mW VDD_SOC 1507mW/2740mW
09-13-2026 13:39:47 RAM 2372/7620MB (lfb 17x4MB) SWAP 698/8192MB (cached 43MB) CPU [0%@1728,0%@1728,0%@1728,1%@1728,0%@729,0%@729] GR3D_FREQ 0% cpu@69C soc2@67.875C soc0@68.406C gpu@68.781C tj@69C soc1@68.687C VDD_IN 4721mW/11640mW VDD_CPU_GPU_CV 595mW/4937mW VDD_SOC 1507mW/2738mW
09-13-2026 13:39:47 RAM 2372/7620MB (lfb 17x4MB) SWAP 698/8192MB (cached 43MB) CPU [0%@1728,0%@1728,0%@1728,0%@1728,0%@729,0%@729] GR3D_FREQ 0% cpu@69.093C soc2@67.75C soc0@68.25C gpu@68.875C tj@69.093C soc1@68.625C VDD_IN 4721mW/11629mW VDD_CPU_GPU_CV 595mW/4930mW VDD_SOC 1507mW/2736mW
09-13-2026 13:39:48 RAM 2372/7620MB (lfb 17x4MB) SWAP 698/8192MB (cached 43MB) CPU [0%@729,0%@729,0%@729,0%@729,0%@729,0%@729] GR3D_FREQ 0% cpu@69.187C soc2@67.687C soc0@68.375C gpu@68.718C tj@69.187C soc1@68.531C VDD_IN 4721mW/11618mW VDD_CPU_GPU_CV 595mW/4923mW VDD_SOC 1507mW/2734mW
09-13-2026 13:39:48 RAM 2372/7620MB (lfb 17x4MB) SWAP 698/8192MB (cached 43MB) CPU [0%@1728,0%@1728,0%@1728,0%@1728,0%@729,0%@729] GR3D_FREQ 0% cpu@69C soc2@67.625C soc0@68.218C gpu@68.812C tj@69C soc1@68.406C VDD_IN 4682mW/11606mW VDD_CPU_GPU_CV 595mW/4916mW VDD_SOC 1507mW/2732mW
09-13-2026 13:39:49 RAM 2373/7620MB (lfb 17x4MB) SWAP 698/8192MB (cached 43MB) CPU [0%@1728,1%@1728,7%@1728,0%@1728,0%@729,0%@729] GR3D_FREQ 0% cpu@68.906C soc2@67.562C soc0@68.187C gpu@68.593C tj@68.906C soc1@68.625C VDD_IN 4721mW/11595mW VDD_CPU_GPU_CV 634mW/4909mW VDD_SOC 1507mW/2730mW
09-13-2026 13:39:49 RAM 2373/7620MB (lfb 17x4MB) SWAP 698/8192MB (cached 43MB) CPU [0%@729,0%@729,1%@729,0%@729,0%@729,0%@729] GR3D_FREQ 0% cpu@68.656C soc2@67.562C soc0@68C gpu@68.468C tj@68.656C soc1@68.5C VDD_IN 4721mW/11584mW VDD_CPU_GPU_CV 634mW/4902mW VDD_SOC 1507mW/2728mW
09-13-2026 13:39:50 RAM 2373/7620MB (lfb 17x4MB) SWAP 698/8192MB (cached 43MB) CPU [0%@1728,0%@1728,0%@1728,0%@1728,0%@729,0%@729] GR3D_FREQ 0% cpu@68.625C soc2@67.562C soc0@67.937C gpu@68.5C tj@68.656C soc1@68.468C VDD_IN 4721mW/11573mW VDD_CPU_GPU_CV 595mW/4895mW VDD_SOC 1507mW/2726mW
09-13-2026 13:39:50 RAM 2373/7620MB (lfb 17x4MB) SWAP 698/8192MB (cached 43MB) CPU [0%@1728,0%@1728,1%@1728,0%@1728,0%@729,0%@729] GR3D_FREQ 0% cpu@68.687C soc2@67.437C soc0@68.031C gpu@68.375C tj@68.687C soc1@68.25C VDD_IN 4721mW/11562mW VDD_CPU_GPU_CV 595mW/4888mW VDD_SOC 1507mW/2724mW
09-13-2026 13:39:51 RAM 2373/7620MB (lfb 17x4MB) SWAP 698/8192MB (cached 43MB) CPU [0%@1728,0%@1728,0%@1728,1%@1728,0%@729,0%@729] GR3D_FREQ 0% cpu@68.656C soc2@67.343C soc0@68C gpu@68.375C tj@68.656C soc1@68.156C VDD_IN 4721mW/11551mW VDD_CPU_GPU_CV 595mW/4881mW VDD_SOC 1507mW/2722mW
09-13-2026 13:39:51 RAM 2373/7620MB (lfb 17x4MB) SWAP 698/8192MB (cached 43MB) CPU [0%@1728,3%@1728,0%@1728,0%@1728,0%@729,0%@729] GR3D_FREQ 0% cpu@68.718C soc2@67.25C soc0@67.843C gpu@68.218C tj@68.718C soc1@68.093C VDD_IN 4721mW/11540mW VDD_CPU_GPU_CV 595mW/4874mW VDD_SOC 1507mW/2720mW
09-13-2026 13:39:52 RAM 2373/7620MB (lfb 17x4MB) SWAP 698/8192MB (cached 43MB) CPU [1%@1728,0%@1728,0%@1728,0%@1728,0%@729,0%@729] GR3D_FREQ 0% cpu@68.5C soc2@67.218C soc0@67.875C gpu@68.468C tj@68.5C soc1@68.218C VDD_IN 4682mW/11529mW VDD_CPU_GPU_CV 595mW/4867mW VDD_SOC 1507mW/2719mW
09-13-2026 13:39:52 RAM 2373/7620MB (lfb 17x4MB) SWAP 698/8192MB (cached 43MB) CPU [0%@729,0%@729,0%@729,0%@729,0%@729,0%@729] GR3D_FREQ 0% cpu@68.406C soc2@67.25C soc0@67.687C gpu@68.093C tj@68.406C soc1@68.062C VDD_IN 4682mW/11518mW VDD_CPU_GPU_CV 595mW/4860mW VDD_SOC 1507mW/2717mW
09-13-2026 13:39:53 RAM 2379/7620MB (lfb 17x4MB) SWAP 698/8192MB (cached 43MB) CPU [8%@729,5%@729,13%@729,9%@729,1%@729,2%@729] GR3D_FREQ 0% cpu@68.468C soc2@67.187C soc0@67.593C gpu@68.375C tj@68.468C soc1@68.093C VDD_IN 4880mW/11507mW VDD_CPU_GPU_CV 714mW/4854mW VDD_SOC 1507mW/2715mW
09-13-2026 13:39:53 RAM 2379/7620MB (lfb 17x4MB) SWAP 698/8192MB (cached 43MB) CPU [0%@729,0%@729,0%@729,0%@729,0%@729,0%@729] GR3D_FREQ 0% cpu@68.531C soc2@67.093C soc0@67.718C gpu@68.187C tj@68.531C soc1@67.937C VDD_IN 4761mW/11496mW VDD_CPU_GPU_CV 634mW/4847mW VDD_SOC 1468mW/2713mW
09-13-2026 13:39:54 RAM 2379/7620MB (lfb 17x4MB) SWAP 698/8192MB (cached 43MB) CPU [0%@1728,0%@1728,0%@1728,0%@1728,0%@729,0%@729] GR3D_FREQ 0% cpu@68.437C soc2@67C soc0@67.5C gpu@68.218C tj@68.437C soc1@67.875C VDD_IN 4721mW/11485mW VDD_CPU_GPU_CV 634mW/4840mW VDD_SOC 1507mW/2711mW
09-13-2026 13:39:54 RAM 2379/7620MB (lfb 17x4MB) SWAP 698/8192MB (cached 43MB) CPU [0%@1728,0%@1728,0%@1728,0%@1728,0%@729,0%@729] GR3D_FREQ 0% cpu@68.25C soc2@66.937C soc0@67.437C gpu@68.031C tj@68.281C soc1@67.781C VDD_IN 4682mW/11475mW VDD_CPU_GPU_CV 595mW/4833mW VDD_SOC 1507mW/2709mW
09-13-2026 13:39:55 RAM 2379/7620MB (lfb 17x4MB) SWAP 698/8192MB (cached 43MB) CPU [0%@1728,0%@1728,0%@1728,0%@1728,0%@729,0%@729] GR3D_FREQ 0% cpu@68.062C soc2@66.906C soc0@67.468C gpu@68.062C tj@68.125C soc1@67.906C VDD_IN 4721mW/11464mW VDD_CPU_GPU_CV 595mW/4827mW VDD_SOC 1507mW/2707mW
09-13-2026 13:39:55 RAM 2379/7620MB (lfb 17x4MB) SWAP 698/8192MB (cached 43MB) CPU [1%@729,0%@729,0%@729,0%@729,0%@729,0%@729] GR3D_FREQ 0% cpu@68.062C soc2@66.968C soc0@67.343C gpu@67.843C tj@68.062C soc1@67.843C VDD_IN 4682mW/11453mW VDD_CPU_GPU_CV 595mW/4820mW VDD_SOC 1468mW/2705mW
09-13-2026 13:39:56 RAM 2379/7620MB (lfb 17x4MB) SWAP 698/8192MB (cached 43MB) CPU [0%@1728,1%@1728,0%@1728,0%@1728,0%@729,0%@729] GR3D_FREQ 0% cpu@67.937C soc2@66.875C soc0@67.281C gpu@67.937C tj@67.937C soc1@67.687C VDD_IN 4682mW/11442mW VDD_CPU_GPU_CV 595mW/4813mW VDD_SOC 1468mW/2703mW
09-13-2026 13:39:56 RAM 2379/7620MB (lfb 17x4MB) SWAP 698/8192MB (cached 43MB) CPU [1%@1728,0%@1728,1%@1728,0%@1728,0%@729,1%@729] GR3D_FREQ 0% cpu@68.093C soc2@66.781C soc0@67.375C gpu@67.843C tj@68.093C soc1@67.656C VDD_IN 4682mW/11432mW VDD_CPU_GPU_CV 595mW/4806mW VDD_SOC 1468mW/2701mW
09-13-2026 13:39:57 RAM 2379/7620MB (lfb 17x4MB) SWAP 698/8192MB (cached 43MB) CPU [0%@1728,0%@1728,1%@1728,0%@1728,0%@729,0%@729] GR3D_FREQ 0% cpu@68.093C soc2@66.718C soc0@67.312C gpu@67.687C tj@68.093C soc1@67.625C VDD_IN 4682mW/11421mW VDD_CPU_GPU_CV 595mW/4800mW VDD_SOC 1468mW/2699mW
09-13-2026 13:39:58 RAM 2379/7620MB (lfb 17x4MB) SWAP 698/8192MB (cached 43MB) CPU [0%@729,0%@729,0%@729,0%@729,0%@729,0%@729] GR3D_FREQ 0% cpu@67.875C soc2@66.593C soc0@67.187C gpu@67.718C tj@67.875C soc1@67.5C VDD_IN 4682mW/11410mW VDD_CPU_GPU_CV 595mW/4793mW VDD_SOC 1468mW/2697mW
09-13-2026 13:39:58 RAM 2379/7620MB (lfb 17x4MB) SWAP 698/8192MB (cached 43MB) CPU [0%@1728,0%@1728,0%@1728,0%@1728,0%@729,0%@729] GR3D_FREQ 0% cpu@67.843C soc2@66.593C soc0@67.031C gpu@67.562C tj@67.875C soc1@67.625C VDD_IN 4682mW/11400mW VDD_CPU_GPU_CV 595mW/4787mW VDD_SOC 1468mW/2695mW
09-13-2026 13:39:59 RAM 2379/7620MB (lfb 17x4MB) SWAP 698/8192MB (cached 43MB) CPU [0%@1728,0%@1728,0%@1728,1%@1728,0%@729,0%@729] GR3D_FREQ 0% cpu@67.718C soc2@66.656C soc0@67C gpu@67.5C tj@67.718C soc1@67.531C VDD_IN 4682mW/11389mW VDD_CPU_GPU_CV 595mW/4780mW VDD_SOC 1468mW/2693mW
09-13-2026 13:39:59 RAM 2379/7620MB (lfb 17x4MB) SWAP 698/8192MB (cached 43MB) CPU [0%@1728,1%@1728,0%@1728,0%@1728,0%@729,0%@729] GR3D_FREQ 0% cpu@67.937C soc2@66.531C soc0@66.937C gpu@67.406C tj@67.937C soc1@67.437C VDD_IN 4682mW/11379mW VDD_CPU_GPU_CV 595mW/4773mW VDD_SOC 1468mW/2691mW
09-13-2026 13:40:00 RAM 2379/7620MB (lfb 17x4MB) SWAP 698/8192MB (cached 43MB) CPU [0%@1728,1%@1728,0%@1728,0%@1728,0%@729,0%@729] GR3D_FREQ 0% cpu@67.875C soc2@66.468C soc0@66.968C gpu@67.437C tj@67.875C soc1@67.343C VDD_IN 4682mW/11368mW VDD_CPU_GPU_CV 595mW/4767mW VDD_SOC 1468mW/2689mW
09-13-2026 13:40:00 RAM 2378/7620MB (lfb 17x4MB) SWAP 698/8192MB (cached 43MB) CPU [0%@1728,0%@1728,0%@1728,0%@1728,0%@729,0%@729] GR3D_FREQ 0% cpu@67.625C soc2@66.406C soc0@66.937C gpu@67.25C tj@67.625C soc1@67.187C VDD_IN 4682mW/11358mW VDD_CPU_GPU_CV 595mW/4760mW VDD_SOC 1468mW/2687mW
09-13-2026 13:40:01 RAM 2378/7620MB (lfb 17x4MB) SWAP 698/8192MB (cached 43MB) CPU [0%@729,0%@729,1%@729,0%@729,0%@729,0%@729] GR3D_FREQ 0% cpu@67.718C soc2@66.343C soc0@66.812C gpu@67.25C tj@67.718C soc1@67.218C VDD_IN 4642mW/11347mW VDD_CPU_GPU_CV 595mW/4754mW VDD_SOC 1468mW/2686mW
09-13-2026 13:40:01 RAM 2378/7620MB (lfb 17x4MB) SWAP 698/8192MB (cached 43MB) CPU [1%@1728,0%@1728,0%@1728,0%@1728,0%@729,0%@729] GR3D_FREQ 0% cpu@67.437C soc2@66.281C soc0@66.718C gpu@67.125C tj@67.437C soc1@67.25C VDD_IN 4642mW/11337mW VDD_CPU_GPU_CV 595mW/4747mW VDD_SOC 1468mW/2684mW
09-13-2026 13:40:02 RAM 2378/7620MB (lfb 17x4MB) SWAP 698/8192MB (cached 43MB) CPU [0%@1728,1%@1728,1%@1728,0%@1728,0%@729,0%@729] GR3D_FREQ 0% cpu@67.375C soc2@66.218C soc0@66.625C gpu@67.187C tj@67.375C soc1@67.187C VDD_IN 4642mW/11326mW VDD_CPU_GPU_CV 595mW/4741mW VDD_SOC 1468mW/2682mW
09-13-2026 13:40:02 RAM 2378/7620MB (lfb 17x4MB) SWAP 698/8192MB (cached 43MB) CPU [0%@1728,1%@1728,1%@1728,1%@1728,0%@729,0%@729] GR3D_FREQ 0% cpu@67.406C soc2@66.25C soc0@66.593C gpu@67.156C tj@67.406C soc1@67.125C VDD_IN 4721mW/11316mW VDD_CPU_GPU_CV 595mW/4734mW VDD_SOC 1507mW/2680mW
09-13-2026 13:40:03 RAM 2378/7620MB (lfb 17x4MB) SWAP 698/8192MB (cached 43MB) CPU [1%@1728,0%@1728,0%@1728,0%@1728,0%@729,0%@729] GR3D_FREQ 0% cpu@67.531C soc2@66.062C soc0@66.531C gpu@67.031C tj@67.531C soc1@67.031C VDD_IN 4761mW/11306mW VDD_CPU_GPU_CV 595mW/4728mW VDD_SOC 1507mW/2678mW
09-13-2026 13:40:03 RAM 2378/7620MB (lfb 17x4MB) SWAP 698/8192MB (cached 43MB) CPU [0%@729,0%@729,0%@729,0%@729,0%@729,0%@729] GR3D_FREQ 0% cpu@67.531C soc2@66.031C soc0@66.625C gpu@67C tj@67.531C soc1@67C VDD_IN 4682mW/11295mW VDD_CPU_GPU_CV 595mW/4721mW VDD_SOC 1468mW/2676mW
09-13-2026 13:40:04 RAM 2378/7620MB (lfb 17x4MB) SWAP 698/8192MB (cached 43MB) CPU [0%@729,0%@729,0%@729,0%@729,0%@729,0%@729] GR3D_FREQ 0% cpu@67.25C soc2@65.968C soc0@66.5C gpu@67.218C tj@67.25C soc1@66.906C VDD_IN 4642mW/11285mW VDD_CPU_GPU_CV 595mW/4715mW VDD_SOC 1468mW/2674mW
09-13-2026 13:40:04 RAM 2378/7620MB (lfb 17x4MB) SWAP 698/8192MB (cached 43MB) CPU [1%@729,0%@729,0%@729,0%@729,0%@729,0%@729] GR3D_FREQ 0% cpu@67.218C soc2@66C soc0@66.406C gpu@66.906C tj@67.218C soc1@67C VDD_IN 4682mW/11275mW VDD_CPU_GPU_CV 595mW/4709mW VDD_SOC 1468mW/2672mW
09-13-2026 13:40:05 RAM 2379/7620MB (lfb 17x4MB) SWAP 698/8192MB (cached 43MB) CPU [0%@729,0%@729,1%@729,0%@729,0%@729,0%@729] GR3D_FREQ 0% cpu@67.093C soc2@66C soc0@66.375C gpu@67.031C tj@67.093C soc1@66.937C VDD_IN 4642mW/11265mW VDD_CPU_GPU_CV 595mW/4702mW VDD_SOC 1468mW/2671mW
09-13-2026 13:40:05 RAM 2379/7620MB (lfb 17x4MB) SWAP 698/8192MB (cached 43MB) CPU [0%@1728,0%@1728,0%@1728,0%@1728,0%@729,0%@729] GR3D_FREQ 0% cpu@67.343C soc2@65.968C soc0@66.312C gpu@66.718C tj@67.343C soc1@66.812C VDD_IN 4642mW/11254mW VDD_CPU_GPU_CV 595mW/4696mW VDD_SOC 1468mW/2669mW
09-13-2026 13:40:06 RAM 2379/7620MB (lfb 17x4MB) SWAP 698/8192MB (cached 43MB) CPU [0%@729,0%@1728,2%@1728,0%@1728,0%@729,0%@729] GR3D_FREQ 0% cpu@67.062C soc2@65.875C soc0@66.187C gpu@66.937C tj@67.062C soc1@66.781C VDD_IN 4682mW/11244mW VDD_CPU_GPU_CV 595mW/4690mW VDD_SOC 1468mW/2667mW
09-13-2026 13:40:06 RAM 2379/7620MB (lfb 17x4MB) SWAP 698/8192MB (cached 43MB) CPU [0%@1728,0%@1728,0%@1728,0%@1728,0%@729,0%@729] GR3D_FREQ 0% cpu@67.062C soc2@65.75C soc0@66.312C gpu@66.656C tj@67.062C soc1@66.718C VDD_IN 4642mW/11234mW VDD_CPU_GPU_CV 595mW/4683mW VDD_SOC 1468mW/2665mW
09-13-2026 13:40:07 RAM 2379/7620MB (lfb 17x4MB) SWAP 698/8192MB (cached 43MB) CPU [0%@729,0%@729,1%@729,0%@729,0%@729,0%@729] GR3D_FREQ 0% cpu@67.031C soc2@65.75C soc0@66.187C gpu@66.843C tj@67.031C soc1@66.656C VDD_IN 4642mW/11224mW VDD_CPU_GPU_CV 595mW/4677mW VDD_SOC 1468mW/2663mW
09-13-2026 13:40:07 RAM 2379/7620MB (lfb 17x4MB) SWAP 698/8192MB (cached 43MB) CPU [0%@1728,1%@1728,0%@1728,0%@1728,0%@729,0%@729] GR3D_FREQ 0% cpu@66.968C soc2@65.687C soc0@66.125C gpu@66.687C tj@66.968C soc1@66.718C VDD_IN 4682mW/11214mW VDD_CPU_GPU_CV 595mW/4671mW VDD_SOC 1468mW/2661mW
09-13-2026 13:40:08 RAM 2379/7620MB (lfb 17x4MB) SWAP 698/8192MB (cached 43MB) CPU [0%@729,0%@729,0%@729,0%@729,0%@729,0%@729] GR3D_FREQ 0% cpu@66.687C soc2@65.75C soc0@66C gpu@66.718C tj@66.718C soc1@66.687C VDD_IN 4642mW/11204mW VDD_CPU_GPU_CV 595mW/4665mW VDD_SOC 1468mW/2660mW
09-13-2026 13:40:08 RAM 2379/7620MB (lfb 17x4MB) SWAP 698/8192MB (cached 43MB) CPU [0%@1728,0%@1728,1%@1728,0%@1728,0%@729,0%@729] GR3D_FREQ 0% cpu@66.906C soc2@65.656C soc0@65.968C gpu@66.531C tj@66.906C soc1@66.531C VDD_IN 4642mW/11194mW VDD_CPU_GPU_CV 595mW/4658mW VDD_SOC 1468mW/2658mW
09-13-2026 13:40:09 RAM 2379/7620MB (lfb 17x4MB) SWAP 698/8192MB (cached 43MB) CPU [1%@1728,0%@1728,0%@1728,0%@1728,0%@729,0%@729] GR3D_FREQ 0% cpu@66.968C soc2@65.531C soc0@66.062C gpu@66.593C tj@66.968C soc1@66.437C VDD_IN 4642mW/11184mW VDD_CPU_GPU_CV 595mW/4652mW VDD_SOC 1468mW/2656mW
09-13-2026 13:40:09 RAM 2379/7620MB (lfb 17x4MB) SWAP 698/8192MB (cached 43MB) CPU [0%@729,0%@729,0%@729,0%@729,0%@729,0%@729] GR3D_FREQ 0% cpu@66.625C soc2@65.531C soc0@66C gpu@66.5C tj@66.625C soc1@66.343C VDD_IN 4721mW/11174mW VDD_CPU_GPU_CV 595mW/4646mW VDD_SOC 1507mW/2654mW
09-13-2026 13:40:10 RAM 2379/7620MB (lfb 17x4MB) SWAP 698/8192MB (cached 43MB) CPU [0%@729,0%@729,0%@729,1%@729,0%@729,0%@729] GR3D_FREQ 0% cpu@66.687C soc2@65.5C soc0@65.875C gpu@66.375C tj@66.687C soc1@66.343C VDD_IN 4642mW/11164mW VDD_CPU_GPU_CV 595mW/4640mW VDD_SOC 1468mW/2652mW
09-13-2026 13:40:10 RAM 2379/7620MB (lfb 17x4MB) SWAP 698/8192MB (cached 43MB) CPU [0%@1728,0%@1728,0%@1728,0%@1728,0%@729,0%@729] GR3D_FREQ 0% cpu@66.562C soc2@65.437C soc0@65.812C gpu@66.25C tj@66.562C soc1@66.312C VDD_IN 4642mW/11154mW VDD_CPU_GPU_CV 595mW/4634mW VDD_SOC 1468mW/2651mW
09-13-2026 13:40:11 RAM 2379/7620MB (lfb 17x4MB) SWAP 698/8192MB (cached 43MB) CPU [1%@1728,0%@1728,0%@1728,1%@1728,0%@729,0%@729] GR3D_FREQ 0% cpu@66.437C soc2@65.437C soc0@65.75C gpu@66.187C tj@66.437C soc1@66.218C VDD_IN 4642mW/11144mW VDD_CPU_GPU_CV 595mW/4628mW VDD_SOC 1468mW/2649mW
09-13-2026 13:40:11 RAM 2379/7620MB (lfb 17x4MB) SWAP 698/8192MB (cached 43MB) CPU [1%@729,0%@729,0%@729,0%@729,0%@729,0%@729] GR3D_FREQ 0% cpu@66.531C soc2@65.343C soc0@65.656C gpu@66.25C tj@66.531C soc1@66.218C VDD_IN 4642mW/11134mW VDD_CPU_GPU_CV 555mW/4621mW VDD_SOC 1468mW/2647mW
09-13-2026 13:40:12 RAM 2379/7620MB (lfb 17x4MB) SWAP 698/8192MB (cached 43MB) CPU [0%@1728,0%@1728,0%@1728,0%@1728,0%@729,0%@729] GR3D_FREQ 0% cpu@66.468C soc2@65.312C soc0@65.781C gpu@66.031C tj@66.468C soc1@66.093C VDD_IN 4642mW/11125mW VDD_CPU_GPU_CV 555mW/4615mW VDD_SOC 1468mW/2645mW
09-13-2026 13:40:12 RAM 2376/7620MB (lfb 17x4MB) SWAP 698/8192MB (cached 43MB) CPU [0%@806,0%@806,0%@806,26%@806,0%@729,1%@729] GR3D_FREQ 0% cpu@66.5C soc2@65.218C soc0@65.687C gpu@66.468C tj@66.5C soc1@66.093C VDD_IN 4721mW/11115mW VDD_CPU_GPU_CV 634mW/4609mW VDD_SOC 1468mW/2643mW
09-13-2026 13:40:13 RAM 2376/7620MB (lfb 17x4MB) SWAP 698/8192MB (cached 43MB) CPU [0%@1728,3%@1728,0%@1728,0%@1728,0%@729,0%@729] GR3D_FREQ 0% cpu@66.375C soc2@65.218C soc0@65.562C gpu@66C tj@66.375C soc1@66.062C VDD_IN 4682mW/11105mW VDD_CPU_GPU_CV 595mW/4603mW VDD_SOC 1468mW/2642mW
09-13-2026 13:40:13 RAM 2376/7620MB (lfb 17x4MB) SWAP 698/8192MB (cached 43MB) CPU [0%@729,0%@729,13%@729,0%@729,0%@729,0%@729] GR3D_FREQ 0% cpu@66.187C soc2@65.062C soc0@65.5C gpu@66.281C tj@66.281C soc1@66.125C VDD_IN 4682mW/11095mW VDD_CPU_GPU_CV 595mW/4597mW VDD_SOC 1468mW/2640mW
09-13-2026 13:40:14 RAM 2376/7620MB (lfb 17x4MB) SWAP 698/8192MB (cached 43MB) CPU [0%@1728,1%@1728,0%@1728,0%@1728,0%@729,0%@729] GR3D_FREQ 0% cpu@66.375C soc2@65.187C soc0@65.468C gpu@65.812C tj@66.375C soc1@66.062C VDD_IN 4642mW/11086mW VDD_CPU_GPU_CV 595mW/4591mW VDD_SOC 1468mW/2638mW
09-13-2026 13:40:14 RAM 2376/7620MB (lfb 17x4MB) SWAP 698/8192MB (cached 43MB) CPU [0%@1728,0%@1728,0%@1728,0%@1728,0%@729,0%@729] GR3D_FREQ 0% cpu@66.375C soc2@65.031C soc0@65.375C gpu@66.156C tj@66.375C soc1@65.968C VDD_IN 4642mW/11076mW VDD_CPU_GPU_CV 595mW/4585mW VDD_SOC 1468mW/2636mW
09-13-2026 13:40:15 RAM 2376/7620MB (lfb 17x4MB) SWAP 698/8192MB (cached 43MB) CPU [0%@729,1%@729,0%@729,0%@729,0%@729,0%@729] GR3D_FREQ 0% cpu@66.062C soc2@65C soc0@65.437C gpu@65.875C tj@66.062C soc1@65.937C VDD_IN 4642mW/11066mW VDD_CPU_GPU_CV 595mW/4579mW VDD_SOC 1468mW/2635mW
09-13-2026 13:40:15 RAM 2376/7620MB (lfb 17x4MB) SWAP 698/8192MB (cached 43MB) CPU [0%@1728,0%@1728,0%@1728,0%@1728,0%@729,0%@729] GR3D_FREQ 0% cpu@66.125C soc2@64.968C soc0@65.437C gpu@65.968C tj@66.125C soc1@65.875C VDD_IN 4642mW/11057mW VDD_CPU_GPU_CV 595mW/4573mW VDD_SOC 1468mW/2633mW
09-13-2026 13:40:16 RAM 2376/7620MB (lfb 17x4MB) SWAP 697/8192MB (cached 43MB) CPU [1%@1113,0%@1113,0%@1113,0%@1113,0%@729,0%@729] GR3D_FREQ 0% cpu@66.031C soc2@64.875C soc0@65.375C gpu@65.812C tj@66.031C soc1@65.906C VDD_IN 4682mW/11047mW VDD_CPU_GPU_CV 595mW/4567mW VDD_SOC 1468mW/2631mW
09-13-2026 13:40:16 RAM 2380/7620MB (lfb 17x4MB) SWAP 697/8192MB (cached 43MB) CPU [0%@1728,0%@1728,0%@1728,0%@1728,0%@729,6%@729] GR3D_FREQ 0% cpu@65.937C soc2@64.937C soc0@65.187C gpu@65.843C tj@65.968C soc1@65.968C VDD_IN 4682mW/11038mW VDD_CPU_GPU_CV 595mW/4561mW VDD_SOC 1468mW/2629mW
09-13-2026 13:40:17 RAM 2380/7620MB (lfb 17x4MB) SWAP 697/8192MB (cached 43MB) CPU [1%@1728,1%@1728,0%@1728,0%@1728,1%@729,0%@729] GR3D_FREQ 0% cpu@65.843C soc2@64.906C soc0@65.125C gpu@65.718C tj@65.843C soc1@65.75C VDD_IN 4642mW/11028mW VDD_CPU_GPU_CV 595mW/4555mW VDD_SOC 1468mW/2628mW
09-13-2026 13:40:17 RAM 2380/7620MB (lfb 17x4MB) SWAP 697/8192MB (cached 43MB) CPU [0%@729,0%@1728,0%@1728,0%@1728,0%@729,0%@729] GR3D_FREQ 0% cpu@65.937C soc2@64.781C soc0@65.031C gpu@65.781C tj@65.937C soc1@65.718C VDD_IN 4642mW/11019mW VDD_CPU_GPU_CV 555mW/4549mW VDD_SOC 1468mW/2626mW
09-13-2026 13:40:18 RAM 2380/7620MB (lfb 17x4MB) SWAP 697/8192MB (cached 43MB) CPU [1%@1728,0%@1728,0%@1728,0%@1728,0%@729,0%@729] GR3D_FREQ 0% cpu@66.031C soc2@64.718C soc0@65.218C gpu@65.593C tj@66.031C soc1@65.656C VDD_IN 4642mW/11009mW VDD_CPU_GPU_CV 595mW/4544mW VDD_SOC 1468mW/2624mW
09-13-2026 13:40:18 RAM 2380/7620MB (lfb 17x4MB) SWAP 697/8192MB (cached 43MB) CPU [0%@729,0%@729,0%@729,0%@729,0%@729,0%@729] GR3D_FREQ 0% cpu@65.781C soc2@64.75C soc0@65.093C gpu@65.687C tj@65.781C soc1@65.593C VDD_IN 4642mW/11000mW VDD_CPU_GPU_CV 595mW/4538mW VDD_SOC 1468mW/2622mW
09-13-2026 13:40:19 RAM 2381/7620MB (lfb 17x4MB) SWAP 697/8192MB (cached 43MB) CPU [0%@1728,0%@1728,0%@1728,1%@1728,0%@729,0%@729] GR3D_FREQ 0% cpu@65.781C soc2@64.656C soc0@65C gpu@65.437C tj@65.781C soc1@65.781C VDD_IN 4642mW/10990mW VDD_CPU_GPU_CV 595mW/4532mW VDD_SOC 1468mW/2621mW
09-13-2026 13:40:19 RAM 2381/7620MB (lfb 17x4MB) SWAP 697/8192MB (cached 44MB) CPU [0%@1728,1%@1728,0%@1728,1%@1728,0%@729,0%@729] GR3D_FREQ 0% cpu@65.656C soc2@64.562C soc0@64.937C gpu@65.562C tj@65.656C soc1@65.625C VDD_IN 4642mW/10981mW VDD_CPU_GPU_CV 595mW/4526mW VDD_SOC 1468mW/2619mW
09-13-2026 13:40:20 RAM 2381/7620MB (lfb 17x4MB) SWAP 697/8192MB (cached 44MB) CPU [0%@1728,1%@1728,0%@1728,0%@1728,0%@729,0%@729] GR3D_FREQ 0% cpu@65.531C soc2@64.531C soc0@64.843C gpu@65.281C tj@65.531C soc1@65.437C VDD_IN 4642mW/10972mW VDD_CPU_GPU_CV 595mW/4520mW VDD_SOC 1468mW/2617mW
09-13-2026 13:40:20 RAM 2381/7620MB (lfb 17x4MB) SWAP 697/8192MB (cached 44MB) CPU [0%@1728,0%@1728,0%@1728,0%@1728,1%@729,1%@729] GR3D_FREQ 0% cpu@65.5C soc2@64.531C soc0@64.781C gpu@65.25C tj@65.5C soc1@65.343C VDD_IN 4650mW/10962mW VDD_CPU_GPU_CV 595mW/4514mW VDD_SOC 1468mW/2616mW
09-13-2026 13:40:21 RAM 2380/7620MB (lfb 17x4MB) SWAP 697/8192MB (cached 44MB) CPU [0%@729,0%@729,0%@729,5%@729,0%@729,0%@729] GR3D_FREQ 0% cpu@65.593C soc2@64.437C soc0@64.906C gpu@65.312C tj@65.593C soc1@65.375C VDD_IN 4642mW/10953mW VDD_CPU_GPU_CV 595mW/4509mW VDD_SOC 1468mW/2614mW
09-13-2026 13:40:21 RAM 2380/7620MB (lfb 17x4MB) SWAP 697/8192MB (cached 44MB) CPU [1%@729,0%@729,0%@729,1%@729,0%@729,0%@729] GR3D_FREQ 0% cpu@65.687C soc2@64.406C soc0@64.781C gpu@65.25C tj@65.687C soc1@65.312C VDD_IN 4642mW/10944mW VDD_CPU_GPU_CV 595mW/4503mW VDD_SOC 1468mW/2612mW
09-13-2026 13:40:22 RAM 2380/7620MB (lfb 17x4MB) SWAP 697/8192MB (cached 44MB) CPU [1%@1728,0%@1728,0%@1728,6%@1728,0%@729,0%@729] GR3D_FREQ 0% cpu@65.468C soc2@64.343C soc0@64.812C gpu@65.156C tj@65.468C soc1@65.406C VDD_IN 4682mW/10935mW VDD_CPU_GPU_CV 595mW/4497mW VDD_SOC 1468mW/2611mW
09-13-2026 13:40:22 RAM 2380/7620MB (lfb 17x4MB) SWAP 697/8192MB (cached 44MB) CPU [0%@1728,1%@1728,0%@1728,0%@1728,0%@729,0%@729] GR3D_FREQ 0% cpu@65.406C soc2@64.312C soc0@64.625C gpu@65.031C tj@65.406C soc1@65.406C VDD_IN 4682mW/10925mW VDD_CPU_GPU_CV 595mW/4491mW VDD_SOC 1468mW/2609mW
09-13-2026 13:40:23 RAM 2382/7620MB (lfb 17x4MB) SWAP 697/8192MB (cached 44MB) CPU [3%@1728,0%@1728,6%@1728,1%@1728,0%@729,0%@729] GR3D_FREQ 0% cpu@65.281C soc2@64.312C soc0@64.562C gpu@65.125C tj@65.281C soc1@65.25C VDD_IN 4721mW/10916mW VDD_CPU_GPU_CV 634mW/4486mW VDD_SOC 1468mW/2607mW
09-13-2026 13:40:23 RAM 2385/7620MB (lfb 17x4MB) SWAP 697/8192MB (cached 44MB) CPU [9%@1728,8%@1728,16%@1728,13%@1728,3%@960,2%@960] GR3D_FREQ 0% cpu@65.593C soc2@64.218C soc0@64.531C gpu@65.062C tj@65.593C soc1@65.187C VDD_IN 4880mW/10907mW VDD_CPU_GPU_CV 714mW/4480mW VDD_SOC 1468mW/2606mW
09-13-2026 13:40:24 RAM 2386/7620MB (lfb 17x4MB) SWAP 697/8192MB (cached 44MB) CPU [12%@729,8%@729,14%@729,10%@729,5%@729,2%@729] GR3D_FREQ 0% cpu@65.312C soc2@64.218C soc0@64.656C gpu@65C tj@65.312C soc1@65.156C VDD_IN 4960mW/10899mW VDD_CPU_GPU_CV 793mW/4475mW VDD_SOC 1468mW/2604mW
09-13-2026 13:40:24 RAM 2386/7620MB (lfb 17x4MB) SWAP 697/8192MB (cached 44MB) CPU [0%@1728,0%@1728,0%@1728,0%@1728,0%@729,0%@729] GR3D_FREQ 0% cpu@65.343C soc2@64.156C soc0@64.531C gpu@64.906C tj@65.343C soc1@65.093C VDD_IN 4721mW/10890mW VDD_CPU_GPU_CV 634mW/4469mW VDD_SOC 1468mW/2602mW
09-13-2026 13:40:25 RAM 2389/7620MB (lfb 17x4MB) SWAP 697/8192MB (cached 44MB) CPU [4%@960,16%@960,6%@960,9%@960,2%@729,0%@729] GR3D_FREQ 0% cpu@65.187C soc2@64.156C soc0@64.531C gpu@64.906C tj@65.312C soc1@65.187C VDD_IN 4880mW/10881mW VDD_CPU_GPU_CV 753mW/4464mW VDD_SOC 1468mW/2601mW
09-13-2026 13:40:25 RAM 2402/7620MB (lfb 17x4MB) SWAP 696/8192MB (cached 44MB) CPU [18%@1728,17%@1728,10%@1728,27%@1728,1%@729,3%@729] GR3D_FREQ 0% cpu@65.593C soc2@64.187C soc0@64.468C gpu@64.843C tj@65.593C soc1@65.156C VDD_IN 5277mW/10873mW VDD_CPU_GPU_CV 1030mW/4459mW VDD_SOC 1507mW/2599mW
09-13-2026 13:40:26 RAM 2495/7620MB (lfb 17x4MB) SWAP 696/8192MB (cached 44MB) CPU [13%@1651,0%@1651,0%@1651,75%@1651,0%@729,0%@729] GR3D_FREQ 0% cpu@65.437C soc2@64.25C soc0@64.437C gpu@65.187C tj@65.437C soc1@65.093C VDD_IN 5475mW/10865mW VDD_CPU_GPU_CV 1148mW/4454mW VDD_SOC 1507mW/2597mW
09-13-2026 13:40:26 RAM 2579/7620MB (lfb 17x4MB) SWAP 696/8192MB (cached 44MB) CPU [92%@1728,22%@1728,22%@1728,21%@1728,24%@1651,22%@1651] GR3D_FREQ 0% cpu@65.937C soc2@64.437C soc0@64.281C gpu@64.781C tj@65.906C soc1@64.968C VDD_IN 5912mW/10858mW VDD_CPU_GPU_CV 1584mW/4450mW VDD_SOC 1507mW/2596mW
09-13-2026 13:40:27 RAM 2604/7620MB (lfb 17x4MB) SWAP 696/8192MB (cached 44MB) CPU [87%@1728,4%@1728,3%@1728,4%@1728,3%@729,3%@729] GR3D_FREQ 0% cpu@65.968C soc2@64.25C soc0@64.531C gpu@65.093C tj@65.968C soc1@65.062C VDD_IN 5872mW/10851mW VDD_CPU_GPU_CV 1545mW/4446mW VDD_SOC 1507mW/2594mW
09-13-2026 13:40:27 RAM 2621/7620MB (lfb 17x4MB) SWAP 696/8192MB (cached 44MB) CPU [90%@1728,1%@1728,1%@1728,0%@1728,0%@729,0%@729] GR3D_FREQ 0% cpu@65.687C soc2@64.25C soc0@64.406C gpu@65C tj@65.687C soc1@64.875C VDD_IN 5872mW/10843mW VDD_CPU_GPU_CV 1505mW/4441mW VDD_SOC 1507mW/2593mW
09-13-2026 13:40:28 RAM 2631/7620MB (lfb 17x4MB) SWAP 696/8192MB (cached 44MB) CPU [97%@1728,1%@1728,0%@1728,1%@1728,0%@729,0%@729] GR3D_FREQ 0% cpu@65.812C soc2@64.156C soc0@64.343C gpu@65.062C tj@65.843C soc1@65.031C VDD_IN 5912mW/10836mW VDD_CPU_GPU_CV 1545mW/4437mW VDD_SOC 1507mW/2591mW
09-13-2026 13:40:28 RAM 2643/7620MB (lfb 17x4MB) SWAP 696/8192MB (cached 44MB) CPU [94%@1728,1%@1728,0%@1728,0%@1728,0%@729,0%@729] GR3D_FREQ 0% cpu@65.468C soc2@64.187C soc0@64.187C gpu@64.875C tj@65.468C soc1@65.031C VDD_IN 5872mW/10829mW VDD_CPU_GPU_CV 1505mW/4433mW VDD_SOC 1507mW/2590mW
09-13-2026 13:40:29 RAM 2660/7620MB (lfb 17x4MB) SWAP 696/8192MB (cached 44MB) CPU [3%@1728,88%@1728,1%@1728,0%@1728,0%@729,0%@729] GR3D_FREQ 0% cpu@65.718C soc2@64.062C soc0@64.093C gpu@64.812C tj@65.718C soc1@64.968C VDD_IN 5872mW/10822mW VDD_CPU_GPU_CV 1465mW/4429mW VDD_SOC 1507mW/2588mW
09-13-2026 13:40:29 RAM 2676/7620MB (lfb 17x4MB) SWAP 696/8192MB (cached 44MB) CPU [4%@1728,82%@1728,0%@1728,0%@1728,0%@729,0%@729] GR3D_FREQ 0% cpu@65.375C soc2@64.031C soc0@64.218C gpu@64.781C tj@65.375C soc1@64.843C VDD_IN 5793mW/10815mW VDD_CPU_GPU_CV 1346mW/4424mW VDD_SOC 1547mW/2587mW
09-13-2026 13:40:30 RAM 2686/7620MB (lfb 17x4MB) SWAP 696/8192MB (cached 44MB) CPU [19%@1728,75%@1728,0%@1728,0%@1728,0%@729,0%@729] GR3D_FREQ 0% cpu@65.625C soc2@64.062C soc0@64.312C gpu@64.656C tj@65.625C soc1@64.75C VDD_IN 5832mW/10808mW VDD_CPU_GPU_CV 1465mW/4420mW VDD_SOC 1507mW/2585mW
09-13-2026 13:40:30 RAM 2699/7620MB (lfb 17x4MB) SWAP 696/8192MB (cached 44MB) CPU [0%@1728,94%@1728,0%@1728,0%@1728,0%@729,0%@729] GR3D_FREQ 0% cpu@65.406C soc2@64.031C soc0@64.125C gpu@64.625C tj@65.406C soc1@64.937C VDD_IN 5912mW/10801mW VDD_CPU_GPU_CV 1545mW/4416mW VDD_SOC 1507mW/2583mW
09-13-2026 13:40:31 RAM 2724/7620MB (lfb 15x4MB) SWAP 696/8192MB (cached 44MB) CPU [27%@1728,70%@1728,1%@1728,0%@1728,0%@729,1%@729] GR3D_FREQ 0% cpu@65.562C soc2@64.093C soc0@64.125C gpu@64.843C tj@65.562C soc1@64.781C VDD_IN 5991mW/10794mW VDD_CPU_GPU_CV 1545mW/4412mW VDD_SOC 1547mW/2582mW
09-13-2026 13:40:31 RAM 2735/7620MB (lfb 15x4MB) SWAP 696/8192MB (cached 44MB) CPU [88%@1728,0%@1728,0%@1728,0%@1728,0%@729,0%@729] GR3D_FREQ 0% cpu@65.406C soc2@64.031C soc0@64.031C gpu@64.562C tj@65.406C soc1@64.75C VDD_IN 5872mW/10787mW VDD_CPU_GPU_CV 1545mW/4408mW VDD_SOC 1507mW/2580mW
09-13-2026 13:40:32 RAM 2738/7620MB (lfb 15x4MB) SWAP 696/8192MB (cached 44MB) CPU [10%@1728,73%@1728,0%@1728,0%@1728,0%@729,0%@729] GR3D_FREQ 0% cpu@65.375C soc2@63.906C soc0@64.093C gpu@64.75C tj@65.375C soc1@64.687C VDD_IN 5753mW/10780mW VDD_CPU_GPU_CV 1465mW/4404mW VDD_SOC 1507mW/2579mW
09-13-2026 13:40:32 RAM 2741/7620MB (lfb 15x4MB) SWAP 696/8192MB (cached 44MB) CPU [7%@1728,81%@1728,1%@1728,0%@1728,0%@729,0%@729] GR3D_FREQ 0% cpu@65.187C soc2@63.843C soc0@64.062C gpu@64.656C tj@65.187C soc1@64.625C VDD_IN 5753mW/10772mW VDD_CPU_GPU_CV 1465mW/4399mW VDD_SOC 1507mW/2577mW
09-13-2026 13:40:33 RAM 2743/7620MB (lfb 15x4MB) SWAP 696/8192MB (cached 44MB) CPU [0%@1728,100%@1728,0%@1728,0%@1728,0%@729,0%@729] GR3D_FREQ 0% cpu@65.125C soc2@63.906C soc0@63.875C gpu@64.531C tj@65.156C soc1@64.75C VDD_IN 5832mW/10765mW VDD_CPU_GPU_CV 1584mW/4395mW VDD_SOC 1507mW/2576mW
09-13-2026 13:40:33 RAM 2753/7620MB (lfb 15x4MB) SWAP 696/8192MB (cached 44MB) CPU [4%@1728,83%@1728,0%@1728,0%@1728,0%@729,0%@729] GR3D_FREQ 0% cpu@65.062C soc2@63.875C soc0@63.875C gpu@64.562C tj@65.062C soc1@64.593C VDD_IN 5793mW/10758mW VDD_CPU_GPU_CV 1465mW/4391mW VDD_SOC 1507mW/2574mW
09-13-2026 13:40:34 RAM 2759/7620MB (lfb 15x4MB) SWAP 696/8192MB (cached 44MB) CPU [1%@1728,88%@1728,9%@1728,0%@1728,0%@729,0%@729] GR3D_FREQ 0% cpu@65.281C soc2@63.781C soc0@63.937C gpu@64.468C tj@65.281C soc1@64.593C VDD_IN 5872mW/10751mW VDD_CPU_GPU_CV 1426mW/4387mW VDD_SOC 1547mW/2573mW
09-13-2026 13:40:34 RAM 2784/7620MB (lfb 14x4MB) SWAP 696/8192MB (cached 44MB) CPU [16%@1728,85%@1728,12%@1728,12%@1728,14%@729,12%@729] GR3D_FREQ 0% cpu@65.062C soc2@63.812C soc0@63.843C gpu@64.375C tj@65.343C soc1@64.437C VDD_IN 5912mW/10745mW VDD_CPU_GPU_CV 1545mW/4383mW VDD_SOC 1507mW/2571mW
09-13-2026 13:40:35 RAM 2800/7620MB (lfb 14x4MB) SWAP 696/8192MB (cached 44MB) CPU [2%@1728,92%@1728,1%@1728,0%@1728,0%@729,0%@729] GR3D_FREQ 0% cpu@65.125C soc2@63.75C soc0@63.875C gpu@64.343C tj@65.125C soc1@64.687C VDD_IN 5912mW/10738mW VDD_CPU_GPU_CV 1545mW/4379mW VDD_SOC 1507mW/2570mW
09-13-2026 13:40:35 RAM 2813/7620MB (lfb 14x4MB) SWAP 695/8192MB (cached 44MB) CPU [2%@1728,0%@1728,88%@1728,1%@1728,3%@729,0%@729] GR3D_FREQ 0% cpu@65.312C soc2@63.812C soc0@63.812C gpu@64.312C tj@65.312C soc1@64.562C VDD_IN 5912mW/10731mW VDD_CPU_GPU_CV 1505mW/4375mW VDD_SOC 1547mW/2568mW
09-13-2026 13:40:36 RAM 2825/7620MB (lfb 14x4MB) SWAP 695/8192MB (cached 44MB) CPU [3%@1728,1%@1728,94%@1728,3%@1728,0%@729,0%@729] GR3D_FREQ 0% cpu@65.656C soc2@63.687C soc0@63.75C gpu@64.468C tj@65.656C soc1@64.406C VDD_IN 5872mW/10724mW VDD_CPU_GPU_CV 1465mW/4371mW VDD_SOC 1547mW/2567mW
09-13-2026 13:40:36 RAM 2833/7620MB (lfb 14x4MB) SWAP 695/8192MB (cached 44MB) CPU [2%@1728,0%@1728,98%@1728,1%@1728,0%@729,0%@729] GR3D_FREQ 0% cpu@65.468C soc2@63.656C soc0@63.718C gpu@64.343C tj@65.437C soc1@64.406C VDD_IN 5952mW/10717mW VDD_CPU_GPU_CV 1584mW/4367mW VDD_SOC 1507mW/2566mW
09-13-2026 13:40:37 RAM 2846/7620MB (lfb 14x4MB) SWAP 695/8192MB (cached 44MB) CPU [2%@1728,1%@1728,92%@1728,1%@1728,0%@729,0%@729] GR3D_FREQ 0% cpu@65.562C soc2@63.625C soc0@63.687C gpu@64.437C tj@65.562C soc1@64.437C VDD_IN 5912mW/10711mW VDD_CPU_GPU_CV 1545mW/4363mW VDD_SOC 1507mW/2564mW
09-13-2026 13:40:37 RAM 2856/7620MB (lfb 14x4MB) SWAP 695/8192MB (cached 44MB) CPU [0%@1728,0%@1728,100%@1728,0%@1728,0%@729,0%@729] GR3D_FREQ 0% cpu@65.531C soc2@63.593C soc0@63.625C gpu@64.343C tj@65.531C soc1@64.437C VDD_IN 5991mW/10704mW VDD_CPU_GPU_CV 1624mW/4359mW VDD_SOC 1507mW/2563mW
09-13-2026 13:40:38 RAM 2861/7620MB (lfb 14x4MB) SWAP 695/8192MB (cached 44MB) CPU [1%@1728,0%@1728,100%@1728,0%@1728,0%@729,0%@729] GR3D_FREQ 0% cpu@65.187C soc2@63.593C soc0@63.687C gpu@64.187C tj@65.187C soc1@64.25C VDD_IN 6031mW/10697mW VDD_CPU_GPU_CV 1505mW/4355mW VDD_SOC 1545mW/2561mW
09-13-2026 13:40:38 RAM 2879/7620MB (lfb 14x4MB) SWAP 695/8192MB (cached 44MB) CPU [2%@1728,0%@1728,87%@1728,0%@1728,0%@729,0%@729] GR3D_FREQ 0% cpu@65.187C soc2@63.5C soc0@63.812C gpu@64.5C tj@65.187C soc1@64.25C VDD_IN 5872mW/10691mW VDD_CPU_GPU_CV 1426mW/4351mW VDD_SOC 1547mW/2560mW
09-13-2026 13:40:39 RAM 2898/7620MB (lfb 13x4MB) SWAP 695/8192MB (cached 44MB) CPU [3%@1728,0%@1728,87%@1728,0%@1728,0%@729,0%@729] GR3D_FREQ 0% cpu@65.406C soc2@63.437C soc0@63.562C gpu@64.312C tj@65.406C soc1@64.25C VDD_IN 5872mW/10684mW VDD_CPU_GPU_CV 1465mW/4347mW VDD_SOC 1507mW/2558mW
09-13-2026 13:40:40 RAM 2910/7620MB (lfb 10x4MB) SWAP 695/8192MB (cached 44MB) CPU [14%@1728,0%@1728,94%@1728,1%@1728,2%@729,0%@729] GR3D_FREQ 0% cpu@65.187C soc2@63.437C soc0@63.593C gpu@64.468C tj@65.187C soc1@64.375C VDD_IN 5952mW/10677mW VDD_CPU_GPU_CV 1584mW/4343mW VDD_SOC 1507mW/2557mW
09-13-2026 13:40:40 RAM 2928/7620MB (lfb 4x4MB) SWAP 695/8192MB (cached 44MB) CPU [1%@1728,0%@1728,92%@1728,0%@1728,0%@729,0%@729] GR3D_FREQ 0% cpu@65.187C soc2@63.375C soc0@63.468C gpu@64.343C tj@65.187C soc1@64.25C VDD_IN 5912mW/10671mW VDD_CPU_GPU_CV 1545mW/4339mW VDD_SOC 1507mW/2555mW
09-13-2026 13:40:41 RAM 2939/7620MB (lfb 1x4MB) SWAP 695/8192MB (cached 44MB) CPU [0%@1728,0%@1728,98%@1728,0%@1728,0%@729,0%@729] GR3D_FREQ 0% cpu@64.875C soc2@63.468C soc0@63.406C gpu@64.062C tj@64.875C soc1@64.125C VDD_IN 5912mW/10664mW VDD_CPU_GPU_CV 1545mW/4335mW VDD_SOC 1507mW/2554mW
09-13-2026 13:40:41 RAM 2952/7620MB (lfb 74x2MB) SWAP 695/8192MB (cached 44MB) CPU [0%@1728,0%@1728,100%@1728,0%@1728,0%@729,0%@729] GR3D_FREQ 0% cpu@65.312C soc2@63.312C soc0@63.531C gpu@64C tj@65.312C soc1@64.093C VDD_IN 5912mW/10657mW VDD_CPU_GPU_CV 1386mW/4331mW VDD_SOC 1547mW/2552mW
09-13-2026 13:40:42 RAM 2960/7620MB (lfb 70x2MB) SWAP 695/8192MB (cached 44MB) CPU [1%@1728,0%@1728,100%@1728,1%@1728,0%@729,0%@729] GR3D_FREQ 0% cpu@64.906C soc2@63.25C soc0@63.531C gpu@64.062C tj@64.906C soc1@64.062C VDD_IN 5952mW/10651mW VDD_CPU_GPU_CV 1346mW/4327mW VDD_SOC 1587mW/2551mW
09-13-2026 13:40:42 RAM 2964/7620MB (lfb 68x2MB) SWAP 695/8192MB (cached 44MB) CPU [0%@1728,0%@1728,100%@1728,0%@1728,0%@729,0%@729] GR3D_FREQ 0% cpu@65.218C soc2@63.25C soc0@63.375C gpu@63.906C tj@65.218C soc1@64.156C VDD_IN 5952mW/10644mW VDD_CPU_GPU_CV 1545mW/4323mW VDD_SOC 1507mW/2550mW
09-13-2026 13:40:43 RAM 2972/7620MB (lfb 60x2MB) SWAP 695/8192MB (cached 44MB) CPU [2%@1728,0%@1728,92%@1728,0%@1728,0%@729,0%@729] GR3D_FREQ 0% cpu@64.843C soc2@63.25C soc0@63.375C gpu@64.218C tj@64.843C soc1@64.031C VDD_IN 5912mW/10638mW VDD_CPU_GPU_CV 1545mW/4319mW VDD_SOC 1507mW/2548mW
09-13-2026 13:40:43 RAM 3041/7620MB (lfb 16x2MB) SWAP 695/8192MB (cached 44MB) CPU [3%@1728,0%@1728,88%@1728,1%@1728,0%@729,0%@729] GR3D_FREQ 0% cpu@65.343C soc2@63.218C soc0@63.437C gpu@64.062C tj@65.343C soc1@64C VDD_IN 5912mW/10631mW VDD_CPU_GPU_CV 1545mW/4315mW VDD_SOC 1507mW/2547mW
09-13-2026 13:40:44 RAM 3068/7620MB (lfb 3x2MB) SWAP 695/8192MB (cached 44MB) CPU [0%@1728,1%@1728,100%@1728,0%@1728,0%@729,0%@729] GR3D_FREQ 0% cpu@64.906C soc2@63.25C soc0@63.375C gpu@64.187C tj@64.906C soc1@64C VDD_IN 5872mW/10625mW VDD_CPU_GPU_CV 1426mW/4312mW VDD_SOC 1507mW/2545mW
09-13-2026 13:40:44 RAM 3024/7620MB (lfb 237x1MB) SWAP 695/8192MB (cached 44MB) CPU [2%@1728,4%@1728,94%@1728,0%@1728,1%@729,1%@729] GR3D_FREQ 52% cpu@64.875C soc2@63.156C soc0@63.312C gpu@63.937C tj@64.875C soc1@64.031C VDD_IN 5872mW/10618mW VDD_CPU_GPU_CV 1465mW/4308mW VDD_SOC 1507mW/2544mW
09-13-2026 13:40:45 RAM 3013/7620MB (lfb 235x1MB) SWAP 695/8192MB (cached 44MB) CPU [2%@1728,0%@1728,9%@1728,0%@1728,5%@1728,78%@1728] GR3D_FREQ 0% cpu@64.281C soc2@63.062C soc0@63.218C gpu@63.812C tj@64.281C soc1@64.062C VDD_IN 5952mW/10612mW VDD_CPU_GPU_CV 1386mW/4304mW VDD_SOC 1587mW/2543mW
09-13-2026 13:40:45 RAM 2952/7620MB (lfb 231x1MB) SWAP 695/8192MB (cached 44MB) CPU [1%@729,5%@729,0%@1728,0%@1728,0%@1728,94%@1728] GR3D_FREQ 0% cpu@64.218C soc2@63.062C soc0@63.187C gpu@63.781C tj@64.218C soc1@64.031C VDD_IN 5872mW/10605mW VDD_CPU_GPU_CV 1465mW/4300mW VDD_SOC 1547mW/2541mW
09-13-2026 13:40:46 RAM 2917/7620MB (lfb 227x1MB) SWAP 695/8192MB (cached 44MB) CPU [2%@729,0%@729,8%@729,0%@729,0%@1728,94%@1728] GR3D_FREQ 0% cpu@64.593C soc2@63.062C soc0@63.062C gpu@63.75C tj@64.593C soc1@63.906C VDD_IN 5991mW/10599mW VDD_CPU_GPU_CV 1545mW/4296mW VDD_SOC 1547mW/2540mW
09-13-2026 13:40:46 RAM 2914/7620MB (lfb 225x1MB) SWAP 695/8192MB (cached 44MB) CPU [1%@729,0%@729,1%@729,1%@729,0%@1728,100%@1728] GR3D_FREQ 0% cpu@64.343C soc2@62.968C soc0@63.156C gpu@63.718C tj@64.343C soc1@63.875C VDD_IN 5832mW/10592mW VDD_CPU_GPU_CV 1386mW/4292mW VDD_SOC 1507mW/2538mW
09-13-2026 13:40:47 RAM 2900/7620MB (lfb 221x1MB) SWAP 695/8192MB (cached 44MB) CPU [0%@729,0%@729,8%@729,0%@729,0%@1728,100%@1728] GR3D_FREQ 0% cpu@64.468C soc2@62.937C soc0@63.156C gpu@63.718C tj@64.468C soc1@63.781C VDD_IN 6031mW/10586mW VDD_CPU_GPU_CV 1505mW/4288mW VDD_SOC 1547mW/2537mW
09-13-2026 13:40:47 RAM 2901/7620MB (lfb 222x1MB) SWAP 695/8192MB (cached 44MB) CPU [0%@1728,0%@1728,0%@1728,0%@1728,1%@1728,100%@1728] GR3D_FREQ 0% cpu@64.281C soc2@62.937C soc0@63.187C gpu@63.718C tj@64.312C soc1@63.781C VDD_IN 6031mW/10580mW VDD_CPU_GPU_CV 1465mW/4284mW VDD_SOC 1547mW/2536mW
09-13-2026 13:40:48 RAM 2903/7620MB (lfb 220x1MB) SWAP 695/8192MB (cached 44MB) CPU [1%@1728,0%@1728,1%@1728,1%@1728,0%@1728,100%@1728] GR3D_FREQ 0% cpu@64.187C soc2@62.843C soc0@63.062C gpu@63.593C tj@64.281C soc1@63.937C VDD_IN 5872mW/10573mW VDD_CPU_GPU_CV 1386mW/4280mW VDD_SOC 1547mW/2534mW
09-13-2026 13:40:48 RAM 2906/7620MB (lfb 219x1MB) SWAP 695/8192MB (cached 44MB) CPU [3%@1728,0%@1728,2%@1728,0%@1728,0%@1728,100%@1728] GR3D_FREQ 0% cpu@64.093C soc2@63C soc0@63.031C gpu@63.625C tj@64.093C soc1@63.843C VDD_IN 5991mW/10567mW VDD_CPU_GPU_CV 1465mW/4276mW VDD_SOC 1547mW/2533mW
09-13-2026 13:40:49 RAM 2901/7620MB (lfb 216x1MB) SWAP 694/8192MB (cached 44MB) CPU [1%@1728,9%@1728,1%@1728,1%@1728,1%@1728,100%@1728] GR3D_FREQ 0% cpu@64.25C soc2@62.968C soc0@63.031C gpu@63.468C tj@64.25C soc1@63.843C VDD_IN 5912mW/10561mW VDD_CPU_GPU_CV 1426mW/4273mW VDD_SOC 1547mW/2532mW
09-13-2026 13:40:49 RAM 2903/7620MB (lfb 214x1MB) SWAP 694/8192MB (cached 44MB) CPU [0%@729,0%@729,2%@729,0%@729,0%@1728,100%@1728] GR3D_FREQ 0% cpu@64.343C soc2@62.812C soc0@62.875C gpu@63.625C tj@64.343C soc1@63.687C VDD_IN 5952mW/10555mW VDD_CPU_GPU_CV 1465mW/4269mW VDD_SOC 1547mW/2530mW
09-13-2026 13:40:50 RAM 2893/7620MB (lfb 239x1MB) SWAP 694/8192MB (cached 44MB) CPU [0%@729,0%@729,5%@729,1%@729,0%@1728,100%@1728] GR3D_FREQ 0% cpu@64.093C soc2@62.812C soc0@63.031C gpu@63.437C tj@64.093C soc1@63.656C VDD_IN 5912mW/10548mW VDD_CPU_GPU_CV 1426mW/4265mW VDD_SOC 1547mW/2529mW
09-13-2026 13:40:50 RAM 2898/7620MB (lfb 3x2MB) SWAP 694/8192MB (cached 44MB) CPU [0%@729,0%@729,0%@729,1%@729,0%@1728,100%@1728] GR3D_FREQ 0% cpu@64.156C soc2@62.781C soc0@62.875C gpu@63.531C tj@64.156C soc1@63.687C VDD_IN 5793mW/10542mW VDD_CPU_GPU_CV 1346mW/4261mW VDD_SOC 1547mW/2528mW
09-13-2026 13:40:51 RAM 2906/7620MB (lfb 243x1MB) SWAP 694/8192MB (cached 44MB) CPU [2%@729,3%@729,3%@729,0%@729,0%@1728,100%@1728] GR3D_FREQ 0% cpu@63.968C soc2@62.718C soc0@62.906C gpu@63.406C tj@63.968C soc1@63.812C VDD_IN 5991mW/10536mW VDD_CPU_GPU_CV 1426mW/4257mW VDD_SOC 1547mW/2526mW
09-13-2026 13:40:51 RAM 2916/7620MB (lfb 243x1MB) SWAP 694/8192MB (cached 44MB) CPU [0%@1728,1%@1728,0%@1728,0%@1728,1%@1728,100%@1728] GR3D_FREQ 0% cpu@63.906C soc2@62.75C soc0@62.812C gpu@63.5C tj@63.906C soc1@63.781C VDD_IN 5872mW/10529mW VDD_CPU_GPU_CV 1386mW/4253mW VDD_SOC 1547mW/2525mW
09-13-2026 13:40:52 RAM 2916/7620MB (lfb 243x1MB) SWAP 694/8192MB (cached 44MB) CPU [2%@1728,0%@1728,0%@1728,2%@1728,0%@1728,100%@1728] GR3D_FREQ 0% cpu@63.875C soc2@62.75C soc0@62.75C gpu@63.343C tj@63.875C soc1@63.656C VDD_IN 5991mW/10523mW VDD_CPU_GPU_CV 1346mW/4249mW VDD_SOC 1587mW/2524mW
09-13-2026 13:40:52 RAM 2896/7620MB (lfb 244x1MB) SWAP 694/8192MB (cached 44MB) CPU [0%@729,0%@729,0%@729,0%@729,0%@1728,100%@1728] GR3D_FREQ 0% cpu@64.187C soc2@62.718C soc0@62.718C gpu@63.343C tj@64.187C soc1@63.468C VDD_IN 5872mW/10517mW VDD_CPU_GPU_CV 1307mW/4245mW VDD_SOC 1587mW/2522mW
09-13-2026 13:40:53 RAM 3718/7620MB (lfb 5x2MB) SWAP 694/8192MB (cached 44MB) CPU [2%@729,4%@729,26%@729,2%@729,0%@1728,96%@1728] GR3D_FREQ 0% cpu@64.125C soc2@62.687C soc0@62.843C gpu@63.343C tj@64.125C soc1@63.593C VDD_IN 6071mW/10511mW VDD_CPU_GPU_CV 1465mW/4241mW VDD_SOC 1587mW/2521mW
09-13-2026 13:40:53 RAM 5172/7620MB (lfb 211x1MB) SWAP 694/8192MB (cached 44MB) CPU [0%@1728,7%@1728,0%@1728,1%@1728,0%@883,90%@883] GR3D_FREQ 99% cpu@63.812C soc2@62.718C soc0@62.875C gpu@63.468C tj@63.812C soc1@63.468C VDD_IN 6774mW/10506mW VDD_CPU_GPU_CV 1779mW/4238mW VDD_SOC 1782mW/2520mW
09-13-2026 13:40:54 RAM 5191/7620MB (lfb 211x1MB) SWAP 694/8192MB (cached 44MB) CPU [5%@1728,0%@1728,2%@1728,76%@1728,0%@729,8%@729] GR3D_FREQ 44% cpu@64.281C soc2@62.593C soc0@62.812C gpu@63.281C tj@64.281C soc1@63.312C VDD_IN 6110mW/10500mW VDD_CPU_GPU_CV 1584mW/4235mW VDD_SOC 1584mW/2519mW
09-13-2026 13:40:54 RAM 5212/7620MB (lfb 196x1MB) SWAP 694/8192MB (cached 44MB) CPU [22%@1728,1%@1728,58%@1728,32%@1728,49%@1728,1%@1728] GR3D_FREQ 18% cpu@64.562C soc2@62.687C soc0@62.718C gpu@63.406C tj@64.562C soc1@63.687C VDD_IN 6655mW/10495mW VDD_CPU_GPU_CV 1858mW/4231mW VDD_SOC 1703mW/2518mW
09-13-2026 13:40:55 RAM 5207/7620MB (lfb 196x1MB) SWAP 694/8192MB (cached 45MB) CPU [20%@1728,18%@1728,62%@1728,1%@1728,84%@1344,0%@1344] GR3D_FREQ 18% cpu@64.062C soc2@62.812C soc0@62.625C gpu@63.312C tj@64.156C soc1@63.562C VDD_IN 6853mW/10490mW VDD_CPU_GPU_CV 2017mW/4228mW VDD_SOC 1703mW/2517mW
09-13-2026 13:40:55 RAM 5208/7620MB (lfb 196x1MB) SWAP 694/8192MB (cached 44MB) CPU [18%@1728,32%@1728,48%@1728,2%@1728,21%@1728,44%@1728] GR3D_FREQ 20% cpu@64.031C soc2@62.718C soc0@62.625C gpu@63.625C tj@64.031C soc1@63.468C VDD_IN 6774mW/10485mW VDD_CPU_GPU_CV 1977mW/4225mW VDD_SOC 1663mW/2516mW
09-13-2026 13:40:56 RAM 5210/7620MB (lfb 196x1MB) SWAP 694/8192MB (cached 44MB) CPU [24%@1728,86%@1728,0%@1728,0%@1728,0%@1728,36%@1728] GR3D_FREQ 24% cpu@64.187C soc2@62.656C soc0@62.718C gpu@63.281C tj@64.187C soc1@63.437C VDD_IN 6655mW/10480mW VDD_CPU_GPU_CV 1858mW/4222mW VDD_SOC 1703mW/2515mW
09-13-2026 13:40:56 RAM 5214/7620MB (lfb 155x1MB) SWAP 694/8192MB (cached 44MB) CPU [21%@1497,50%@1497,0%@1497,28%@1344,0%@729,0%@729] GR3D_FREQ 66% cpu@64.062C soc2@62.562C soc0@62.687C gpu@63.593C tj@64.062C soc1@63.406C VDD_IN 6417mW/10474mW VDD_CPU_GPU_CV 1661mW/4219mW VDD_SOC 1663mW/2513mW
09-13-2026 13:40:57 RAM 5214/7620MB (lfb 155x1MB) SWAP 694/8192MB (cached 44MB) CPU [0%@1420,1%@1420,0%@1420,64%@1420,0%@729,0%@729] GR3D_FREQ 0% cpu@63.593C soc2@62.5C soc0@62.687C gpu@63.093C tj@63.593C soc1@63.593C VDD_IN 6338mW/10469mW VDD_CPU_GPU_CV 1423mW/4215mW VDD_SOC 1703mW/2512mW
09-13-2026 13:40:57 RAM 5214/7620MB (lfb 154x1MB) SWAP 694/8192MB (cached 44MB) CPU [2%@1728,0%@1728,0%@1728,100%@1728,0%@729,0%@729] GR3D_FREQ 0% cpu@63.843C soc2@62.437C soc0@62.593C gpu@63.375C tj@63.843C soc1@63.343C VDD_IN 6031mW/10463mW VDD_CPU_GPU_CV 1307mW/4211mW VDD_SOC 1626mW/2511mW
09-13-2026 13:40:58 RAM 5214/7620MB (lfb 154x1MB) SWAP 694/8192MB (cached 44MB) CPU [0%@1728,0%@1728,1%@1728,100%@1728,0%@729,0%@729] GR3D_FREQ 0% cpu@63.75C soc2@62.468C soc0@62.593C gpu@63.187C tj@63.75C soc1@63.281C VDD_IN 5952mW/10457mW VDD_CPU_GPU_CV 1307mW/4207mW VDD_SOC 1587mW/2510mW
09-13-2026 13:40:58 RAM 5392/7620MB (lfb 153x1MB) SWAP 694/8192MB (cached 45MB) CPU [11%@1728,8%@1728,9%@1728,85%@1728,10%@729,20%@729] GR3D_FREQ 0% cpu@63.968C soc2@62.437C soc0@62.718C gpu@63.062C tj@63.968C soc1@63.312C VDD_IN 6071mW/10451mW VDD_CPU_GPU_CV 1465mW/4204mW VDD_SOC 1584mW/2509mW
09-13-2026 13:40:59 RAM 5461/7620MB (lfb 153x1MB) SWAP 694/8192MB (cached 45MB) CPU [12%@1728,13%@1728,0%@1728,57%@1728,0%@729,25%@729] GR3D_FREQ 0% cpu@63.906C soc2@62.468C soc0@62.593C gpu@63.031C tj@63.906C soc1@63.218C VDD_IN 5991mW/10445mW VDD_CPU_GPU_CV 1505mW/4200mW VDD_SOC 1547mW/2507mW
09-13-2026 13:40:59 RAM 5461/7620MB (lfb 153x1MB) SWAP 694/8192MB (cached 44MB) CPU [14%@1728,0%@1728,1%@1728,95%@1728,0%@729,42%@729] GR3D_FREQ 0% cpu@64C soc2@62.437C soc0@62.531C gpu@63.031C tj@64C soc1@63.437C VDD_IN 6031mW/10439mW VDD_CPU_GPU_CV 1584mW/4197mW VDD_SOC 1587mW/2506mW
09-13-2026 13:41:00 RAM 5473/7620MB (lfb 153x1MB) SWAP 694/8192MB (cached 44MB) CPU [13%@1420,0%@1420,0%@1728,90%@1728,0%@729,58%@729] GR3D_FREQ 10% cpu@63.75C soc2@62.312C soc0@62.562C gpu@63.312C tj@63.75C soc1@63.281C VDD_IN 6269mW/10434mW VDD_CPU_GPU_CV 1782mW/4194mW VDD_SOC 1584mW/2505mW
09-13-2026 13:41:00 RAM 5486/7620MB (lfb 2x2MB) SWAP 694/8192MB (cached 45MB) CPU [2%@1728,2%@1728,0%@1728,92%@1728,5%@729,0%@729] GR3D_FREQ 0% cpu@64.437C soc2@63.062C soc0@62.593C gpu@64.687C tj@64.687C soc1@63.218C VDD_IN 14257mW/10439mW VDD_CPU_GPU_CV 7756mW/4198mW VDD_SOC 2232mW/2505mW
09-13-2026 13:41:01 RAM 5488/7620MB (lfb 2x2MB) SWAP 694/8192MB (cached 45MB) CPU [0%@1728,1%@1728,0%@1728,100%@1728,0%@729,0%@729] GR3D_FREQ 0% cpu@64.187C soc2@62.781C soc0@62.625C gpu@63.5C tj@64.187C soc1@63.281C VDD_IN 8687mW/10437mW VDD_CPU_GPU_CV 3666mW/4198mW VDD_SOC 1737mW/2504mW
09-13-2026 13:41:01 RAM 5491/7620MB (lfb 2x2MB) SWAP 694/8192MB (cached 45MB) CPU [5%@1728,0%@1728,3%@1728,98%@1728,0%@729,0%@729] GR3D_FREQ 0% cpu@64.343C soc2@62.593C soc0@62.593C gpu@63.437C tj@64.343C soc1@63.187C VDD_IN 6813mW/10432mW VDD_CPU_GPU_CV 2254mW/4195mW VDD_SOC 1584mW/2502mW
09-13-2026 13:41:02 RAM 5493/7620MB (lfb 2x2MB) SWAP 694/8192MB (cached 45MB) CPU [0%@1728,0%@1728,0%@1728,100%@1728,0%@729,0%@729] GR3D_FREQ 0% cpu@64.031C soc2@62.562C soc0@62.625C gpu@63.125C tj@64.031C soc1@63.187C VDD_IN 6269mW/10426mW VDD_CPU_GPU_CV 1779mW/4192mW VDD_SOC 1545mW/2501mW
09-13-2026 13:41:02 RAM 5494/7620MB (lfb 2x2MB) SWAP 694/8192MB (cached 45MB) CPU [0%@1728,0%@1728,0%@1728,100%@1728,0%@729,0%@729] GR3D_FREQ 0% cpu@64.062C soc2@62.468C soc0@62.531C gpu@63.312C tj@64.062C soc1@63.312C VDD_IN 6110mW/10421mW VDD_CPU_GPU_CV 1663mW/4188mW VDD_SOC 1505mW/2500mW
09-13-2026 13:41:03 RAM 5495/7620MB (lfb 2x2MB) SWAP 694/8192MB (cached 45MB) CPU [0%@1728,0%@1728,0%@1728,100%@1728,0%@729,0%@729] GR3D_FREQ 0% cpu@63.937C soc2@62.5C soc0@62.437C gpu@63.187C tj@63.937C soc1@63.25C VDD_IN 6031mW/10415mW VDD_CPU_GPU_CV 1624mW/4185mW VDD_SOC 1505mW/2499mW
09-13-2026 13:41:03 RAM 5497/7620MB (lfb 2x2MB) SWAP 694/8192MB (cached 45MB) CPU [0%@1728,0%@1728,0%@1728,100%@1728,0%@729,0%@729] GR3D_FREQ 0% cpu@64.093C soc2@62.437C soc0@62.5C gpu@63.031C tj@64.093C soc1@63.156C VDD_IN 6031mW/10409mW VDD_CPU_GPU_CV 1624mW/4182mW VDD_SOC 1507mW/2497mW
09-13-2026 13:41:04 RAM 5499/7620MB (lfb 2x2MB) SWAP 694/8192MB (cached 45MB) CPU [0%@1728,0%@1728,0%@1728,100%@1728,0%@729,0%@729] GR3D_FREQ 0% cpu@64.031C soc2@62.375C soc0@62.437C gpu@63.031C tj@64.031C soc1@63.062C VDD_IN 6031mW/10403mW VDD_CPU_GPU_CV 1624mW/4178mW VDD_SOC 1507mW/2496mW
09-13-2026 13:41:04 RAM 5500/7620MB (lfb 2x2MB) SWAP 694/8192MB (cached 45MB) CPU [1%@1728,0%@1728,0%@1728,100%@1728,0%@729,0%@729] GR3D_FREQ 0% cpu@64.031C soc2@62.25C soc0@62.343C gpu@62.875C tj@64.031C soc1@63.25C VDD_IN 6031mW/10398mW VDD_CPU_GPU_CV 1624mW/4175mW VDD_SOC 1507mW/2495mW
09-13-2026 13:41:05 RAM 5502/7620MB (lfb 1x2MB) SWAP 694/8192MB (cached 45MB) CPU [0%@1728,0%@1728,0%@1728,100%@1728,0%@729,0%@729] GR3D_FREQ 0% cpu@63.843C soc2@62.343C soc0@62.375C gpu@62.812C tj@63.843C soc1@63.125C VDD_IN 6031mW/10392mW VDD_CPU_GPU_CV 1624mW/4172mW VDD_SOC 1507mW/2493mW
09-13-2026 13:41:05 RAM 5504/7620MB (lfb 154x1MB) SWAP 694/8192MB (cached 45MB) CPU [0%@1728,0%@1728,0%@1728,100%@1728,0%@729,0%@729] GR3D_FREQ 0% cpu@63.968C soc2@62.25C soc0@62.468C gpu@63.093C tj@63.968C soc1@63.156C VDD_IN 6031mW/10386mW VDD_CPU_GPU_CV 1624mW/4168mW VDD_SOC 1507mW/2492mW
09-13-2026 13:41:06 RAM 5505/7620MB (lfb 153x1MB) SWAP 694/8192MB (cached 45MB) CPU [0%@1728,0%@1728,1%@1728,100%@1728,0%@729,0%@729] GR3D_FREQ 0% cpu@63.843C soc2@62.343C soc0@62.343C gpu@63.156C tj@63.781C soc1@63C VDD_IN 6031mW/10381mW VDD_CPU_GPU_CV 1624mW/4165mW VDD_SOC 1507mW/2491mW
09-13-2026 13:41:06 RAM 5507/7620MB (lfb 157x1MB) SWAP 694/8192MB (cached 45MB) CPU [1%@1728,0%@1728,0%@1728,100%@1728,0%@729,5%@729] GR3D_FREQ 0% cpu@63.843C soc2@62.156C soc0@62.312C gpu@63C tj@63.843C soc1@63.031C VDD_IN 6071mW/10375mW VDD_CPU_GPU_CV 1624mW/4162mW VDD_SOC 1507mW/2489mW
09-13-2026 13:41:07 RAM 5509/7620MB (lfb 164x1MB) SWAP 694/8192MB (cached 45MB) CPU [3%@1728,1%@1728,0%@1728,100%@1728,14%@729,0%@729] GR3D_FREQ 0% cpu@63.625C soc2@62.125C soc0@62.218C gpu@62.843C tj@63.625C soc1@63.125C VDD_IN 6071mW/10369mW VDD_CPU_GPU_CV 1663mW/4159mW VDD_SOC 1547mW/2488mW
09-13-2026 13:41:07 RAM 5511/7620MB (lfb 164x1MB) SWAP 694/8192MB (cached 45MB) CPU [0%@1728,0%@1728,0%@1728,100%@1728,0%@729,0%@729] GR3D_FREQ 0% cpu@63.718C soc2@62.25C soc0@62.25C gpu@62.718C tj@63.718C soc1@63.031C VDD_IN 6031mW/10364mW VDD_CPU_GPU_CV 1624mW/4155mW VDD_SOC 1507mW/2487mW
09-13-2026 13:41:08 RAM 5513/7620MB (lfb 164x1MB) SWAP 694/8192MB (cached 45MB) CPU [0%@1728,0%@1728,0%@1728,100%@1728,0%@729,0%@729] GR3D_FREQ 0% cpu@63.625C soc2@62.125C soc0@62.343C gpu@62.781C tj@63.625C soc1@63.031C VDD_IN 6031mW/10358mW VDD_CPU_GPU_CV 1624mW/4152mW VDD_SOC 1507mW/2486mW
09-13-2026 13:41:08 RAM 5514/7620MB (lfb 164x1MB) SWAP 694/8192MB (cached 45MB) CPU [0%@1728,0%@1728,1%@1728,100%@1728,0%@729,0%@729] GR3D_FREQ 0% cpu@63.75C soc2@62.093C soc0@62.343C gpu@62.843C tj@63.75C soc1@62.937C VDD_IN 5991mW/10353mW VDD_CPU_GPU_CV 1624mW/4149mW VDD_SOC 1507mW/2484mW
09-13-2026 13:41:09 RAM 5517/7620MB (lfb 164x1MB) SWAP 694/8192MB (cached 45MB) CPU [0%@1728,3%@1728,7%@1728,100%@1728,0%@729,0%@729] GR3D_FREQ 0% cpu@63.656C soc2@62.093C soc0@62.187C gpu@63.031C tj@63.656C soc1@63.031C VDD_IN 6031mW/10347mW VDD_CPU_GPU_CV 1624mW/4145mW VDD_SOC 1507mW/2483mW
09-13-2026 13:41:09 RAM 5521/7620MB (lfb 164x1MB) SWAP 693/8192MB (cached 45MB) CPU [13%@1728,4%@1728,8%@1728,100%@1728,3%@729,5%@729] GR3D_FREQ 0% cpu@63.687C soc2@62.125C soc0@62.125C gpu@62.843C tj@63.687C soc1@63.093C VDD_IN 6150mW/10342mW VDD_CPU_GPU_CV 1703mW/4142mW VDD_SOC 1545mW/2482mW
09-13-2026 13:41:10 RAM 5525/7620MB (lfb 164x1MB) SWAP 693/8192MB (cached 45MB) CPU [9%@1728,7%@1728,7%@1728,100%@1728,5%@729,2%@729] GR3D_FREQ 0% cpu@63.656C soc2@62.156C soc0@62.062C gpu@62.937C tj@63.656C soc1@63C VDD_IN 6150mW/10336mW VDD_CPU_GPU_CV 1703mW/4139mW VDD_SOC 1545mW/2481mW
09-13-2026 13:41:10 RAM 5526/7620MB (lfb 164x1MB) SWAP 693/8192MB (cached 45MB) CPU [0%@1728,0%@1728,1%@1728,100%@1728,0%@729,0%@729] GR3D_FREQ 0% cpu@63.812C soc2@62.031C soc0@62.25C gpu@62.781C tj@63.812C soc1@62.906C VDD_IN 6110mW/10331mW VDD_CPU_GPU_CV 1663mW/4136mW VDD_SOC 1505mW/2480mW
09-13-2026 13:41:11 RAM 5528/7620MB (lfb 164x1MB) SWAP 693/8192MB (cached 45MB) CPU [0%@1728,0%@1728,0%@1728,100%@1728,0%@729,0%@729] GR3D_FREQ 0% cpu@63.562C soc2@62.093C soc0@62.062C gpu@62.656C tj@63.562C soc1@62.812C VDD_IN 6071mW/10325mW VDD_CPU_GPU_CV 1663mW/4133mW VDD_SOC 1507mW/2478mW
09-13-2026 13:41:11 RAM 5530/7620MB (lfb 164x1MB) SWAP 693/8192MB (cached 45MB) CPU [0%@1728,0%@1728,0%@1728,100%@1728,0%@729,0%@729] GR3D_FREQ 0% cpu@63.593C soc2@62.031C soc0@62.062C gpu@62.75C tj@63.593C soc1@62.937C VDD_IN 6071mW/10320mW VDD_CPU_GPU_CV 1624mW/4130mW VDD_SOC 1507mW/2477mW
09-13-2026 13:41:12 RAM 5531/7620MB (lfb 164x1MB) SWAP 693/8192MB (cached 45MB) CPU [0%@1728,0%@1728,0%@1728,100%@1728,0%@729,0%@729] GR3D_FREQ 0% cpu@63.531C soc2@62.093C soc0@62C gpu@62.562C tj@63.531C soc1@62.937C VDD_IN 6071mW/10314mW VDD_CPU_GPU_CV 1663mW/4126mW VDD_SOC 1507mW/2476mW
09-13-2026 13:41:12 RAM 5533/7620MB (lfb 164x1MB) SWAP 693/8192MB (cached 45MB) CPU [0%@1728,0%@1728,0%@1728,100%@1728,0%@729,0%@729] GR3D_FREQ 0% cpu@63.656C soc2@61.968C soc0@62.156C gpu@62.5C tj@63.656C soc1@62.812C VDD_IN 6071mW/10309mW VDD_CPU_GPU_CV 1663mW/4123mW VDD_SOC 1507mW/2475mW
09-13-2026 13:41:13 RAM 5534/7620MB (lfb 163x1MB) SWAP 693/8192MB (cached 45MB) CPU [0%@1728,0%@1728,0%@1728,100%@1728,0%@729,1%@729] GR3D_FREQ 0% cpu@63.531C soc2@61.968C soc0@62.093C gpu@62.781C tj@63.531C soc1@62.781C VDD_IN 6110mW/10304mW VDD_CPU_GPU_CV 1663mW/4120mW VDD_SOC 1547mW/2473mW
09-13-2026 13:41:13 RAM 5535/7620MB (lfb 163x1MB) SWAP 693/8192MB (cached 45MB) CPU [0%@1728,0%@1728,0%@1728,100%@1728,0%@729,0%@729] GR3D_FREQ 0% cpu@63.437C soc2@61.843C soc0@62.031C gpu@62.562C tj@63.437C soc1@62.75C VDD_IN 6031mW/10298mW VDD_CPU_GPU_CV 1505mW/4117mW VDD_SOC 1547mW/2472mW
09-13-2026 13:41:14 RAM 5535/7620MB (lfb 163x1MB) SWAP 693/8192MB (cached 45MB) CPU [0%@1728,0%@1728,1%@1728,100%@1728,0%@729,0%@729] GR3D_FREQ 0% cpu@63.187C soc2@61.843C soc0@61.968C gpu@62.718C tj@63.187C soc1@62.843C VDD_IN 5912mW/10293mW VDD_CPU_GPU_CV 1346mW/4113mW VDD_SOC 1547mW/2471mW
09-13-2026 13:41:14 RAM 5536/7620MB (lfb 161x1MB) SWAP 693/8192MB (cached 45MB) CPU [1%@1728,0%@1728,0%@1728,100%@1728,0%@729,0%@729] GR3D_FREQ 0% cpu@63.687C soc2@61.968C soc0@61.906C gpu@62.531C tj@63.687C soc1@62.812C VDD_IN 5991mW/10287mW VDD_CPU_GPU_CV 1545mW/4110mW VDD_SOC 1547mW/2470mW
09-13-2026 13:41:15 RAM 5537/7620MB (lfb 160x1MB) SWAP 693/8192MB (cached 45MB) CPU [1%@1728,0%@1728,1%@1728,100%@1728,0%@729,0%@729] GR3D_FREQ 0% cpu@63.375C soc2@61.781C soc0@62C gpu@62.375C tj@63.375C soc1@62.687C VDD_IN 6031mW/10282mW VDD_CPU_GPU_CV 1624mW/4107mW VDD_SOC 1505mW/2469mW
09-13-2026 13:41:15 RAM 5539/7620MB (lfb 158x1MB) SWAP 693/8192MB (cached 45MB) CPU [0%@1728,0%@1728,0%@1728,100%@1728,0%@729,0%@729] GR3D_FREQ 0% cpu@63.531C soc2@61.812C soc0@61.937C gpu@62.531C tj@63.531C soc1@62.625C VDD_IN 6071mW/10276mW VDD_CPU_GPU_CV 1624mW/4104mW VDD_SOC 1505mW/2467mW
09-13-2026 13:41:16 RAM 5541/7620MB (lfb 157x1MB) SWAP 693/8192MB (cached 45MB) CPU [0%@1728,0%@1728,0%@1728,100%@1728,1%@729,1%@729] GR3D_FREQ 0% cpu@63.343C soc2@61.781C soc0@61.843C gpu@62.375C tj@63.343C soc1@62.812C VDD_IN 6071mW/10271mW VDD_CPU_GPU_CV 1663mW/4101mW VDD_SOC 1507mW/2466mW
09-13-2026 13:41:16 RAM 5542/7620MB (lfb 155x1MB) SWAP 693/8192MB (cached 45MB) CPU [0%@1728,0%@1728,0%@1728,100%@1728,0%@729,0%@729] GR3D_FREQ 0% cpu@63.343C soc2@61.843C soc0@61.812C gpu@62.375C tj@63.375C soc1@62.718C VDD_IN 6071mW/10266mW VDD_CPU_GPU_CV 1663mW/4097mW VDD_SOC 1507mW/2465mW
09-13-2026 13:41:17 RAM 5544/7620MB (lfb 154x1MB) SWAP 693/8192MB (cached 45MB) CPU [0%@1728,0%@1728,0%@1728,100%@1728,0%@729,0%@729] GR3D_FREQ 0% cpu@63.312C soc2@61.781C soc0@61.937C gpu@62.625C tj@63.312C soc1@62.656C VDD_IN 6071mW/10260mW VDD_CPU_GPU_CV 1663mW/4094mW VDD_SOC 1507mW/2464mW
09-13-2026 13:41:17 RAM 5546/7620MB (lfb 154x1MB) SWAP 693/8192MB (cached 45MB) CPU [0%@1728,0%@1728,0%@1728,100%@1728,0%@729,0%@729] GR3D_FREQ 0% cpu@63.406C soc2@61.687C soc0@61.843C gpu@62.437C tj@63.406C soc1@62.593C VDD_IN 6031mW/10255mW VDD_CPU_GPU_CV 1624mW/4091mW VDD_SOC 1507mW/2462mW
09-13-2026 13:41:18 RAM 5582/7620MB (lfb 155x1MB) SWAP 693/8192MB (cached 45MB) CPU [0%@1728,0%@1728,0%@1728,100%@1728,0%@729,12%@729] GR3D_FREQ 0% cpu@63.187C soc2@61.656C soc0@61.843C gpu@62.593C tj@63.187C soc1@62.781C VDD_IN 6031mW/10250mW VDD_CPU_GPU_CV 1663mW/4088mW VDD_SOC 1507mW/2461mW
09-13-2026 13:41:18 RAM 5579/7620MB (lfb 163x1MB) SWAP 693/8192MB (cached 45MB) CPU [10%@1728,10%@1728,2%@1728,59%@1728,0%@729,10%@729] GR3D_FREQ 0% cpu@62.906C soc2@61.687C soc0@61.718C gpu@62.375C tj@62.906C soc1@62.687C VDD_IN 5793mW/10244mW VDD_CPU_GPU_CV 1426mW/4085mW VDD_SOC 1507mW/2460mW
09-13-2026 13:41:19 RAM 5582/7620MB (lfb 154x1MB) SWAP 693/8192MB (cached 45MB) CPU [7%@1728,85%@1728,1%@1728,0%@1728,1%@729,0%@729] GR3D_FREQ 0% cpu@63C soc2@61.718C soc0@61.75C gpu@62.218C tj@63C soc1@62.5C VDD_IN 5832mW/10238mW VDD_CPU_GPU_CV 1505mW/4082mW VDD_SOC 1507mW/2459mW
09-13-2026 13:41:19 RAM 5587/7620MB (lfb 153x1MB) SWAP 693/8192MB (cached 45MB) CPU [0%@1728,100%@1728,0%@1728,1%@1728,0%@729,3%@729] GR3D_FREQ 0% cpu@63.187C soc2@61.75C soc0@61.625C gpu@62.312C tj@63.187C soc1@62.5C VDD_IN 5952mW/10233mW VDD_CPU_GPU_CV 1624mW/4078mW VDD_SOC 1507mW/2458mW
09-13-2026 13:41:20 RAM 5583/7620MB (lfb 157x1MB) SWAP 693/8192MB (cached 45MB) CPU [1%@1728,100%@1728,0%@1728,0%@1728,3%@729,0%@729] GR3D_FREQ 0% cpu@63.25C soc2@61.687C soc0@61.843C gpu@62.187C tj@63.25C soc1@62.343C VDD_IN 6071mW/10228mW VDD_CPU_GPU_CV 1663mW/4075mW VDD_SOC 1507mW/2456mW
09-13-2026 13:41:20 RAM 5583/7620MB (lfb 157x1MB) SWAP 693/8192MB (cached 45MB) CPU [0%@1728,100%@1728,0%@1728,1%@1728,0%@729,0%@729] GR3D_FREQ 0% cpu@63.031C soc2@61.75C soc0@61.718C gpu@62.187C tj@63.031C soc1@62.687C VDD_IN 6071mW/10223mW VDD_CPU_GPU_CV 1663mW/4072mW VDD_SOC 1507mW/2455mW
09-13-2026 13:41:21 RAM 5584/7620MB (lfb 157x1MB) SWAP 693/8192MB (cached 45MB) CPU [2%@1728,100%@1728,1%@1728,0%@1728,0%@729,0%@729] GR3D_FREQ 0% cpu@62.937C soc2@61.687C soc0@61.656C gpu@62.375C tj@62.937C soc1@62.5C VDD_IN 6031mW/10217mW VDD_CPU_GPU_CV 1663mW/4069mW VDD_SOC 1505mW/2454mW
09-13-2026 13:41:21 RAM 5584/7620MB (lfb 157x1MB) SWAP 693/8192MB (cached 45MB) CPU [0%@1728,100%@1728,0%@1728,0%@1728,0%@729,0%@729] GR3D_FREQ 0% cpu@63.125C soc2@61.718C soc0@61.625C gpu@62.093C tj@63.125C soc1@62.406C VDD_IN 6031mW/10212mW VDD_CPU_GPU_CV 1663mW/4066mW VDD_SOC 1507mW/2453mW
09-13-2026 13:41:22 RAM 5584/7620MB (lfb 157x1MB) SWAP 693/8192MB (cached 45MB) CPU [0%@1728,100%@1728,0%@1728,0%@1728,0%@729,0%@729] GR3D_FREQ 0% cpu@63.218C soc2@61.625C soc0@61.718C gpu@62.375C tj@63.218C soc1@62.406C VDD_IN 6031mW/10207mW VDD_CPU_GPU_CV 1703mW/4063mW VDD_SOC 1507mW/2452mW
09-13-2026 13:41:22 RAM 5584/7620MB (lfb 157x1MB) SWAP 693/8192MB (cached 45MB) CPU [1%@1728,100%@1728,0%@1728,0%@1728,0%@729,0%@729] GR3D_FREQ 0% cpu@63.031C soc2@61.625C soc0@61.625C gpu@62.218C tj@63.031C soc1@62.375C VDD_IN 6071mW/10202mW VDD_CPU_GPU_CV 1703mW/4060mW VDD_SOC 1507mW/2451mW
09-13-2026 13:41:23 RAM 5584/7620MB (lfb 157x1MB) SWAP 693/8192MB (cached 45MB) CPU [0%@1728,100%@1728,0%@1728,0%@1728,0%@729,0%@729] GR3D_FREQ 0% cpu@62.843C soc2@61.593C soc0@61.625C gpu@62.125C tj@62.843C soc1@62.468C VDD_IN 6071mW/10197mW VDD_CPU_GPU_CV 1703mW/4058mW VDD_SOC 1507mW/2449mW
09-13-2026 13:41:24 RAM 5584/7620MB (lfb 157x1MB) SWAP 693/8192MB (cached 45MB) CPU [1%@1728,100%@1728,0%@1728,1%@1728,1%@729,0%@729] GR3D_FREQ 0% cpu@63.125C soc2@61.562C soc0@61.531C gpu@62.125C tj@62.875C soc1@62.406C VDD_IN 6071mW/10191mW VDD_CPU_GPU_CV 1703mW/4055mW VDD_SOC 1505mW/2448mW
09-13-2026 13:41:24 RAM 5584/7620MB (lfb 157x1MB) SWAP 693/8192MB (cached 45MB) CPU [0%@1728,100%@1728,0%@1728,0%@1728,0%@729,0%@729] GR3D_FREQ 0% cpu@62.781C soc2@61.625C soc0@61.656C gpu@61.937C tj@62.781C soc1@62.312C VDD_IN 6071mW/10186mW VDD_CPU_GPU_CV 1663mW/4052mW VDD_SOC 1505mW/2447mW
09-13-2026 13:41:25 RAM 5584/7620MB (lfb 157x1MB) SWAP 693/8192MB (cached 45MB) CPU [0%@1728,100%@1728,1%@1728,0%@1728,0%@729,0%@729] GR3D_FREQ 0% cpu@62.968C soc2@61.437C soc0@61.593C gpu@62.375C tj@62.968C soc1@62.312C VDD_IN 6071mW/10181mW VDD_CPU_GPU_CV 1663mW/4049mW VDD_SOC 1507mW/2446mW
09-13-2026 13:41:25 RAM 5584/7620MB (lfb 157x1MB) SWAP 693/8192MB (cached 45MB) CPU [0%@1728,100%@1728,0%@1728,0%@1728,0%@729,0%@729] GR3D_FREQ 0% cpu@62.75C soc2@61.406C soc0@61.531C gpu@62.125C tj@62.75C soc1@62.312C VDD_IN 6031mW/10176mW VDD_CPU_GPU_CV 1663mW/4046mW VDD_SOC 1507mW/2445mW
09-13-2026 13:41:26 RAM 5585/7620MB (lfb 157x1MB) SWAP 693/8192MB (cached 45MB) CPU [0%@1728,100%@1728,0%@1728,0%@1728,1%@729,0%@729] GR3D_FREQ 0% cpu@62.75C soc2@61.468C soc0@61.437C gpu@62C tj@62.75C soc1@62.312C VDD_IN 5991mW/10171mW VDD_CPU_GPU_CV 1663mW/4043mW VDD_SOC 1468mW/2443mW
09-13-2026 13:41:26 RAM 5585/7620MB (lfb 157x1MB) SWAP 693/8192MB (cached 45MB) CPU [0%@1728,100%@1728,0%@1728,1%@1728,0%@729,0%@729] GR3D_FREQ 0% cpu@62.687C soc2@61.531C soc0@61.375C gpu@62.156C tj@62.687C soc1@62.25C VDD_IN 5991mW/10166mW VDD_CPU_GPU_CV 1663mW/4040mW VDD_SOC 1468mW/2442mW
09-13-2026 13:41:27 RAM 5585/7620MB (lfb 157x1MB) SWAP 693/8192MB (cached 45MB) CPU [0%@1728,100%@1728,0%@1728,0%@1728,0%@729,1%@729] GR3D_FREQ 0% cpu@62.906C soc2@61.437C soc0@61.5C gpu@62C tj@62.906C soc1@62.281C VDD_IN 5991mW/10161mW VDD_CPU_GPU_CV 1663mW/4037mW VDD_SOC 1468mW/2441mW
09-13-2026 13:41:27 RAM 5587/7620MB (lfb 157x1MB) SWAP 693/8192MB (cached 45MB) CPU [1%@1728,100%@1728,0%@1728,2%@1728,0%@729,0%@729] GR3D_FREQ 0% cpu@62.937C soc2@61.375C soc0@61.437C gpu@61.875C tj@62.937C soc1@62.156C VDD_IN 6031mW/10155mW VDD_CPU_GPU_CV 1703mW/4034mW VDD_SOC 1468mW/2440mW
09-13-2026 13:41:28 RAM 5590/7620MB (lfb 153x1MB) SWAP 693/8192MB (cached 45MB) CPU [10%@1728,100%@1728,7%@1728,8%@1728,4%@729,2%@729] GR3D_FREQ 0% cpu@62.968C soc2@61.406C soc0@61.406C gpu@62.312C tj@62.968C soc1@62.281C VDD_IN 6150mW/10151mW VDD_CPU_GPU_CV 1782mW/4031mW VDD_SOC 1507mW/2439mW
09-13-2026 13:41:28 RAM 5588/7620MB (lfb 154x1MB) SWAP 693/8192MB (cached 45MB) CPU [17%@1728,100%@1728,16%@1728,14%@1728,4%@729,12%@729] GR3D_FREQ 0% cpu@62.75C soc2@61.531C soc0@61.437C gpu@61.875C tj@62.75C soc1@62.312C VDD_IN 6309mW/10146mW VDD_CPU_GPU_CV 1901mW/4029mW VDD_SOC 1505mW/2438mW
09-13-2026 13:41:29 RAM 5595/7620MB (lfb 164x1MB) SWAP 693/8192MB (cached 45MB) CPU [6%@1728,100%@1728,4%@1728,6%@1728,14%@729,2%@729] GR3D_FREQ 0% cpu@62.906C soc2@61.437C soc0@61.343C gpu@62.218C tj@62.906C soc1@62.187C VDD_IN 6229mW/10141mW VDD_CPU_GPU_CV 1822mW/4026mW VDD_SOC 1505mW/2436mW
09-13-2026 13:41:29 RAM 5624/7620MB (lfb 153x1MB) SWAP 693/8192MB (cached 45MB) CPU [3%@1728,92%@1728,0%@1728,0%@1728,0%@729,10%@729] GR3D_FREQ 40% cpu@62.875C soc2@61.312C soc0@61.437C gpu@62.093C tj@62.875C soc1@62.093C VDD_IN 6150mW/10136mW VDD_CPU_GPU_CV 1663mW/4023mW VDD_SOC 1545mW/2435mW
09-13-2026 13:41:30 RAM 5648/7620MB (lfb 153x1MB) SWAP 693/8192MB (cached 45MB) CPU [4%@1728,89%@1728,0%@1728,0%@1728,2%@883,14%@883] GR3D_FREQ 37% cpu@62.812C soc2@61.5C soc0@61.343C gpu@62.5C tj@62.812C soc1@62.093C VDD_IN 8464mW/10134mW VDD_CPU_GPU_CV 2996mW/4022mW VDD_SOC 1855mW/2435mW
09-13-2026 13:41:30 RAM 5678/7620MB (lfb 153x1MB) SWAP 693/8192MB (cached 45MB) CPU [2%@1728,94%@1728,0%@1728,0%@1728,1%@729,0%@729] GR3D_FREQ 10% cpu@62.906C soc2@61.531C soc0@61.406C gpu@62.875C tj@62.906C soc1@62.218C VDD_IN 9556mW/10133mW VDD_CPU_GPU_CV 3699mW/4021mW VDD_SOC 2010mW/2434mW
09-13-2026 13:41:31 RAM 5711/7620MB (lfb 166x1MB) SWAP 693/8192MB (cached 45MB) CPU [3%@1728,96%@1728,0%@1728,0%@1728,29%@729,0%@729] GR3D_FREQ 99% cpu@63.187C soc2@61.656C soc0@61.406C gpu@62.937C tj@63.187C soc1@62.218C VDD_IN 10053mW/10133mW VDD_CPU_GPU_CV 4008mW/4021mW VDD_SOC 2089mW/2434mW
09-13-2026 13:41:31 RAM 5799/7620MB (lfb 156x1MB) SWAP 693/8192MB (cached 45MB) CPU [3%@1728,44%@1728,2%@1728,1%@1728,27%@1728,43%@1728] GR3D_FREQ 4% cpu@63.218C soc2@61.656C soc0@61.562C gpu@62.531C tj@63.218C soc1@62.156C VDD_IN 10013mW/10133mW VDD_CPU_GPU_CV 4047mW/4021mW VDD_SOC 2089mW/2433mW
09-13-2026 13:41:32 RAM 5854/7620MB (lfb 156x1MB) SWAP 693/8192MB (cached 45MB) CPU [84%@1728,0%@1728,1%@1728,0%@1728,17%@729,12%@729] GR3D_FREQ 0% cpu@63C soc2@61.625C soc0@61.625C gpu@62.187C tj@63C soc1@62.125C VDD_IN 7328mW/10130mW VDD_CPU_GPU_CV 2250mW/4019mW VDD_SOC 1740mW/2432mW
09-13-2026 13:41:32 RAM 5860/7620MB (lfb 160x1MB) SWAP 693/8192MB (cached 45MB) CPU [100%@1728,0%@1728,0%@1728,1%@1728,8%@729,0%@729] GR3D_FREQ 0% cpu@62.593C soc2@61.343C soc0@61.437C gpu@61.906C tj@62.687C soc1@62.093C VDD_IN 6229mW/10125mW VDD_CPU_GPU_CV 1545mW/4016mW VDD_SOC 1624mW/2431mW
09-13-2026 13:41:33 RAM 6394/7620MB (lfb 1x64kB) SWAP 693/8192MB (cached 45MB) CPU [100%@1728,0%@1728,0%@1728,1%@1728,0%@729,1%@729] GR3D_FREQ 0% cpu@62.718C soc2@61.437C soc0@61.281C gpu@62.187C tj@62.718C soc1@62.187C VDD_IN 6110mW/10120mW VDD_CPU_GPU_CV 1426mW/4013mW VDD_SOC 1584mW/2430mW
09-13-2026 13:41:33 RAM 6394/7620MB (lfb 1x64kB) SWAP 693/8192MB (cached 45MB) CPU [100%@1728,1%@1728,0%@1728,0%@1728,0%@729,0%@729] GR3D_FREQ 0% cpu@62.468C soc2@61.375C soc0@61.312C gpu@62.062C tj@62.468C soc1@62.125C VDD_IN 5952mW/10115mW VDD_CPU_GPU_CV 1307mW/4010mW VDD_SOC 1587mW/2429mW
09-13-2026 13:41:34 RAM 6433/7620MB (lfb 14801x32kB) SWAP 693/8192MB (cached 45MB) CPU [96%@1728,0%@1728,0%@1728,1%@1728,0%@729,0%@729] GR3D_FREQ 50% cpu@62.812C soc2@61.375C soc0@61.437C gpu@62.281C tj@62.812C soc1@62.031C VDD_IN 6417mW/10110mW VDD_CPU_GPU_CV 1661mW/4007mW VDD_SOC 1624mW/2428mW
09-13-2026 13:41:34 RAM 6440/7620MB (lfb 1x512kB) SWAP 693/8192MB (cached 45MB) CPU [100%@1728,0%@1728,0%@1728,0%@1728,1%@729,0%@729] GR3D_FREQ 0% cpu@62.781C soc2@61.25C soc0@61.437C gpu@61.968C tj@62.781C soc1@62C VDD_IN 6190mW/10106mW VDD_CPU_GPU_CV 1465mW/4004mW VDD_SOC 1624mW/2427mW
09-13-2026 13:41:35 RAM 6440/7620MB (lfb 1x512kB) SWAP 693/8192MB (cached 45MB) CPU [100%@1728,0%@1728,0%@1728,0%@1728,0%@729,0%@729] GR3D_FREQ 0% cpu@62.406C soc2@61.25C soc0@61.25C gpu@61.781C tj@62.406C soc1@62.156C VDD_IN 5872mW/10101mW VDD_CPU_GPU_CV 1307mW/4000mW VDD_SOC 1547mW/2426mW
09-13-2026 13:41:35 RAM 6442/7620MB (lfb 14791x32kB) SWAP 693/8192MB (cached 45MB) CPU [100%@1728,1%@1728,0%@1728,0%@1728,0%@729,1%@729] GR3D_FREQ 0% cpu@62.5C soc2@61.312C soc0@61.156C gpu@61.718C tj@62.5C soc1@62.093C VDD_IN 6110mW/10096mW VDD_CPU_GPU_CV 1386mW/3997mW VDD_SOC 1624mW/2425mW
09-13-2026 13:41:36 RAM 6442/7620MB (lfb 14784x32kB) SWAP 693/8192MB (cached 45MB) CPU [100%@1728,1%@1728,2%@1728,0%@1728,0%@729,1%@729] GR3D_FREQ 0% cpu@62.5C soc2@61.187C soc0@61.375C gpu@61.718C tj@62.5C soc1@62.031C VDD_IN 5872mW/10091mW VDD_CPU_GPU_CV 1267mW/3994mW VDD_SOC 1587mW/2424mW
09-13-2026 13:41:36 RAM 6611/7620MB (lfb 14805x32kB) SWAP 693/8192MB (cached 45MB) CPU [33%@1728,64%@1728,5%@1728,5%@1728,6%@729,4%@729] GR3D_FREQ 0% cpu@62.656C soc2@61.187C soc0@61.312C gpu@61.625C tj@62.656C soc1@61.968C VDD_IN 6031mW/10086mW VDD_CPU_GPU_CV 1505mW/3991mW VDD_SOC 1547mW/2423mW
09-13-2026 13:41:37 RAM 7074/7620MB (lfb 3x128kB) SWAP 695/8192MB (cached 46MB) CPU [1%@729,76%@729,1%@729,0%@729,8%@1574,15%@1574] GR3D_FREQ 99% cpu@62.656C soc2@61.468C soc0@61.281C gpu@64.562C tj@64.562C soc1@61.968C VDD_IN 11847mW/10088mW VDD_CPU_GPU_CV 5953mW/3993mW VDD_SOC 2043mW/2423mW
09-13-2026 13:41:37 RAM 7074/7620MB (lfb 3x128kB) SWAP 697/8192MB (cached 46MB) CPU [0%@1728,0%@1728,0%@1728,1%@1728,0%@729,8%@729] GR3D_FREQ 99% cpu@63.25C soc2@62.062C soc0@61.593C gpu@65.375C tj@65.375C soc1@62.187C VDD_IN 18366mW/10098mW VDD_CPU_GPU_CV 10437mW/4001mW VDD_SOC 3074mW/2424mW
09-13-2026 13:41:38 RAM 7079/7620MB (lfb 4x128kB) SWAP 697/8192MB (cached 46MB) CPU [1%@1728,0%@1728,0%@1728,0%@1728,12%@729,0%@729] GR3D_FREQ 99% cpu@63.562C soc2@62.593C soc0@61.906C gpu@66.187C tj@66.187C soc1@62.218C VDD_IN 20827mW/10111mW VDD_CPU_GPU_CV 11769mW/4011mW VDD_SOC 3872mW/2425mW
09-13-2026 13:41:38 RAM 7079/7620MB (lfb 3x128kB) SWAP 697/8192MB (cached 46MB) CPU [0%@729,17%@729,1%@729,1%@729,0%@729,0%@729] GR3D_FREQ 99% cpu@64.25C soc2@62.968C soc0@62.125C gpu@66.375C tj@66.375C soc1@62.406C VDD_IN 21992mW/10125mW VDD_CPU_GPU_CV 12019mW/4020mW VDD_SOC 4445mW/2428mW
09-13-2026 13:41:39 RAM 7080/7620MB (lfb 3x128kB) SWAP 697/8192MB (cached 46MB) CPU [46%@1728,0%@1728,0%@1728,1%@1728,0%@729,0%@729] GR3D_FREQ 99% cpu@64.312C soc2@63.25C soc0@62.437C gpu@66.656C tj@66.656C soc1@62.593C VDD_IN 21721mW/10139mW VDD_CPU_GPU_CV 11750mW/4029mW VDD_SOC 4484mW/2430mW
09-13-2026 13:41:39 RAM 7077/7620MB (lfb 2x128kB) SWAP 696/8192MB (cached 46MB) CPU [98%@1728,0%@1728,0%@1728,0%@1728,1%@729,0%@729] GR3D_FREQ 87% cpu@64.781C soc2@63.375C soc0@62.5C gpu@65.75C tj@65.75C soc1@62.75C VDD_IN 20555mW/10151mW VDD_CPU_GPU_CV 9323mW/4036mW VDD_SOC 5072mW/2433mW
09-13-2026 13:41:40 RAM 7078/7620MB (lfb 2x128kB) SWAP 696/8192MB (cached 46MB) CPU [100%@1728,1%@1728,0%@1728,0%@1728,1%@729,0%@729] GR3D_FREQ 99% cpu@64.718C soc2@63.437C soc0@62.593C gpu@65.718C tj@65.875C soc1@63.062C VDD_IN 20206mW/10163mW VDD_CPU_GPU_CV 8451mW/4041mW VDD_SOC 5343mW/2437mW
09-13-2026 13:41:40 RAM 7078/7620MB (lfb 2x128kB) SWAP 696/8192MB (cached 46MB) CPU [100%@1728,0%@1728,0%@1728,0%@1728,0%@729,0%@729] GR3D_FREQ 87% cpu@64.812C soc2@63.593C soc0@62.593C gpu@65.968C tj@65.968C soc1@63C VDD_IN 20167mW/10175mW VDD_CPU_GPU_CV 8220mW/4046mW VDD_SOC 5420mW/2440mW
09-13-2026 13:41:41 RAM 7094/7620MB (lfb 1x512kB) SWAP 696/8192MB (cached 46MB) CPU [70%@1728,3%@1728,5%@1728,29%@1728,6%@1420,24%@1420] GR3D_FREQ 0% cpu@64.843C soc2@63.281C soc0@62.75C gpu@64.562C tj@64.843C soc1@63.093C VDD_IN 16123mW/10182mW VDD_CPU_GPU_CV 6293mW/4049mW VDD_SOC 4443mW/2443mW
09-13-2026 13:41:41 RAM 7087/7620MB (lfb 4x1MB) SWAP 705/8192MB (cached 45MB) CPU [0%@1728,0%@1728,1%@1728,100%@1728,31%@729,38%@729] GR3D_FREQ 99% cpu@64.781C soc2@63.187C soc0@62.843C gpu@66.031C tj@66.031C soc1@63C VDD_IN 15367mW/10189mW VDD_CPU_GPU_CV 7004mW/4052mW VDD_SOC 3708mW/2444mW
09-13-2026 13:41:42 RAM 7093/7620MB (lfb 2x4MB) SWAP 705/8192MB (cached 45MB) CPU [2%@1728,0%@1728,4%@1728,100%@1728,22%@1497,0%@1497] GR3D_FREQ 99% cpu@65.406C soc2@63.593C soc0@62.937C gpu@67.218C tj@67.218C soc1@63.125C VDD_IN 20633mW/10201mW VDD_CPU_GPU_CV 11346mW/4061mW VDD_SOC 4104mW/2446mW
09-13-2026 13:41:42 RAM 7093/7620MB (lfb 2x4MB) SWAP 704/8192MB (cached 45MB) CPU [2%@1728,0%@1728,8%@1728,100%@1728,4%@729,0%@729] GR3D_FREQ 99% cpu@65.343C soc2@63.875C soc0@63C gpu@67.656C tj@67.656C soc1@63.281C VDD_IN 21838mW/10215mW VDD_CPU_GPU_CV 12441mW/4071mW VDD_SOC 4136mW/2448mW
09-13-2026 13:41:43 RAM 7095/7620MB (lfb 2x4MB) SWAP 704/8192MB (cached 45MB) CPU [1%@1728,0%@1728,0%@1728,100%@1728,3%@729,0%@729] GR3D_FREQ 99% cpu@65.406C soc2@64.062C soc0@63.093C gpu@67.531C tj@67.531C soc1@63.375C VDD_IN 21760mW/10229mW VDD_CPU_GPU_CV 11942mW/4080mW VDD_SOC 4368mW/2451mW
09-13-2026 13:41:43 RAM 7095/7620MB (lfb 2x4MB) SWAP 704/8192MB (cached 45MB) CPU [2%@1728,0%@1728,2%@1728,100%@1728,0%@729,1%@729] GR3D_FREQ 99% cpu@65.812C soc2@64.125C soc0@63.531C gpu@67.562C tj@67.562C soc1@63.437C VDD_IN 21412mW/10242mW VDD_CPU_GPU_CV 11596mW/4089mW VDD_SOC 4406mW/2453mW
09-13-2026 13:41:44 RAM 7095/7620MB (lfb 2x4MB) SWAP 704/8192MB (cached 45MB) CPU [0%@1728,0%@1728,0%@1728,100%@1728,0%@729,0%@729] GR3D_FREQ 87% cpu@65.968C soc2@64.281C soc0@63.531C gpu@66.875C tj@66.875C soc1@63.531C VDD_IN 20749mW/10254mW VDD_CPU_GPU_CV 9808mW/4096mW VDD_SOC 4956mW/2456mW
09-13-2026 13:41:44 RAM 7095/7620MB (lfb 2x4MB) SWAP 704/8192MB (cached 45MB) CPU [0%@1728,0%@1728,0%@1728,100%@1728,0%@729,0%@729] GR3D_FREQ 87% cpu@65.968C soc2@64.375C soc0@63.562C gpu@67.156C tj@66.937C soc1@63.875C VDD_IN 20284mW/10266mW VDD_CPU_GPU_CV 8630mW/4101mW VDD_SOC 5304mW/2459mW
09-13-2026 13:41:45 RAM 7095/7620MB (lfb 2x4MB) SWAP 704/8192MB (cached 45MB) CPU [0%@1728,0%@1728,0%@1728,100%@1728,0%@729,0%@729] GR3D_FREQ 99% cpu@66.093C soc2@64.437C soc0@63.562C gpu@66.843C tj@66.843C soc1@63.812C VDD_IN 20128mW/10278mW VDD_CPU_GPU_CV 8258mW/4106mW VDD_SOC 5420mW/2463mW
09-13-2026 13:41:45 RAM 7096/7620MB (lfb 2x4MB) SWAP 704/8192MB (cached 45MB) CPU [5%@1728,9%@1728,3%@1728,90%@1728,3%@729,7%@729] GR3D_FREQ 0% cpu@66.156C soc2@64.312C soc0@63.843C gpu@66.375C tj@66.375C soc1@63.875C VDD_IN 18483mW/10288mW VDD_CPU_GPU_CV 7395mW/4110mW VDD_SOC 5011mW/2466mW
09-13-2026 13:41:46 RAM 7089/7620MB (lfb 14x1MB) SWAP 704/8192MB (cached 45MB) CPU [1%@1728,100%@1728,0%@1728,0%@1728,0%@729,6%@729] GR3D_FREQ 99% cpu@65.437C soc2@64.093C soc0@63.75C gpu@67.281C tj@67.281C soc1@63.906C VDD_IN 15328mW/10294mW VDD_CPU_GPU_CV 6848mW/4113mW VDD_SOC 3786mW/2467mW
09-13-2026 13:41:46 RAM 7095/7620MB (lfb 4x2MB) SWAP 704/8192MB (cached 45MB) CPU [0%@1728,100%@1728,1%@1728,0%@1728,16%@729,0%@729] GR3D_FREQ 99% cpu@65.968C soc2@64.593C soc0@63.843C gpu@68.093C tj@68.375C soc1@63.937C VDD_IN 20555mW/10306mW VDD_CPU_GPU_CV 11231mW/4122mW VDD_SOC 4104mW/2469mW
09-13-2026 13:41:47 RAM 7098/7620MB (lfb 4x2MB) SWAP 703/8192MB (cached 45MB) CPU [0%@1728,100%@1728,0%@1728,1%@1728,0%@729,2%@729] GR3D_FREQ 99% cpu@66.187C soc2@64.781C soc0@64.031C gpu@68.406C tj@68.406C soc1@64.093C VDD_IN 21840mW/10319mW VDD_CPU_GPU_CV 12344mW/4131mW VDD_SOC 4174mW/2471mW
09-13-2026 13:41:47 RAM 7098/7620MB (lfb 4x2MB) SWAP 703/8192MB (cached 45MB) CPU [1%@1728,100%@1728,1%@1728,0%@1728,1%@729,0%@729] GR3D_FREQ 99% cpu@66.406C soc2@65.031C soc0@64.156C gpu@68.437C tj@68.437C soc1@64.156C VDD_IN 21799mW/10333mW VDD_CPU_GPU_CV 11980mW/4141mW VDD_SOC 4368mW/2474mW
09-13-2026 13:41:48 RAM 7098/7620MB (lfb 4x2MB) SWAP 703/8192MB (cached 45MB) CPU [1%@1728,100%@1728,0%@1728,0%@1728,0%@729,0%@729] GR3D_FREQ 99% cpu@66.406C soc2@65.062C soc0@64.312C gpu@68.468C tj@68.468C soc1@64.281C VDD_IN 21412mW/10346mW VDD_CPU_GPU_CV 11558mW/4149mW VDD_SOC 4406mW/2476mW
09-13-2026 13:41:48 RAM 7098/7620MB (lfb 4x2MB) SWAP 703/8192MB (cached 45MB) CPU [0%@1728,100%@1728,0%@1728,0%@1728,0%@729,0%@729] GR3D_FREQ 87% cpu@66.718C soc2@65.25C soc0@64.5C gpu@68.062C tj@68.062C soc1@64.343C VDD_IN 20827mW/10358mW VDD_CPU_GPU_CV 9885mW/4156mW VDD_SOC 4947mW/2479mW
09-13-2026 13:41:49 RAM 7099/7620MB (lfb 4x2MB) SWAP 703/8192MB (cached 45MB) CPU [5%@1728,100%@1728,0%@1728,3%@1728,1%@729,1%@729] GR3D_FREQ 87% cpu@66.656C soc2@65.218C soc0@64.562C gpu@67.812C tj@67.812C soc1@64.75C VDD_IN 20400mW/10370mW VDD_CPU_GPU_CV 8668mW/4161mW VDD_SOC 5304mW/2482mW
09-13-2026 13:41:49 RAM 7289/7620MB (lfb 2x2MB) SWAP 705/8192MB (cached 44MB) CPU [4%@1728,97%@1728,13%@1728,6%@1728,4%@729,14%@729] GR3D_FREQ 0% cpu@66.281C soc2@64.843C soc0@64.468C gpu@66.25C tj@66.281C soc1@64.687C VDD_IN 13260mW/10373mW VDD_CPU_GPU_CV 4958mW/4162mW VDD_SOC 3720mW/2484mW
09-13-2026 13:41:50 RAM 7300/7620MB (lfb 1x2MB) SWAP 887/8192MB (cached 99MB) CPU [6%@1728,96%@1728,0%@1728,0%@1728,17%@1420,62%@1420] GR3D_FREQ 0% cpu@66.125C soc2@64.562C soc0@64.25C gpu@65.812C tj@66.125C soc1@64.718C VDD_IN 11060mW/10374mW VDD_CPU_GPU_CV 4040mW/4162mW VDD_SOC 3104mW/2484mW
09-13-2026 13:41:50 RAM 7273/7620MB (lfb 1x2MB) SWAP 1018/8192MB (cached 179MB) CPU [2%@1728,98%@1728,0%@1728,1%@1728,40%@729,0%@729] GR3D_FREQ 99% cpu@66.375C soc2@65.031C soc0@64.437C gpu@68.406C tj@68.406C soc1@64.656C VDD_IN 18327mW/10383mW VDD_CPU_GPU_CV 9664mW/4169mW VDD_SOC 3845mW/2486mW
09-13-2026 13:41:51 RAM 7277/7620MB (lfb 10x2MB) SWAP 1018/8192MB (cached 180MB) CPU [2%@1728,100%@1728,2%@1728,1%@1728,0%@729,38%@729] GR3D_FREQ 99% cpu@66.718C soc2@65.406C soc0@64.687C gpu@69.031C tj@69.031C soc1@64.687C VDD_IN 21799mW/10397mW VDD_CPU_GPU_CV 12288mW/4178mW VDD_SOC 4174mW/2488mW
09-13-2026 13:41:51 RAM 7277/7620MB (lfb 10x2MB) SWAP 1018/8192MB (cached 180MB) CPU [3%@1728,100%@1728,0%@1728,0%@1728,0%@729,0%@729] GR3D_FREQ 99% cpu@66.906C soc2@65.687C soc0@64.843C gpu@69.25C tj@69.25C soc1@65C VDD_IN 22265mW/10411mW VDD_CPU_GPU_CV 12689mW/4188mW VDD_SOC 4206mW/2490mW
09-13-2026 13:41:52 RAM 7277/7620MB (lfb 10x2MB) SWAP 1018/8192MB (cached 180MB) CPU [0%@1728,100%@1728,0%@1728,1%@1728,0%@729,0%@729] GR3D_FREQ 99% cpu@67.093C soc2@65.781C soc0@65.062C gpu@69.156C tj@69.156C soc1@65.031C VDD_IN 21995mW/10424mW VDD_CPU_GPU_CV 12114mW/4197mW VDD_SOC 4360mW/2492mW
09-13-2026 13:41:52 RAM 7277/7620MB (lfb 10x2MB) SWAP 1018/8192MB (cached 180MB) CPU [1%@1728,100%@1728,0%@1728,1%@1728,0%@729,1%@729] GR3D_FREQ 93% cpu@67.531C soc2@65.906C soc0@65.156C gpu@69.156C tj@69.156C soc1@65.093C VDD_IN 21296mW/10437mW VDD_CPU_GPU_CV 11404mW/4206mW VDD_SOC 4406mW/2494mW
09-13-2026 13:41:53 RAM 7277/7620MB (lfb 10x2MB) SWAP 1018/8192MB (cached 180MB) CPU [0%@1728,100%@1728,1%@1728,0%@1728,0%@729,0%@729] GR3D_FREQ 99% cpu@67.406C soc2@66C soc0@65.312C gpu@69.562C tj@69.562C soc1@65.187C VDD_IN 21489mW/10450mW VDD_CPU_GPU_CV 11712mW/4214mW VDD_SOC 4368mW/2496mW
09-13-2026 13:41:53 RAM 7278/7620MB (lfb 10x2MB) SWAP 1018/8192MB (cached 180MB) CPU [0%@1728,100%@1728,0%@1728,0%@1728,0%@729,0%@729] GR3D_FREQ 87% cpu@67.5C soc2@66.125C soc0@65.312C gpu@68.812C tj@68.812C soc1@65.312C VDD_IN 20827mW/10462mW VDD_CPU_GPU_CV 9846mW/4221mW VDD_SOC 4947mW/2499mW
09-13-2026 13:41:54 RAM 7278/7620MB (lfb 10x2MB) SWAP 1018/8192MB (cached 180MB) CPU [2%@1728,100%@1728,0%@1728,0%@1728,0%@729,0%@729] GR3D_FREQ 87% cpu@67.687C soc2@66.156C soc0@65.5C gpu@68.875C tj@68.875C soc1@65.343C VDD_IN 20439mW/10473mW VDD_CPU_GPU_CV 8707mW/4226mW VDD_SOC 5343mW/2503mW
09-13-2026 13:41:54 RAM 7318/7620MB (lfb 4x2MB) SWAP 1018/8192MB (cached 180MB) CPU [25%@1728,55%@1728,22%@1728,50%@1728,35%@729,24%@729] GR3D_FREQ 0% cpu@67.812C soc2@65.781C soc0@65.531C gpu@67C tj@67.812C soc1@65.406C VDD_IN 14022mW/10477mW VDD_CPU_GPU_CV 5456mW/4228mW VDD_SOC 3871mW/2504mW
09-13-2026 13:41:55 RAM 7179/7620MB (lfb 14x2MB) SWAP 1193/8192MB (cached 131MB) CPU [2%@1728,0%@1728,1%@1728,97%@1728,2%@1728,56%@1728] GR3D_FREQ 0% cpu@67.156C soc2@65.375C soc0@65.281C gpu@66.312C tj@67.156C soc1@65.375C VDD_IN 9856mW/10477mW VDD_CPU_GPU_CV 3143mW/4226mW VDD_SOC 2991mW/2505mW
09-13-2026 13:41:55 RAM 7347/7620MB (lfb 1x1MB) SWAP 1389/8192MB (cached 142MB) CPU [17%@1728,0%@1728,3%@1728,92%@1728,33%@1036,54%@1036] GR3D_FREQ 99% cpu@67.125C soc2@65.343C soc0@65.156C gpu@67.218C tj@67.375C soc1@65.593C VDD_IN 10863mW/10477mW VDD_CPU_GPU_CV 4001mW/4226mW VDD_SOC 3025mW/2505mW
09-13-2026 13:41:56 RAM 7352/7620MB (lfb 3x512kB) SWAP 1389/8192MB (cached 142MB) CPU [15%@1728,16%@1728,17%@1728,100%@1728,10%@729,19%@729] GR3D_FREQ 99% cpu@67.687C soc2@65.968C soc0@65.25C gpu@69.156C tj@69.156C soc1@65.562C VDD_IN 19268mW/10487mW VDD_CPU_GPU_CV 10535mW/4233mW VDD_SOC 3878mW/2507mW
09-13-2026 13:41:56 RAM 7353/7620MB (lfb 1x4MB) SWAP 1389/8192MB (cached 142MB) CPU [0%@1728,3%@1728,6%@1728,100%@1728,34%@806,8%@806] GR3D_FREQ 99% cpu@67.906C soc2@66.187C soc0@65.562C gpu@70.125C tj@70.125C soc1@65.625C VDD_IN 21917mW/10500mW VDD_CPU_GPU_CV 12535mW/4243mW VDD_SOC 4167mW/2509mW
09-13-2026 13:41:57 RAM 7353/7620MB (lfb 1x4MB) SWAP 1389/8192MB (cached 142MB) CPU [0%@1728,0%@1728,0%@1728,100%@1728,0%@1728,0%@1728] GR3D_FREQ 99% cpu@68.156C soc2@66.468C soc0@65.843C gpu@70.25C tj@70.25C soc1@65.625C VDD_IN 22575mW/10514mW VDD_CPU_GPU_CV 13012mW/4253mW VDD_SOC 4206mW/2511mW
09-13-2026 13:41:57 RAM 7355/7620MB (lfb 1x4MB) SWAP 1389/8192MB (cached 142MB) CPU [1%@1728,0%@1728,0%@1728,100%@1728,1%@729,0%@729] GR3D_FREQ 99% cpu@68.406C soc2@66.625C soc0@65.968C gpu@70.531C tj@70.531C soc1@65.968C VDD_IN 22497mW/10528mW VDD_CPU_GPU_CV 12957mW/4263mW VDD_SOC 4206mW/2513mW
09-13-2026 13:41:58 RAM 7355/7620MB (lfb 1x4MB) SWAP 1389/8192MB (cached 142MB) CPU [0%@1728,0%@1728,3%@1728,100%@1728,0%@729,0%@729] GR3D_FREQ 99% cpu@68.375C soc2@66.75C soc0@66.125C gpu@70.312C tj@70.312C soc1@66.062C VDD_IN 22381mW/10542mW VDD_CPU_GPU_CV 12497mW/4272mW VDD_SOC 4360mW/2515mW
09-13-2026 13:41:58 RAM 7355/7620MB (lfb 1x4MB) SWAP 1389/8192MB (cached 142MB) CPU [0%@1728,0%@1728,0%@1728,100%@1728,1%@729,0%@729] GR3D_FREQ 99% cpu@68.5C soc2@66.875C soc0@66.312C gpu@70.625C tj@70.406C soc1@66.031C VDD_IN 21760mW/10554mW VDD_CPU_GPU_CV 11845mW/4281mW VDD_SOC 4438mW/2517mW
09-13-2026 13:41:59 RAM 7356/7620MB (lfb 1x4MB) SWAP 1389/8192MB (cached 142MB) CPU [3%@1728,0%@1728,0%@1728,100%@1728,0%@729,0%@729] GR3D_FREQ 99% cpu@68.812C soc2@66.968C soc0@66.406C gpu@70.5C tj@70.5C soc1@66.093C VDD_IN 21567mW/10567mW VDD_CPU_GPU_CV 11750mW/4290mW VDD_SOC 4399mW/2519mW
09-13-2026 13:41:59 RAM 7354/7620MB (lfb 1x4MB) SWAP 1389/8192MB (cached 142MB) CPU [0%@1728,0%@1728,1%@1728,100%@1728,0%@729,0%@729] GR3D_FREQ 99% cpu@68.937C soc2@66.968C soc0@66.468C gpu@70.843C tj@70.843C soc1@66.187C VDD_IN 21412mW/10579mW VDD_CPU_GPU_CV 11673mW/4298mW VDD_SOC 4368mW/2521mW
09-13-2026 13:42:00 RAM 7354/7620MB (lfb 1x4MB) SWAP 1389/8192MB (cached 142MB) CPU [0%@1728,0%@1728,0%@1728,100%@1728,0%@729,0%@729] GR3D_FREQ 99% cpu@68.75C soc2@67.187C soc0@66.531C gpu@70.843C tj@70.843C soc1@66.375C VDD_IN 21489mW/10592mW VDD_CPU_GPU_CV 11635mW/4306mW VDD_SOC 4406mW/2523mW
09-13-2026 13:42:00 RAM 7357/7620MB (lfb 1x4MB) SWAP 1389/8192MB (cached 142MB) CPU [2%@1728,0%@1728,4%@1728,100%@1728,2%@729,0%@729] GR3D_FREQ 86% cpu@69.125C soc2@67.437C soc0@66.593C gpu@70.031C tj@70.031C soc1@66.437C VDD_IN 21063mW/10604mW VDD_CPU_GPU_CV 10346mW/4313mW VDD_SOC 4870mW/2526mW
09-13-2026 13:42:01 RAM 7357/7620MB (lfb 1x4MB) SWAP 1389/8192MB (cached 142MB) CPU [0%@1728,0%@1728,1%@1728,100%@1728,0%@729,0%@729] GR3D_FREQ 93% cpu@69.25C soc2@67.312C soc0@66.875C gpu@70.125C tj@70.125C soc1@66.531C VDD_IN 20715mW/10615mW VDD_CPU_GPU_CV 8977mW/4319mW VDD_SOC 5334mW/2529mW
09-13-2026 13:42:01 RAM 7356/7620MB (lfb 1x4MB) SWAP 1389/8192MB (cached 142MB) CPU [0%@1728,0%@1728,0%@1728,100%@1728,0%@729,0%@729] GR3D_FREQ 99% cpu@69.375C soc2@67.406C soc0@66.812C gpu@70.125C tj@70.125C soc1@66.5C VDD_IN 20560mW/10627mW VDD_CPU_GPU_CV 8553mW/4324mW VDD_SOC 5489mW/2533mW
09-13-2026 13:42:02 RAM 7356/7620MB (lfb 9x1MB) SWAP 1389/8192MB (cached 143MB) CPU [21%@1728,19%@1728,17%@1728,60%@1728,48%@1728,18%@1728] GR3D_FREQ 0% cpu@68.781C soc2@66.968C soc0@66.75C gpu@68.343C tj@68.781C soc1@66.812C VDD_IN 14742mW/10631mW VDD_CPU_GPU_CV 5690mW/4325mW VDD_SOC 4099mW/2534mW
09-13-2026 13:42:02 RAM 7448/7620MB (lfb 6x1MB) SWAP 1527/8192MB (cached 141MB) CPU [4%@1574,13%@1574,1%@1574,0%@1574,66%@1420,48%@1420] GR3D_FREQ 0% cpu@68.093C soc2@66.656C soc0@66.656C gpu@67.906C tj@68.093C soc1@66.75C VDD_IN 9540mW/10630mW VDD_CPU_GPU_CV 2873mW/4323mW VDD_SOC 2991mW/2535mW
09-13-2026 13:42:03 RAM 7095/7620MB (lfb 11x1MB) SWAP 1723/8192MB (cached 141MB) CPU [18%@1728,74%@1728,5%@1728,0%@1728,18%@1728,41%@1728] GR3D_FREQ 0% cpu@68.125C soc2@66.437C soc0@66.468C gpu@67.343C tj@67.843C soc1@66.687C VDD_IN 8213mW/10627mW VDD_CPU_GPU_CV 2128mW/4321mW VDD_SOC 2724mW/2535mW
09-13-2026 13:42:03 RAM 6976/7620MB (lfb 2x4MB) SWAP 1723/8192MB (cached 141MB) CPU [0%@1728,0%@1728,0%@1728,3%@1728,1%@1728,90%@1728] GR3D_FREQ 99% cpu@68.406C soc2@66.781C soc0@66.593C gpu@70.5C tj@70.5C soc1@66.531C VDD_IN 16045mW/10634mW VDD_CPU_GPU_CV 8158mW/4325mW VDD_SOC 3507mW/2536mW
09-13-2026 13:42:04 RAM 6976/7620MB (lfb 2x4MB) SWAP 1722/8192MB (cached 141MB) CPU [1%@1728,1%@1728,1%@1728,0%@1728,0%@1728,100%@1728] GR3D_FREQ 99% cpu@68.843C soc2@67.218C soc0@66.781C gpu@71.312C tj@71.312C soc1@66.593C VDD_IN 20792mW/10645mW VDD_CPU_GPU_CV 11616mW/4334mW VDD_SOC 4058mW/2538mW
09-13-2026 13:42:04 RAM 6976/7620MB (lfb 2x4MB) SWAP 1722/8192MB (cached 141MB) CPU [0%@729,0%@729,0%@729,1%@729,0%@1728,100%@1728] GR3D_FREQ 99% cpu@69.125C soc2@67.468C soc0@66.968C gpu@71.375C tj@71.375C soc1@66.843C VDD_IN 22420mW/10658mW VDD_CPU_GPU_CV 12727mW/4343mW VDD_SOC 4283mW/2540mW
09-13-2026 13:42:05 RAM 6976/7620MB (lfb 2x4MB) SWAP 1722/8192MB (cached 141MB) CPU [0%@1728,0%@1728,0%@1728,0%@1728,0%@1728,100%@1728] GR3D_FREQ 99% cpu@69.093C soc2@67.781C soc0@67.125C gpu@71.75C tj@71.75C soc1@67.093C VDD_IN 22692mW/10672mW VDD_CPU_GPU_CV 12897mW/4353mW VDD_SOC 4315mW/2542mW
09-13-2026 13:42:05 RAM 6976/7620MB (lfb 2x4MB) SWAP 1722/8192MB (cached 141MB) CPU [0%@729,0%@729,0%@729,0%@729,0%@1728,100%@1728] GR3D_FREQ 99% cpu@69.343C soc2@68.093C soc0@67.375C gpu@71.687C tj@71.687C soc1@67.093C VDD_IN 22536mW/10685mW VDD_CPU_GPU_CV 12782mW/4362mW VDD_SOC 4283mW/2544mW
09-13-2026 13:42:06 RAM 6977/7620MB (lfb 2x4MB) SWAP 1722/8192MB (cached 141MB) CPU [5%@729,2%@729,1%@729,2%@729,0%@1728,100%@1728] GR3D_FREQ 99% cpu@69.562C soc2@68.031C soc0@67.468C gpu@71.593C tj@71.593C soc1@67.218C VDD_IN 21956mW/10698mW VDD_CPU_GPU_CV 12114mW/4371mW VDD_SOC 4399mW/2546mW
09-13-2026 13:42:06 RAM 6977/7620MB (lfb 2x4MB) SWAP 1722/8192MB (cached 141MB) CPU [3%@729,0%@729,0%@729,0%@729,0%@1728,100%@1728] GR3D_FREQ 99% cpu@69.75C soc2@68.093C soc0@67.531C gpu@71.718C tj@71.718C soc1@67.187C VDD_IN 21334mW/10710mW VDD_CPU_GPU_CV 11443mW/4379mW VDD_SOC 4445mW/2548mW
09-13-2026 13:42:07 RAM 6977/7620MB (lfb 2x4MB) SWAP 1722/8192MB (cached 141MB) CPU [1%@729,2%@729,1%@729,0%@729,0%@1728,100%@1728] GR3D_FREQ 99% cpu@70.031C soc2@68.218C soc0@67.75C gpu@71.781C tj@71.781C soc1@67.281C VDD_IN 21528mW/10722mW VDD_CPU_GPU_CV 11750mW/4387mW VDD_SOC 4360mW/2550mW
09-13-2026 13:42:07 RAM 6978/7620MB (lfb 2x4MB) SWAP 1722/8192MB (cached 141MB) CPU [0%@729,0%@729,0%@729,0%@729,0%@1728,100%@1728] GR3D_FREQ 99% cpu@69.843C soc2@68.312C soc0@67.781C gpu@71.937C tj@71.937C soc1@67.437C VDD_IN 21296mW/10734mW VDD_CPU_GPU_CV 11481mW/4395mW VDD_SOC 4406mW/2552mW
09-13-2026 13:42:08 RAM 6978/7620MB (lfb 2x4MB) SWAP 1722/8192MB (cached 141MB) CPU [0%@729,0%@1728,1%@1728,3%@1728,0%@1728,100%@1728] GR3D_FREQ 99% cpu@69.781C soc2@68.5C soc0@67.843C gpu@71.937C tj@71.937C soc1@67.75C VDD_IN 21489mW/10746mW VDD_CPU_GPU_CV 11596mW/4403mW VDD_SOC 4399mW/2554mW
09-13-2026 13:42:09 RAM 6978/7620MB (lfb 2x4MB) SWAP 1722/8192MB (cached 141MB) CPU [0%@1728,0%@1728,0%@1728,0%@1728,0%@1728,100%@1728] GR3D_FREQ 86% cpu@70.093C soc2@68.468C soc0@67.937C gpu@71.375C tj@71.375C soc1@67.843C VDD_IN 20831mW/10757mW VDD_CPU_GPU_CV 9385mW/4409mW VDD_SOC 5179mW/2557mW
09-13-2026 13:42:09 RAM 6978/7620MB (lfb 2x4MB) SWAP 1722/8192MB (cached 141MB) CPU [1%@1728,1%@1728,0%@1728,0%@1728,0%@1728,100%@1728] GR3D_FREQ 99% cpu@70.5C soc2@68.562C soc0@67.906C gpu@71.281C tj@71.281C soc1@67.875C VDD_IN 20715mW/10769mW VDD_CPU_GPU_CV 8692mW/4414mW VDD_SOC 5450mW/2561mW
09-13-2026 13:42:10 RAM 6978/7620MB (lfb 2x4MB) SWAP 1722/8192MB (cached 141MB) CPU [0%@1728,0%@1728,0%@1728,0%@1728,0%@1728,96%@1728] GR3D_FREQ 99% cpu@70.343C soc2@68.468C soc0@68.125C gpu@70.781C tj@70.781C soc1@67.875C VDD_IN 20206mW/10779mW VDD_CPU_GPU_CV 8206mW/4418mW VDD_SOC 5420mW/2564mW
09-13-2026 13:42:10 RAM 7036/7620MB (lfb 11x1MB) SWAP 1722/8192MB (cached 142MB) CPU [25%@729,24%@729,20%@729,26%@729,26%@1728,90%@1728] GR3D_FREQ 0% cpu@69.781C soc2@67.937C soc0@68C gpu@69.312C tj@69.781C soc1@67.937C VDD_IN 11906mW/10780mW VDD_CPU_GPU_CV 4269mW/4418mW VDD_SOC 3452mW/2565mW
09-13-2026 13:42:11 RAM 6979/7620MB (lfb 2x2MB) SWAP 1724/8192MB (cached 139MB) CPU [1%@1728,1%@1728,1%@1728,0%@1728,0%@1728,100%@1728] GR3D_FREQ 99% cpu@69.562C soc2@67.718C soc0@67.875C gpu@69.812C tj@69.812C soc1@67.843C VDD_IN 10115mW/10780mW VDD_CPU_GPU_CV 3261mW/4416mW VDD_SOC 3070mW/2565mW
09-13-2026 13:42:11 RAM 6979/7620MB (lfb 2x2MB) SWAP 1724/8192MB (cached 139MB) CPU [0%@1728,0%@1728,0%@1728,0%@1728,0%@1728,100%@1728] GR3D_FREQ 99% cpu@69.843C soc2@68.312C soc0@67.906C gpu@71.937C tj@71.937C soc1@68.031C VDD_IN 18802mW/10789mW VDD_CPU_GPU_CV 10033mW/4423mW VDD_SOC 3878mW/2567mW
09-13-2026 13:42:12 RAM 6979/7620MB (lfb 2x2MB) SWAP 1724/8192MB (cached 139MB) CPU [1%@729,1%@729,0%@729,0%@729,0%@1728,100%@1728] GR3D_FREQ 99% cpu@70.062C soc2@68.75C soc0@68.187C gpu@72.218C tj@72.218C soc1@68.062C VDD_IN 21724mW/10801mW VDD_CPU_GPU_CV 12229mW/4431mW VDD_SOC 4206mW/2569mW
09-13-2026 13:42:12 RAM 6979/7620MB (lfb 2x2MB) SWAP 1724/8192MB (cached 139MB) CPU [3%@1728,0%@1728,0%@1728,0%@1728,0%@1728,100%@1728] GR3D_FREQ 99% cpu@70.343C soc2@68.968C soc0@68.25C gpu@72.593C tj@72.593C soc1@68.125C VDD_IN 22653mW/10814mW VDD_CPU_GPU_CV 12974mW/4441mW VDD_SOC 4276mW/2570mW
09-13-2026 13:42:13 RAM 6979/7620MB (lfb 2x2MB) SWAP 1724/8192MB (cached 139MB) CPU [0%@729,1%@729,0%@729,1%@729,0%@1728,100%@1728] GR3D_FREQ 99% cpu@70.843C soc2@69.031C soc0@68.593C gpu@72.75C tj@72.75C soc1@68.156C VDD_IN 22692mW/10827mW VDD_CPU_GPU_CV 13012mW/4450mW VDD_SOC 4238mW/2572mW
09-13-2026 13:42:13 RAM 6979/7620MB (lfb 2x2MB) SWAP 1724/8192MB (cached 139MB) CPU [1%@729,0%@729,0%@729,1%@729,0%@1728,100%@1728] GR3D_FREQ 99% cpu@70.843C soc2@69.25C soc0@68.625C gpu@72.812C tj@72.812C soc1@68.343C VDD_IN 22576mW/10840mW VDD_CPU_GPU_CV 12668mW/4460mW VDD_SOC 4353mW/2574mW
09-13-2026 13:42:14 RAM 6979/7620MB (lfb 2x2MB) SWAP 1724/8192MB (cached 139MB) CPU [1%@729,0%@729,1%@729,0%@729,0%@1728,100%@1728] GR3D_FREQ 99% cpu@70.937C soc2@69.375C soc0@68.75C gpu@72.781C tj@72.781C soc1@68.312C VDD_IN 21801mW/10852mW VDD_CPU_GPU_CV 11884mW/4468mW VDD_SOC 4438mW/2576mW
09-13-2026 13:42:14 RAM 6979/7620MB (lfb 2x2MB) SWAP 1724/8192MB (cached 139MB) CPU [0%@729,1%@729,1%@729,0%@729,0%@1728,100%@1728] GR3D_FREQ 99% cpu@70.781C soc2@69.375C soc0@68.812C gpu@73.031C tj@73.031C soc1@68.625C VDD_IN 21489mW/10864mW VDD_CPU_GPU_CV 11596mW/4476mW VDD_SOC 4399mW/2578mW
09-13-2026 13:42:15 RAM 6979/7620MB (lfb 2x2MB) SWAP 1724/8192MB (cached 139MB) CPU [0%@1728,0%@1728,0%@1728,0%@1728,1%@1728,100%@1728] GR3D_FREQ 99% cpu@71.093C soc2@69.468C soc0@68.843C gpu@72.937C tj@72.937C soc1@68.656C VDD_IN 21412mW/10876mW VDD_CPU_GPU_CV 11635mW/4484mW VDD_SOC 4360mW/2580mW
09-13-2026 13:42:15 RAM 6979/7620MB (lfb 2x2MB) SWAP 1724/8192MB (cached 139MB) CPU [0%@729,1%@729,1%@729,0%@729,0%@1728,100%@1728] GR3D_FREQ 99% cpu@71.062C soc2@69.5C soc0@68.968C gpu@73.187C tj@73.187C soc1@68.781C VDD_IN 21412mW/10887mW VDD_CPU_GPU_CV 11520mW/4491mW VDD_SOC 4445mW/2582mW
09-13-2026 13:42:16 RAM 6979/7620MB (lfb 2x2MB) SWAP 1724/8192MB (cached 139MB) CPU [0%@1728,0%@1728,1%@1728,1%@1728,0%@1728,100%@1728] GR3D_FREQ 99% cpu@71.343C soc2@69.625C soc0@69.187C gpu@72.656C tj@72.875C soc1@68.718C VDD_IN 21296mW/10899mW VDD_CPU_GPU_CV 10790mW/4498mW VDD_SOC 4754mW/2585mW
09-13-2026 13:42:16 RAM 6979/7620MB (lfb 2x2MB) SWAP 1724/8192MB (cached 140MB) CPU [1%@1728,0%@1728,0%@1728,0%@1728,0%@1728,100%@1728] GR3D_FREQ 99% cpu@71.562C soc2@69.718C soc0@69.312C gpu@72.593C tj@72.593C soc1@68.875C VDD_IN 20870mW/10910mW VDD_CPU_GPU_CV 9115mW/4503mW VDD_SOC 5334mW/2588mW
09-13-2026 13:42:17 RAM 6979/7620MB (lfb 2x2MB) SWAP 1724/8192MB (cached 140MB) CPU [1%@1728,0%@1728,0%@1728,0%@1728,0%@1728,100%@1728] GR3D_FREQ 99% cpu@71.5C soc2@69.75C soc0@69.281C gpu@72.5C tj@72.5C soc1@68.906C VDD_IN 20715mW/10921mW VDD_CPU_GPU_CV 8654mW/4508mW VDD_SOC 5527mW/2591mW
09-13-2026 13:42:17 RAM 7267/7620MB (lfb 11x1MB) SWAP 1724/8192MB (cached 140MB) CPU [6%@1728,9%@1728,8%@1728,9%@1728,6%@1728,96%@1728] GR3D_FREQ 0% cpu@70.843C soc2@69.125C soc0@69.125C gpu@70.75C tj@70.937C soc1@69.093C VDD_IN 12515mW/10923mW VDD_CPU_GPU_CV 4536mW/4508mW VDD_SOC 3603mW/2592mW
09-13-2026 13:42:18 RAM 7044/7620MB (lfb 11x1MB) SWAP 1725/8192MB (cached 140MB) CPU [3%@1728,0%@1728,2%@1728,0%@1728,0%@1728,100%@1728] GR3D_FREQ 99% cpu@70.75C soc2@69.218C soc0@68.968C gpu@72.468C tj@72.468C soc1@69.062C VDD_IN 13669mW/10926mW VDD_CPU_GPU_CV 6080mW/4510mW VDD_SOC 3402mW/2593mW
09-13-2026 13:42:18 RAM 7044/7620MB (lfb 11x1MB) SWAP 1725/8192MB (cached 140MB) CPU [1%@729,0%@729,0%@729,0%@729,0%@1728,100%@1728] GR3D_FREQ 99% cpu@71.343C soc2@69.656C soc0@69.312C gpu@73.281C tj@73.281C soc1@68.968C VDD_IN 20245mW/10936mW VDD_CPU_GPU_CV 11000mW/4517mW VDD_SOC 4065mW/2595mW
09-13-2026 13:42:19 RAM 7044/7620MB (lfb 11x1MB) SWAP 1725/8192MB (cached 140MB) CPU [2%@729,0%@729,0%@729,2%@729,0%@1728,100%@1728] GR3D_FREQ 99% cpu@71.531C soc2@69.812C soc0@69.406C gpu@73.843C tj@73.843C soc1@69.093C VDD_IN 22033mW/10948mW VDD_CPU_GPU_CV 12612mW/4526mW VDD_SOC 4167mW/2596mW
09-13-2026 13:42:19 RAM 7044/7620MB (lfb 11x1MB) SWAP 1725/8192MB (cached 140MB) CPU [0%@729,0%@729,0%@729,1%@729,0%@1728,100%@1728] GR3D_FREQ 99% cpu@71.781C soc2@70.093C soc0@69.531C gpu@73.906C tj@73.906C soc1@69.312C VDD_IN 22730mW/10961mW VDD_CPU_GPU_CV 13050mW/4535mW VDD_SOC 4276mW/2598mW
09-13-2026 13:42:20 RAM 7044/7620MB (lfb 11x1MB) SWAP 1725/8192MB (cached 140MB) CPU [1%@729,0%@729,1%@729,0%@729,0%@1728,100%@1728] GR3D_FREQ 99% cpu@71.75C soc2@70.312C soc0@69.656C gpu@74.125C tj@74.125C soc1@69.437C VDD_IN 22730mW/10974mW VDD_CPU_GPU_CV 12935mW/4544mW VDD_SOC 4315mW/2600mW
09-13-2026 13:42:20 RAM 7044/7620MB (lfb 11x1MB) SWAP 1725/8192MB (cached 140MB) CPU [1%@1728,0%@1728,0%@1728,1%@1728,0%@1728,100%@1728] GR3D_FREQ 99% cpu@72.218C soc2@70.343C soc0@69.75C gpu@73.812C tj@73.812C soc1@69.375C VDD_IN 22343mW/10986mW VDD_CPU_GPU_CV 12400mW/4553mW VDD_SOC 4392mW/2602mW
09-13-2026 13:42:21 RAM 7044/7620MB (lfb 11x1MB) SWAP 1725/8192MB (cached 140MB) CPU [2%@1728,0%@1728,1%@1728,3%@1728,1%@1728,100%@1728] GR3D_FREQ 99% cpu@72.218C soc2@70.437C soc0@69.937C gpu@74.093C tj@74.093C soc1@69.468C VDD_IN 21605mW/10998mW VDD_CPU_GPU_CV 11730mW/4561mW VDD_SOC 4399mW/2604mW
09-13-2026 13:42:21 RAM 7044/7620MB (lfb 11x1MB) SWAP 1725/8192MB (cached 140MB) CPU [1%@729,3%@729,2%@729,0%@729,0%@1728,100%@1728] GR3D_FREQ 99% cpu@72.093C soc2@70.312C soc0@69.968C gpu@73.937C tj@73.937C soc1@69.437C VDD_IN 21489mW/11009mW VDD_CPU_GPU_CV 11635mW/4568mW VDD_SOC 4399mW/2606mW
09-13-2026 13:42:22 RAM 7044/7620MB (lfb 11x1MB) SWAP 1725/8192MB (cached 140MB) CPU [0%@729,1%@729,0%@729,0%@729,0%@1728,100%@1728] GR3D_FREQ 99% cpu@72.281C soc2@70.375C soc0@69.968C gpu@74.187C tj@74.187C soc1@69.375C VDD_IN 21373mW/11020mW VDD_CPU_GPU_CV 11673mW/4576mW VDD_SOC 4360mW/2608mW
09-13-2026 13:42:22 RAM 7044/7620MB (lfb 11x1MB) SWAP 1725/8192MB (cached 140MB) CPU [1%@729,0%@729,0%@1728,0%@1728,0%@1728,100%@1728] GR3D_FREQ 99% cpu@72.156C soc2@70.468C soc0@70C gpu@73.937C tj@73.937C soc1@69.5C VDD_IN 21489mW/11032mW VDD_CPU_GPU_CV 11635mW/4584mW VDD_SOC 4438mW/2610mW
09-13-2026 13:42:23 RAM 7044/7620MB (lfb 11x1MB) SWAP 1725/8192MB (cached 140MB) CPU [0%@1728,0%@1728,0%@1728,0%@1728,0%@1728,100%@1728] GR3D_FREQ 87% cpu@72.187C soc2@70.406C soc0@69.968C gpu@73.593C tj@73.593C soc1@69.718C VDD_IN 21063mW/11043mW VDD_CPU_GPU_CV 10176mW/4590mW VDD_SOC 4947mW/2612mW
09-13-2026 13:42:23 RAM 7044/7620MB (lfb 11x1MB) SWAP 1725/8192MB (cached 140MB) CPU [0%@729,0%@729,3%@729,1%@729,0%@1728,100%@1728] GR3D_FREQ 86% cpu@72.156C soc2@70.468C soc0@69.937C gpu@73.312C tj@73.312C soc1@69.718C VDD_IN 20831mW/11053mW VDD_CPU_GPU_CV 8962mW/4595mW VDD_SOC 5411mW/2616mW
09-13-2026 13:42:24 RAM 7055/7620MB (lfb 11x1MB) SWAP 1712/8192MB (cached 142MB) CPU [10%@1728,0%@1728,0%@1728,1%@1728,11%@1728,38%@1728] GR3D_FREQ 0% cpu@71.562C soc2@69.843C soc0@69.875C gpu@71.468C tj@71.468C soc1@69.75C VDD_IN 12044mW/11054mW VDD_CPU_GPU_CV 4262mW/4594mW VDD_SOC 3570mW/2617mW
09-13-2026 13:42:24 RAM 7077/7620MB (lfb 11x1MB) SWAP 1693/8192MB (cached 146MB) CPU [15%@1728,0%@1728,0%@1728,0%@1728,7%@1728,30%@1728] GR3D_FREQ 0% cpu@71.031C soc2@69.437C soc0@69.593C gpu@70.468C tj@71.031C soc1@69.5C VDD_IN 8213mW/11051mW VDD_CPU_GPU_CV 2089mW/4592mW VDD_SOC 2843mW/2617mW
09-13-2026 13:42:25 RAM 7106/7620MB (lfb 11x1MB) SWAP 1668/8192MB (cached 150MB) CPU [12%@1728,0%@1728,0%@1728,1%@1728,6%@1113,29%@1113] GR3D_FREQ 0% cpu@70.531C soc2@69.062C soc0@69.437C gpu@70.375C tj@70.531C soc1@69.312C VDD_IN 6576mW/11047mW VDD_CPU_GPU_CV 1384mW/4588mW VDD_SOC 2214mW/2616mW
09-13-2026 13:42:25 RAM 7128/7620MB (lfb 11x1MB) SWAP 1647/8192MB (cached 150MB) CPU [12%@729,0%@729,1%@729,1%@729,7%@1113,25%@1113] GR3D_FREQ 0% cpu@70.406C soc2@68.812C soc0@69.218C gpu@69.937C tj@70.406C soc1@69.218C VDD_IN 5744mW/11041mW VDD_CPU_GPU_CV 1148mW/4584mW VDD_SOC 1743mW/2615mW
09-13-2026 13:42:26 RAM 7153/7620MB (lfb 11x1MB) SWAP 1624/8192MB (cached 152MB) CPU [13%@1728,0%@1728,0%@1728,1%@1728,8%@1728,21%@1728] GR3D_FREQ 0% cpu@70.156C soc2@68.593C soc0@69.093C gpu@69.625C tj@70.156C soc1@69.125C VDD_IN 5475mW/11035mW VDD_CPU_GPU_CV 1069mW/4581mW VDD_SOC 1584mW/2614mW
09-13-2026 13:42:26 RAM 7183/7620MB (lfb 11x1MB) SWAP 1595/8192MB (cached 153MB) CPU [12%@729,0%@729,0%@729,0%@729,13%@1728,20%@1728] GR3D_FREQ 0% cpu@70.031C soc2@68.437C soc0@69C gpu@69.531C tj@70.031C soc1@69.187C VDD_IN 5396mW/11029mW VDD_CPU_GPU_CV 1069mW/4577mW VDD_SOC 1545mW/2613mW
09-13-2026 13:42:27 RAM 7208/7620MB (lfb 11x1MB) SWAP 1571/8192MB (cached 154MB) CPU [13%@1728,1%@1728,0%@1728,0%@1728,9%@1728,28%@1728] GR3D_FREQ 0% cpu@69.812C soc2@68.375C soc0@68.906C gpu@69.468C tj@69.812C soc1@69.062C VDD_IN 5356mW/11023mW VDD_CPU_GPU_CV 1069mW/4573mW VDD_SOC 1545mW/2612mW
09-13-2026 13:42:27 RAM 7237/7620MB (lfb 11x1MB) SWAP 1558/8192MB (cached 171MB) CPU [11%@1728,0%@1728,0%@1728,0%@1728,11%@1113,28%@1113] GR3D_FREQ 0% cpu@69.718C soc2@68.312C soc0@68.75C gpu@69.718C tj@69.718C soc1@69.031C VDD_IN 5356mW/11017mW VDD_CPU_GPU_CV 1030mW/4569mW VDD_SOC 1545mW/2611mW
09-13-2026 13:42:28 RAM 7262/7620MB (lfb 11x1MB) SWAP 1537/8192MB (cached 174MB) CPU [12%@729,1%@1728,0%@1728,0%@1728,6%@1728,37%@1728] GR3D_FREQ 0% cpu@69.812C soc2@68.281C soc0@68.687C gpu@69.25C tj@69.812C soc1@68.875C VDD_IN 5356mW/11010mW VDD_CPU_GPU_CV 1030mW/4565mW VDD_SOC 1547mW/2610mW
09-13-2026 13:42:28 RAM 7286/7620MB (lfb 11x1MB) SWAP 1513/8192MB (cached 174MB) CPU [12%@1728,0%@1728,0%@1728,1%@1728,4%@1728,32%@1728] GR3D_FREQ 0% cpu@69.531C soc2@68.125C soc0@68.812C gpu@69.468C tj@69.531C soc1@68.812C VDD_IN 5356mW/11004mW VDD_CPU_GPU_CV 1069mW/4562mW VDD_SOC 1547mW/2609mW
09-13-2026 13:42:29 RAM 7314/7620MB (lfb 7x1MB) SWAP 1489/8192MB (cached 177MB) CPU [21%@1728,18%@1728,2%@1728,3%@1728,4%@729,7%@729] GR3D_FREQ 0% cpu@69.718C soc2@68.093C soc0@68.656C gpu@69.281C tj@69.718C soc1@68.781C VDD_IN 5317mW/10998mW VDD_CPU_GPU_CV 1030mW/4558mW VDD_SOC 1547mW/2607mW
09-13-2026 13:42:29 RAM 7330/7620MB (lfb 1x4MB) SWAP 1471/8192MB (cached 183MB) CPU [19%@1728,32%@1728,0%@1728,0%@1728,1%@1113,18%@1113] GR3D_FREQ 0% cpu@69.375C soc2@67.968C soc0@68.5C gpu@69.343C tj@69.375C soc1@68.906C VDD_IN 5436mW/10992mW VDD_CPU_GPU_CV 1069mW/4554mW VDD_SOC 1545mW/2606mW
09-13-2026 13:42:30 RAM 7299/7620MB (lfb 1x4MB) SWAP 1500/8192MB (cached 184MB) CPU [12%@729,0%@729,32%@729,1%@1728,4%@1728,34%@1728] GR3D_FREQ 0% cpu@69.375C soc2@67.937C soc0@68.437C gpu@68.906C tj@69.375C soc1@68.843C VDD_IN 5475mW/10986mW VDD_CPU_GPU_CV 1109mW/4550mW VDD_SOC 1547mW/2605mW
09-13-2026 13:42:30 RAM 7309/7620MB (lfb 1x4MB) SWAP 1486/8192MB (cached 179MB) CPU [7%@1728,0%@1728,8%@1728,0%@1728,0%@1497,54%@1497] GR3D_FREQ 0% cpu@69.375C soc2@67.906C soc0@68.406C gpu@69.218C tj@69.312C soc1@68.625C VDD_IN 5515mW/10981mW VDD_CPU_GPU_CV 1148mW/4547mW VDD_SOC 1545mW/2604mW
09-13-2026 13:42:31 RAM 7310/7620MB (lfb 1x4MB) SWAP 1483/8192MB (cached 179MB) CPU [10%@1728,0%@1728,17%@1728,0%@1728,5%@1036,42%@1036] GR3D_FREQ 0% cpu@69.437C soc2@67.875C soc0@68.25C gpu@68.812C tj@69.218C soc1@68.625C VDD_IN 5475mW/10975mW VDD_CPU_GPU_CV 1109mW/4543mW VDD_SOC 1547mW/2603mW
09-13-2026 13:42:31 RAM 7121/7620MB (lfb 1x4MB) SWAP 1461/8192MB (cached 159MB) CPU [14%@1728,6%@1728,16%@1728,7%@1728,5%@806,26%@806] GR3D_FREQ 0% cpu@69.375C soc2@67.812C soc0@68.406C gpu@68.937C tj@69.375C soc1@68.625C VDD_IN 5436mW/10969mW VDD_CPU_GPU_CV 1069mW/4539mW VDD_SOC 1547mW/2602mW
09-13-2026 13:42:32 RAM 4275/7620MB (lfb 4x4MB) SWAP 741/8192MB (cached 37MB) CPU [6%@1036,0%@1036,1%@1036,4%@1036,14%@1728,100%@1728] GR3D_FREQ 0% cpu@70C soc2@67.75C soc0@68.375C gpu@68.906C tj@70C soc1@68.5C VDD_IN 5982mW/10963mW VDD_CPU_GPU_CV 1502mW/4536mW VDD_SOC 1584mW/2601mW
09-13-2026 13:42:32 RAM 2342/7620MB (lfb 13x4MB) SWAP 729/8192MB (cached 36MB) CPU [16%@729,14%@729,8%@729,14%@729,98%@1728,22%@1728] GR3D_FREQ 0% cpu@69.843C soc2@67.843C soc0@68.25C gpu@69C tj@69.843C soc1@68.5C VDD_IN 6417mW/10959mW VDD_CPU_GPU_CV 1700mW/4533mW VDD_SOC 1624mW/2600mW
09-13-2026 13:42:33 RAM 2345/7620MB (lfb 13x4MB) SWAP 729/8192MB (cached 36MB) CPU [0%@1728,0%@1728,0%@1728,0%@1728,1%@729,0%@729] GR3D_FREQ 0% cpu@69.031C soc2@67.625C soc0@68.093C gpu@68.656C tj@69.031C soc1@68.531C VDD_IN 5277mW/10953mW VDD_CPU_GPU_CV 990mW/4529mW VDD_SOC 1545mW/2599mW
09-13-2026 13:42:33 RAM 2346/7620MB (lfb 13x4MB) SWAP 729/8192MB (cached 36MB) CPU [0%@1728,0%@1728,0%@1728,1%@1728,2%@729,0%@729] GR3D_FREQ 0% cpu@68.875C soc2@67.531C soc0@68C gpu@68.781C tj@68.875C soc1@68.468C VDD_IN 4880mW/10946mW VDD_CPU_GPU_CV 713mW/4525mW VDD_SOC 1507mW/2597mW
09-13-2026 13:42:34 RAM 2346/7620MB (lfb 13x4MB) SWAP 729/8192MB (cached 37MB) CPU [0%@729,0%@1728,0%@1728,0%@1728,0%@729,0%@729] GR3D_FREQ 0% cpu@68.656C soc2@67.531C soc0@67.937C gpu@68.468C tj@68.656C soc1@68.406C VDD_IN 4761mW/10940mW VDD_CPU_GPU_CV 633mW/4521mW VDD_SOC 1507mW/2596mW
09-13-2026 13:42:34 RAM 2346/7620MB (lfb 13x4MB) SWAP 729/8192MB (cached 37MB) CPU [0%@1728,1%@1728,0%@1728,1%@1728,0%@729,0%@729] GR3D_FREQ 0% cpu@68.718C soc2@67.437C soc0@67.906C gpu@68.656C tj@68.718C soc1@68.218C VDD_IN 4721mW/10933mW VDD_CPU_GPU_CV 594mW/4517mW VDD_SOC 1507mW/2595mW
09-13-2026 13:42:35 RAM 2346/7620MB (lfb 13x4MB) SWAP 729/8192MB (cached 37MB) CPU [0%@1728,0%@1728,0%@1728,0%@1728,0%@729,0%@729] GR3D_FREQ 0% cpu@68.875C soc2@67.375C soc0@67.968C gpu@68.281C tj@68.875C soc1@68.281C VDD_IN 4682mW/10926mW VDD_CPU_GPU_CV 594mW/4513mW VDD_SOC 1507mW/2594mW
09-13-2026 13:42:35 RAM 2346/7620MB (lfb 13x4MB) SWAP 729/8192MB (cached 37MB) CPU [0%@1728,0%@1728,0%@1728,0%@1728,0%@729,0%@729] GR3D_FREQ 0% cpu@68.781C soc2@67.281C soc0@67.906C gpu@68.5C tj@68.781C soc1@68.218C VDD_IN 4682mW/10920mW VDD_CPU_GPU_CV 594mW/4509mW VDD_SOC 1507mW/2593mW
09-13-2026 13:42:36 RAM 2346/7620MB (lfb 13x4MB) SWAP 729/8192MB (cached 38MB) CPU [3%@1728,2%@1728,0%@1728,3%@1728,0%@729,0%@729] GR3D_FREQ 0% cpu@68.562C soc2@67.25C soc0@67.75C gpu@68.281C tj@68.562C soc1@68.156C VDD_IN 4761mW/10913mW VDD_CPU_GPU_CV 633mW/4505mW VDD_SOC 1507mW/2592mW
09-13-2026 13:42:36 RAM 2346/7620MB (lfb 13x4MB) SWAP 729/8192MB (cached 38MB) CPU [0%@1728,0%@1728,0%@1728,1%@1728,0%@729,0%@729] GR3D_FREQ 0% cpu@68.375C soc2@67.156C soc0@67.625C gpu@68.343C tj@68.375C soc1@68.156C VDD_IN 4721mW/10907mW VDD_CPU_GPU_CV 633mW/4501mW VDD_SOC 1507mW/2590mW
09-13-2026 13:42:37 RAM 2346/7620MB (lfb 13x4MB) SWAP 729/8192MB (cached 38MB) CPU [3%@1728,0%@1728,0%@1728,2%@1728,0%@729,0%@729] GR3D_FREQ 0% cpu@68.625C soc2@67.187C soc0@67.593C gpu@68.125C tj@68.343C soc1@68.125C VDD_IN 4721mW/10900mW VDD_CPU_GPU_CV 633mW/4496mW VDD_SOC 1507mW/2589mW
09-13-2026 13:42:37 RAM 2346/7620MB (lfb 13x4MB) SWAP 729/8192MB (cached 38MB) CPU [0%@1728,2%@1728,0%@1728,0%@1728,0%@729,0%@729] GR3D_FREQ 0% cpu@68.562C soc2@67.156C soc0@67.562C gpu@68.187C tj@68.562C soc1@68C VDD_IN 4721mW/10894mW VDD_CPU_GPU_CV 594mW/4492mW VDD_SOC 1507mW/2588mW
09-13-2026 13:42:38 RAM 2346/7620MB (lfb 13x4MB) SWAP 729/8192MB (cached 38MB) CPU [0%@1728,0%@1728,0%@1728,0%@1728,0%@729,0%@729] GR3D_FREQ 0% cpu@68.343C soc2@67.062C soc0@67.625C gpu@68C tj@68.343C soc1@67.937C VDD_IN 4682mW/10887mW VDD_CPU_GPU_CV 594mW/4488mW VDD_SOC 1507mW/2587mW
09-13-2026 13:42:38 RAM 2346/7620MB (lfb 13x4MB) SWAP 729/8192MB (cached 38MB) CPU [0%@1728,0%@1728,0%@1728,0%@1728,0%@729,0%@729] GR3D_FREQ 0% cpu@68.406C soc2@66.937C soc0@67.468C gpu@68C tj@68.406C soc1@67.812C VDD_IN 4682mW/10881mW VDD_CPU_GPU_CV 594mW/4484mW VDD_SOC 1507mW/2586mW
09-13-2026 13:42:39 RAM 2346/7620MB (lfb 13x4MB) SWAP 729/8192MB (cached 39MB) CPU [1%@1728,0%@1728,0%@1728,0%@1728,0%@729,0%@729] GR3D_FREQ 0% cpu@68.125C soc2@66.875C soc0@67.437C gpu@67.75C tj@68.125C soc1@67.937C VDD_IN 4682mW/10874mW VDD_CPU_GPU_CV 594mW/4480mW VDD_SOC 1507mW/2585mW
09-13-2026 13:42:39 RAM 2346/7620MB (lfb 13x4MB) SWAP 728/8192MB (cached 39MB) CPU [0%@1728,0%@1728,0%@1728,0%@1728,4%@1728,17%@1728] GR3D_FREQ 0% cpu@68.187C soc2@66.875C soc0@67.406C gpu@67.781C tj@68.187C soc1@67.843C VDD_IN 4761mW/10868mW VDD_CPU_GPU_CV 673mW/4476mW VDD_SOC 1507mW/2584mW
09-13-2026 13:42:40 RAM 2342/7620MB (lfb 13x4MB) SWAP 728/8192MB (cached 39MB) CPU [17%@1728,4%@1728,32%@1728,12%@1728,26%@1267,54%@1267] GR3D_FREQ 0% cpu@68.281C soc2@66.906C soc0@67.312C gpu@67.875C tj@68.281C soc1@67.718C VDD_IN 5118mW/10862mW VDD_CPU_GPU_CV 950mW/4472mW VDD_SOC 1507mW/2583mW
09-13-2026 13:42:40 RAM 2343/7620MB (lfb 13x4MB) SWAP 728/8192MB (cached 40MB) CPU [0%@1728,1%@1728,0%@1728,0%@1728,1%@729,5%@729] GR3D_FREQ 0% cpu@68.312C soc2@66.843C soc0@67.437C gpu@67.718C tj@68.312C soc1@67.75C VDD_IN 4840mW/10855mW VDD_CPU_GPU_CV 752mW/4468mW VDD_SOC 1507mW/2581mW
09-13-2026 13:42:41 RAM 2343/7620MB (lfb 13x4MB) SWAP 728/8192MB (cached 40MB) CPU [0%@1728,0%@1728,0%@1728,0%@1728,0%@729,0%@729] GR3D_FREQ 0% cpu@68.218C soc2@66.718C soc0@67.281C gpu@68C tj@68.218C soc1@67.625C VDD_IN 4721mW/10849mW VDD_CPU_GPU_CV 633mW/4464mW VDD_SOC 1468mW/2580mW
09-13-2026 13:42:41 RAM 2344/7620MB (lfb 13x4MB) SWAP 728/8192MB (cached 40MB) CPU [0%@729,1%@729,0%@729,1%@729,0%@729,0%@729] GR3D_FREQ 0% cpu@67.937C soc2@66.687C soc0@67.187C gpu@67.593C tj@67.937C soc1@67.593C VDD_IN 4682mW/10842mW VDD_CPU_GPU_CV 634mW/4460mW VDD_SOC 1468mW/2579mW
09-13-2026 13:42:42 RAM 2344/7620MB (lfb 13x4MB) SWAP 728/8192MB (cached 40MB) CPU [0%@1728,1%@1728,0%@1728,1%@1728,0%@729,0%@729] GR3D_FREQ 0% cpu@67.937C soc2@66.718C soc0@67.156C gpu@67.937C tj@67.937C soc1@67.593C VDD_IN 4682mW/10836mW VDD_CPU_GPU_CV 595mW/4456mW VDD_SOC 1468mW/2578mW
09-13-2026 13:42:42 RAM 2344/7620MB (lfb 13x4MB) SWAP 728/8192MB (cached 40MB) CPU [1%@1728,0%@1728,0%@1728,1%@1728,0%@729,24%@729] GR3D_FREQ 0% cpu@67.781C soc2@66.531C soc0@67.062C gpu@67.468C tj@67.781C soc1@67.625C VDD_IN 4721mW/10830mW VDD_CPU_GPU_CV 634mW/4452mW VDD_SOC 1468mW/2577mW
09-13-2026 13:42:43 RAM 2344/7620MB (lfb 13x4MB) SWAP 728/8192MB (cached 40MB) CPU [0%@1728,0%@1728,0%@1728,0%@1728,0%@729,0%@729] GR3D_FREQ 0% cpu@67.656C soc2@66.562C soc0@67C gpu@67.687C tj@67.687C soc1@67.468C VDD_IN 4682mW/10823mW VDD_CPU_GPU_CV 595mW/4448mW VDD_SOC 1468mW/2576mW
09-13-2026 13:42:43 RAM 2344/7620MB (lfb 13x4MB) SWAP 728/8192MB (cached 40MB) CPU [1%@729,0%@729,0%@729,1%@729,0%@729,0%@729] GR3D_FREQ 0% cpu@67.75C soc2@66.531C soc0@67.062C gpu@67.281C tj@67.718C soc1@67.343C VDD_IN 4682mW/10817mW VDD_CPU_GPU_CV 595mW/4444mW VDD_SOC 1468mW/2574mW
09-13-2026 13:42:44 RAM 2344/7620MB (lfb 13x4MB) SWAP 727/8192MB (cached 40MB) CPU [2%@1728,0%@1728,0%@1728,58%@1728,0%@729,0%@729] GR3D_FREQ 0% cpu@68.25C soc2@66.468C soc0@66.937C gpu@67.656C tj@68.25C soc1@67.25C VDD_IN 4999mW/10811mW VDD_CPU_GPU_CV 911mW/4441mW VDD_SOC 1468mW/2573mW
09-13-2026 13:42:44 RAM 2344/7620MB (lfb 13x4MB) SWAP 727/8192MB (cached 40MB) CPU [0%@1728,0%@1728,0%@1728,9%@1728,0%@729,0%@729] GR3D_FREQ 0% cpu@67.625C soc2@66.437C soc0@66.937C gpu@67.468C tj@67.625C soc1@67.25C VDD_IN 4840mW/10805mW VDD_CPU_GPU_CV 752mW/4437mW VDD_SOC 1468mW/2572mW
09-13-2026 13:42:45 RAM 2344/7620MB (lfb 13x4MB) SWAP 727/8192MB (cached 40MB) CPU [0%@1728,0%@1728,0%@1728,0%@1728,0%@729,0%@729] GR3D_FREQ 0% cpu@67.593C soc2@66.343C soc0@66.75C gpu@67.468C tj@67.593C soc1@67.281C VDD_IN 4721mW/10798mW VDD_CPU_GPU_CV 633mW/4433mW VDD_SOC 1468mW/2571mW
09-13-2026 13:42:45 RAM 2344/7620MB (lfb 13x4MB) SWAP 727/8192MB (cached 40MB) CPU [0%@729,1%@729,0%@729,0%@729,0%@729,0%@729] GR3D_FREQ 0% cpu@67.437C soc2@66.437C soc0@66.656C gpu@67.281C tj@67.437C soc1@67.218C VDD_IN 4761mW/10792mW VDD_CPU_GPU_CV 595mW/4429mW VDD_SOC 1507mW/2570mW
09-13-2026 13:42:46 RAM 2345/7620MB (lfb 13x4MB) SWAP 727/8192MB (cached 41MB) CPU [0%@1728,0%@1728,0%@1728,0%@1728,0%@729,0%@729] GR3D_FREQ 0% cpu@67.593C soc2@66.187C soc0@66.625C gpu@67.312C tj@67.5C soc1@67.187C VDD_IN 4682mW/10786mW VDD_CPU_GPU_CV 594mW/4425mW VDD_SOC 1507mW/2569mW
09-13-2026 13:42:46 RAM 2345/7620MB (lfb 13x4MB) SWAP 727/8192MB (cached 41MB) CPU [0%@1728,0%@1728,0%@1728,0%@1728,0%@729,0%@729] GR3D_FREQ 0% cpu@67.531C soc2@66.156C soc0@66.718C gpu@67.125C tj@67.531C soc1@67.156C VDD_IN 4682mW/10779mW VDD_CPU_GPU_CV 594mW/4421mW VDD_SOC 1468mW/2568mW
09-13-2026 13:42:47 RAM 2345/7620MB (lfb 13x4MB) SWAP 727/8192MB (cached 41MB) CPU [1%@1728,1%@1728,0%@1728,0%@1728,0%@729,0%@729] GR3D_FREQ 0% cpu@67.406C soc2@66.187C soc0@66.625C gpu@67.218C tj@67.406C soc1@67C VDD_IN 4682mW/10773mW VDD_CPU_GPU_CV 594mW/4417mW VDD_SOC 1468mW/2567mW
09-13-2026 13:42:47 RAM 2345/7620MB (lfb 13x4MB) SWAP 727/8192MB (cached 41MB) CPU [3%@1728,1%@1728,0%@1728,0%@1728,0%@729,0%@729] GR3D_FREQ 0% cpu@67.437C soc2@66.062C soc0@66.5C gpu@67.062C tj@67.437C soc1@67C VDD_IN 4682mW/10767mW VDD_CPU_GPU_CV 595mW/4413mW VDD_SOC 1468mW/2565mW
09-13-2026 13:42:48 RAM 2345/7620MB (lfb 13x4MB) SWAP 727/8192MB (cached 41MB) CPU [0%@1728,1%@1728,0%@1728,0%@1728,0%@729,0%@729] GR3D_FREQ 0% cpu@67.25C soc2@66C soc0@66.5C gpu@66.906C tj@67.25C soc1@67.062C VDD_IN 4682mW/10761mW VDD_CPU_GPU_CV 595mW/4409mW VDD_SOC 1468mW/2564mW
09-13-2026 13:42:48 RAM 2345/7620MB (lfb 13x4MB) SWAP 727/8192MB (cached 41MB) CPU [0%@729,0%@729,0%@729,0%@729,0%@729,0%@729] GR3D_FREQ 0% cpu@67.062C soc2@66C soc0@66.468C gpu@66.968C tj@67.156C soc1@66.968C VDD_IN 4682mW/10754mW VDD_CPU_GPU_CV 595mW/4405mW VDD_SOC 1468mW/2563mW
09-13-2026 13:42:49 RAM 2345/7620MB (lfb 13x4MB) SWAP 727/8192MB (cached 41MB) CPU [4%@1728,0%@1728,2%@1728,2%@1728,0%@729,0%@729] GR3D_FREQ 0% cpu@67.218C soc2@66C soc0@66.437C gpu@66.906C tj@67.218C soc1@66.812C VDD_IN 4721mW/10748mW VDD_CPU_GPU_CV 633mW/4401mW VDD_SOC 1468mW/2562mW
09-13-2026 13:42:50 RAM 2350/7620MB (lfb 13x4MB) SWAP 727/8192MB (cached 41MB) CPU [2%@1728,2%@1728,13%@1728,9%@1728,0%@729,2%@729] GR3D_FREQ 0% cpu@67.281C soc2@65.968C soc0@66.437C gpu@66.906C tj@67.281C soc1@66.843C VDD_IN 4840mW/10742mW VDD_CPU_GPU_CV 713mW/4398mW VDD_SOC 1468mW/2561mW
09-13-2026 13:42:50 RAM 2352/7620MB (lfb 13x4MB) SWAP 727/8192MB (cached 41MB) CPU [9%@1190,9%@1728,7%@1728,12%@1728,3%@729,1%@729] GR3D_FREQ 0% cpu@67.468C soc2@65.875C soc0@66.375C gpu@66.843C tj@67.468C soc1@66.718C VDD_IN 4880mW/10736mW VDD_CPU_GPU_CV 752mW/4394mW VDD_SOC 1507mW/2560mW
09-13-2026 13:42:51 RAM 2355/7620MB (lfb 13x4MB) SWAP 726/8192MB (cached 41MB) CPU [20%@1728,2%@1728,13%@1728,13%@1728,4%@729,3%@729] GR3D_FREQ 0% cpu@67.312C soc2@65.781C soc0@66.312C gpu@66.718C tj@67.312C soc1@66.687C VDD_IN 4999mW/10730mW VDD_CPU_GPU_CV 792mW/4390mW VDD_SOC 1507mW/2559mW
09-13-2026 13:42:51 RAM 2357/7620MB (lfb 13x4MB) SWAP 726/8192MB (cached 41MB) CPU [17%@1420,19%@1420,6%@1420,6%@1420,5%@1113,7%@1113] GR3D_FREQ 0% cpu@67.062C soc2@65.812C soc0@66.281C gpu@66.718C tj@67.218C soc1@66.812C VDD_IN 4999mW/10724mW VDD_CPU_GPU_CV 831mW/4387mW VDD_SOC 1507mW/2558mW
09-13-2026 13:42:52 RAM 2372/7620MB (lfb 13x4MB) SWAP 726/8192MB (cached 41MB) CPU [8%@729,9%@729,6%@729,9%@729,0%@729,1%@729] GR3D_FREQ 0% cpu@66.968C soc2@65.781C soc0@66.125C gpu@66.687C tj@66.968C soc1@66.687C VDD_IN 4960mW/10718mW VDD_CPU_GPU_CV 792mW/4383mW VDD_SOC 1507mW/2557mW
09-13-2026 13:42:52 RAM 2372/7620MB (lfb 13x4MB) SWAP 726/8192MB (cached 42MB) CPU [0%@1728,0%@1728,0%@1728,0%@1728,0%@729,0%@729] GR3D_FREQ 0% cpu@67.125C soc2@65.656C soc0@66.093C gpu@66.562C tj@67.125C soc1@66.718C VDD_IN 4761mW/10712mW VDD_CPU_GPU_CV 633mW/4379mW VDD_SOC 1468mW/2555mW
09-13-2026 13:42:53 RAM 2372/7620MB (lfb 13x4MB) SWAP 726/8192MB (cached 42MB) CPU [0%@1728,0%@1728,0%@1728,0%@1728,0%@729,0%@729] GR3D_FREQ 0% cpu@66.843C soc2@65.625C soc0@66.062C gpu@66.843C tj@66.843C soc1@66.593C VDD_IN 4721mW/10706mW VDD_CPU_GPU_CV 634mW/4375mW VDD_SOC 1468mW/2554mW
09-13-2026 13:42:53 RAM 2372/7620MB (lfb 13x4MB) SWAP 726/8192MB (cached 42MB) CPU [0%@729,0%@729,0%@729,1%@729,0%@729,0%@729] GR3D_FREQ 0% cpu@66.875C soc2@65.656C soc0@66.125C gpu@66.375C tj@66.875C soc1@66.406C VDD_IN 4642mW/10700mW VDD_CPU_GPU_CV 595mW/4371mW VDD_SOC 1468mW/2553mW
09-13-2026 13:42:54 RAM 2372/7620MB (lfb 13x4MB) SWAP 726/8192MB (cached 42MB) CPU [0%@1728,0%@1728,0%@1728,1%@1728,0%@729,0%@729] GR3D_FREQ 0% cpu@66.843C soc2@65.531C soc0@66.093C gpu@66.718C tj@66.843C soc1@66.375C VDD_IN 4642mW/10694mW VDD_CPU_GPU_CV 595mW/4367mW VDD_SOC 1468mW/2552mW
09-13-2026 13:42:54 RAM 2372/7620MB (lfb 13x4MB) SWAP 726/8192MB (cached 42MB) CPU [3%@729,0%@729,0%@729,0%@729,0%@729,0%@729] GR3D_FREQ 0% cpu@66.718C soc2@65.5C soc0@65.906C gpu@66.25C tj@66.718C soc1@66.531C VDD_IN 4642mW/10688mW VDD_CPU_GPU_CV 595mW/4364mW VDD_SOC 1468mW/2551mW
09-13-2026 13:42:55 RAM 2372/7620MB (lfb 13x4MB) SWAP 726/8192MB (cached 42MB) CPU [0%@1728,0%@1728,1%@1728,0%@1728,0%@729,0%@729] GR3D_FREQ 0% cpu@66.531C soc2@65.562C soc0@65.875C gpu@66.625C tj@66.625C soc1@66.437C VDD_IN 4642mW/10681mW VDD_CPU_GPU_CV 595mW/4360mW VDD_SOC 1468mW/2550mW
09-13-2026 13:42:55 RAM 2372/7620MB (lfb 13x4MB) SWAP 726/8192MB (cached 42MB) CPU [0%@729,1%@729,0%@729,0%@729,0%@729,0%@729] GR3D_FREQ 0% cpu@66.687C soc2@65.406C soc0@65.75C gpu@66.343C tj@66.687C soc1@66.281C VDD_IN 4682mW/10675mW VDD_CPU_GPU_CV 595mW/4356mW VDD_SOC 1468mW/2549mW
09-13-2026 13:42:56 RAM 2372/7620MB (lfb 13x4MB) SWAP 726/8192MB (cached 42MB) CPU [0%@729,0%@729,0%@729,1%@729,0%@729,0%@729] GR3D_FREQ 0% cpu@66.75C soc2@65.375C soc0@65.968C gpu@66.406C tj@66.75C soc1@66.218C VDD_IN 4682mW/10669mW VDD_CPU_GPU_CV 595mW/4352mW VDD_SOC 1468mW/2548mW
09-13-2026 13:42:56 RAM 2372/7620MB (lfb 13x4MB) SWAP 726/8192MB (cached 42MB) CPU [0%@729,0%@729,0%@729,0%@729,0%@729,0%@729] GR3D_FREQ 0% cpu@66.468C soc2@65.25C soc0@65.812C gpu@66.281C tj@66.468C soc1@66.156C VDD_IN 4642mW/10663mW VDD_CPU_GPU_CV 595mW/4348mW VDD_SOC 1468mW/2547mW
09-13-2026 13:42:57 RAM 2372/7620MB (lfb 13x4MB) SWAP 726/8192MB (cached 42MB) CPU [1%@1113,0%@1113,0%@1113,3%@1113,0%@729,0%@729] GR3D_FREQ 0% cpu@66.437C soc2@65.25C soc0@65.75C gpu@66.093C tj@66.437C soc1@66.25C VDD_IN 4642mW/10657mW VDD_CPU_GPU_CV 595mW/4345mW VDD_SOC 1468mW/2546mW
09-13-2026 13:42:57 RAM 2372/7620MB (lfb 13x4MB) SWAP 726/8192MB (cached 42MB) CPU [0%@1728,0%@1728,0%@1728,0%@1728,0%@729,0%@729] GR3D_FREQ 0% cpu@66.343C soc2@65.156C soc0@65.593C gpu@66.187C tj@66.343C soc1@66.187C VDD_IN 4642mW/10651mW VDD_CPU_GPU_CV 595mW/4341mW VDD_SOC 1468mW/2544mW
09-13-2026 13:42:58 RAM 2372/7620MB (lfb 13x4MB) SWAP 726/8192MB (cached 42MB) CPU [0%@1728,0%@1728,0%@1728,0%@1728,0%@729,0%@729] GR3D_FREQ 0% cpu@66.625C soc2@65.187C soc0@65.562C gpu@66.031C tj@66.281C soc1@66.125C VDD_IN 4642mW/10645mW VDD_CPU_GPU_CV 595mW/4337mW VDD_SOC 1468mW/2543mW
09-13-2026 13:42:58 RAM 2372/7620MB (lfb 13x4MB) SWAP 726/8192MB (cached 42MB) CPU [0%@1728,0%@1728,0%@1728,0%@1728,0%@729,0%@729] GR3D_FREQ 0% cpu@66.343C soc2@65.156C soc0@65.593C gpu@66.062C tj@66.343C soc1@66.093C VDD_IN 4642mW/10639mW VDD_CPU_GPU_CV 595mW/4333mW VDD_SOC 1468mW/2542mW
09-13-2026 13:42:59 RAM 2372/7620MB (lfb 13x4MB) SWAP 726/8192MB (cached 42MB) CPU [1%@729,0%@729,0%@729,0%@729,0%@729,0%@729] GR3D_FREQ 0% cpu@66.406C soc2@65.156C soc0@65.562C gpu@65.906C tj@66.406C soc1@66.062C VDD_IN 4642mW/10633mW VDD_CPU_GPU_CV 595mW/4329mW VDD_SOC 1468mW/2541mW
09-13-2026 13:42:59 RAM 2372/7620MB (lfb 13x4MB) SWAP 726/8192MB (cached 42MB) CPU [0%@1728,0%@1728,0%@1728,3%@1728,0%@729,0%@729] GR3D_FREQ 0% cpu@66.25C soc2@65C soc0@65.5C gpu@65.937C tj@66.343C soc1@66C VDD_IN 4642mW/10627mW VDD_CPU_GPU_CV 595mW/4326mW VDD_SOC 1468mW/2540mW
09-13-2026 13:43:00 RAM 2374/7620MB (lfb 13x4MB) SWAP 725/8192MB (cached 43MB) CPU [1%@1728,2%@1728,0%@1728,2%@1728,0%@729,0%@729] GR3D_FREQ 0% cpu@66.187C soc2@64.968C soc0@65.406C gpu@65.875C tj@66.187C soc1@66.125C VDD_IN 4682mW/10621mW VDD_CPU_GPU_CV 634mW/4322mW VDD_SOC 1468mW/2539mW
09-13-2026 13:43:00 RAM 2373/7620MB (lfb 13x4MB) SWAP 725/8192MB (cached 43MB) CPU [0%@1728,0%@1728,0%@1728,0%@1728,0%@729,0%@729] GR3D_FREQ 0% cpu@65.968C soc2@64.968C soc0@65.375C gpu@65.781C tj@66.093C soc1@66.093C VDD_IN 4642mW/10615mW VDD_CPU_GPU_CV 594mW/4318mW VDD_SOC 1468mW/2538mW
09-13-2026 13:43:01 RAM 2374/7620MB (lfb 13x4MB) SWAP 725/8192MB (cached 43MB) CPU [0%@1728,0%@1728,0%@1728,0%@1728,0%@729,0%@729] GR3D_FREQ 0% cpu@66.218C soc2@64.906C soc0@65.375C gpu@65.718C tj@66.125C soc1@65.968C VDD_IN 4642mW/10609mW VDD_CPU_GPU_CV 595mW/4314mW VDD_SOC 1468mW/2537mW
09-13-2026 13:43:01 RAM 2374/7620MB (lfb 13x4MB) SWAP 725/8192MB (cached 43MB) CPU [0%@729,0%@1728,0%@1728,0%@1728,0%@729,0%@729] GR3D_FREQ 0% cpu@66.187C soc2@64.968C soc0@65.437C gpu@66.125C tj@66.187C soc1@65.937C VDD_IN 4642mW/10603mW VDD_CPU_GPU_CV 595mW/4311mW VDD_SOC 1468mW/2536mW
09-13-2026 13:43:02 RAM 2361/7620MB (lfb 13x4MB) SWAP 723/8192MB (cached 43MB) CPU [10%@1728,12%@1728,6%@1728,14%@1728,9%@729,7%@729] GR3D_FREQ 0% cpu@66.062C soc2@64.968C soc0@65.343C gpu@65.625C tj@66.062C soc1@65.906C VDD_IN 4920mW/10597mW VDD_CPU_GPU_CV 752mW/4307mW VDD_SOC 1507mW/2535mW
09-13-2026 13:43:02 RAM 2361/7620MB (lfb 13x4MB) SWAP 723/8192MB (cached 44MB) CPU [1%@1728,1%@1728,0%@1728,0%@1728,0%@729,0%@729] GR3D_FREQ 0% cpu@66C soc2@64.875C soc0@65.375C gpu@65.937C tj@66C soc1@65.812C VDD_IN 4721mW/10591mW VDD_CPU_GPU_CV 633mW/4303mW VDD_SOC 1468mW/2534mW
09-13-2026 13:43:03 RAM 2361/7620MB (lfb 13x4MB) SWAP 723/8192MB (cached 44MB) CPU [1%@729,0%@729,0%@729,0%@729,0%@729,0%@729] GR3D_FREQ 0% cpu@65.843C soc2@64.781C soc0@65.062C gpu@65.718C tj@65.843C soc1@65.812C VDD_IN 4682mW/10585mW VDD_CPU_GPU_CV 595mW/4300mW VDD_SOC 1468mW/2533mW
09-13-2026 13:43:03 RAM 2361/7620MB (lfb 13x4MB) SWAP 723/8192MB (cached 44MB) CPU [0%@729,0%@729,0%@729,0%@729,0%@729,0%@729] GR3D_FREQ 0% cpu@65.812C soc2@64.812C soc0@65.062C gpu@65.812C tj@65.812C soc1@65.718C VDD_IN 4642mW/10579mW VDD_CPU_GPU_CV 595mW/4296mW VDD_SOC 1468mW/2532mW
09-13-2026 13:43:04 RAM 2361/7620MB (lfb 13x4MB) SWAP 723/8192MB (cached 44MB) CPU [0%@729,0%@729,0%@729,1%@729,0%@729,0%@729] GR3D_FREQ 0% cpu@65.75C soc2@64.687C soc0@64.968C gpu@65.593C tj@65.75C soc1@65.687C VDD_IN 4642mW/10573mW VDD_CPU_GPU_CV 594mW/4292mW VDD_SOC 1468mW/2530mW
09-13-2026 13:43:04 RAM 2361/7620MB (lfb 13x4MB) SWAP 722/8192MB (cached 44MB) CPU [0%@729,1%@729,0%@729,0%@729,0%@729,0%@729] GR3D_FREQ 0% cpu@65.812C soc2@64.687C soc0@65.125C gpu@65.656C tj@65.812C soc1@65.593C VDD_IN 4642mW/10567mW VDD_CPU_GPU_CV 595mW/4289mW VDD_SOC 1468mW/2529mW
09-13-2026 13:43:05 RAM 2361/7620MB (lfb 13x4MB) SWAP 722/8192MB (cached 44MB) CPU [0%@729,0%@729,0%@729,1%@729,0%@729,0%@729] GR3D_FREQ 0% cpu@65.968C soc2@64.531C soc0@64.937C gpu@65.531C tj@65.968C soc1@65.437C VDD_IN 4642mW/10561mW VDD_CPU_GPU_CV 595mW/4285mW VDD_SOC 1468mW/2528mW
09-13-2026 13:43:05 RAM 2361/7620MB (lfb 13x4MB) SWAP 722/8192MB (cached 44MB) CPU [0%@1728,0%@1728,0%@1728,1%@1728,0%@729,0%@729] GR3D_FREQ 0% cpu@65.718C soc2@64.5C soc0@65C gpu@65.437C tj@65.718C soc1@65.687C VDD_IN 4642mW/10556mW VDD_CPU_GPU_CV 595mW/4281mW VDD_SOC 1468mW/2527mW
09-13-2026 13:43:06 RAM 2361/7620MB (lfb 13x4MB) SWAP 722/8192MB (cached 44MB) CPU [1%@1728,0%@1728,1%@1728,0%@1728,0%@729,0%@729] GR3D_FREQ 0% cpu@65.593C soc2@64.531C soc0@64.812C gpu@65.468C tj@65.593C soc1@65.593C VDD_IN 4642mW/10550mW VDD_CPU_GPU_CV 594mW/4278mW VDD_SOC 1468mW/2526mW
09-13-2026 13:43:06 RAM 2359/7620MB (lfb 13x4MB) SWAP 722/8192MB (cached 44MB) CPU [0%@1728,0%@1728,0%@1728,0%@1728,16%@729,0%@729] GR3D_FREQ 0% cpu@65.656C soc2@64.531C soc0@64.781C gpu@65.25C tj@65.562C soc1@65.562C VDD_IN 4801mW/10544mW VDD_CPU_GPU_CV 713mW/4274mW VDD_SOC 1468mW/2525mW
09-13-2026 13:43:07 RAM 2362/7620MB (lfb 13x4MB) SWAP 722/8192MB (cached 44MB) CPU [0%@1728,0%@1728,0%@1728,0%@1728,2%@729,0%@729] GR3D_FREQ 0% cpu@65.718C soc2@64.531C soc0@64.718C gpu@65.312C tj@65.718C soc1@65.406C VDD_IN 4721mW/10538mW VDD_CPU_GPU_CV 633mW/4270mW VDD_SOC 1468mW/2524mW
09-13-2026 13:43:07 RAM 2362/7620MB (lfb 13x4MB) SWAP 722/8192MB (cached 44MB) CPU [0%@1728,0%@1728,0%@1728,0%@1728,0%@729,0%@729] GR3D_FREQ 0% cpu@65.468C soc2@64.437C soc0@64.843C gpu@65.125C tj@65.468C soc1@65.312C VDD_IN 4642mW/10532mW VDD_CPU_GPU_CV 594mW/4267mW VDD_SOC 1468mW/2523mW
09-13-2026 13:43:08 RAM 2362/7620MB (lfb 13x4MB) SWAP 722/8192MB (cached 44MB) CPU [0%@729,0%@729,0%@729,1%@729,0%@729,0%@729] GR3D_FREQ 0% cpu@65.593C soc2@64.343C soc0@64.75C gpu@65.031C tj@65.593C soc1@65.25C VDD_IN 4642mW/10527mW VDD_CPU_GPU_CV 595mW/4263mW VDD_SOC 1468mW/2522mW
09-13-2026 13:43:08 RAM 2362/7620MB (lfb 13x4MB) SWAP 722/8192MB (cached 44MB) CPU [1%@1728,1%@1728,0%@1728,0%@1728,0%@729,0%@729] GR3D_FREQ 0% cpu@65.375C soc2@64.375C soc0@64.75C gpu@65.031C tj@65.437C soc1@65.437C VDD_IN 4682mW/10521mW VDD_CPU_GPU_CV 595mW/4260mW VDD_SOC 1468mW/2521mW
09-13-2026 13:43:09 RAM 2362/7620MB (lfb 13x4MB) SWAP 722/8192MB (cached 44MB) CPU [0%@729,0%@729,0%@729,0%@729,0%@729,0%@729] GR3D_FREQ 0% cpu@65.343C soc2@64.312C soc0@64.562C gpu@64.937C tj@65.343C soc1@65.218C VDD_IN 4721mW/10515mW VDD_CPU_GPU_CV 555mW/4256mW VDD_SOC 1507mW/2520mW
09-13-2026 13:43:09 RAM 2362/7620MB (lfb 13x4MB) SWAP 722/8192MB (cached 44MB) CPU [0%@729,0%@729,0%@1728,0%@1728,0%@729,0%@729] GR3D_FREQ 0% cpu@65.343C soc2@64.25C soc0@64.562C gpu@65.312C tj@65.343C soc1@65.218C VDD_IN 4682mW/10509mW VDD_CPU_GPU_CV 555mW/4252mW VDD_SOC 1507mW/2519mW
09-13-2026 13:43:10 RAM 2362/7620MB (lfb 13x4MB) SWAP 722/8192MB (cached 44MB) CPU [0%@1728,0%@1728,1%@1728,1%@1728,0%@729,0%@729] GR3D_FREQ 0% cpu@65.343C soc2@64.093C soc0@64.593C gpu@64.875C tj@65.343C soc1@65.156C VDD_IN 4642mW/10503mW VDD_CPU_GPU_CV 595mW/4249mW VDD_SOC 1468mW/2518mW
09-13-2026 13:43:10 RAM 2362/7620MB (lfb 13x4MB) SWAP 722/8192MB (cached 44MB) CPU [3%@729,0%@729,0%@729,0%@729,0%@729,0%@729] GR3D_FREQ 0% cpu@65.437C soc2@64.062C soc0@64.5C gpu@65.125C tj@65.437C soc1@65.062C VDD_IN 4642mW/10498mW VDD_CPU_GPU_CV 555mW/4245mW VDD_SOC 1468mW/2517mW
09-13-2026 13:43:11 RAM 2362/7620MB (lfb 13x4MB) SWAP 722/8192MB (cached 44MB) CPU [0%@729,1%@729,0%@729,0%@729,0%@729,0%@729] GR3D_FREQ 0% cpu@65.187C soc2@64.062C soc0@64.437C gpu@64.781C tj@65.187C soc1@65.187C VDD_IN 4642mW/10492mW VDD_CPU_GPU_CV 595mW/4241mW VDD_SOC 1468mW/2516mW
09-13-2026 13:43:11 RAM 2362/7620MB (lfb 13x4MB) SWAP 722/8192MB (cached 44MB) CPU [0%@1728,0%@1728,0%@1728,1%@1728,0%@729,0%@729] GR3D_FREQ 0% cpu@65.093C soc2@64.031C soc0@64.406C gpu@65C tj@65.125C soc1@65.093C VDD_IN 4642mW/10486mW VDD_CPU_GPU_CV 595mW/4238mW VDD_SOC 1468mW/2515mW
09-13-2026 13:43:12 RAM 2362/7620MB (lfb 13x4MB) SWAP 722/8192MB (cached 44MB) CPU [0%@729,1%@729,0%@729,0%@729,0%@729,0%@729] GR3D_FREQ 0% cpu@65.156C soc2@64.125C soc0@64.375C gpu@64.812C tj@65.156C soc1@65.031C VDD_IN 4642mW/10480mW VDD_CPU_GPU_CV 595mW/4234mW VDD_SOC 1468mW/2514mW
09-13-2026 13:43:12 RAM 2362/7620MB (lfb 13x4MB) SWAP 722/8192MB (cached 44MB) CPU [0%@729,0%@729,0%@729,0%@729,0%@729,0%@729] GR3D_FREQ 0% cpu@65.281C soc2@64C soc0@64.281C gpu@64.781C tj@65.281C soc1@64.968C VDD_IN 4602mW/10475mW VDD_CPU_GPU_CV 555mW/4231mW VDD_SOC 1468mW/2513mW
09-13-2026 13:43:13 RAM 2362/7620MB (lfb 13x4MB) SWAP 722/8192MB (cached 44MB) CPU [0%@1728,0%@1728,0%@1728,1%@1728,0%@729,0%@729] GR3D_FREQ 0% cpu@65C soc2@63.937C soc0@64.343C gpu@64.781C tj@65C soc1@64.906C VDD_IN 4602mW/10469mW VDD_CPU_GPU_CV 555mW/4227mW VDD_SOC 1468mW/2512mW
09-13-2026 13:43:13 RAM 2362/7620MB (lfb 13x4MB) SWAP 722/8192MB (cached 44MB) CPU [0%@1728,0%@1728,0%@1728,0%@1728,0%@729,0%@729] GR3D_FREQ 0% cpu@65.062C soc2@63.906C soc0@64.25C gpu@64.781C tj@65.062C soc1@64.906C VDD_IN 4602mW/10463mW VDD_CPU_GPU_CV 555mW/4223mW VDD_SOC 1468mW/2511mW
09-13-2026 13:43:14 RAM 2362/7620MB (lfb 13x4MB) SWAP 722/8192MB (cached 44MB) CPU [0%@729,0%@729,0%@729,0%@729,0%@729,0%@729] GR3D_FREQ 0% cpu@64.968C soc2@63.906C soc0@64.218C gpu@64.593C tj@64.968C soc1@64.906C VDD_IN 4602mW/10457mW VDD_CPU_GPU_CV 595mW/4220mW VDD_SOC 1468mW/2510mW
09-13-2026 13:43:14 RAM 2362/7620MB (lfb 13x4MB) SWAP 722/8192MB (cached 44MB) CPU [0%@729,0%@729,1%@729,1%@729,0%@729,0%@729] GR3D_FREQ 0% cpu@64.843C soc2@63.875C soc0@64.093C gpu@64.5C tj@64.875C soc1@64.875C VDD_IN 4602mW/10452mW VDD_CPU_GPU_CV 595mW/4216mW VDD_SOC 1468mW/2509mW
09-13-2026 13:43:15 RAM 2362/7620MB (lfb 13x4MB) SWAP 722/8192MB (cached 44MB) CPU [0%@729,0%@729,0%@729,0%@729,0%@729,0%@729] GR3D_FREQ 0% cpu@64.906C soc2@63.906C soc0@64.062C gpu@64.531C tj@64.906C soc1@64.75C VDD_IN 4602mW/10446mW VDD_CPU_GPU_CV 595mW/4213mW VDD_SOC 1468mW/2508mW
09-13-2026 13:43:15 RAM 2362/7620MB (lfb 13x4MB) SWAP 722/8192MB (cached 44MB) CPU [1%@1728,1%@1728,0%@1728,0%@1728,0%@729,0%@729] GR3D_FREQ 0% cpu@64.968C soc2@63.75C soc0@64.156C gpu@64.437C tj@64.968C soc1@64.75C VDD_IN 4602mW/10440mW VDD_CPU_GPU_CV 594mW/4209mW VDD_SOC 1468mW/2507mW
09-13-2026 13:43:16 RAM 2362/7620MB (lfb 13x4MB) SWAP 722/8192MB (cached 44MB) CPU [0%@1728,0%@1728,0%@1728,0%@1728,0%@729,0%@729] GR3D_FREQ 0% cpu@64.843C soc2@63.781C soc0@64.031C gpu@64.718C tj@64.968C soc1@64.718C VDD_IN 4642mW/10435mW VDD_CPU_GPU_CV 554mW/4206mW VDD_SOC 1468mW/2506mW
09-13-2026 13:43:16 RAM 2362/7620MB (lfb 13x4MB) SWAP 722/8192MB (cached 44MB) CPU [0%@1728,0%@1728,0%@1728,0%@1728,0%@729,0%@729] GR3D_FREQ 0% cpu@64.781C soc2@63.687C soc0@64.062C gpu@64.312C tj@64.781C soc1@64.687C VDD_IN 4602mW/10429mW VDD_CPU_GPU_CV 555mW/4202mW VDD_SOC 1468mW/2505mW
09-13-2026 13:43:17 RAM 2362/7620MB (lfb 13x4MB) SWAP 722/8192MB (cached 44MB) CPU [0%@729,0%@729,0%@729,0%@729,0%@729,0%@729] GR3D_FREQ 0% cpu@64.593C soc2@63.625C soc0@63.968C gpu@64.625C tj@64.718C soc1@64.718C VDD_IN 4602mW/10423mW VDD_CPU_GPU_CV 555mW/4199mW VDD_SOC 1468mW/2504mW
09-13-2026 13:43:17 RAM 2362/7620MB (lfb 13x4MB) SWAP 722/8192MB (cached 44MB) CPU [1%@1728,1%@1728,0%@1728,0%@1728,0%@729,0%@729] GR3D_FREQ 0% cpu@64.75C soc2@63.718C soc0@63.812C gpu@64.312C tj@64.75C soc1@64.656C VDD_IN 4602mW/10418mW VDD_CPU_GPU_CV 554mW/4195mW VDD_SOC 1468mW/2503mW
09-13-2026 13:43:18 RAM 2362/7620MB (lfb 13x4MB) SWAP 722/8192MB (cached 45MB) CPU [0%@1728,0%@1728,0%@1728,0%@1728,0%@729,0%@729] GR3D_FREQ 0% cpu@64.781C soc2@63.656C soc0@64C gpu@64.562C tj@64.781C soc1@64.5C VDD_IN 4602mW/10412mW VDD_CPU_GPU_CV 555mW/4191mW VDD_SOC 1468mW/2502mW
09-13-2026 13:43:18 RAM 2362/7620MB (lfb 13x4MB) SWAP 722/8192MB (cached 45MB) CPU [0%@1728,0%@1728,0%@1728,0%@1728,0%@729,0%@729] GR3D_FREQ 0% cpu@64.531C soc2@63.562C soc0@63.906C gpu@64.312C tj@64.531C soc1@64.406C VDD_IN 4602mW/10406mW VDD_CPU_GPU_CV 554mW/4188mW VDD_SOC 1468mW/2501mW
09-13-2026 13:43:19 RAM 2362/7620MB (lfb 13x4MB) SWAP 722/8192MB (cached 45MB) CPU [0%@729,0%@729,0%@729,1%@729,0%@729,0%@729] GR3D_FREQ 0% cpu@64.531C soc2@63.437C soc0@63.843C gpu@64.406C tj@64.531C soc1@64.406C VDD_IN 4602mW/10401mW VDD_CPU_GPU_CV 555mW/4184mW VDD_SOC 1468mW/2500mW
09-13-2026 13:43:19 RAM 2362/7620MB (lfb 13x4MB) SWAP 722/8192MB (cached 45MB) CPU [0%@729,0%@729,0%@729,1%@729,0%@729,0%@729] GR3D_FREQ 0% cpu@64.531C soc2@63.468C soc0@63.687C gpu@64.187C tj@64.531C soc1@64.406C VDD_IN 4602mW/10395mW VDD_CPU_GPU_CV 555mW/4181mW VDD_SOC 1468mW/2499mW
09-13-2026 13:43:20 RAM 2362/7620MB (lfb 13x4MB) SWAP 722/8192MB (cached 45MB) CPU [0%@1728,0%@1728,0%@1728,0%@1728,0%@729,0%@729] GR3D_FREQ 0% cpu@64.343C soc2@63.531C soc0@63.687C gpu@64.125C tj@64.406C soc1@64.343C VDD_IN 4602mW/10389mW VDD_CPU_GPU_CV 555mW/4177mW VDD_SOC 1468mW/2498mW
09-13-2026 13:43:20 RAM 2362/7620MB (lfb 13x4MB) SWAP 722/8192MB (cached 45MB) CPU [1%@1728,0%@1728,0%@1728,0%@1728,0%@729,0%@729] GR3D_FREQ 0% cpu@64.406C soc2@63.437C soc0@63.625C gpu@64.218C tj@64.406C soc1@64.25C VDD_IN 4602mW/10384mW VDD_CPU_GPU_CV 555mW/4174mW VDD_SOC 1468mW/2497mW
09-13-2026 13:43:21 RAM 2361/7620MB (lfb 13x4MB) SWAP 722/8192MB (cached 45MB) CPU [0%@729,3%@729,0%@729,1%@729,0%@729,0%@729] GR3D_FREQ 0% cpu@64.468C soc2@63.375C soc0@63.75C gpu@64.031C tj@64.468C soc1@64.25C VDD_IN 4602mW/10378mW VDD_CPU_GPU_CV 594mW/4170mW VDD_SOC 1468mW/2496mW
09-13-2026 13:43:21 RAM 2361/7620MB (lfb 13x4MB) SWAP 722/8192MB (cached 45MB) CPU [0%@729,0%@729,0%@729,0%@729,0%@729,0%@729] GR3D_FREQ 0% cpu@64.5C soc2@63.281C soc0@63.625C gpu@64.031C tj@64.5C soc1@64.25C VDD_IN 4602mW/10373mW VDD_CPU_GPU_CV 555mW/4167mW VDD_SOC 1468mW/2495mW
09-13-2026 13:43:22 RAM 2361/7620MB (lfb 13x4MB) SWAP 722/8192MB (cached 45MB) CPU [0%@1728,0%@1728,1%@1728,1%@1728,0%@729,0%@729] GR3D_FREQ 0% cpu@64.343C soc2@63.218C soc0@63.468C gpu@63.937C tj@64.343C soc1@64.312C VDD_IN 4602mW/10367mW VDD_CPU_GPU_CV 555mW/4163mW VDD_SOC 1468mW/2494mW
09-13-2026 13:43:22 RAM 2361/7620MB (lfb 13x4MB) SWAP 722/8192MB (cached 45MB) CPU [0%@729,0%@729,0%@729,0%@729,0%@729,0%@729] GR3D_FREQ 0% cpu@64.156C soc2@63.156C soc0@63.5C gpu@64.031C tj@64.281C soc1@64.281C VDD_IN 4682mW/10362mW VDD_CPU_GPU_CV 555mW/4160mW VDD_SOC 1468mW/2493mW
09-13-2026 13:43:23 RAM 2361/7620MB (lfb 13x4MB) SWAP 722/8192MB (cached 45MB) CPU [0%@1728,0%@1728,0%@1728,1%@1728,0%@729,0%@729] GR3D_FREQ 0% cpu@64.343C soc2@63.156C soc0@63.437C gpu@63.781C tj@64.187C soc1@64.187C VDD_IN 4642mW/10356mW VDD_CPU_GPU_CV 595mW/4157mW VDD_SOC 1468mW/2492mW
09-13-2026 13:43:23 RAM 2361/7620MB (lfb 13x4MB) SWAP 722/8192MB (cached 45MB) CPU [0%@1728,0%@1728,0%@1728,0%@1728,0%@729,0%@729] GR3D_FREQ 0% cpu@64.437C soc2@63.093C soc0@63.375C gpu@63.718C tj@64.437C soc1@64.187C VDD_IN 4602mW/10351mW VDD_CPU_GPU_CV 595mW/4153mW VDD_SOC 1468mW/2491mW
09-13-2026 13:43:24 RAM 2361/7620MB (lfb 13x4MB) SWAP 722/8192MB (cached 45MB) CPU [3%@729,1%@729,0%@729,0%@729,0%@729,0%@729] GR3D_FREQ 0% cpu@64.187C soc2@63.093C soc0@63.5C gpu@63.781C tj@64.187C soc1@64.062C VDD_IN 4602mW/10345mW VDD_CPU_GPU_CV 555mW/4150mW VDD_SOC 1468mW/2490mW
09-13-2026 13:43:24 RAM 2361/7620MB (lfb 13x4MB) SWAP 722/8192MB (cached 45MB) CPU [0%@1728,0%@1728,1%@1728,0%@1728,0%@729,0%@729] GR3D_FREQ 0% cpu@64.218C soc2@63.062C soc0@63.437C gpu@63.687C tj@64.218C soc1@64C VDD_IN 4602mW/10340mW VDD_CPU_GPU_CV 555mW/4146mW VDD_SOC 1468mW/2489mW
09-13-2026 13:43:25 RAM 2361/7620MB (lfb 13x4MB) SWAP 722/8192MB (cached 45MB) CPU [0%@729,0%@729,0%@729,0%@729,0%@729,0%@729] GR3D_FREQ 0% cpu@63.968C soc2@63.062C soc0@63.312C gpu@63.718C tj@64.093C soc1@64C VDD_IN 4602mW/10334mW VDD_CPU_GPU_CV 555mW/4143mW VDD_SOC 1468mW/2488mW
09-13-2026 13:43:25 RAM 2361/7620MB (lfb 13x4MB) SWAP 722/8192MB (cached 45MB) CPU [0%@1728,0%@1728,0%@1728,0%@1728,0%@729,0%@729] GR3D_FREQ 0% cpu@64C soc2@63.031C soc0@63.25C gpu@63.531C tj@64.031C soc1@64.031C VDD_IN 4602mW/10329mW VDD_CPU_GPU_CV 555mW/4139mW VDD_SOC 1468mW/2487mW
09-13-2026 13:43:26 RAM 2361/7620MB (lfb 13x4MB) SWAP 722/8192MB (cached 45MB) CPU [0%@729,0%@729,0%@729,0%@729,0%@729,0%@729] GR3D_FREQ 0% cpu@63.937C soc2@63.062C soc0@63.25C gpu@63.812C tj@64C soc1@64C VDD_IN 4602mW/10323mW VDD_CPU_GPU_CV 555mW/4136mW VDD_SOC 1468mW/2486mW
09-13-2026 13:43:26 RAM 2361/7620MB (lfb 13x4MB) SWAP 722/8192MB (cached 45MB) CPU [0%@729,1%@1728,0%@1728,0%@1728,0%@729,0%@729] GR3D_FREQ 0% cpu@64.062C soc2@62.968C soc0@63.25C gpu@63.937C tj@64.062C soc1@63.875C VDD_IN 4563mW/10318mW VDD_CPU_GPU_CV 555mW/4132mW VDD_SOC 1468mW/2485mW
09-13-2026 13:43:27 RAM 2361/7620MB (lfb 13x4MB) SWAP 722/8192MB (cached 45MB) CPU [0%@729,0%@729,0%@729,3%@729,0%@729,0%@729] GR3D_FREQ 0% cpu@64.093C soc2@62.906C soc0@63.25C gpu@63.625C tj@64.093C soc1@63.875C VDD_IN 4602mW/10312mW VDD_CPU_GPU_CV 555mW/4129mW VDD_SOC 1468mW/2484mW
09-13-2026 13:43:27 RAM 2361/7620MB (lfb 13x4MB) SWAP 722/8192MB (cached 45MB) CPU [0%@1728,0%@1728,0%@1728,0%@1728,0%@729,0%@729] GR3D_FREQ 0% cpu@63.937C soc2@62.843C soc0@63.218C gpu@63.5C tj@63.937C soc1@63.812C VDD_IN 4602mW/10307mW VDD_CPU_GPU_CV 555mW/4126mW VDD_SOC 1468mW/2483mW
09-13-2026 13:43:28 RAM 2361/7620MB (lfb 13x4MB) SWAP 722/8192MB (cached 45MB) CPU [0%@729,0%@729,0%@729,1%@729,0%@729,0%@729] GR3D_FREQ 0% cpu@63.687C soc2@62.812C soc0@63.093C gpu@63.625C tj@63.875C soc1@63.875C VDD_IN 4602mW/10301mW VDD_CPU_GPU_CV 555mW/4122mW VDD_SOC 1468mW/2482mW
09-13-2026 13:43:28 RAM 2361/7620MB (lfb 13x4MB) SWAP 722/8192MB (cached 45MB) CPU [0%@729,0%@729,0%@729,0%@1728,0%@729,0%@729] GR3D_FREQ 0% cpu@63.937C soc2@62.75C soc0@63.093C gpu@63.437C tj@63.937C soc1@63.843C VDD_IN 4602mW/10296mW VDD_CPU_GPU_CV 595mW/4119mW VDD_SOC 1468mW/2481mW
09-13-2026 13:43:29 RAM 2361/7620MB (lfb 13x4MB) SWAP 722/8192MB (cached 45MB) CPU [1%@729,0%@729,0%@729,0%@729,0%@729,0%@729] GR3D_FREQ 0% cpu@64C soc2@62.781C soc0@63.156C gpu@63.312C tj@64C soc1@63.718C VDD_IN 4642mW/10290mW VDD_CPU_GPU_CV 555mW/4115mW VDD_SOC 1468mW/2480mW
09-13-2026 13:43:29 RAM 2361/7620MB (lfb 13x4MB) SWAP 722/8192MB (cached 45MB) CPU [0%@1728,1%@1728,0%@1728,0%@1728,0%@729,0%@729] GR3D_FREQ 0% cpu@63.75C soc2@62.843C soc0@62.937C gpu@63.343C tj@63.75C soc1@63.687C VDD_IN 4602mW/10285mW VDD_CPU_GPU_CV 555mW/4112mW VDD_SOC 1468mW/2479mW
09-13-2026 13:43:30 RAM 2361/7620MB (lfb 13x4MB) SWAP 722/8192MB (cached 45MB) CPU [0%@1728,0%@1728,0%@1728,0%@1728,0%@729,0%@729] GR3D_FREQ 0% cpu@63.843C soc2@62.656C soc0@63C gpu@63.343C tj@63.843C soc1@63.625C VDD_IN 4602mW/10280mW VDD_CPU_GPU_CV 555mW/4109mW VDD_SOC 1468mW/2478mW
09-13-2026 13:43:31 RAM 2361/7620MB (lfb 13x4MB) SWAP 722/8192MB (cached 45MB) CPU [1%@729,0%@729,0%@729,0%@729,0%@729,0%@729] GR3D_FREQ 0% cpu@63.625C soc2@62.625C soc0@62.906C gpu@63.343C tj@63.75C soc1@63.75C VDD_IN 4602mW/10274mW VDD_CPU_GPU_CV 555mW/4105mW VDD_SOC 1468mW/2477mW
09-13-2026 13:43:31 RAM 2361/7620MB (lfb 13x4MB) SWAP 722/8192MB (cached 45MB) CPU [0%@1728,0%@1728,0%@1728,1%@1728,0%@729,0%@729] GR3D_FREQ 0% cpu@63.468C soc2@62.687C soc0@62.937C gpu@63.187C tj@63.656C soc1@63.656C VDD_IN 4602mW/10269mW VDD_CPU_GPU_CV 555mW/4102mW VDD_SOC 1468mW/2476mW
09-13-2026 13:43:32 RAM 2362/7620MB (lfb 13x4MB) SWAP 722/8192MB (cached 45MB) CPU [1%@1728,0%@1728,4%@1728,0%@1728,0%@729,0%@729] GR3D_FREQ 0% cpu@63.593C soc2@62.593C soc0@62.75C gpu@63.375C tj@63.593C soc1@63.593C VDD_IN 4642mW/10263mW VDD_CPU_GPU_CV 595mW/4099mW VDD_SOC 1468mW/2475mW
