ggml_cuda_init: found 1 CUDA devices (Total VRAM: 7619 MiB):
  Device 0: Orin, compute capability 8.7, VMM: yes, VRAM: 7619 MiB
llama_model_loader: loaded meta data with 28 key-value pairs and 399 tensors from /home/jetson/mage-models/mage-vl-backbone-Q4_K_M.gguf (version GGUF V3 (latest))
llama_model_loader: Dumping metadata keys/values. Note: KV overrides do not apply in this output.
llama_model_loader: - kv   0:                       general.architecture str              = qwen3
llama_model_loader: - kv   1:                               general.type str              = model
llama_model_loader: - kv   2:                               general.name str              = Mage VL
llama_model_loader: - kv   3:                         general.size_label str              = 4.4B
llama_model_loader: - kv   4:                            general.license str              = apache-2.0
llama_model_loader: - kv   5:                               general.tags arr[str,6]       = ["multimodal", "vision-language-model...
llama_model_loader: - kv   6:                          qwen3.block_count u32              = 36
llama_model_loader: - kv   7:                       qwen3.context_length u32              = 262144
llama_model_loader: - kv   8:                     qwen3.embedding_length u32              = 2560
llama_model_loader: - kv   9:                  qwen3.feed_forward_length u32              = 9728
llama_model_loader: - kv  10:                 qwen3.attention.head_count u32              = 32
llama_model_loader: - kv  11:              qwen3.attention.head_count_kv u32              = 8
llama_model_loader: - kv  12:                       qwen3.rope.freq_base f32              = 5000000.000000
llama_model_loader: - kv  13:     qwen3.attention.layer_norm_rms_epsilon f32              = 0.000001
llama_model_loader: - kv  14:                 qwen3.attention.key_length u32              = 128
llama_model_loader: - kv  15:               qwen3.attention.value_length u32              = 128
llama_model_loader: - kv  16:                       tokenizer.ggml.model str              = gpt2
llama_model_loader: - kv  17:                         tokenizer.ggml.pre str              = qwen2
llama_model_loader: - kv  18:                      tokenizer.ggml.tokens arr[str,151936]  = ["!", "\"", "#", "$", "%", "&", "'", ...
llama_model_loader: - kv  19:                  tokenizer.ggml.token_type arr[i32,151936]  = [1, 1, 1, 1, 1, 1, 1, 1, 1, 1, 1, 1, ...
llama_model_loader: - kv  20:                      tokenizer.ggml.merges arr[str,151387]  = ["Ġ Ġ", "ĠĠ ĠĠ", "i n", "Ġ t",...
llama_model_loader: - kv  21:                tokenizer.ggml.eos_token_id u32              = 151645
llama_model_loader: - kv  22:            tokenizer.ggml.padding_token_id u32              = 151643
llama_model_loader: - kv  23:                tokenizer.ggml.bos_token_id u32              = 151643
llama_model_loader: - kv  24:               tokenizer.ggml.add_bos_token bool             = false
llama_model_loader: - kv  25:                    tokenizer.chat_template str              = {% set image_count = namespace(value=...
llama_model_loader: - kv  26:               general.quantization_version u32              = 2
llama_model_loader: - kv  27:                          general.file_type u32              = 15
llama_model_loader: - type  f32:  145 tensors
llama_model_loader: - type q4_K:  217 tensors
llama_model_loader: - type q6_K:   37 tensors
print_info: file format = GGUF V3 (latest)
print_info: file type   = Q4_K - Medium
print_info: file size   = 2.52 GiB (4.91 BPW) 
ggml_backend_cuda_get_available_uma_memory: final available_memory_kb: 4581616
llama_prepare_model_devices: using device CUDA0 (Orin) (0000:00:00.0) - 4474 MiB free
init_tokenizer: initializing tokenizer for type 2
load: 0 unused tokens
load: control token: 151660 '<|fim_middle|>' is not marked as EOG
load: control token: 151659 '<|fim_prefix|>' is not marked as EOG
load: control token: 151653 '<|vision_end|>' is not marked as EOG
load: control token: 151648 '<|box_start|>' is not marked as EOG
load: control token: 151646 '<|object_ref_start|>' is not marked as EOG
load: control token: 151649 '<|box_end|>' is not marked as EOG
load: control-looking token: 128247 '</s>' was not control-type; this is probably a bug in the model. its type will be overridden
load: control token: 151655 '<|image_pad|>' is not marked as EOG
load: control token: 151651 '<|quad_end|>' is not marked as EOG
load: control token: 151647 '<|object_ref_end|>' is not marked as EOG
load: control token: 151652 '<|vision_start|>' is not marked as EOG
load: control token: 151654 '<|vision_pad|>' is not marked as EOG
load: control token: 151656 '<|video_pad|>' is not marked as EOG
load: control token: 151644 '<|im_start|>' is not marked as EOG
load: control token: 151661 '<|fim_suffix|>' is not marked as EOG
load: control token: 151650 '<|quad_start|>' is not marked as EOG
load: printing all EOG tokens:
load:   - 128247 ('</s>')
load:   - 151643 ('<|endoftext|>')
load:   - 151645 ('<|im_end|>')
load:   - 151662 ('<|fim_pad|>')
load:   - 151663 ('<|repo_name|>')
load:   - 151664 ('<|file_sep|>')
load: special tokens cache size = 23
load: token to piece cache size = 0.9310 MB
print_info: arch                  = qwen3
print_info: vocab_only            = 0
print_info: no_alloc              = 0
print_info: n_ctx_train           = 262144
print_info: n_embd_inp            = 2560
print_info: n_embd                = 2560
print_info: n_embd_out            = 2560
print_info: n_layer               = 36
print_info: n_layer_all           = 36
print_info: n_head                = 32
print_info: n_head_kv             = 8
print_info: n_rot                 = 128
print_info: n_swa                 = 0
print_info: is_swa_any            = 0
print_info: n_embd_head_k         = 128
print_info: n_embd_head_v         = 128
print_info: n_gqa                 = 4
print_info: n_embd_k_gqa          = 1024
print_info: n_embd_v_gqa          = 1024
print_info: f_norm_eps            = 0.0e+00
print_info: f_norm_rms_eps        = 1.0e-06
print_info: f_clamp_kqv           = 0.0e+00
print_info: f_max_alibi_bias      = 0.0e+00
print_info: f_logit_scale         = 0.0e+00
print_info: f_attn_scale          = 0.0e+00
print_info: f_attn_value_scale    = 0.0000
print_info: n_ff                  = 9728
print_info: n_expert              = 0
print_info: n_expert_used         = 0
print_info: n_expert_groups       = 0
print_info: n_group_used          = 0
print_info: causal attn           = 1
print_info: pooling type          = -1
print_info: rope type             = 2
print_info: rope scaling          = linear
print_info: freq_base_train       = 5000000.0
print_info: freq_scale_train      = 1
print_info: n_ctx_orig_yarn       = 262144
print_info: rope_yarn_log_mul     = 0.0000
print_info: rope_finetuned        = unknown
print_info: model type            = 4B
print_info: model params          = 4.41 B
print_info: general.name          = Mage VL
print_info: vocab type            = BPE
print_info: n_vocab               = 151936
print_info: n_merges              = 151387
print_info: BOS token             = 151643 '<|endoftext|>'
print_info: EOS token             = 151645 '<|im_end|>'
print_info: EOT token             = 151645 '<|im_end|>'
print_info: PAD token             = 151643 '<|endoftext|>'
print_info: LF token              = 198 'Ċ'
print_info: FIM PRE token         = 151659 '<|fim_prefix|>'
print_info: FIM SUF token         = 151661 '<|fim_suffix|>'
print_info: FIM MID token         = 151660 '<|fim_middle|>'
print_info: FIM PAD token         = 151662 '<|fim_pad|>'
print_info: FIM REP token         = 151663 '<|repo_name|>'
print_info: FIM SEP token         = 151664 '<|file_sep|>'
print_info: EOG token             = 128247 '</s>'
print_info: EOG token             = 151643 '<|endoftext|>'
print_info: EOG token             = 151645 '<|im_end|>'
print_info: EOG token             = 151662 '<|fim_pad|>'
print_info: EOG token             = 151663 '<|repo_name|>'
print_info: EOG token             = 151664 '<|file_sep|>'
print_info: max token length      = 256
load_tensors: loading model tensors, this can take a while... (load_mode = mmap)
ggml_backend_cuda_get_available_uma_memory: final available_memory_kb: 4536788
load_tensors: layer   0 assigned to device CUDA0, is_swa = 0
load_tensors: layer   1 assigned to device CUDA0, is_swa = 0
load_tensors: layer   2 assigned to device CUDA0, is_swa = 0
load_tensors: layer   3 assigned to device CUDA0, is_swa = 0
load_tensors: layer   4 assigned to device CUDA0, is_swa = 0
load_tensors: layer   5 assigned to device CUDA0, is_swa = 0
load_tensors: layer   6 assigned to device CUDA0, is_swa = 0
load_tensors: layer   7 assigned to device CUDA0, is_swa = 0
load_tensors: layer   8 assigned to device CUDA0, is_swa = 0
load_tensors: layer   9 assigned to device CUDA0, is_swa = 0
load_tensors: layer  10 assigned to device CUDA0, is_swa = 0
load_tensors: layer  11 assigned to device CUDA0, is_swa = 0
load_tensors: layer  12 assigned to device CUDA0, is_swa = 0
load_tensors: layer  13 assigned to device CUDA0, is_swa = 0
load_tensors: layer  14 assigned to device CUDA0, is_swa = 0
load_tensors: layer  15 assigned to device CUDA0, is_swa = 0
load_tensors: layer  16 assigned to device CUDA0, is_swa = 0
load_tensors: layer  17 assigned to device CUDA0, is_swa = 0
load_tensors: layer  18 assigned to device CUDA0, is_swa = 0
load_tensors: layer  19 assigned to device CUDA0, is_swa = 0
load_tensors: layer  20 assigned to device CUDA0, is_swa = 0
load_tensors: layer  21 assigned to device CUDA0, is_swa = 0
load_tensors: layer  22 assigned to device CUDA0, is_swa = 0
load_tensors: layer  23 assigned to device CUDA0, is_swa = 0
load_tensors: layer  24 assigned to device CUDA0, is_swa = 0
load_tensors: layer  25 assigned to device CUDA0, is_swa = 0
load_tensors: layer  26 assigned to device CUDA0, is_swa = 0
load_tensors: layer  27 assigned to device CUDA0, is_swa = 0
load_tensors: layer  28 assigned to device CUDA0, is_swa = 0
load_tensors: layer  29 assigned to device CUDA0, is_swa = 0
load_tensors: layer  30 assigned to device CUDA0, is_swa = 0
load_tensors: layer  31 assigned to device CUDA0, is_swa = 0
load_tensors: layer  32 assigned to device CUDA0, is_swa = 0
load_tensors: layer  33 assigned to device CUDA0, is_swa = 0
load_tensors: layer  34 assigned to device CUDA0, is_swa = 0
load_tensors: layer  35 assigned to device CUDA0, is_swa = 0
load_tensors: layer  36 assigned to device CUDA0, is_swa = 0
create_tensor: loading tensor token_embd.weight
create_tensor: loading tensor output_norm.weight
create_tensor: loading tensor output.weight
create_tensor: loading tensor cls.output.weight
create_tensor: loading tensor blk.0.attn_norm.weight
create_tensor: loading tensor blk.0.attn_qkv.weight
create_tensor: loading tensor blk.0.attn_q.weight
create_tensor: loading tensor blk.0.attn_k.weight
create_tensor: loading tensor blk.0.attn_v.weight
create_tensor: loading tensor blk.0.attn_q.bias
create_tensor: loading tensor blk.0.attn_k.bias
create_tensor: loading tensor blk.0.attn_v.bias
create_tensor: loading tensor blk.0.attn_output.weight
create_tensor: loading tensor blk.0.attn_k_norm.weight
create_tensor: loading tensor blk.0.attn_q_norm.weight
create_tensor: loading tensor blk.0.ffn_norm.weight
create_tensor: loading tensor blk.0.ffn_gate.weight
create_tensor: loading tensor blk.0.ffn_down.weight
create_tensor: loading tensor blk.0.ffn_up.weight
create_tensor: loading tensor blk.1.attn_norm.weight
create_tensor: loading tensor blk.1.attn_qkv.weight
create_tensor: loading tensor blk.1.attn_q.weight
create_tensor: loading tensor blk.1.attn_k.weight
create_tensor: loading tensor blk.1.attn_v.weight
create_tensor: loading tensor blk.1.attn_q.bias
create_tensor: loading tensor blk.1.attn_k.bias
create_tensor: loading tensor blk.1.attn_v.bias
create_tensor: loading tensor blk.1.attn_output.weight
create_tensor: loading tensor blk.1.attn_k_norm.weight
create_tensor: loading tensor blk.1.attn_q_norm.weight
create_tensor: loading tensor blk.1.ffn_norm.weight
create_tensor: loading tensor blk.1.ffn_gate.weight
create_tensor: loading tensor blk.1.ffn_down.weight
create_tensor: loading tensor blk.1.ffn_up.weight
create_tensor: loading tensor blk.2.attn_norm.weight
create_tensor: loading tensor blk.2.attn_qkv.weight
create_tensor: loading tensor blk.2.attn_q.weight
create_tensor: loading tensor blk.2.attn_k.weight
create_tensor: loading tensor blk.2.attn_v.weight
create_tensor: loading tensor blk.2.attn_q.bias
create_tensor: loading tensor blk.2.attn_k.bias
create_tensor: loading tensor blk.2.attn_v.bias
create_tensor: loading tensor blk.2.attn_output.weight
create_tensor: loading tensor blk.2.attn_k_norm.weight
create_tensor: loading tensor blk.2.attn_q_norm.weight
create_tensor: loading tensor blk.2.ffn_norm.weight
create_tensor: loading tensor blk.2.ffn_gate.weight
create_tensor: loading tensor blk.2.ffn_down.weight
create_tensor: loading tensor blk.2.ffn_up.weight
create_tensor: loading tensor blk.3.attn_norm.weight
create_tensor: loading tensor blk.3.attn_qkv.weight
create_tensor: loading tensor blk.3.attn_q.weight
create_tensor: loading tensor blk.3.attn_k.weight
create_tensor: loading tensor blk.3.attn_v.weight
create_tensor: loading tensor blk.3.attn_q.bias
create_tensor: loading tensor blk.3.attn_k.bias
create_tensor: loading tensor blk.3.attn_v.bias
create_tensor: loading tensor blk.3.attn_output.weight
create_tensor: loading tensor blk.3.attn_k_norm.weight
create_tensor: loading tensor blk.3.attn_q_norm.weight
create_tensor: loading tensor blk.3.ffn_norm.weight
create_tensor: loading tensor blk.3.ffn_gate.weight
create_tensor: loading tensor blk.3.ffn_down.weight
create_tensor: loading tensor blk.3.ffn_up.weight
create_tensor: loading tensor blk.4.attn_norm.weight
create_tensor: loading tensor blk.4.attn_qkv.weight
create_tensor: loading tensor blk.4.attn_q.weight
create_tensor: loading tensor blk.4.attn_k.weight
create_tensor: loading tensor blk.4.attn_v.weight
create_tensor: loading tensor blk.4.attn_q.bias
create_tensor: loading tensor blk.4.attn_k.bias
create_tensor: loading tensor blk.4.attn_v.bias
create_tensor: loading tensor blk.4.attn_output.weight
create_tensor: loading tensor blk.4.attn_k_norm.weight
create_tensor: loading tensor blk.4.attn_q_norm.weight
create_tensor: loading tensor blk.4.ffn_norm.weight
create_tensor: loading tensor blk.4.ffn_gate.weight
create_tensor: loading tensor blk.4.ffn_down.weight
create_tensor: loading tensor blk.4.ffn_up.weight
create_tensor: loading tensor blk.5.attn_norm.weight
create_tensor: loading tensor blk.5.attn_qkv.weight
create_tensor: loading tensor blk.5.attn_q.weight
create_tensor: loading tensor blk.5.attn_k.weight
create_tensor: loading tensor blk.5.attn_v.weight
create_tensor: loading tensor blk.5.attn_q.bias
create_tensor: loading tensor blk.5.attn_k.bias
create_tensor: loading tensor blk.5.attn_v.bias
create_tensor: loading tensor blk.5.attn_output.weight
create_tensor: loading tensor blk.5.attn_k_norm.weight
create_tensor: loading tensor blk.5.attn_q_norm.weight
create_tensor: loading tensor blk.5.ffn_norm.weight
create_tensor: loading tensor blk.5.ffn_gate.weight
create_tensor: loading tensor blk.5.ffn_down.weight
create_tensor: loading tensor blk.5.ffn_up.weight
create_tensor: loading tensor blk.6.attn_norm.weight
create_tensor: loading tensor blk.6.attn_qkv.weight
create_tensor: loading tensor blk.6.attn_q.weight
create_tensor: loading tensor blk.6.attn_k.weight
create_tensor: loading tensor blk.6.attn_v.weight
create_tensor: loading tensor blk.6.attn_q.bias
create_tensor: loading tensor blk.6.attn_k.bias
create_tensor: loading tensor blk.6.attn_v.bias
create_tensor: loading tensor blk.6.attn_output.weight
create_tensor: loading tensor blk.6.attn_k_norm.weight
create_tensor: loading tensor blk.6.attn_q_norm.weight
create_tensor: loading tensor blk.6.ffn_norm.weight
create_tensor: loading tensor blk.6.ffn_gate.weight
create_tensor: loading tensor blk.6.ffn_down.weight
create_tensor: loading tensor blk.6.ffn_up.weight
create_tensor: loading tensor blk.7.attn_norm.weight
create_tensor: loading tensor blk.7.attn_qkv.weight
create_tensor: loading tensor blk.7.attn_q.weight
create_tensor: loading tensor blk.7.attn_k.weight
create_tensor: loading tensor blk.7.attn_v.weight
create_tensor: loading tensor blk.7.attn_q.bias
create_tensor: loading tensor blk.7.attn_k.bias
create_tensor: loading tensor blk.7.attn_v.bias
create_tensor: loading tensor blk.7.attn_output.weight
create_tensor: loading tensor blk.7.attn_k_norm.weight
create_tensor: loading tensor blk.7.attn_q_norm.weight
create_tensor: loading tensor blk.7.ffn_norm.weight
create_tensor: loading tensor blk.7.ffn_gate.weight
create_tensor: loading tensor blk.7.ffn_down.weight
create_tensor: loading tensor blk.7.ffn_up.weight
create_tensor: loading tensor blk.8.attn_norm.weight
create_tensor: loading tensor blk.8.attn_qkv.weight
create_tensor: loading tensor blk.8.attn_q.weight
create_tensor: loading tensor blk.8.attn_k.weight
create_tensor: loading tensor blk.8.attn_v.weight
create_tensor: loading tensor blk.8.attn_q.bias
create_tensor: loading tensor blk.8.attn_k.bias
create_tensor: loading tensor blk.8.attn_v.bias
create_tensor: loading tensor blk.8.attn_output.weight
create_tensor: loading tensor blk.8.attn_k_norm.weight
create_tensor: loading tensor blk.8.attn_q_norm.weight
create_tensor: loading tensor blk.8.ffn_norm.weight
create_tensor: loading tensor blk.8.ffn_gate.weight
create_tensor: loading tensor blk.8.ffn_down.weight
create_tensor: loading tensor blk.8.ffn_up.weight
create_tensor: loading tensor blk.9.attn_norm.weight
create_tensor: loading tensor blk.9.attn_qkv.weight
create_tensor: loading tensor blk.9.attn_q.weight
create_tensor: loading tensor blk.9.attn_k.weight
create_tensor: loading tensor blk.9.attn_v.weight
create_tensor: loading tensor blk.9.attn_q.bias
create_tensor: loading tensor blk.9.attn_k.bias
create_tensor: loading tensor blk.9.attn_v.bias
create_tensor: loading tensor blk.9.attn_output.weight
create_tensor: loading tensor blk.9.attn_k_norm.weight
create_tensor: loading tensor blk.9.attn_q_norm.weight
create_tensor: loading tensor blk.9.ffn_norm.weight
create_tensor: loading tensor blk.9.ffn_gate.weight
create_tensor: loading tensor blk.9.ffn_down.weight
create_tensor: loading tensor blk.9.ffn_up.weight
create_tensor: loading tensor blk.10.attn_norm.weight
create_tensor: loading tensor blk.10.attn_qkv.weight
create_tensor: loading tensor blk.10.attn_q.weight
create_tensor: loading tensor blk.10.attn_k.weight
create_tensor: loading tensor blk.10.attn_v.weight
create_tensor: loading tensor blk.10.attn_q.bias
create_tensor: loading tensor blk.10.attn_k.bias
create_tensor: loading tensor blk.10.attn_v.bias
create_tensor: loading tensor blk.10.attn_output.weight
create_tensor: loading tensor blk.10.attn_k_norm.weight
create_tensor: loading tensor blk.10.attn_q_norm.weight
create_tensor: loading tensor blk.10.ffn_norm.weight
create_tensor: loading tensor blk.10.ffn_gate.weight
create_tensor: loading tensor blk.10.ffn_down.weight
create_tensor: loading tensor blk.10.ffn_up.weight
create_tensor: loading tensor blk.11.attn_norm.weight
create_tensor: loading tensor blk.11.attn_qkv.weight
create_tensor: loading tensor blk.11.attn_q.weight
create_tensor: loading tensor blk.11.attn_k.weight
create_tensor: loading tensor blk.11.attn_v.weight
create_tensor: loading tensor blk.11.attn_q.bias
create_tensor: loading tensor blk.11.attn_k.bias
create_tensor: loading tensor blk.11.attn_v.bias
create_tensor: loading tensor blk.11.attn_output.weight
create_tensor: loading tensor blk.11.attn_k_norm.weight
create_tensor: loading tensor blk.11.attn_q_norm.weight
create_tensor: loading tensor blk.11.ffn_norm.weight
create_tensor: loading tensor blk.11.ffn_gate.weight
create_tensor: loading tensor blk.11.ffn_down.weight
create_tensor: loading tensor blk.11.ffn_up.weight
create_tensor: loading tensor blk.12.attn_norm.weight
create_tensor: loading tensor blk.12.attn_qkv.weight
create_tensor: loading tensor blk.12.attn_q.weight
create_tensor: loading tensor blk.12.attn_k.weight
create_tensor: loading tensor blk.12.attn_v.weight
create_tensor: loading tensor blk.12.attn_q.bias
create_tensor: loading tensor blk.12.attn_k.bias
create_tensor: loading tensor blk.12.attn_v.bias
create_tensor: loading tensor blk.12.attn_output.weight
create_tensor: loading tensor blk.12.attn_k_norm.weight
create_tensor: loading tensor blk.12.attn_q_norm.weight
create_tensor: loading tensor blk.12.ffn_norm.weight
create_tensor: loading tensor blk.12.ffn_gate.weight
create_tensor: loading tensor blk.12.ffn_down.weight
create_tensor: loading tensor blk.12.ffn_up.weight
create_tensor: loading tensor blk.13.attn_norm.weight
create_tensor: loading tensor blk.13.attn_qkv.weight
create_tensor: loading tensor blk.13.attn_q.weight
create_tensor: loading tensor blk.13.attn_k.weight
create_tensor: loading tensor blk.13.attn_v.weight
create_tensor: loading tensor blk.13.attn_q.bias
create_tensor: loading tensor blk.13.attn_k.bias
create_tensor: loading tensor blk.13.attn_v.bias
create_tensor: loading tensor blk.13.attn_output.weight
create_tensor: loading tensor blk.13.attn_k_norm.weight
create_tensor: loading tensor blk.13.attn_q_norm.weight
create_tensor: loading tensor blk.13.ffn_norm.weight
create_tensor: loading tensor blk.13.ffn_gate.weight
create_tensor: loading tensor blk.13.ffn_down.weight
create_tensor: loading tensor blk.13.ffn_up.weight
create_tensor: loading tensor blk.14.attn_norm.weight
create_tensor: loading tensor blk.14.attn_qkv.weight
create_tensor: loading tensor blk.14.attn_q.weight
create_tensor: loading tensor blk.14.attn_k.weight
create_tensor: loading tensor blk.14.attn_v.weight
create_tensor: loading tensor blk.14.attn_q.bias
create_tensor: loading tensor blk.14.attn_k.bias
create_tensor: loading tensor blk.14.attn_v.bias
create_tensor: loading tensor blk.14.attn_output.weight
create_tensor: loading tensor blk.14.attn_k_norm.weight
create_tensor: loading tensor blk.14.attn_q_norm.weight
create_tensor: loading tensor blk.14.ffn_norm.weight
create_tensor: loading tensor blk.14.ffn_gate.weight
create_tensor: loading tensor blk.14.ffn_down.weight
create_tensor: loading tensor blk.14.ffn_up.weight
create_tensor: loading tensor blk.15.attn_norm.weight
create_tensor: loading tensor blk.15.attn_qkv.weight
create_tensor: loading tensor blk.15.attn_q.weight
create_tensor: loading tensor blk.15.attn_k.weight
create_tensor: loading tensor blk.15.attn_v.weight
create_tensor: loading tensor blk.15.attn_q.bias
create_tensor: loading tensor blk.15.attn_k.bias
create_tensor: loading tensor blk.15.attn_v.bias
create_tensor: loading tensor blk.15.attn_output.weight
create_tensor: loading tensor blk.15.attn_k_norm.weight
create_tensor: loading tensor blk.15.attn_q_norm.weight
create_tensor: loading tensor blk.15.ffn_norm.weight
create_tensor: loading tensor blk.15.ffn_gate.weight
create_tensor: loading tensor blk.15.ffn_down.weight
create_tensor: loading tensor blk.15.ffn_up.weight
create_tensor: loading tensor blk.16.attn_norm.weight
create_tensor: loading tensor blk.16.attn_qkv.weight
create_tensor: loading tensor blk.16.attn_q.weight
create_tensor: loading tensor blk.16.attn_k.weight
create_tensor: loading tensor blk.16.attn_v.weight
create_tensor: loading tensor blk.16.attn_q.bias
create_tensor: loading tensor blk.16.attn_k.bias
create_tensor: loading tensor blk.16.attn_v.bias
create_tensor: loading tensor blk.16.attn_output.weight
create_tensor: loading tensor blk.16.attn_k_norm.weight
create_tensor: loading tensor blk.16.attn_q_norm.weight
create_tensor: loading tensor blk.16.ffn_norm.weight
create_tensor: loading tensor blk.16.ffn_gate.weight
create_tensor: loading tensor blk.16.ffn_down.weight
create_tensor: loading tensor blk.16.ffn_up.weight
create_tensor: loading tensor blk.17.attn_norm.weight
create_tensor: loading tensor blk.17.attn_qkv.weight
create_tensor: loading tensor blk.17.attn_q.weight
create_tensor: loading tensor blk.17.attn_k.weight
create_tensor: loading tensor blk.17.attn_v.weight
create_tensor: loading tensor blk.17.attn_q.bias
create_tensor: loading tensor blk.17.attn_k.bias
create_tensor: loading tensor blk.17.attn_v.bias
create_tensor: loading tensor blk.17.attn_output.weight
create_tensor: loading tensor blk.17.attn_k_norm.weight
create_tensor: loading tensor blk.17.attn_q_norm.weight
create_tensor: loading tensor blk.17.ffn_norm.weight
create_tensor: loading tensor blk.17.ffn_gate.weight
create_tensor: loading tensor blk.17.ffn_down.weight
create_tensor: loading tensor blk.17.ffn_up.weight
create_tensor: loading tensor blk.18.attn_norm.weight
create_tensor: loading tensor blk.18.attn_qkv.weight
create_tensor: loading tensor blk.18.attn_q.weight
create_tensor: loading tensor blk.18.attn_k.weight
create_tensor: loading tensor blk.18.attn_v.weight
create_tensor: loading tensor blk.18.attn_q.bias
create_tensor: loading tensor blk.18.attn_k.bias
create_tensor: loading tensor blk.18.attn_v.bias
create_tensor: loading tensor blk.18.attn_output.weight
create_tensor: loading tensor blk.18.attn_k_norm.weight
create_tensor: loading tensor blk.18.attn_q_norm.weight
create_tensor: loading tensor blk.18.ffn_norm.weight
create_tensor: loading tensor blk.18.ffn_gate.weight
create_tensor: loading tensor blk.18.ffn_down.weight
create_tensor: loading tensor blk.18.ffn_up.weight
create_tensor: loading tensor blk.19.attn_norm.weight
create_tensor: loading tensor blk.19.attn_qkv.weight
create_tensor: loading tensor blk.19.attn_q.weight
create_tensor: loading tensor blk.19.attn_k.weight
create_tensor: loading tensor blk.19.attn_v.weight
create_tensor: loading tensor blk.19.attn_q.bias
create_tensor: loading tensor blk.19.attn_k.bias
create_tensor: loading tensor blk.19.attn_v.bias
create_tensor: loading tensor blk.19.attn_output.weight
create_tensor: loading tensor blk.19.attn_k_norm.weight
create_tensor: loading tensor blk.19.attn_q_norm.weight
create_tensor: loading tensor blk.19.ffn_norm.weight
create_tensor: loading tensor blk.19.ffn_gate.weight
create_tensor: loading tensor blk.19.ffn_down.weight
create_tensor: loading tensor blk.19.ffn_up.weight
create_tensor: loading tensor blk.20.attn_norm.weight
create_tensor: loading tensor blk.20.attn_qkv.weight
create_tensor: loading tensor blk.20.attn_q.weight
create_tensor: loading tensor blk.20.attn_k.weight
create_tensor: loading tensor blk.20.attn_v.weight
create_tensor: loading tensor blk.20.attn_q.bias
create_tensor: loading tensor blk.20.attn_k.bias
create_tensor: loading tensor blk.20.attn_v.bias
create_tensor: loading tensor blk.20.attn_output.weight
create_tensor: loading tensor blk.20.attn_k_norm.weight
create_tensor: loading tensor blk.20.attn_q_norm.weight
create_tensor: loading tensor blk.20.ffn_norm.weight
create_tensor: loading tensor blk.20.ffn_gate.weight
create_tensor: loading tensor blk.20.ffn_down.weight
create_tensor: loading tensor blk.20.ffn_up.weight
create_tensor: loading tensor blk.21.attn_norm.weight
create_tensor: loading tensor blk.21.attn_qkv.weight
create_tensor: loading tensor blk.21.attn_q.weight
create_tensor: loading tensor blk.21.attn_k.weight
create_tensor: loading tensor blk.21.attn_v.weight
create_tensor: loading tensor blk.21.attn_q.bias
create_tensor: loading tensor blk.21.attn_k.bias
create_tensor: loading tensor blk.21.attn_v.bias
create_tensor: loading tensor blk.21.attn_output.weight
create_tensor: loading tensor blk.21.attn_k_norm.weight
create_tensor: loading tensor blk.21.attn_q_norm.weight
create_tensor: loading tensor blk.21.ffn_norm.weight
create_tensor: loading tensor blk.21.ffn_gate.weight
create_tensor: loading tensor blk.21.ffn_down.weight
create_tensor: loading tensor blk.21.ffn_up.weight
create_tensor: loading tensor blk.22.attn_norm.weight
create_tensor: loading tensor blk.22.attn_qkv.weight
create_tensor: loading tensor blk.22.attn_q.weight
create_tensor: loading tensor blk.22.attn_k.weight
create_tensor: loading tensor blk.22.attn_v.weight
create_tensor: loading tensor blk.22.attn_q.bias
create_tensor: loading tensor blk.22.attn_k.bias
create_tensor: loading tensor blk.22.attn_v.bias
create_tensor: loading tensor blk.22.attn_output.weight
create_tensor: loading tensor blk.22.attn_k_norm.weight
create_tensor: loading tensor blk.22.attn_q_norm.weight
create_tensor: loading tensor blk.22.ffn_norm.weight
create_tensor: loading tensor blk.22.ffn_gate.weight
create_tensor: loading tensor blk.22.ffn_down.weight
create_tensor: loading tensor blk.22.ffn_up.weight
create_tensor: loading tensor blk.23.attn_norm.weight
create_tensor: loading tensor blk.23.attn_qkv.weight
create_tensor: loading tensor blk.23.attn_q.weight
create_tensor: loading tensor blk.23.attn_k.weight
create_tensor: loading tensor blk.23.attn_v.weight
create_tensor: loading tensor blk.23.attn_q.bias
create_tensor: loading tensor blk.23.attn_k.bias
create_tensor: loading tensor blk.23.attn_v.bias
create_tensor: loading tensor blk.23.attn_output.weight
create_tensor: loading tensor blk.23.attn_k_norm.weight
create_tensor: loading tensor blk.23.attn_q_norm.weight
create_tensor: loading tensor blk.23.ffn_norm.weight
create_tensor: loading tensor blk.23.ffn_gate.weight
create_tensor: loading tensor blk.23.ffn_down.weight
create_tensor: loading tensor blk.23.ffn_up.weight
create_tensor: loading tensor blk.24.attn_norm.weight
create_tensor: loading tensor blk.24.attn_qkv.weight
create_tensor: loading tensor blk.24.attn_q.weight
create_tensor: loading tensor blk.24.attn_k.weight
create_tensor: loading tensor blk.24.attn_v.weight
create_tensor: loading tensor blk.24.attn_q.bias
create_tensor: loading tensor blk.24.attn_k.bias
create_tensor: loading tensor blk.24.attn_v.bias
create_tensor: loading tensor blk.24.attn_output.weight
create_tensor: loading tensor blk.24.attn_k_norm.weight
create_tensor: loading tensor blk.24.attn_q_norm.weight
create_tensor: loading tensor blk.24.ffn_norm.weight
create_tensor: loading tensor blk.24.ffn_gate.weight
create_tensor: loading tensor blk.24.ffn_down.weight
create_tensor: loading tensor blk.24.ffn_up.weight
create_tensor: loading tensor blk.25.attn_norm.weight
create_tensor: loading tensor blk.25.attn_qkv.weight
create_tensor: loading tensor blk.25.attn_q.weight
create_tensor: loading tensor blk.25.attn_k.weight
create_tensor: loading tensor blk.25.attn_v.weight
create_tensor: loading tensor blk.25.attn_q.bias
create_tensor: loading tensor blk.25.attn_k.bias
create_tensor: loading tensor blk.25.attn_v.bias
create_tensor: loading tensor blk.25.attn_output.weight
create_tensor: loading tensor blk.25.attn_k_norm.weight
create_tensor: loading tensor blk.25.attn_q_norm.weight
create_tensor: loading tensor blk.25.ffn_norm.weight
create_tensor: loading tensor blk.25.ffn_gate.weight
create_tensor: loading tensor blk.25.ffn_down.weight
create_tensor: loading tensor blk.25.ffn_up.weight
create_tensor: loading tensor blk.26.attn_norm.weight
create_tensor: loading tensor blk.26.attn_qkv.weight
create_tensor: loading tensor blk.26.attn_q.weight
create_tensor: loading tensor blk.26.attn_k.weight
create_tensor: loading tensor blk.26.attn_v.weight
create_tensor: loading tensor blk.26.attn_q.bias
create_tensor: loading tensor blk.26.attn_k.bias
create_tensor: loading tensor blk.26.attn_v.bias
create_tensor: loading tensor blk.26.attn_output.weight
create_tensor: loading tensor blk.26.attn_k_norm.weight
create_tensor: loading tensor blk.26.attn_q_norm.weight
create_tensor: loading tensor blk.26.ffn_norm.weight
create_tensor: loading tensor blk.26.ffn_gate.weight
create_tensor: loading tensor blk.26.ffn_down.weight
create_tensor: loading tensor blk.26.ffn_up.weight
create_tensor: loading tensor blk.27.attn_norm.weight
create_tensor: loading tensor blk.27.attn_qkv.weight
create_tensor: loading tensor blk.27.attn_q.weight
create_tensor: loading tensor blk.27.attn_k.weight
create_tensor: loading tensor blk.27.attn_v.weight
create_tensor: loading tensor blk.27.attn_q.bias
create_tensor: loading tensor blk.27.attn_k.bias
create_tensor: loading tensor blk.27.attn_v.bias
create_tensor: loading tensor blk.27.attn_output.weight
create_tensor: loading tensor blk.27.attn_k_norm.weight
create_tensor: loading tensor blk.27.attn_q_norm.weight
create_tensor: loading tensor blk.27.ffn_norm.weight
create_tensor: loading tensor blk.27.ffn_gate.weight
create_tensor: loading tensor blk.27.ffn_down.weight
create_tensor: loading tensor blk.27.ffn_up.weight
create_tensor: loading tensor blk.28.attn_norm.weight
create_tensor: loading tensor blk.28.attn_qkv.weight
create_tensor: loading tensor blk.28.attn_q.weight
create_tensor: loading tensor blk.28.attn_k.weight
create_tensor: loading tensor blk.28.attn_v.weight
create_tensor: loading tensor blk.28.attn_q.bias
create_tensor: loading tensor blk.28.attn_k.bias
create_tensor: loading tensor blk.28.attn_v.bias
create_tensor: loading tensor blk.28.attn_output.weight
create_tensor: loading tensor blk.28.attn_k_norm.weight
create_tensor: loading tensor blk.28.attn_q_norm.weight
create_tensor: loading tensor blk.28.ffn_norm.weight
create_tensor: loading tensor blk.28.ffn_gate.weight
create_tensor: loading tensor blk.28.ffn_down.weight
create_tensor: loading tensor blk.28.ffn_up.weight
create_tensor: loading tensor blk.29.attn_norm.weight
create_tensor: loading tensor blk.29.attn_qkv.weight
create_tensor: loading tensor blk.29.attn_q.weight
create_tensor: loading tensor blk.29.attn_k.weight
create_tensor: loading tensor blk.29.attn_v.weight
create_tensor: loading tensor blk.29.attn_q.bias
create_tensor: loading tensor blk.29.attn_k.bias
create_tensor: loading tensor blk.29.attn_v.bias
create_tensor: loading tensor blk.29.attn_output.weight
create_tensor: loading tensor blk.29.attn_k_norm.weight
create_tensor: loading tensor blk.29.attn_q_norm.weight
create_tensor: loading tensor blk.29.ffn_norm.weight
create_tensor: loading tensor blk.29.ffn_gate.weight
create_tensor: loading tensor blk.29.ffn_down.weight
create_tensor: loading tensor blk.29.ffn_up.weight
create_tensor: loading tensor blk.30.attn_norm.weight
create_tensor: loading tensor blk.30.attn_qkv.weight
create_tensor: loading tensor blk.30.attn_q.weight
create_tensor: loading tensor blk.30.attn_k.weight
create_tensor: loading tensor blk.30.attn_v.weight
create_tensor: loading tensor blk.30.attn_q.bias
create_tensor: loading tensor blk.30.attn_k.bias
create_tensor: loading tensor blk.30.attn_v.bias
create_tensor: loading tensor blk.30.attn_output.weight
create_tensor: loading tensor blk.30.attn_k_norm.weight
create_tensor: loading tensor blk.30.attn_q_norm.weight
create_tensor: loading tensor blk.30.ffn_norm.weight
create_tensor: loading tensor blk.30.ffn_gate.weight
create_tensor: loading tensor blk.30.ffn_down.weight
create_tensor: loading tensor blk.30.ffn_up.weight
create_tensor: loading tensor blk.31.attn_norm.weight
create_tensor: loading tensor blk.31.attn_qkv.weight
create_tensor: loading tensor blk.31.attn_q.weight
create_tensor: loading tensor blk.31.attn_k.weight
create_tensor: loading tensor blk.31.attn_v.weight
create_tensor: loading tensor blk.31.attn_q.bias
create_tensor: loading tensor blk.31.attn_k.bias
create_tensor: loading tensor blk.31.attn_v.bias
create_tensor: loading tensor blk.31.attn_output.weight
create_tensor: loading tensor blk.31.attn_k_norm.weight
create_tensor: loading tensor blk.31.attn_q_norm.weight
create_tensor: loading tensor blk.31.ffn_norm.weight
create_tensor: loading tensor blk.31.ffn_gate.weight
create_tensor: loading tensor blk.31.ffn_down.weight
create_tensor: loading tensor blk.31.ffn_up.weight
create_tensor: loading tensor blk.32.attn_norm.weight
create_tensor: loading tensor blk.32.attn_qkv.weight
create_tensor: loading tensor blk.32.attn_q.weight
create_tensor: loading tensor blk.32.attn_k.weight
create_tensor: loading tensor blk.32.attn_v.weight
create_tensor: loading tensor blk.32.attn_q.bias
create_tensor: loading tensor blk.32.attn_k.bias
create_tensor: loading tensor blk.32.attn_v.bias
create_tensor: loading tensor blk.32.attn_output.weight
create_tensor: loading tensor blk.32.attn_k_norm.weight
create_tensor: loading tensor blk.32.attn_q_norm.weight
create_tensor: loading tensor blk.32.ffn_norm.weight
create_tensor: loading tensor blk.32.ffn_gate.weight
create_tensor: loading tensor blk.32.ffn_down.weight
create_tensor: loading tensor blk.32.ffn_up.weight
create_tensor: loading tensor blk.33.attn_norm.weight
create_tensor: loading tensor blk.33.attn_qkv.weight
create_tensor: loading tensor blk.33.attn_q.weight
create_tensor: loading tensor blk.33.attn_k.weight
create_tensor: loading tensor blk.33.attn_v.weight
create_tensor: loading tensor blk.33.attn_q.bias
create_tensor: loading tensor blk.33.attn_k.bias
create_tensor: loading tensor blk.33.attn_v.bias
create_tensor: loading tensor blk.33.attn_output.weight
create_tensor: loading tensor blk.33.attn_k_norm.weight
create_tensor: loading tensor blk.33.attn_q_norm.weight
create_tensor: loading tensor blk.33.ffn_norm.weight
create_tensor: loading tensor blk.33.ffn_gate.weight
create_tensor: loading tensor blk.33.ffn_down.weight
create_tensor: loading tensor blk.33.ffn_up.weight
create_tensor: loading tensor blk.34.attn_norm.weight
create_tensor: loading tensor blk.34.attn_qkv.weight
create_tensor: loading tensor blk.34.attn_q.weight
create_tensor: loading tensor blk.34.attn_k.weight
create_tensor: loading tensor blk.34.attn_v.weight
create_tensor: loading tensor blk.34.attn_q.bias
create_tensor: loading tensor blk.34.attn_k.bias
create_tensor: loading tensor blk.34.attn_v.bias
create_tensor: loading tensor blk.34.attn_output.weight
create_tensor: loading tensor blk.34.attn_k_norm.weight
create_tensor: loading tensor blk.34.attn_q_norm.weight
create_tensor: loading tensor blk.34.ffn_norm.weight
create_tensor: loading tensor blk.34.ffn_gate.weight
create_tensor: loading tensor blk.34.ffn_down.weight
create_tensor: loading tensor blk.34.ffn_up.weight
create_tensor: loading tensor blk.35.attn_norm.weight
create_tensor: loading tensor blk.35.attn_qkv.weight
create_tensor: loading tensor blk.35.attn_q.weight
create_tensor: loading tensor blk.35.attn_k.weight
create_tensor: loading tensor blk.35.attn_v.weight
create_tensor: loading tensor blk.35.attn_q.bias
create_tensor: loading tensor blk.35.attn_k.bias
create_tensor: loading tensor blk.35.attn_v.bias
create_tensor: loading tensor blk.35.attn_output.weight
create_tensor: loading tensor blk.35.attn_k_norm.weight
create_tensor: loading tensor blk.35.attn_q_norm.weight
create_tensor: loading tensor blk.35.ffn_norm.weight
create_tensor: loading tensor blk.35.ffn_gate.weight
create_tensor: loading tensor blk.35.ffn_down.weight
create_tensor: loading tensor blk.35.ffn_up.weight
create_tensor: loading tensor blk.0.attn_q.scale
create_tensor: loading tensor blk.0.attn_k.scale
create_tensor: loading tensor blk.0.attn_v.scale
create_tensor: loading tensor blk.0.attn_output.scale
create_tensor: loading tensor blk.0.ffn_gate.scale
create_tensor: loading tensor blk.0.ffn_down.scale
create_tensor: loading tensor blk.0.ffn_up.scale
create_tensor: loading tensor blk.0.attn_q.input_scale
create_tensor: loading tensor blk.0.attn_k.input_scale
create_tensor: loading tensor blk.0.attn_v.input_scale
create_tensor: loading tensor blk.0.attn_output.input_scale
create_tensor: loading tensor blk.0.ffn_gate.input_scale
create_tensor: loading tensor blk.0.ffn_down.input_scale
create_tensor: loading tensor blk.0.ffn_up.input_scale
create_tensor: loading tensor blk.1.attn_q.scale
create_tensor: loading tensor blk.1.attn_k.scale
create_tensor: loading tensor blk.1.attn_v.scale
create_tensor: loading tensor blk.1.attn_output.scale
create_tensor: loading tensor blk.1.ffn_gate.scale
create_tensor: loading tensor blk.1.ffn_down.scale
create_tensor: loading tensor blk.1.ffn_up.scale
create_tensor: loading tensor blk.1.attn_q.input_scale
create_tensor: loading tensor blk.1.attn_k.input_scale
create_tensor: loading tensor blk.1.attn_v.input_scale
create_tensor: loading tensor blk.1.attn_output.input_scale
create_tensor: loading tensor blk.1.ffn_gate.input_scale
create_tensor: loading tensor blk.1.ffn_down.input_scale
create_tensor: loading tensor blk.1.ffn_up.input_scale
create_tensor: loading tensor blk.2.attn_q.scale
create_tensor: loading tensor blk.2.attn_k.scale
create_tensor: loading tensor blk.2.attn_v.scale
create_tensor: loading tensor blk.2.attn_output.scale
create_tensor: loading tensor blk.2.ffn_gate.scale
create_tensor: loading tensor blk.2.ffn_down.scale
create_tensor: loading tensor blk.2.ffn_up.scale
create_tensor: loading tensor blk.2.attn_q.input_scale
create_tensor: loading tensor blk.2.attn_k.input_scale
create_tensor: loading tensor blk.2.attn_v.input_scale
create_tensor: loading tensor blk.2.attn_output.input_scale
create_tensor: loading tensor blk.2.ffn_gate.input_scale
create_tensor: loading tensor blk.2.ffn_down.input_scale
create_tensor: loading tensor blk.2.ffn_up.input_scale
create_tensor: loading tensor blk.3.attn_q.scale
create_tensor: loading tensor blk.3.attn_k.scale
create_tensor: loading tensor blk.3.attn_v.scale
create_tensor: loading tensor blk.3.attn_output.scale
create_tensor: loading tensor blk.3.ffn_gate.scale
create_tensor: loading tensor blk.3.ffn_down.scale
create_tensor: loading tensor blk.3.ffn_up.scale
create_tensor: loading tensor blk.3.attn_q.input_scale
create_tensor: loading tensor blk.3.attn_k.input_scale
create_tensor: loading tensor blk.3.attn_v.input_scale
create_tensor: loading tensor blk.3.attn_output.input_scale
create_tensor: loading tensor blk.3.ffn_gate.input_scale
create_tensor: loading tensor blk.3.ffn_down.input_scale
create_tensor: loading tensor blk.3.ffn_up.input_scale
create_tensor: loading tensor blk.4.attn_q.scale
create_tensor: loading tensor blk.4.attn_k.scale
create_tensor: loading tensor blk.4.attn_v.scale
create_tensor: loading tensor blk.4.attn_output.scale
create_tensor: loading tensor blk.4.ffn_gate.scale
create_tensor: loading tensor blk.4.ffn_down.scale
create_tensor: loading tensor blk.4.ffn_up.scale
create_tensor: loading tensor blk.4.attn_q.input_scale
create_tensor: loading tensor blk.4.attn_k.input_scale
create_tensor: loading tensor blk.4.attn_v.input_scale
create_tensor: loading tensor blk.4.attn_output.input_scale
create_tensor: loading tensor blk.4.ffn_gate.input_scale
create_tensor: loading tensor blk.4.ffn_down.input_scale
create_tensor: loading tensor blk.4.ffn_up.input_scale
create_tensor: loading tensor blk.5.attn_q.scale
create_tensor: loading tensor blk.5.attn_k.scale
create_tensor: loading tensor blk.5.attn_v.scale
create_tensor: loading tensor blk.5.attn_output.scale
create_tensor: loading tensor blk.5.ffn_gate.scale
create_tensor: loading tensor blk.5.ffn_down.scale
create_tensor: loading tensor blk.5.ffn_up.scale
create_tensor: loading tensor blk.5.attn_q.input_scale
create_tensor: loading tensor blk.5.attn_k.input_scale
create_tensor: loading tensor blk.5.attn_v.input_scale
create_tensor: loading tensor blk.5.attn_output.input_scale
create_tensor: loading tensor blk.5.ffn_gate.input_scale
create_tensor: loading tensor blk.5.ffn_down.input_scale
create_tensor: loading tensor blk.5.ffn_up.input_scale
create_tensor: loading tensor blk.6.attn_q.scale
create_tensor: loading tensor blk.6.attn_k.scale
create_tensor: loading tensor blk.6.attn_v.scale
create_tensor: loading tensor blk.6.attn_output.scale
create_tensor: loading tensor blk.6.ffn_gate.scale
create_tensor: loading tensor blk.6.ffn_down.scale
create_tensor: loading tensor blk.6.ffn_up.scale
create_tensor: loading tensor blk.6.attn_q.input_scale
create_tensor: loading tensor blk.6.attn_k.input_scale
create_tensor: loading tensor blk.6.attn_v.input_scale
create_tensor: loading tensor blk.6.attn_output.input_scale
create_tensor: loading tensor blk.6.ffn_gate.input_scale
create_tensor: loading tensor blk.6.ffn_down.input_scale
create_tensor: loading tensor blk.6.ffn_up.input_scale
create_tensor: loading tensor blk.7.attn_q.scale
create_tensor: loading tensor blk.7.attn_k.scale
create_tensor: loading tensor blk.7.attn_v.scale
create_tensor: loading tensor blk.7.attn_output.scale
create_tensor: loading tensor blk.7.ffn_gate.scale
create_tensor: loading tensor blk.7.ffn_down.scale
create_tensor: loading tensor blk.7.ffn_up.scale
create_tensor: loading tensor blk.7.attn_q.input_scale
create_tensor: loading tensor blk.7.attn_k.input_scale
create_tensor: loading tensor blk.7.attn_v.input_scale
create_tensor: loading tensor blk.7.attn_output.input_scale
create_tensor: loading tensor blk.7.ffn_gate.input_scale
create_tensor: loading tensor blk.7.ffn_down.input_scale
create_tensor: loading tensor blk.7.ffn_up.input_scale
create_tensor: loading tensor blk.8.attn_q.scale
create_tensor: loading tensor blk.8.attn_k.scale
create_tensor: loading tensor blk.8.attn_v.scale
create_tensor: loading tensor blk.8.attn_output.scale
create_tensor: loading tensor blk.8.ffn_gate.scale
create_tensor: loading tensor blk.8.ffn_down.scale
create_tensor: loading tensor blk.8.ffn_up.scale
create_tensor: loading tensor blk.8.attn_q.input_scale
create_tensor: loading tensor blk.8.attn_k.input_scale
create_tensor: loading tensor blk.8.attn_v.input_scale
create_tensor: loading tensor blk.8.attn_output.input_scale
create_tensor: loading tensor blk.8.ffn_gate.input_scale
create_tensor: loading tensor blk.8.ffn_down.input_scale
create_tensor: loading tensor blk.8.ffn_up.input_scale
create_tensor: loading tensor blk.9.attn_q.scale
create_tensor: loading tensor blk.9.attn_k.scale
create_tensor: loading tensor blk.9.attn_v.scale
create_tensor: loading tensor blk.9.attn_output.scale
create_tensor: loading tensor blk.9.ffn_gate.scale
create_tensor: loading tensor blk.9.ffn_down.scale
create_tensor: loading tensor blk.9.ffn_up.scale
create_tensor: loading tensor blk.9.attn_q.input_scale
create_tensor: loading tensor blk.9.attn_k.input_scale
create_tensor: loading tensor blk.9.attn_v.input_scale
create_tensor: loading tensor blk.9.attn_output.input_scale
create_tensor: loading tensor blk.9.ffn_gate.input_scale
create_tensor: loading tensor blk.9.ffn_down.input_scale
create_tensor: loading tensor blk.9.ffn_up.input_scale
create_tensor: loading tensor blk.10.attn_q.scale
create_tensor: loading tensor blk.10.attn_k.scale
create_tensor: loading tensor blk.10.attn_v.scale
create_tensor: loading tensor blk.10.attn_output.scale
create_tensor: loading tensor blk.10.ffn_gate.scale
create_tensor: loading tensor blk.10.ffn_down.scale
create_tensor: loading tensor blk.10.ffn_up.scale
create_tensor: loading tensor blk.10.attn_q.input_scale
create_tensor: loading tensor blk.10.attn_k.input_scale
create_tensor: loading tensor blk.10.attn_v.input_scale
create_tensor: loading tensor blk.10.attn_output.input_scale
create_tensor: loading tensor blk.10.ffn_gate.input_scale
create_tensor: loading tensor blk.10.ffn_down.input_scale
create_tensor: loading tensor blk.10.ffn_up.input_scale
create_tensor: loading tensor blk.11.attn_q.scale
create_tensor: loading tensor blk.11.attn_k.scale
create_tensor: loading tensor blk.11.attn_v.scale
create_tensor: loading tensor blk.11.attn_output.scale
create_tensor: loading tensor blk.11.ffn_gate.scale
create_tensor: loading tensor blk.11.ffn_down.scale
create_tensor: loading tensor blk.11.ffn_up.scale
create_tensor: loading tensor blk.11.attn_q.input_scale
create_tensor: loading tensor blk.11.attn_k.input_scale
create_tensor: loading tensor blk.11.attn_v.input_scale
create_tensor: loading tensor blk.11.attn_output.input_scale
create_tensor: loading tensor blk.11.ffn_gate.input_scale
create_tensor: loading tensor blk.11.ffn_down.input_scale
create_tensor: loading tensor blk.11.ffn_up.input_scale
create_tensor: loading tensor blk.12.attn_q.scale
create_tensor: loading tensor blk.12.attn_k.scale
create_tensor: loading tensor blk.12.attn_v.scale
create_tensor: loading tensor blk.12.attn_output.scale
create_tensor: loading tensor blk.12.ffn_gate.scale
create_tensor: loading tensor blk.12.ffn_down.scale
create_tensor: loading tensor blk.12.ffn_up.scale
create_tensor: loading tensor blk.12.attn_q.input_scale
create_tensor: loading tensor blk.12.attn_k.input_scale
create_tensor: loading tensor blk.12.attn_v.input_scale
create_tensor: loading tensor blk.12.attn_output.input_scale
create_tensor: loading tensor blk.12.ffn_gate.input_scale
create_tensor: loading tensor blk.12.ffn_down.input_scale
create_tensor: loading tensor blk.12.ffn_up.input_scale
create_tensor: loading tensor blk.13.attn_q.scale
create_tensor: loading tensor blk.13.attn_k.scale
create_tensor: loading tensor blk.13.attn_v.scale
create_tensor: loading tensor blk.13.attn_output.scale
create_tensor: loading tensor blk.13.ffn_gate.scale
create_tensor: loading tensor blk.13.ffn_down.scale
create_tensor: loading tensor blk.13.ffn_up.scale
create_tensor: loading tensor blk.13.attn_q.input_scale
create_tensor: loading tensor blk.13.attn_k.input_scale
create_tensor: loading tensor blk.13.attn_v.input_scale
create_tensor: loading tensor blk.13.attn_output.input_scale
create_tensor: loading tensor blk.13.ffn_gate.input_scale
create_tensor: loading tensor blk.13.ffn_down.input_scale
create_tensor: loading tensor blk.13.ffn_up.input_scale
create_tensor: loading tensor blk.14.attn_q.scale
create_tensor: loading tensor blk.14.attn_k.scale
create_tensor: loading tensor blk.14.attn_v.scale
create_tensor: loading tensor blk.14.attn_output.scale
create_tensor: loading tensor blk.14.ffn_gate.scale
create_tensor: loading tensor blk.14.ffn_down.scale
create_tensor: loading tensor blk.14.ffn_up.scale
create_tensor: loading tensor blk.14.attn_q.input_scale
create_tensor: loading tensor blk.14.attn_k.input_scale
create_tensor: loading tensor blk.14.attn_v.input_scale
create_tensor: loading tensor blk.14.attn_output.input_scale
create_tensor: loading tensor blk.14.ffn_gate.input_scale
create_tensor: loading tensor blk.14.ffn_down.input_scale
create_tensor: loading tensor blk.14.ffn_up.input_scale
create_tensor: loading tensor blk.15.attn_q.scale
create_tensor: loading tensor blk.15.attn_k.scale
create_tensor: loading tensor blk.15.attn_v.scale
create_tensor: loading tensor blk.15.attn_output.scale
create_tensor: loading tensor blk.15.ffn_gate.scale
create_tensor: loading tensor blk.15.ffn_down.scale
create_tensor: loading tensor blk.15.ffn_up.scale
create_tensor: loading tensor blk.15.attn_q.input_scale
create_tensor: loading tensor blk.15.attn_k.input_scale
create_tensor: loading tensor blk.15.attn_v.input_scale
create_tensor: loading tensor blk.15.attn_output.input_scale
create_tensor: loading tensor blk.15.ffn_gate.input_scale
create_tensor: loading tensor blk.15.ffn_down.input_scale
create_tensor: loading tensor blk.15.ffn_up.input_scale
create_tensor: loading tensor blk.16.attn_q.scale
create_tensor: loading tensor blk.16.attn_k.scale
create_tensor: loading tensor blk.16.attn_v.scale
create_tensor: loading tensor blk.16.attn_output.scale
create_tensor: loading tensor blk.16.ffn_gate.scale
create_tensor: loading tensor blk.16.ffn_down.scale
create_tensor: loading tensor blk.16.ffn_up.scale
create_tensor: loading tensor blk.16.attn_q.input_scale
create_tensor: loading tensor blk.16.attn_k.input_scale
create_tensor: loading tensor blk.16.attn_v.input_scale
create_tensor: loading tensor blk.16.attn_output.input_scale
create_tensor: loading tensor blk.16.ffn_gate.input_scale
create_tensor: loading tensor blk.16.ffn_down.input_scale
create_tensor: loading tensor blk.16.ffn_up.input_scale
create_tensor: loading tensor blk.17.attn_q.scale
create_tensor: loading tensor blk.17.attn_k.scale
create_tensor: loading tensor blk.17.attn_v.scale
create_tensor: loading tensor blk.17.attn_output.scale
create_tensor: loading tensor blk.17.ffn_gate.scale
create_tensor: loading tensor blk.17.ffn_down.scale
create_tensor: loading tensor blk.17.ffn_up.scale
create_tensor: loading tensor blk.17.attn_q.input_scale
create_tensor: loading tensor blk.17.attn_k.input_scale
create_tensor: loading tensor blk.17.attn_v.input_scale
create_tensor: loading tensor blk.17.attn_output.input_scale
create_tensor: loading tensor blk.17.ffn_gate.input_scale
create_tensor: loading tensor blk.17.ffn_down.input_scale
create_tensor: loading tensor blk.17.ffn_up.input_scale
create_tensor: loading tensor blk.18.attn_q.scale
create_tensor: loading tensor blk.18.attn_k.scale
create_tensor: loading tensor blk.18.attn_v.scale
create_tensor: loading tensor blk.18.attn_output.scale
create_tensor: loading tensor blk.18.ffn_gate.scale
create_tensor: loading tensor blk.18.ffn_down.scale
create_tensor: loading tensor blk.18.ffn_up.scale
create_tensor: loading tensor blk.18.attn_q.input_scale
create_tensor: loading tensor blk.18.attn_k.input_scale
create_tensor: loading tensor blk.18.attn_v.input_scale
create_tensor: loading tensor blk.18.attn_output.input_scale
create_tensor: loading tensor blk.18.ffn_gate.input_scale
create_tensor: loading tensor blk.18.ffn_down.input_scale
create_tensor: loading tensor blk.18.ffn_up.input_scale
create_tensor: loading tensor blk.19.attn_q.scale
create_tensor: loading tensor blk.19.attn_k.scale
create_tensor: loading tensor blk.19.attn_v.scale
create_tensor: loading tensor blk.19.attn_output.scale
create_tensor: loading tensor blk.19.ffn_gate.scale
create_tensor: loading tensor blk.19.ffn_down.scale
create_tensor: loading tensor blk.19.ffn_up.scale
create_tensor: loading tensor blk.19.attn_q.input_scale
create_tensor: loading tensor blk.19.attn_k.input_scale
create_tensor: loading tensor blk.19.attn_v.input_scale
create_tensor: loading tensor blk.19.attn_output.input_scale
create_tensor: loading tensor blk.19.ffn_gate.input_scale
create_tensor: loading tensor blk.19.ffn_down.input_scale
create_tensor: loading tensor blk.19.ffn_up.input_scale
create_tensor: loading tensor blk.20.attn_q.scale
create_tensor: loading tensor blk.20.attn_k.scale
create_tensor: loading tensor blk.20.attn_v.scale
create_tensor: loading tensor blk.20.attn_output.scale
create_tensor: loading tensor blk.20.ffn_gate.scale
create_tensor: loading tensor blk.20.ffn_down.scale
create_tensor: loading tensor blk.20.ffn_up.scale
create_tensor: loading tensor blk.20.attn_q.input_scale
create_tensor: loading tensor blk.20.attn_k.input_scale
create_tensor: loading tensor blk.20.attn_v.input_scale
create_tensor: loading tensor blk.20.attn_output.input_scale
create_tensor: loading tensor blk.20.ffn_gate.input_scale
create_tensor: loading tensor blk.20.ffn_down.input_scale
create_tensor: loading tensor blk.20.ffn_up.input_scale
create_tensor: loading tensor blk.21.attn_q.scale
create_tensor: loading tensor blk.21.attn_k.scale
create_tensor: loading tensor blk.21.attn_v.scale
create_tensor: loading tensor blk.21.attn_output.scale
create_tensor: loading tensor blk.21.ffn_gate.scale
create_tensor: loading tensor blk.21.ffn_down.scale
create_tensor: loading tensor blk.21.ffn_up.scale
create_tensor: loading tensor blk.21.attn_q.input_scale
create_tensor: loading tensor blk.21.attn_k.input_scale
create_tensor: loading tensor blk.21.attn_v.input_scale
create_tensor: loading tensor blk.21.attn_output.input_scale
create_tensor: loading tensor blk.21.ffn_gate.input_scale
create_tensor: loading tensor blk.21.ffn_down.input_scale
create_tensor: loading tensor blk.21.ffn_up.input_scale
create_tensor: loading tensor blk.22.attn_q.scale
create_tensor: loading tensor blk.22.attn_k.scale
create_tensor: loading tensor blk.22.attn_v.scale
create_tensor: loading tensor blk.22.attn_output.scale
create_tensor: loading tensor blk.22.ffn_gate.scale
create_tensor: loading tensor blk.22.ffn_down.scale
create_tensor: loading tensor blk.22.ffn_up.scale
create_tensor: loading tensor blk.22.attn_q.input_scale
create_tensor: loading tensor blk.22.attn_k.input_scale
create_tensor: loading tensor blk.22.attn_v.input_scale
create_tensor: loading tensor blk.22.attn_output.input_scale
create_tensor: loading tensor blk.22.ffn_gate.input_scale
create_tensor: loading tensor blk.22.ffn_down.input_scale
create_tensor: loading tensor blk.22.ffn_up.input_scale
create_tensor: loading tensor blk.23.attn_q.scale
create_tensor: loading tensor blk.23.attn_k.scale
create_tensor: loading tensor blk.23.attn_v.scale
create_tensor: loading tensor blk.23.attn_output.scale
create_tensor: loading tensor blk.23.ffn_gate.scale
create_tensor: loading tensor blk.23.ffn_down.scale
create_tensor: loading tensor blk.23.ffn_up.scale
create_tensor: loading tensor blk.23.attn_q.input_scale
create_tensor: loading tensor blk.23.attn_k.input_scale
create_tensor: loading tensor blk.23.attn_v.input_scale
create_tensor: loading tensor blk.23.attn_output.input_scale
create_tensor: loading tensor blk.23.ffn_gate.input_scale
create_tensor: loading tensor blk.23.ffn_down.input_scale
create_tensor: loading tensor blk.23.ffn_up.input_scale
create_tensor: loading tensor blk.24.attn_q.scale
create_tensor: loading tensor blk.24.attn_k.scale
create_tensor: loading tensor blk.24.attn_v.scale
create_tensor: loading tensor blk.24.attn_output.scale
create_tensor: loading tensor blk.24.ffn_gate.scale
create_tensor: loading tensor blk.24.ffn_down.scale
create_tensor: loading tensor blk.24.ffn_up.scale
create_tensor: loading tensor blk.24.attn_q.input_scale
create_tensor: loading tensor blk.24.attn_k.input_scale
create_tensor: loading tensor blk.24.attn_v.input_scale
create_tensor: loading tensor blk.24.attn_output.input_scale
create_tensor: loading tensor blk.24.ffn_gate.input_scale
create_tensor: loading tensor blk.24.ffn_down.input_scale
create_tensor: loading tensor blk.24.ffn_up.input_scale
create_tensor: loading tensor blk.25.attn_q.scale
create_tensor: loading tensor blk.25.attn_k.scale
create_tensor: loading tensor blk.25.attn_v.scale
create_tensor: loading tensor blk.25.attn_output.scale
create_tensor: loading tensor blk.25.ffn_gate.scale
create_tensor: loading tensor blk.25.ffn_down.scale
create_tensor: loading tensor blk.25.ffn_up.scale
create_tensor: loading tensor blk.25.attn_q.input_scale
create_tensor: loading tensor blk.25.attn_k.input_scale
create_tensor: loading tensor blk.25.attn_v.input_scale
create_tensor: loading tensor blk.25.attn_output.input_scale
create_tensor: loading tensor blk.25.ffn_gate.input_scale
create_tensor: loading tensor blk.25.ffn_down.input_scale
create_tensor: loading tensor blk.25.ffn_up.input_scale
create_tensor: loading tensor blk.26.attn_q.scale
create_tensor: loading tensor blk.26.attn_k.scale
create_tensor: loading tensor blk.26.attn_v.scale
create_tensor: loading tensor blk.26.attn_output.scale
create_tensor: loading tensor blk.26.ffn_gate.scale
create_tensor: loading tensor blk.26.ffn_down.scale
create_tensor: loading tensor blk.26.ffn_up.scale
create_tensor: loading tensor blk.26.attn_q.input_scale
create_tensor: loading tensor blk.26.attn_k.input_scale
create_tensor: loading tensor blk.26.attn_v.input_scale
create_tensor: loading tensor blk.26.attn_output.input_scale
create_tensor: loading tensor blk.26.ffn_gate.input_scale
create_tensor: loading tensor blk.26.ffn_down.input_scale
create_tensor: loading tensor blk.26.ffn_up.input_scale
create_tensor: loading tensor blk.27.attn_q.scale
create_tensor: loading tensor blk.27.attn_k.scale
create_tensor: loading tensor blk.27.attn_v.scale
create_tensor: loading tensor blk.27.attn_output.scale
create_tensor: loading tensor blk.27.ffn_gate.scale
create_tensor: loading tensor blk.27.ffn_down.scale
create_tensor: loading tensor blk.27.ffn_up.scale
create_tensor: loading tensor blk.27.attn_q.input_scale
create_tensor: loading tensor blk.27.attn_k.input_scale
create_tensor: loading tensor blk.27.attn_v.input_scale
create_tensor: loading tensor blk.27.attn_output.input_scale
create_tensor: loading tensor blk.27.ffn_gate.input_scale
create_tensor: loading tensor blk.27.ffn_down.input_scale
create_tensor: loading tensor blk.27.ffn_up.input_scale
create_tensor: loading tensor blk.28.attn_q.scale
create_tensor: loading tensor blk.28.attn_k.scale
create_tensor: loading tensor blk.28.attn_v.scale
create_tensor: loading tensor blk.28.attn_output.scale
create_tensor: loading tensor blk.28.ffn_gate.scale
create_tensor: loading tensor blk.28.ffn_down.scale
create_tensor: loading tensor blk.28.ffn_up.scale
create_tensor: loading tensor blk.28.attn_q.input_scale
create_tensor: loading tensor blk.28.attn_k.input_scale
create_tensor: loading tensor blk.28.attn_v.input_scale
create_tensor: loading tensor blk.28.attn_output.input_scale
create_tensor: loading tensor blk.28.ffn_gate.input_scale
create_tensor: loading tensor blk.28.ffn_down.input_scale
create_tensor: loading tensor blk.28.ffn_up.input_scale
create_tensor: loading tensor blk.29.attn_q.scale
create_tensor: loading tensor blk.29.attn_k.scale
create_tensor: loading tensor blk.29.attn_v.scale
create_tensor: loading tensor blk.29.attn_output.scale
create_tensor: loading tensor blk.29.ffn_gate.scale
create_tensor: loading tensor blk.29.ffn_down.scale
create_tensor: loading tensor blk.29.ffn_up.scale
create_tensor: loading tensor blk.29.attn_q.input_scale
create_tensor: loading tensor blk.29.attn_k.input_scale
create_tensor: loading tensor blk.29.attn_v.input_scale
create_tensor: loading tensor blk.29.attn_output.input_scale
create_tensor: loading tensor blk.29.ffn_gate.input_scale
create_tensor: loading tensor blk.29.ffn_down.input_scale
create_tensor: loading tensor blk.29.ffn_up.input_scale
create_tensor: loading tensor blk.30.attn_q.scale
create_tensor: loading tensor blk.30.attn_k.scale
create_tensor: loading tensor blk.30.attn_v.scale
create_tensor: loading tensor blk.30.attn_output.scale
create_tensor: loading tensor blk.30.ffn_gate.scale
create_tensor: loading tensor blk.30.ffn_down.scale
create_tensor: loading tensor blk.30.ffn_up.scale
create_tensor: loading tensor blk.30.attn_q.input_scale
create_tensor: loading tensor blk.30.attn_k.input_scale
create_tensor: loading tensor blk.30.attn_v.input_scale
create_tensor: loading tensor blk.30.attn_output.input_scale
create_tensor: loading tensor blk.30.ffn_gate.input_scale
create_tensor: loading tensor blk.30.ffn_down.input_scale
create_tensor: loading tensor blk.30.ffn_up.input_scale
create_tensor: loading tensor blk.31.attn_q.scale
create_tensor: loading tensor blk.31.attn_k.scale
create_tensor: loading tensor blk.31.attn_v.scale
create_tensor: loading tensor blk.31.attn_output.scale
create_tensor: loading tensor blk.31.ffn_gate.scale
create_tensor: loading tensor blk.31.ffn_down.scale
create_tensor: loading tensor blk.31.ffn_up.scale
create_tensor: loading tensor blk.31.attn_q.input_scale
create_tensor: loading tensor blk.31.attn_k.input_scale
create_tensor: loading tensor blk.31.attn_v.input_scale
create_tensor: loading tensor blk.31.attn_output.input_scale
create_tensor: loading tensor blk.31.ffn_gate.input_scale
create_tensor: loading tensor blk.31.ffn_down.input_scale
create_tensor: loading tensor blk.31.ffn_up.input_scale
create_tensor: loading tensor blk.32.attn_q.scale
create_tensor: loading tensor blk.32.attn_k.scale
create_tensor: loading tensor blk.32.attn_v.scale
create_tensor: loading tensor blk.32.attn_output.scale
create_tensor: loading tensor blk.32.ffn_gate.scale
create_tensor: loading tensor blk.32.ffn_down.scale
create_tensor: loading tensor blk.32.ffn_up.scale
create_tensor: loading tensor blk.32.attn_q.input_scale
create_tensor: loading tensor blk.32.attn_k.input_scale
create_tensor: loading tensor blk.32.attn_v.input_scale
create_tensor: loading tensor blk.32.attn_output.input_scale
create_tensor: loading tensor blk.32.ffn_gate.input_scale
create_tensor: loading tensor blk.32.ffn_down.input_scale
create_tensor: loading tensor blk.32.ffn_up.input_scale
create_tensor: loading tensor blk.33.attn_q.scale
create_tensor: loading tensor blk.33.attn_k.scale
create_tensor: loading tensor blk.33.attn_v.scale
create_tensor: loading tensor blk.33.attn_output.scale
create_tensor: loading tensor blk.33.ffn_gate.scale
create_tensor: loading tensor blk.33.ffn_down.scale
create_tensor: loading tensor blk.33.ffn_up.scale
create_tensor: loading tensor blk.33.attn_q.input_scale
create_tensor: loading tensor blk.33.attn_k.input_scale
create_tensor: loading tensor blk.33.attn_v.input_scale
create_tensor: loading tensor blk.33.attn_output.input_scale
create_tensor: loading tensor blk.33.ffn_gate.input_scale
create_tensor: loading tensor blk.33.ffn_down.input_scale
create_tensor: loading tensor blk.33.ffn_up.input_scale
create_tensor: loading tensor blk.34.attn_q.scale
create_tensor: loading tensor blk.34.attn_k.scale
create_tensor: loading tensor blk.34.attn_v.scale
create_tensor: loading tensor blk.34.attn_output.scale
create_tensor: loading tensor blk.34.ffn_gate.scale
create_tensor: loading tensor blk.34.ffn_down.scale
create_tensor: loading tensor blk.34.ffn_up.scale
create_tensor: loading tensor blk.34.attn_q.input_scale
create_tensor: loading tensor blk.34.attn_k.input_scale
create_tensor: loading tensor blk.34.attn_v.input_scale
create_tensor: loading tensor blk.34.attn_output.input_scale
create_tensor: loading tensor blk.34.ffn_gate.input_scale
create_tensor: loading tensor blk.34.ffn_down.input_scale
create_tensor: loading tensor blk.34.ffn_up.input_scale
create_tensor: loading tensor blk.35.attn_q.scale
create_tensor: loading tensor blk.35.attn_k.scale
create_tensor: loading tensor blk.35.attn_v.scale
create_tensor: loading tensor blk.35.attn_output.scale
create_tensor: loading tensor blk.35.ffn_gate.scale
create_tensor: loading tensor blk.35.ffn_down.scale
create_tensor: loading tensor blk.35.ffn_up.scale
create_tensor: loading tensor blk.35.attn_q.input_scale
create_tensor: loading tensor blk.35.attn_k.input_scale
create_tensor: loading tensor blk.35.attn_v.input_scale
create_tensor: loading tensor blk.35.attn_output.input_scale
create_tensor: loading tensor blk.35.ffn_gate.input_scale
create_tensor: loading tensor blk.35.ffn_down.input_scale
create_tensor: loading tensor blk.35.ffn_up.input_scale
done_getting_tensors: tensor 'token_embd.weight' (q4_K) (and 0 others) cannot be used with preferred buffer type CUDA_Host, using CPU instead
ggml_backend_cuda_get_available_uma_memory: final available_memory_kb: 5225228
load_tensors: offloading output layer to GPU
load_tensors: offloading 35 repeating layers to GPU
load_tensors: offloaded 37/37 layers to GPU
load_tensors:   CPU_Mapped model buffer size =   208.65 MiB
load_tensors:        CUDA0 model buffer size =  2375.91 MiB
...................................................................................
llama_model_loader: loaded meta data with 24 key-value pairs and 18 tensors from /home/jetson/mage-models/mage-streammind-epfe-Q8_0.gguf (version GGUF V3 (latest))
llama_model_loader: Dumping metadata keys/values. Note: KV overrides do not apply in this output.
llama_model_loader: - kv   0:                       general.architecture str              = mage_streammind
llama_model_loader: - kv   1:                               general.name str              = Mage-VL StreamMind proactive streamin...
llama_model_loader: - kv   2:                        general.description str              = Native recurrent event gate converted...
llama_model_loader: - kv   3:                          general.file_type u32              = 7
llama_model_loader: - kv   4:           mage_streammind.embedding_length u32              = 2560
llama_model_loader: - kv   5:             mage_streammind.ssm.inner_size u32              = 5120
llama_model_loader: - kv   6:             mage_streammind.ssm.state_size u32              = 16
llama_model_loader: - kv   7:            mage_streammind.ssm.conv_kernel u32              = 4
llama_model_loader: - kv   8:         mage_streammind.ssm.time_step_rank u32              = 160
llama_model_loader: - kv   9:     mage_streammind.classifier.block_count u32              = 4
llama_model_loader: - kv  10: mage_streammind.classifier.feed_forward_length u32              = 12288
llama_model_loader: - kv  11: mage_streammind.classifier.attention.head_count u32              = 32
llama_model_loader: - kv  12: mage_streammind.classifier.attention.head_count_kv u32              = 8
llama_model_loader: - kv  13: mage_streammind.classifier.attention.key_length u32              = 128
llama_model_loader: - kv  14:  mage_streammind.classifier.context_length u32              = 8192
llama_model_loader: - kv  15: mage_streammind.classifier.attention.layer_norm_rms_epsilon f32              = 0.000001
llama_model_loader: - kv  16:     mage_streammind.gate.default_threshold f32              = 0.500000
llama_model_loader: - kv  17:                     mage_streammind.source str              = microsoft/Mage-VL
llama_model_loader: - kv  18:               mage_streammind.quantization str              = q8_0
llama_model_loader: - kv  19:             mage_streammind.context_length u32              = 8192
llama_model_loader: - kv  20:                mage_streammind.block_count u32              = 1
llama_model_loader: - kv  21:                 mage_streammind.vocab_size u32              = 2
llama_model_loader: - kv  22:                       tokenizer.ggml.model str              = no_vocab
llama_model_loader: - kv  23: mage_streammind.attention.layer_norm_epsilon f32              = 0.000010
llama_model_loader: - type  f16:   16 tensors
llama_model_loader: - type q8_0:    2 tensors
print_info: file format = GGUF V3 (latest)
print_info: file type   = Q8_0
print_info: file size   = 91.98 MiB (14.19 BPW) 
ggml_backend_cuda_get_available_uma_memory: final available_memory_kb: 2789500
llama_prepare_model_devices: using device CUDA0 (Orin) (0000:00:00.0) - 2724 MiB free
load: adding 2 dummy tokens
print_info: arch                  = mage_streammind
print_info: vocab_only            = 0
print_info: no_alloc              = 0
print_info: n_ctx_train           = 8192
print_info: n_embd_inp            = 2560
print_info: n_embd                = 2560
print_info: n_embd_out            = 2560
print_info: n_layer               = 1
print_info: n_layer_all           = 1
print_info: n_head                = 0
print_info: n_head_kv             = 0
print_info: n_rot                 = 0
print_info: n_swa                 = 0
print_info: is_swa_any            = 0
print_info: n_embd_head_k         = 0
print_info: n_embd_head_v         = 0
print_info: n_gqa                 = 0
print_info: n_embd_k_gqa          = 0
print_info: n_embd_v_gqa          = 0
print_info: f_norm_eps            = 1.0e-05
print_info: f_norm_rms_eps        = 0.0e+00
print_info: f_clamp_kqv           = 0.0e+00
print_info: f_max_alibi_bias      = 0.0e+00
print_info: f_logit_scale         = 0.0e+00
print_info: f_attn_scale          = 0.0e+00
print_info: f_attn_value_scale    = 0.0000
print_info: n_ff                  = 0
print_info: n_expert              = 0
print_info: n_expert_used         = 0
print_info: n_expert_groups       = 0
print_info: n_group_used          = 0
print_info: causal attn           = 1
print_info: pooling type          = -1
print_info: rope type             = -1
print_info: rope scaling          = linear
print_info: freq_base_train       = 10000.0
print_info: freq_scale_train      = 1
print_info: n_ctx_orig_yarn       = 8192
print_info: rope_yarn_log_mul     = 0.0000
print_info: rope_finetuned        = unknown
print_info: model type            = ?B
print_info: model params          = 54.37 M
print_info: general.name          = Mage-VL StreamMind proactive streaming gate
print_info: vocab type            = no vocab
print_info: n_vocab               = 2
print_info: n_merges              = 0
print_info: max token length      = 0
load_tensors: loading model tensors, this can take a while... (load_mode = mmap)
ggml_backend_cuda_get_available_uma_memory: final available_memory_kb: 2789500
load_tensors: layer   0 assigned to device CUDA0, is_swa = 0
load_tensors: layer   1 assigned to device CUDA0, is_swa = 0
create_tensor: loading tensor token_embd.weight
create_tensor: loading tensor streammind.pre.weight
create_tensor: loading tensor streammind.pre.bias
create_tensor: loading tensor streammind.post.weight
create_tensor: loading tensor streammind.post.bias
create_tensor: loading tensor blk.0.attn_norm.weight
create_tensor: loading tensor blk.0.attn_norm.bias
create_tensor: loading tensor blk.0.ssm_in.weight
create_tensor: loading tensor blk.0.ssm_conv1d.weight
create_tensor: loading tensor blk.0.ssm_conv1d.bias
create_tensor: loading tensor blk.0.ssm_x.weight
create_tensor: loading tensor blk.0.ssm_dt.weight
create_tensor: loading tensor blk.0.ssm_dt.bias
create_tensor: loading tensor blk.0.ssm_a
create_tensor: loading tensor blk.0.ssm_d
create_tensor: loading tensor blk.0.ssm_out.weight
create_tensor: loading tensor output_norm.weight
create_tensor: loading tensor output_norm.bias
create_tensor: loading tensor blk.0.ssm_in.scale
create_tensor: loading tensor blk.0.ssm_out.scale
create_tensor: loading tensor blk.0.ssm_in.input_scale
create_tensor: loading tensor blk.0.ssm_out.input_scale
done_getting_tensors: tensor 'token_embd.weight' (f16) (and 2 others) cannot be used with preferred buffer type CUDA_Host, using CPU instead
ggml_backend_cuda_get_available_uma_memory: final available_memory_kb: 2791644
load_tensors: offloading output layer to GPU
load_tensors: offloading 0 repeating layers to GPU
load_tensors: offloaded 2/2 layers to GPU
load_tensors:   CPU_Mapped model buffer size =     6.66 MiB
load_tensors:        CUDA0 model buffer size =    85.33 MiB
.......
llama_model_loader: loaded meta data with 32 key-value pairs and 47 tensors from /home/jetson/mage-models/mage-streammind-cls-Q8_0.gguf (version GGUF V3 (latest))
llama_model_loader: Dumping metadata keys/values. Note: KV overrides do not apply in this output.
llama_model_loader: - kv   0:                       general.architecture str              = qwen3
llama_model_loader: - kv   1:                               general.name str              = Mage-VL StreamMind proactive streamin...
llama_model_loader: - kv   2:                        general.description str              = Native recurrent event gate converted...
llama_model_loader: - kv   3:                          general.file_type u32              = 7
llama_model_loader: - kv   4:           mage_streammind.embedding_length u32              = 2560
llama_model_loader: - kv   5:             mage_streammind.ssm.inner_size u32              = 5120
llama_model_loader: - kv   6:             mage_streammind.ssm.state_size u32              = 16
llama_model_loader: - kv   7:            mage_streammind.ssm.conv_kernel u32              = 4
llama_model_loader: - kv   8:         mage_streammind.ssm.time_step_rank u32              = 160
llama_model_loader: - kv   9:     mage_streammind.classifier.block_count u32              = 4
llama_model_loader: - kv  10: mage_streammind.classifier.feed_forward_length u32              = 12288
llama_model_loader: - kv  11: mage_streammind.classifier.attention.head_count u32              = 32
llama_model_loader: - kv  12: mage_streammind.classifier.attention.head_count_kv u32              = 8
llama_model_loader: - kv  13: mage_streammind.classifier.attention.key_length u32              = 128
llama_model_loader: - kv  14:  mage_streammind.classifier.context_length u32              = 8192
llama_model_loader: - kv  15: mage_streammind.classifier.attention.layer_norm_rms_epsilon f32              = 0.000001
llama_model_loader: - kv  16:     mage_streammind.gate.default_threshold f32              = 0.500000
llama_model_loader: - kv  17:                     mage_streammind.source str              = microsoft/Mage-VL
llama_model_loader: - kv  18:               mage_streammind.quantization str              = q8_0
llama_model_loader: - kv  19:                       qwen3.context_length u32              = 8192
llama_model_loader: - kv  20:                     qwen3.embedding_length u32              = 2560
llama_model_loader: - kv  21:                  qwen3.feed_forward_length u32              = 12288
llama_model_loader: - kv  22:                          qwen3.block_count u32              = 4
llama_model_loader: - kv  23:                 qwen3.attention.head_count u32              = 32
llama_model_loader: - kv  24:              qwen3.attention.head_count_kv u32              = 8
llama_model_loader: - kv  25:                 qwen3.attention.key_length u32              = 128
llama_model_loader: - kv  26:               qwen3.attention.value_length u32              = 128
llama_model_loader: - kv  27:                 qwen3.rope.dimension_count u32              = 128
llama_model_loader: - kv  28:                       qwen3.rope.freq_base f32              = 1000000.000000
llama_model_loader: - kv  29:     qwen3.attention.layer_norm_rms_epsilon f32              = 0.000001
llama_model_loader: - kv  30:                           qwen3.vocab_size u32              = 2
llama_model_loader: - kv  31:                       tokenizer.ggml.model str              = no_vocab
llama_model_loader: - type  f16:   19 tensors
llama_model_loader: - type q8_0:   28 tensors
print_info: file format = GGUF V3 (latest)
print_info: file type   = Q8_0
print_info: file size   = 488.82 MiB (8.50 BPW) 
ggml_backend_cuda_get_available_uma_memory: final available_memory_kb: 2785308
llama_prepare_model_devices: using device CUDA0 (Orin) (0000:00:00.0) - 2720 MiB free
load: adding 2 dummy tokens
print_info: arch                  = qwen3
print_info: vocab_only            = 0
print_info: no_alloc              = 0
print_info: n_ctx_train           = 8192
print_info: n_embd_inp            = 2560
print_info: n_embd                = 2560
print_info: n_embd_out            = 2560
print_info: n_layer               = 4
print_info: n_layer_all           = 4
print_info: n_head                = 32
print_info: n_head_kv             = 8
print_info: n_rot                 = 128
print_info: n_swa                 = 0
print_info: is_swa_any            = 0
print_info: n_embd_head_k         = 128
print_info: n_embd_head_v         = 128
print_info: n_gqa                 = 4
print_info: n_embd_k_gqa          = 1024
print_info: n_embd_v_gqa          = 1024
print_info: f_norm_eps            = 0.0e+00
print_info: f_norm_rms_eps        = 1.0e-06
print_info: f_clamp_kqv           = 0.0e+00
print_info: f_max_alibi_bias      = 0.0e+00
print_info: f_logit_scale         = 0.0e+00
print_info: f_attn_scale          = 0.0e+00
print_info: f_attn_value_scale    = 0.0000
print_info: n_ff                  = 12288
print_info: n_expert              = 0
print_info: n_expert_used         = 0
print_info: n_expert_groups       = 0
print_info: n_group_used          = 0
print_info: causal attn           = 1
print_info: pooling type          = -1
print_info: rope type             = 2
print_info: rope scaling          = linear
print_info: freq_base_train       = 1000000.0
print_info: freq_scale_train      = 1
print_info: n_ctx_orig_yarn       = 8192
print_info: rope_yarn_log_mul     = 0.0000
print_info: rope_finetuned        = unknown
print_info: model type            = ?B
print_info: model params          = 482.38 M
print_info: general.name          = Mage-VL StreamMind proactive streaming gate
print_info: vocab type            = no vocab
print_info: n_vocab               = 2
print_info: n_merges              = 0
print_info: max token length      = 0
load_tensors: loading model tensors, this can take a while... (load_mode = mmap)
ggml_backend_cuda_get_available_uma_memory: final available_memory_kb: 2785308
load_tensors: layer   0 assigned to device CUDA0, is_swa = 0
load_tensors: layer   1 assigned to device CUDA0, is_swa = 0
load_tensors: layer   2 assigned to device CUDA0, is_swa = 0
load_tensors: layer   3 assigned to device CUDA0, is_swa = 0
load_tensors: layer   4 assigned to device CUDA0, is_swa = 0
create_tensor: loading tensor token_embd.weight
create_tensor: loading tensor output_norm.weight
create_tensor: loading tensor output.weight
create_tensor: loading tensor cls.output.weight
create_tensor: loading tensor blk.0.attn_norm.weight
create_tensor: loading tensor blk.0.attn_qkv.weight
create_tensor: loading tensor blk.0.attn_q.weight
create_tensor: loading tensor blk.0.attn_k.weight
create_tensor: loading tensor blk.0.attn_v.weight
create_tensor: loading tensor blk.0.attn_q.bias
create_tensor: loading tensor blk.0.attn_k.bias
create_tensor: loading tensor blk.0.attn_v.bias
create_tensor: loading tensor blk.0.attn_output.weight
create_tensor: loading tensor blk.0.attn_k_norm.weight
create_tensor: loading tensor blk.0.attn_q_norm.weight
create_tensor: loading tensor blk.0.ffn_norm.weight
create_tensor: loading tensor blk.0.ffn_gate.weight
create_tensor: loading tensor blk.0.ffn_down.weight
create_tensor: loading tensor blk.0.ffn_up.weight
create_tensor: loading tensor blk.1.attn_norm.weight
create_tensor: loading tensor blk.1.attn_qkv.weight
create_tensor: loading tensor blk.1.attn_q.weight
create_tensor: loading tensor blk.1.attn_k.weight
create_tensor: loading tensor blk.1.attn_v.weight
create_tensor: loading tensor blk.1.attn_q.bias
create_tensor: loading tensor blk.1.attn_k.bias
create_tensor: loading tensor blk.1.attn_v.bias
create_tensor: loading tensor blk.1.attn_output.weight
create_tensor: loading tensor blk.1.attn_k_norm.weight
create_tensor: loading tensor blk.1.attn_q_norm.weight
create_tensor: loading tensor blk.1.ffn_norm.weight
create_tensor: loading tensor blk.1.ffn_gate.weight
create_tensor: loading tensor blk.1.ffn_down.weight
create_tensor: loading tensor blk.1.ffn_up.weight
create_tensor: loading tensor blk.2.attn_norm.weight
create_tensor: loading tensor blk.2.attn_qkv.weight
create_tensor: loading tensor blk.2.attn_q.weight
create_tensor: loading tensor blk.2.attn_k.weight
create_tensor: loading tensor blk.2.attn_v.weight
create_tensor: loading tensor blk.2.attn_q.bias
create_tensor: loading tensor blk.2.attn_k.bias
create_tensor: loading tensor blk.2.attn_v.bias
create_tensor: loading tensor blk.2.attn_output.weight
create_tensor: loading tensor blk.2.attn_k_norm.weight
create_tensor: loading tensor blk.2.attn_q_norm.weight
create_tensor: loading tensor blk.2.ffn_norm.weight
create_tensor: loading tensor blk.2.ffn_gate.weight
create_tensor: loading tensor blk.2.ffn_down.weight
create_tensor: loading tensor blk.2.ffn_up.weight
create_tensor: loading tensor blk.3.attn_norm.weight
create_tensor: loading tensor blk.3.attn_qkv.weight
create_tensor: loading tensor blk.3.attn_q.weight
create_tensor: loading tensor blk.3.attn_k.weight
create_tensor: loading tensor blk.3.attn_v.weight
create_tensor: loading tensor blk.3.attn_q.bias
create_tensor: loading tensor blk.3.attn_k.bias
create_tensor: loading tensor blk.3.attn_v.bias
create_tensor: loading tensor blk.3.attn_output.weight
create_tensor: loading tensor blk.3.attn_k_norm.weight
create_tensor: loading tensor blk.3.attn_q_norm.weight
create_tensor: loading tensor blk.3.ffn_norm.weight
create_tensor: loading tensor blk.3.ffn_gate.weight
create_tensor: loading tensor blk.3.ffn_down.weight
create_tensor: loading tensor blk.3.ffn_up.weight
create_tensor: loading tensor blk.0.attn_q.scale
create_tensor: loading tensor blk.0.attn_k.scale
create_tensor: loading tensor blk.0.attn_v.scale
create_tensor: loading tensor blk.0.attn_output.scale
create_tensor: loading tensor blk.0.ffn_gate.scale
create_tensor: loading tensor blk.0.ffn_down.scale
create_tensor: loading tensor blk.0.ffn_up.scale
create_tensor: loading tensor blk.0.attn_q.input_scale
create_tensor: loading tensor blk.0.attn_k.input_scale
create_tensor: loading tensor blk.0.attn_v.input_scale
create_tensor: loading tensor blk.0.attn_output.input_scale
create_tensor: loading tensor blk.0.ffn_gate.input_scale
create_tensor: loading tensor blk.0.ffn_down.input_scale
create_tensor: loading tensor blk.0.ffn_up.input_scale
create_tensor: loading tensor blk.1.attn_q.scale
create_tensor: loading tensor blk.1.attn_k.scale
create_tensor: loading tensor blk.1.attn_v.scale
create_tensor: loading tensor blk.1.attn_output.scale
create_tensor: loading tensor blk.1.ffn_gate.scale
create_tensor: loading tensor blk.1.ffn_down.scale
create_tensor: loading tensor blk.1.ffn_up.scale
create_tensor: loading tensor blk.1.attn_q.input_scale
create_tensor: loading tensor blk.1.attn_k.input_scale
create_tensor: loading tensor blk.1.attn_v.input_scale
create_tensor: loading tensor blk.1.attn_output.input_scale
create_tensor: loading tensor blk.1.ffn_gate.input_scale
create_tensor: loading tensor blk.1.ffn_down.input_scale
create_tensor: loading tensor blk.1.ffn_up.input_scale
create_tensor: loading tensor blk.2.attn_q.scale
create_tensor: loading tensor blk.2.attn_k.scale
create_tensor: loading tensor blk.2.attn_v.scale
create_tensor: loading tensor blk.2.attn_output.scale
create_tensor: loading tensor blk.2.ffn_gate.scale
create_tensor: loading tensor blk.2.ffn_down.scale
create_tensor: loading tensor blk.2.ffn_up.scale
create_tensor: loading tensor blk.2.attn_q.input_scale
create_tensor: loading tensor blk.2.attn_k.input_scale
create_tensor: loading tensor blk.2.attn_v.input_scale
create_tensor: loading tensor blk.2.attn_output.input_scale
create_tensor: loading tensor blk.2.ffn_gate.input_scale
create_tensor: loading tensor blk.2.ffn_down.input_scale
create_tensor: loading tensor blk.2.ffn_up.input_scale
create_tensor: loading tensor blk.3.attn_q.scale
create_tensor: loading tensor blk.3.attn_k.scale
create_tensor: loading tensor blk.3.attn_v.scale
create_tensor: loading tensor blk.3.attn_output.scale
create_tensor: loading tensor blk.3.ffn_gate.scale
create_tensor: loading tensor blk.3.ffn_down.scale
create_tensor: loading tensor blk.3.ffn_up.scale
create_tensor: loading tensor blk.3.attn_q.input_scale
create_tensor: loading tensor blk.3.attn_k.input_scale
create_tensor: loading tensor blk.3.attn_v.input_scale
create_tensor: loading tensor blk.3.attn_output.input_scale
create_tensor: loading tensor blk.3.ffn_gate.input_scale
create_tensor: loading tensor blk.3.ffn_down.input_scale
create_tensor: loading tensor blk.3.ffn_up.input_scale
done_getting_tensors: tensor 'token_embd.weight' (f16) (and 0 others) cannot be used with preferred buffer type CUDA_Host, using CPU instead
ggml_backend_cuda_get_available_uma_memory: final available_memory_kb: 2732080
load_tensors: offloading output layer to GPU
load_tensors: offloading 3 repeating layers to GPU
load_tensors: offloaded 5/5 layers to GPU
load_tensors:   CPU_Mapped model buffer size =     0.01 MiB
load_tensors:        CUDA0 model buffer size =   488.81 MiB
........................
clip_model_loader: model name:   Mage VL
clip_model_loader: description:  
clip_model_loader: GGUF version: 3
clip_model_loader: alignment:    32
clip_model_loader: n_tensors:    297
clip_model_loader: n_kv:         22

clip_model_loader: has vision encoder
clip_model_loader: tensor[0]: n_dims = 1, name = mm.0.bias, tensor_size=16384, offset=0, shape:[4096, 1, 1, 1], type = f32
clip_model_loader: tensor[1]: n_dims = 2, name = mm.0.weight, tensor_size=17825792, offset=16384, shape:[4096, 4096, 1, 1], type = q8_0
clip_model_loader: tensor[2]: n_dims = 1, name = mm.2.bias, tensor_size=10240, offset=17842176, shape:[2560, 1, 1, 1], type = f32
clip_model_loader: tensor[3]: n_dims = 2, name = mm.2.weight, tensor_size=11141120, offset=17852416, shape:[4096, 2560, 1, 1], type = q8_0
clip_model_loader: tensor[4]: n_dims = 1, name = v.blk.0.attn_out.bias, tensor_size=4096, offset=28993536, shape:[1024, 1, 1, 1], type = f32
clip_model_loader: tensor[5]: n_dims = 2, name = v.blk.0.attn_out.weight, tensor_size=1114112, offset=28997632, shape:[1024, 1024, 1, 1], type = q8_0
clip_model_loader: tensor[6]: n_dims = 1, name = v.blk.0.attn_qkv.bias, tensor_size=12288, offset=30111744, shape:[3072, 1, 1, 1], type = f32
clip_model_loader: tensor[7]: n_dims = 2, name = v.blk.0.attn_qkv.weight, tensor_size=3342336, offset=30124032, shape:[1024, 3072, 1, 1], type = q8_0
clip_model_loader: tensor[8]: n_dims = 1, name = v.blk.0.ffn_down.bias, tensor_size=4096, offset=33466368, shape:[1024, 1, 1, 1], type = f32
clip_model_loader: tensor[9]: n_dims = 2, name = v.blk.0.ffn_down.weight, tensor_size=4456448, offset=33470464, shape:[4096, 1024, 1, 1], type = q8_0
clip_model_loader: tensor[10]: n_dims = 1, name = v.blk.0.ffn_up.bias, tensor_size=16384, offset=37926912, shape:[4096, 1, 1, 1], type = f32
clip_model_loader: tensor[11]: n_dims = 2, name = v.blk.0.ffn_up.weight, tensor_size=4456448, offset=37943296, shape:[1024, 4096, 1, 1], type = q8_0
clip_model_loader: tensor[12]: n_dims = 1, name = v.blk.0.ln1.bias, tensor_size=4096, offset=42399744, shape:[1024, 1, 1, 1], type = f32
clip_model_loader: tensor[13]: n_dims = 1, name = v.blk.0.ln1.weight, tensor_size=4096, offset=42403840, shape:[1024, 1, 1, 1], type = f32
clip_model_loader: tensor[14]: n_dims = 1, name = v.blk.0.ln2.bias, tensor_size=4096, offset=42407936, shape:[1024, 1, 1, 1], type = f32
clip_model_loader: tensor[15]: n_dims = 1, name = v.blk.0.ln2.weight, tensor_size=4096, offset=42412032, shape:[1024, 1, 1, 1], type = f32
clip_model_loader: tensor[16]: n_dims = 1, name = v.blk.1.attn_out.bias, tensor_size=4096, offset=42416128, shape:[1024, 1, 1, 1], type = f32
clip_model_loader: tensor[17]: n_dims = 2, name = v.blk.1.attn_out.weight, tensor_size=1114112, offset=42420224, shape:[1024, 1024, 1, 1], type = q8_0
clip_model_loader: tensor[18]: n_dims = 1, name = v.blk.1.attn_qkv.bias, tensor_size=12288, offset=43534336, shape:[3072, 1, 1, 1], type = f32
clip_model_loader: tensor[19]: n_dims = 2, name = v.blk.1.attn_qkv.weight, tensor_size=3342336, offset=43546624, shape:[1024, 3072, 1, 1], type = q8_0
clip_model_loader: tensor[20]: n_dims = 1, name = v.blk.1.ffn_down.bias, tensor_size=4096, offset=46888960, shape:[1024, 1, 1, 1], type = f32
clip_model_loader: tensor[21]: n_dims = 2, name = v.blk.1.ffn_down.weight, tensor_size=4456448, offset=46893056, shape:[4096, 1024, 1, 1], type = q8_0
clip_model_loader: tensor[22]: n_dims = 1, name = v.blk.1.ffn_up.bias, tensor_size=16384, offset=51349504, shape:[4096, 1, 1, 1], type = f32
clip_model_loader: tensor[23]: n_dims = 2, name = v.blk.1.ffn_up.weight, tensor_size=4456448, offset=51365888, shape:[1024, 4096, 1, 1], type = q8_0
clip_model_loader: tensor[24]: n_dims = 1, name = v.blk.1.ln1.bias, tensor_size=4096, offset=55822336, shape:[1024, 1, 1, 1], type = f32
clip_model_loader: tensor[25]: n_dims = 1, name = v.blk.1.ln1.weight, tensor_size=4096, offset=55826432, shape:[1024, 1, 1, 1], type = f32
clip_model_loader: tensor[26]: n_dims = 1, name = v.blk.1.ln2.bias, tensor_size=4096, offset=55830528, shape:[1024, 1, 1, 1], type = f32
clip_model_loader: tensor[27]: n_dims = 1, name = v.blk.1.ln2.weight, tensor_size=4096, offset=55834624, shape:[1024, 1, 1, 1], type = f32
clip_model_loader: tensor[28]: n_dims = 1, name = v.blk.10.attn_out.bias, tensor_size=4096, offset=55838720, shape:[1024, 1, 1, 1], type = f32
clip_model_loader: tensor[29]: n_dims = 2, name = v.blk.10.attn_out.weight, tensor_size=1114112, offset=55842816, shape:[1024, 1024, 1, 1], type = q8_0
clip_model_loader: tensor[30]: n_dims = 1, name = v.blk.10.attn_qkv.bias, tensor_size=12288, offset=56956928, shape:[3072, 1, 1, 1], type = f32
clip_model_loader: tensor[31]: n_dims = 2, name = v.blk.10.attn_qkv.weight, tensor_size=3342336, offset=56969216, shape:[1024, 3072, 1, 1], type = q8_0
clip_model_loader: tensor[32]: n_dims = 1, name = v.blk.10.ffn_down.bias, tensor_size=4096, offset=60311552, shape:[1024, 1, 1, 1], type = f32
clip_model_loader: tensor[33]: n_dims = 2, name = v.blk.10.ffn_down.weight, tensor_size=4456448, offset=60315648, shape:[4096, 1024, 1, 1], type = q8_0
clip_model_loader: tensor[34]: n_dims = 1, name = v.blk.10.ffn_up.bias, tensor_size=16384, offset=64772096, shape:[4096, 1, 1, 1], type = f32
clip_model_loader: tensor[35]: n_dims = 2, name = v.blk.10.ffn_up.weight, tensor_size=4456448, offset=64788480, shape:[1024, 4096, 1, 1], type = q8_0
clip_model_loader: tensor[36]: n_dims = 1, name = v.blk.10.ln1.bias, tensor_size=4096, offset=69244928, shape:[1024, 1, 1, 1], type = f32
clip_model_loader: tensor[37]: n_dims = 1, name = v.blk.10.ln1.weight, tensor_size=4096, offset=69249024, shape:[1024, 1, 1, 1], type = f32
clip_model_loader: tensor[38]: n_dims = 1, name = v.blk.10.ln2.bias, tensor_size=4096, offset=69253120, shape:[1024, 1, 1, 1], type = f32
clip_model_loader: tensor[39]: n_dims = 1, name = v.blk.10.ln2.weight, tensor_size=4096, offset=69257216, shape:[1024, 1, 1, 1], type = f32
clip_model_loader: tensor[40]: n_dims = 1, name = v.blk.11.attn_out.bias, tensor_size=4096, offset=69261312, shape:[1024, 1, 1, 1], type = f32
clip_model_loader: tensor[41]: n_dims = 2, name = v.blk.11.attn_out.weight, tensor_size=1114112, offset=69265408, shape:[1024, 1024, 1, 1], type = q8_0
clip_model_loader: tensor[42]: n_dims = 1, name = v.blk.11.attn_qkv.bias, tensor_size=12288, offset=70379520, shape:[3072, 1, 1, 1], type = f32
clip_model_loader: tensor[43]: n_dims = 2, name = v.blk.11.attn_qkv.weight, tensor_size=3342336, offset=70391808, shape:[1024, 3072, 1, 1], type = q8_0
clip_model_loader: tensor[44]: n_dims = 1, name = v.blk.11.ffn_down.bias, tensor_size=4096, offset=73734144, shape:[1024, 1, 1, 1], type = f32
clip_model_loader: tensor[45]: n_dims = 2, name = v.blk.11.ffn_down.weight, tensor_size=4456448, offset=73738240, shape:[4096, 1024, 1, 1], type = q8_0
clip_model_loader: tensor[46]: n_dims = 1, name = v.blk.11.ffn_up.bias, tensor_size=16384, offset=78194688, shape:[4096, 1, 1, 1], type = f32
clip_model_loader: tensor[47]: n_dims = 2, name = v.blk.11.ffn_up.weight, tensor_size=4456448, offset=78211072, shape:[1024, 4096, 1, 1], type = q8_0
clip_model_loader: tensor[48]: n_dims = 1, name = v.blk.11.ln1.bias, tensor_size=4096, offset=82667520, shape:[1024, 1, 1, 1], type = f32
clip_model_loader: tensor[49]: n_dims = 1, name = v.blk.11.ln1.weight, tensor_size=4096, offset=82671616, shape:[1024, 1, 1, 1], type = f32
clip_model_loader: tensor[50]: n_dims = 1, name = v.blk.11.ln2.bias, tensor_size=4096, offset=82675712, shape:[1024, 1, 1, 1], type = f32
clip_model_loader: tensor[51]: n_dims = 1, name = v.blk.11.ln2.weight, tensor_size=4096, offset=82679808, shape:[1024, 1, 1, 1], type = f32
clip_model_loader: tensor[52]: n_dims = 1, name = v.blk.12.attn_out.bias, tensor_size=4096, offset=82683904, shape:[1024, 1, 1, 1], type = f32
clip_model_loader: tensor[53]: n_dims = 2, name = v.blk.12.attn_out.weight, tensor_size=1114112, offset=82688000, shape:[1024, 1024, 1, 1], type = q8_0
clip_model_loader: tensor[54]: n_dims = 1, name = v.blk.12.attn_qkv.bias, tensor_size=12288, offset=83802112, shape:[3072, 1, 1, 1], type = f32
clip_model_loader: tensor[55]: n_dims = 2, name = v.blk.12.attn_qkv.weight, tensor_size=3342336, offset=83814400, shape:[1024, 3072, 1, 1], type = q8_0
clip_model_loader: tensor[56]: n_dims = 1, name = v.blk.12.ffn_down.bias, tensor_size=4096, offset=87156736, shape:[1024, 1, 1, 1], type = f32
clip_model_loader: tensor[57]: n_dims = 2, name = v.blk.12.ffn_down.weight, tensor_size=4456448, offset=87160832, shape:[4096, 1024, 1, 1], type = q8_0
clip_model_loader: tensor[58]: n_dims = 1, name = v.blk.12.ffn_up.bias, tensor_size=16384, offset=91617280, shape:[4096, 1, 1, 1], type = f32
clip_model_loader: tensor[59]: n_dims = 2, name = v.blk.12.ffn_up.weight, tensor_size=4456448, offset=91633664, shape:[1024, 4096, 1, 1], type = q8_0
clip_model_loader: tensor[60]: n_dims = 1, name = v.blk.12.ln1.bias, tensor_size=4096, offset=96090112, shape:[1024, 1, 1, 1], type = f32
clip_model_loader: tensor[61]: n_dims = 1, name = v.blk.12.ln1.weight, tensor_size=4096, offset=96094208, shape:[1024, 1, 1, 1], type = f32
clip_model_loader: tensor[62]: n_dims = 1, name = v.blk.12.ln2.bias, tensor_size=4096, offset=96098304, shape:[1024, 1, 1, 1], type = f32
clip_model_loader: tensor[63]: n_dims = 1, name = v.blk.12.ln2.weight, tensor_size=4096, offset=96102400, shape:[1024, 1, 1, 1], type = f32
clip_model_loader: tensor[64]: n_dims = 1, name = v.blk.13.attn_out.bias, tensor_size=4096, offset=96106496, shape:[1024, 1, 1, 1], type = f32
clip_model_loader: tensor[65]: n_dims = 2, name = v.blk.13.attn_out.weight, tensor_size=1114112, offset=96110592, shape:[1024, 1024, 1, 1], type = q8_0
clip_model_loader: tensor[66]: n_dims = 1, name = v.blk.13.attn_qkv.bias, tensor_size=12288, offset=97224704, shape:[3072, 1, 1, 1], type = f32
clip_model_loader: tensor[67]: n_dims = 2, name = v.blk.13.attn_qkv.weight, tensor_size=3342336, offset=97236992, shape:[1024, 3072, 1, 1], type = q8_0
clip_model_loader: tensor[68]: n_dims = 1, name = v.blk.13.ffn_down.bias, tensor_size=4096, offset=100579328, shape:[1024, 1, 1, 1], type = f32
clip_model_loader: tensor[69]: n_dims = 2, name = v.blk.13.ffn_down.weight, tensor_size=4456448, offset=100583424, shape:[4096, 1024, 1, 1], type = q8_0
clip_model_loader: tensor[70]: n_dims = 1, name = v.blk.13.ffn_up.bias, tensor_size=16384, offset=105039872, shape:[4096, 1, 1, 1], type = f32
clip_model_loader: tensor[71]: n_dims = 2, name = v.blk.13.ffn_up.weight, tensor_size=4456448, offset=105056256, shape:[1024, 4096, 1, 1], type = q8_0
clip_model_loader: tensor[72]: n_dims = 1, name = v.blk.13.ln1.bias, tensor_size=4096, offset=109512704, shape:[1024, 1, 1, 1], type = f32
clip_model_loader: tensor[73]: n_dims = 1, name = v.blk.13.ln1.weight, tensor_size=4096, offset=109516800, shape:[1024, 1, 1, 1], type = f32
clip_model_loader: tensor[74]: n_dims = 1, name = v.blk.13.ln2.bias, tensor_size=4096, offset=109520896, shape:[1024, 1, 1, 1], type = f32
clip_model_loader: tensor[75]: n_dims = 1, name = v.blk.13.ln2.weight, tensor_size=4096, offset=109524992, shape:[1024, 1, 1, 1], type = f32
clip_model_loader: tensor[76]: n_dims = 1, name = v.blk.14.attn_out.bias, tensor_size=4096, offset=109529088, shape:[1024, 1, 1, 1], type = f32
clip_model_loader: tensor[77]: n_dims = 2, name = v.blk.14.attn_out.weight, tensor_size=1114112, offset=109533184, shape:[1024, 1024, 1, 1], type = q8_0
clip_model_loader: tensor[78]: n_dims = 1, name = v.blk.14.attn_qkv.bias, tensor_size=12288, offset=110647296, shape:[3072, 1, 1, 1], type = f32
clip_model_loader: tensor[79]: n_dims = 2, name = v.blk.14.attn_qkv.weight, tensor_size=3342336, offset=110659584, shape:[1024, 3072, 1, 1], type = q8_0
clip_model_loader: tensor[80]: n_dims = 1, name = v.blk.14.ffn_down.bias, tensor_size=4096, offset=114001920, shape:[1024, 1, 1, 1], type = f32
clip_model_loader: tensor[81]: n_dims = 2, name = v.blk.14.ffn_down.weight, tensor_size=4456448, offset=114006016, shape:[4096, 1024, 1, 1], type = q8_0
clip_model_loader: tensor[82]: n_dims = 1, name = v.blk.14.ffn_up.bias, tensor_size=16384, offset=118462464, shape:[4096, 1, 1, 1], type = f32
clip_model_loader: tensor[83]: n_dims = 2, name = v.blk.14.ffn_up.weight, tensor_size=4456448, offset=118478848, shape:[1024, 4096, 1, 1], type = q8_0
clip_model_loader: tensor[84]: n_dims = 1, name = v.blk.14.ln1.bias, tensor_size=4096, offset=122935296, shape:[1024, 1, 1, 1], type = f32
clip_model_loader: tensor[85]: n_dims = 1, name = v.blk.14.ln1.weight, tensor_size=4096, offset=122939392, shape:[1024, 1, 1, 1], type = f32
clip_model_loader: tensor[86]: n_dims = 1, name = v.blk.14.ln2.bias, tensor_size=4096, offset=122943488, shape:[1024, 1, 1, 1], type = f32
clip_model_loader: tensor[87]: n_dims = 1, name = v.blk.14.ln2.weight, tensor_size=4096, offset=122947584, shape:[1024, 1, 1, 1], type = f32
clip_model_loader: tensor[88]: n_dims = 1, name = v.blk.15.attn_out.bias, tensor_size=4096, offset=122951680, shape:[1024, 1, 1, 1], type = f32
clip_model_loader: tensor[89]: n_dims = 2, name = v.blk.15.attn_out.weight, tensor_size=1114112, offset=122955776, shape:[1024, 1024, 1, 1], type = q8_0
clip_model_loader: tensor[90]: n_dims = 1, name = v.blk.15.attn_qkv.bias, tensor_size=12288, offset=124069888, shape:[3072, 1, 1, 1], type = f32
clip_model_loader: tensor[91]: n_dims = 2, name = v.blk.15.attn_qkv.weight, tensor_size=3342336, offset=124082176, shape:[1024, 3072, 1, 1], type = q8_0
clip_model_loader: tensor[92]: n_dims = 1, name = v.blk.15.ffn_down.bias, tensor_size=4096, offset=127424512, shape:[1024, 1, 1, 1], type = f32
clip_model_loader: tensor[93]: n_dims = 2, name = v.blk.15.ffn_down.weight, tensor_size=4456448, offset=127428608, shape:[4096, 1024, 1, 1], type = q8_0
clip_model_loader: tensor[94]: n_dims = 1, name = v.blk.15.ffn_up.bias, tensor_size=16384, offset=131885056, shape:[4096, 1, 1, 1], type = f32
clip_model_loader: tensor[95]: n_dims = 2, name = v.blk.15.ffn_up.weight, tensor_size=4456448, offset=131901440, shape:[1024, 4096, 1, 1], type = q8_0
clip_model_loader: tensor[96]: n_dims = 1, name = v.blk.15.ln1.bias, tensor_size=4096, offset=136357888, shape:[1024, 1, 1, 1], type = f32
clip_model_loader: tensor[97]: n_dims = 1, name = v.blk.15.ln1.weight, tensor_size=4096, offset=136361984, shape:[1024, 1, 1, 1], type = f32
clip_model_loader: tensor[98]: n_dims = 1, name = v.blk.15.ln2.bias, tensor_size=4096, offset=136366080, shape:[1024, 1, 1, 1], type = f32
clip_model_loader: tensor[99]: n_dims = 1, name = v.blk.15.ln2.weight, tensor_size=4096, offset=136370176, shape:[1024, 1, 1, 1], type = f32
clip_model_loader: tensor[100]: n_dims = 1, name = v.blk.16.attn_out.bias, tensor_size=4096, offset=136374272, shape:[1024, 1, 1, 1], type = f32
clip_model_loader: tensor[101]: n_dims = 2, name = v.blk.16.attn_out.weight, tensor_size=1114112, offset=136378368, shape:[1024, 1024, 1, 1], type = q8_0
clip_model_loader: tensor[102]: n_dims = 1, name = v.blk.16.attn_qkv.bias, tensor_size=12288, offset=137492480, shape:[3072, 1, 1, 1], type = f32
clip_model_loader: tensor[103]: n_dims = 2, name = v.blk.16.attn_qkv.weight, tensor_size=3342336, offset=137504768, shape:[1024, 3072, 1, 1], type = q8_0
clip_model_loader: tensor[104]: n_dims = 1, name = v.blk.16.ffn_down.bias, tensor_size=4096, offset=140847104, shape:[1024, 1, 1, 1], type = f32
clip_model_loader: tensor[105]: n_dims = 2, name = v.blk.16.ffn_down.weight, tensor_size=4456448, offset=140851200, shape:[4096, 1024, 1, 1], type = q8_0
clip_model_loader: tensor[106]: n_dims = 1, name = v.blk.16.ffn_up.bias, tensor_size=16384, offset=145307648, shape:[4096, 1, 1, 1], type = f32
clip_model_loader: tensor[107]: n_dims = 2, name = v.blk.16.ffn_up.weight, tensor_size=4456448, offset=145324032, shape:[1024, 4096, 1, 1], type = q8_0
clip_model_loader: tensor[108]: n_dims = 1, name = v.blk.16.ln1.bias, tensor_size=4096, offset=149780480, shape:[1024, 1, 1, 1], type = f32
clip_model_loader: tensor[109]: n_dims = 1, name = v.blk.16.ln1.weight, tensor_size=4096, offset=149784576, shape:[1024, 1, 1, 1], type = f32
clip_model_loader: tensor[110]: n_dims = 1, name = v.blk.16.ln2.bias, tensor_size=4096, offset=149788672, shape:[1024, 1, 1, 1], type = f32
clip_model_loader: tensor[111]: n_dims = 1, name = v.blk.16.ln2.weight, tensor_size=4096, offset=149792768, shape:[1024, 1, 1, 1], type = f32
clip_model_loader: tensor[112]: n_dims = 1, name = v.blk.17.attn_out.bias, tensor_size=4096, offset=149796864, shape:[1024, 1, 1, 1], type = f32
clip_model_loader: tensor[113]: n_dims = 2, name = v.blk.17.attn_out.weight, tensor_size=1114112, offset=149800960, shape:[1024, 1024, 1, 1], type = q8_0
clip_model_loader: tensor[114]: n_dims = 1, name = v.blk.17.attn_qkv.bias, tensor_size=12288, offset=150915072, shape:[3072, 1, 1, 1], type = f32
clip_model_loader: tensor[115]: n_dims = 2, name = v.blk.17.attn_qkv.weight, tensor_size=3342336, offset=150927360, shape:[1024, 3072, 1, 1], type = q8_0
clip_model_loader: tensor[116]: n_dims = 1, name = v.blk.17.ffn_down.bias, tensor_size=4096, offset=154269696, shape:[1024, 1, 1, 1], type = f32
clip_model_loader: tensor[117]: n_dims = 2, name = v.blk.17.ffn_down.weight, tensor_size=4456448, offset=154273792, shape:[4096, 1024, 1, 1], type = q8_0
clip_model_loader: tensor[118]: n_dims = 1, name = v.blk.17.ffn_up.bias, tensor_size=16384, offset=158730240, shape:[4096, 1, 1, 1], type = f32
clip_model_loader: tensor[119]: n_dims = 2, name = v.blk.17.ffn_up.weight, tensor_size=4456448, offset=158746624, shape:[1024, 4096, 1, 1], type = q8_0
clip_model_loader: tensor[120]: n_dims = 1, name = v.blk.17.ln1.bias, tensor_size=4096, offset=163203072, shape:[1024, 1, 1, 1], type = f32
clip_model_loader: tensor[121]: n_dims = 1, name = v.blk.17.ln1.weight, tensor_size=4096, offset=163207168, shape:[1024, 1, 1, 1], type = f32
clip_model_loader: tensor[122]: n_dims = 1, name = v.blk.17.ln2.bias, tensor_size=4096, offset=163211264, shape:[1024, 1, 1, 1], type = f32
clip_model_loader: tensor[123]: n_dims = 1, name = v.blk.17.ln2.weight, tensor_size=4096, offset=163215360, shape:[1024, 1, 1, 1], type = f32
clip_model_loader: tensor[124]: n_dims = 1, name = v.blk.18.attn_out.bias, tensor_size=4096, offset=163219456, shape:[1024, 1, 1, 1], type = f32
clip_model_loader: tensor[125]: n_dims = 2, name = v.blk.18.attn_out.weight, tensor_size=1114112, offset=163223552, shape:[1024, 1024, 1, 1], type = q8_0
clip_model_loader: tensor[126]: n_dims = 1, name = v.blk.18.attn_qkv.bias, tensor_size=12288, offset=164337664, shape:[3072, 1, 1, 1], type = f32
clip_model_loader: tensor[127]: n_dims = 2, name = v.blk.18.attn_qkv.weight, tensor_size=3342336, offset=164349952, shape:[1024, 3072, 1, 1], type = q8_0
clip_model_loader: tensor[128]: n_dims = 1, name = v.blk.18.ffn_down.bias, tensor_size=4096, offset=167692288, shape:[1024, 1, 1, 1], type = f32
clip_model_loader: tensor[129]: n_dims = 2, name = v.blk.18.ffn_down.weight, tensor_size=4456448, offset=167696384, shape:[4096, 1024, 1, 1], type = q8_0
clip_model_loader: tensor[130]: n_dims = 1, name = v.blk.18.ffn_up.bias, tensor_size=16384, offset=172152832, shape:[4096, 1, 1, 1], type = f32
clip_model_loader: tensor[131]: n_dims = 2, name = v.blk.18.ffn_up.weight, tensor_size=4456448, offset=172169216, shape:[1024, 4096, 1, 1], type = q8_0
clip_model_loader: tensor[132]: n_dims = 1, name = v.blk.18.ln1.bias, tensor_size=4096, offset=176625664, shape:[1024, 1, 1, 1], type = f32
clip_model_loader: tensor[133]: n_dims = 1, name = v.blk.18.ln1.weight, tensor_size=4096, offset=176629760, shape:[1024, 1, 1, 1], type = f32
clip_model_loader: tensor[134]: n_dims = 1, name = v.blk.18.ln2.bias, tensor_size=4096, offset=176633856, shape:[1024, 1, 1, 1], type = f32
clip_model_loader: tensor[135]: n_dims = 1, name = v.blk.18.ln2.weight, tensor_size=4096, offset=176637952, shape:[1024, 1, 1, 1], type = f32
clip_model_loader: tensor[136]: n_dims = 1, name = v.blk.19.attn_out.bias, tensor_size=4096, offset=176642048, shape:[1024, 1, 1, 1], type = f32
clip_model_loader: tensor[137]: n_dims = 2, name = v.blk.19.attn_out.weight, tensor_size=1114112, offset=176646144, shape:[1024, 1024, 1, 1], type = q8_0
clip_model_loader: tensor[138]: n_dims = 1, name = v.blk.19.attn_qkv.bias, tensor_size=12288, offset=177760256, shape:[3072, 1, 1, 1], type = f32
clip_model_loader: tensor[139]: n_dims = 2, name = v.blk.19.attn_qkv.weight, tensor_size=3342336, offset=177772544, shape:[1024, 3072, 1, 1], type = q8_0
clip_model_loader: tensor[140]: n_dims = 1, name = v.blk.19.ffn_down.bias, tensor_size=4096, offset=181114880, shape:[1024, 1, 1, 1], type = f32
clip_model_loader: tensor[141]: n_dims = 2, name = v.blk.19.ffn_down.weight, tensor_size=4456448, offset=181118976, shape:[4096, 1024, 1, 1], type = q8_0
clip_model_loader: tensor[142]: n_dims = 1, name = v.blk.19.ffn_up.bias, tensor_size=16384, offset=185575424, shape:[4096, 1, 1, 1], type = f32
clip_model_loader: tensor[143]: n_dims = 2, name = v.blk.19.ffn_up.weight, tensor_size=4456448, offset=185591808, shape:[1024, 4096, 1, 1], type = q8_0
clip_model_loader: tensor[144]: n_dims = 1, name = v.blk.19.ln1.bias, tensor_size=4096, offset=190048256, shape:[1024, 1, 1, 1], type = f32
clip_model_loader: tensor[145]: n_dims = 1, name = v.blk.19.ln1.weight, tensor_size=4096, offset=190052352, shape:[1024, 1, 1, 1], type = f32
clip_model_loader: tensor[146]: n_dims = 1, name = v.blk.19.ln2.bias, tensor_size=4096, offset=190056448, shape:[1024, 1, 1, 1], type = f32
clip_model_loader: tensor[147]: n_dims = 1, name = v.blk.19.ln2.weight, tensor_size=4096, offset=190060544, shape:[1024, 1, 1, 1], type = f32
clip_model_loader: tensor[148]: n_dims = 1, name = v.blk.2.attn_out.bias, tensor_size=4096, offset=190064640, shape:[1024, 1, 1, 1], type = f32
clip_model_loader: tensor[149]: n_dims = 2, name = v.blk.2.attn_out.weight, tensor_size=1114112, offset=190068736, shape:[1024, 1024, 1, 1], type = q8_0
clip_model_loader: tensor[150]: n_dims = 1, name = v.blk.2.attn_qkv.bias, tensor_size=12288, offset=191182848, shape:[3072, 1, 1, 1], type = f32
clip_model_loader: tensor[151]: n_dims = 2, name = v.blk.2.attn_qkv.weight, tensor_size=3342336, offset=191195136, shape:[1024, 3072, 1, 1], type = q8_0
clip_model_loader: tensor[152]: n_dims = 1, name = v.blk.2.ffn_down.bias, tensor_size=4096, offset=194537472, shape:[1024, 1, 1, 1], type = f32
clip_model_loader: tensor[153]: n_dims = 2, name = v.blk.2.ffn_down.weight, tensor_size=4456448, offset=194541568, shape:[4096, 1024, 1, 1], type = q8_0
clip_model_loader: tensor[154]: n_dims = 1, name = v.blk.2.ffn_up.bias, tensor_size=16384, offset=198998016, shape:[4096, 1, 1, 1], type = f32
clip_model_loader: tensor[155]: n_dims = 2, name = v.blk.2.ffn_up.weight, tensor_size=4456448, offset=199014400, shape:[1024, 4096, 1, 1], type = q8_0
clip_model_loader: tensor[156]: n_dims = 1, name = v.blk.2.ln1.bias, tensor_size=4096, offset=203470848, shape:[1024, 1, 1, 1], type = f32
clip_model_loader: tensor[157]: n_dims = 1, name = v.blk.2.ln1.weight, tensor_size=4096, offset=203474944, shape:[1024, 1, 1, 1], type = f32
clip_model_loader: tensor[158]: n_dims = 1, name = v.blk.2.ln2.bias, tensor_size=4096, offset=203479040, shape:[1024, 1, 1, 1], type = f32
clip_model_loader: tensor[159]: n_dims = 1, name = v.blk.2.ln2.weight, tensor_size=4096, offset=203483136, shape:[1024, 1, 1, 1], type = f32
clip_model_loader: tensor[160]: n_dims = 1, name = v.blk.20.attn_out.bias, tensor_size=4096, offset=203487232, shape:[1024, 1, 1, 1], type = f32
clip_model_loader: tensor[161]: n_dims = 2, name = v.blk.20.attn_out.weight, tensor_size=1114112, offset=203491328, shape:[1024, 1024, 1, 1], type = q8_0
clip_model_loader: tensor[162]: n_dims = 1, name = v.blk.20.attn_qkv.bias, tensor_size=12288, offset=204605440, shape:[3072, 1, 1, 1], type = f32
clip_model_loader: tensor[163]: n_dims = 2, name = v.blk.20.attn_qkv.weight, tensor_size=3342336, offset=204617728, shape:[1024, 3072, 1, 1], type = q8_0
clip_model_loader: tensor[164]: n_dims = 1, name = v.blk.20.ffn_down.bias, tensor_size=4096, offset=207960064, shape:[1024, 1, 1, 1], type = f32
clip_model_loader: tensor[165]: n_dims = 2, name = v.blk.20.ffn_down.weight, tensor_size=4456448, offset=207964160, shape:[4096, 1024, 1, 1], type = q8_0
clip_model_loader: tensor[166]: n_dims = 1, name = v.blk.20.ffn_up.bias, tensor_size=16384, offset=212420608, shape:[4096, 1, 1, 1], type = f32
clip_model_loader: tensor[167]: n_dims = 2, name = v.blk.20.ffn_up.weight, tensor_size=4456448, offset=212436992, shape:[1024, 4096, 1, 1], type = q8_0
clip_model_loader: tensor[168]: n_dims = 1, name = v.blk.20.ln1.bias, tensor_size=4096, offset=216893440, shape:[1024, 1, 1, 1], type = f32
clip_model_loader: tensor[169]: n_dims = 1, name = v.blk.20.ln1.weight, tensor_size=4096, offset=216897536, shape:[1024, 1, 1, 1], type = f32
clip_model_loader: tensor[170]: n_dims = 1, name = v.blk.20.ln2.bias, tensor_size=4096, offset=216901632, shape:[1024, 1, 1, 1], type = f32
clip_model_loader: tensor[171]: n_dims = 1, name = v.blk.20.ln2.weight, tensor_size=4096, offset=216905728, shape:[1024, 1, 1, 1], type = f32
clip_model_loader: tensor[172]: n_dims = 1, name = v.blk.21.attn_out.bias, tensor_size=4096, offset=216909824, shape:[1024, 1, 1, 1], type = f32
clip_model_loader: tensor[173]: n_dims = 2, name = v.blk.21.attn_out.weight, tensor_size=1114112, offset=216913920, shape:[1024, 1024, 1, 1], type = q8_0
clip_model_loader: tensor[174]: n_dims = 1, name = v.blk.21.attn_qkv.bias, tensor_size=12288, offset=218028032, shape:[3072, 1, 1, 1], type = f32
clip_model_loader: tensor[175]: n_dims = 2, name = v.blk.21.attn_qkv.weight, tensor_size=3342336, offset=218040320, shape:[1024, 3072, 1, 1], type = q8_0
clip_model_loader: tensor[176]: n_dims = 1, name = v.blk.21.ffn_down.bias, tensor_size=4096, offset=221382656, shape:[1024, 1, 1, 1], type = f32
clip_model_loader: tensor[177]: n_dims = 2, name = v.blk.21.ffn_down.weight, tensor_size=4456448, offset=221386752, shape:[4096, 1024, 1, 1], type = q8_0
clip_model_loader: tensor[178]: n_dims = 1, name = v.blk.21.ffn_up.bias, tensor_size=16384, offset=225843200, shape:[4096, 1, 1, 1], type = f32
clip_model_loader: tensor[179]: n_dims = 2, name = v.blk.21.ffn_up.weight, tensor_size=4456448, offset=225859584, shape:[1024, 4096, 1, 1], type = q8_0
clip_model_loader: tensor[180]: n_dims = 1, name = v.blk.21.ln1.bias, tensor_size=4096, offset=230316032, shape:[1024, 1, 1, 1], type = f32
clip_model_loader: tensor[181]: n_dims = 1, name = v.blk.21.ln1.weight, tensor_size=4096, offset=230320128, shape:[1024, 1, 1, 1], type = f32
clip_model_loader: tensor[182]: n_dims = 1, name = v.blk.21.ln2.bias, tensor_size=4096, offset=230324224, shape:[1024, 1, 1, 1], type = f32
clip_model_loader: tensor[183]: n_dims = 1, name = v.blk.21.ln2.weight, tensor_size=4096, offset=230328320, shape:[1024, 1, 1, 1], type = f32
clip_model_loader: tensor[184]: n_dims = 1, name = v.blk.22.attn_out.bias, tensor_size=4096, offset=230332416, shape:[1024, 1, 1, 1], type = f32
clip_model_loader: tensor[185]: n_dims = 2, name = v.blk.22.attn_out.weight, tensor_size=1114112, offset=230336512, shape:[1024, 1024, 1, 1], type = q8_0
clip_model_loader: tensor[186]: n_dims = 1, name = v.blk.22.attn_qkv.bias, tensor_size=12288, offset=231450624, shape:[3072, 1, 1, 1], type = f32
clip_model_loader: tensor[187]: n_dims = 2, name = v.blk.22.attn_qkv.weight, tensor_size=3342336, offset=231462912, shape:[1024, 3072, 1, 1], type = q8_0
clip_model_loader: tensor[188]: n_dims = 1, name = v.blk.22.ffn_down.bias, tensor_size=4096, offset=234805248, shape:[1024, 1, 1, 1], type = f32
clip_model_loader: tensor[189]: n_dims = 2, name = v.blk.22.ffn_down.weight, tensor_size=4456448, offset=234809344, shape:[4096, 1024, 1, 1], type = q8_0
clip_model_loader: tensor[190]: n_dims = 1, name = v.blk.22.ffn_up.bias, tensor_size=16384, offset=239265792, shape:[4096, 1, 1, 1], type = f32
clip_model_loader: tensor[191]: n_dims = 2, name = v.blk.22.ffn_up.weight, tensor_size=4456448, offset=239282176, shape:[1024, 4096, 1, 1], type = q8_0
clip_model_loader: tensor[192]: n_dims = 1, name = v.blk.22.ln1.bias, tensor_size=4096, offset=243738624, shape:[1024, 1, 1, 1], type = f32
clip_model_loader: tensor[193]: n_dims = 1, name = v.blk.22.ln1.weight, tensor_size=4096, offset=243742720, shape:[1024, 1, 1, 1], type = f32
clip_model_loader: tensor[194]: n_dims = 1, name = v.blk.22.ln2.bias, tensor_size=4096, offset=243746816, shape:[1024, 1, 1, 1], type = f32
clip_model_loader: tensor[195]: n_dims = 1, name = v.blk.22.ln2.weight, tensor_size=4096, offset=243750912, shape:[1024, 1, 1, 1], type = f32
clip_model_loader: tensor[196]: n_dims = 1, name = v.blk.23.attn_out.bias, tensor_size=4096, offset=243755008, shape:[1024, 1, 1, 1], type = f32
clip_model_loader: tensor[197]: n_dims = 2, name = v.blk.23.attn_out.weight, tensor_size=1114112, offset=243759104, shape:[1024, 1024, 1, 1], type = q8_0
clip_model_loader: tensor[198]: n_dims = 1, name = v.blk.23.attn_qkv.bias, tensor_size=12288, offset=244873216, shape:[3072, 1, 1, 1], type = f32
clip_model_loader: tensor[199]: n_dims = 2, name = v.blk.23.attn_qkv.weight, tensor_size=3342336, offset=244885504, shape:[1024, 3072, 1, 1], type = q8_0
clip_model_loader: tensor[200]: n_dims = 1, name = v.blk.23.ffn_down.bias, tensor_size=4096, offset=248227840, shape:[1024, 1, 1, 1], type = f32
clip_model_loader: tensor[201]: n_dims = 2, name = v.blk.23.ffn_down.weight, tensor_size=4456448, offset=248231936, shape:[4096, 1024, 1, 1], type = q8_0
clip_model_loader: tensor[202]: n_dims = 1, name = v.blk.23.ffn_up.bias, tensor_size=16384, offset=252688384, shape:[4096, 1, 1, 1], type = f32
clip_model_loader: tensor[203]: n_dims = 2, name = v.blk.23.ffn_up.weight, tensor_size=4456448, offset=252704768, shape:[1024, 4096, 1, 1], type = q8_0
clip_model_loader: tensor[204]: n_dims = 1, name = v.blk.23.ln1.bias, tensor_size=4096, offset=257161216, shape:[1024, 1, 1, 1], type = f32
clip_model_loader: tensor[205]: n_dims = 1, name = v.blk.23.ln1.weight, tensor_size=4096, offset=257165312, shape:[1024, 1, 1, 1], type = f32
clip_model_loader: tensor[206]: n_dims = 1, name = v.blk.23.ln2.bias, tensor_size=4096, offset=257169408, shape:[1024, 1, 1, 1], type = f32
clip_model_loader: tensor[207]: n_dims = 1, name = v.blk.23.ln2.weight, tensor_size=4096, offset=257173504, shape:[1024, 1, 1, 1], type = f32
clip_model_loader: tensor[208]: n_dims = 1, name = v.blk.3.attn_out.bias, tensor_size=4096, offset=257177600, shape:[1024, 1, 1, 1], type = f32
clip_model_loader: tensor[209]: n_dims = 2, name = v.blk.3.attn_out.weight, tensor_size=1114112, offset=257181696, shape:[1024, 1024, 1, 1], type = q8_0
clip_model_loader: tensor[210]: n_dims = 1, name = v.blk.3.attn_qkv.bias, tensor_size=12288, offset=258295808, shape:[3072, 1, 1, 1], type = f32
clip_model_loader: tensor[211]: n_dims = 2, name = v.blk.3.attn_qkv.weight, tensor_size=3342336, offset=258308096, shape:[1024, 3072, 1, 1], type = q8_0
clip_model_loader: tensor[212]: n_dims = 1, name = v.blk.3.ffn_down.bias, tensor_size=4096, offset=261650432, shape:[1024, 1, 1, 1], type = f32
clip_model_loader: tensor[213]: n_dims = 2, name = v.blk.3.ffn_down.weight, tensor_size=4456448, offset=261654528, shape:[4096, 1024, 1, 1], type = q8_0
clip_model_loader: tensor[214]: n_dims = 1, name = v.blk.3.ffn_up.bias, tensor_size=16384, offset=266110976, shape:[4096, 1, 1, 1], type = f32
clip_model_loader: tensor[215]: n_dims = 2, name = v.blk.3.ffn_up.weight, tensor_size=4456448, offset=266127360, shape:[1024, 4096, 1, 1], type = q8_0
clip_model_loader: tensor[216]: n_dims = 1, name = v.blk.3.ln1.bias, tensor_size=4096, offset=270583808, shape:[1024, 1, 1, 1], type = f32
clip_model_loader: tensor[217]: n_dims = 1, name = v.blk.3.ln1.weight, tensor_size=4096, offset=270587904, shape:[1024, 1, 1, 1], type = f32
clip_model_loader: tensor[218]: n_dims = 1, name = v.blk.3.ln2.bias, tensor_size=4096, offset=270592000, shape:[1024, 1, 1, 1], type = f32
clip_model_loader: tensor[219]: n_dims = 1, name = v.blk.3.ln2.weight, tensor_size=4096, offset=270596096, shape:[1024, 1, 1, 1], type = f32
clip_model_loader: tensor[220]: n_dims = 1, name = v.blk.4.attn_out.bias, tensor_size=4096, offset=270600192, shape:[1024, 1, 1, 1], type = f32
clip_model_loader: tensor[221]: n_dims = 2, name = v.blk.4.attn_out.weight, tensor_size=1114112, offset=270604288, shape:[1024, 1024, 1, 1], type = q8_0
clip_model_loader: tensor[222]: n_dims = 1, name = v.blk.4.attn_qkv.bias, tensor_size=12288, offset=271718400, shape:[3072, 1, 1, 1], type = f32
clip_model_loader: tensor[223]: n_dims = 2, name = v.blk.4.attn_qkv.weight, tensor_size=3342336, offset=271730688, shape:[1024, 3072, 1, 1], type = q8_0
clip_model_loader: tensor[224]: n_dims = 1, name = v.blk.4.ffn_down.bias, tensor_size=4096, offset=275073024, shape:[1024, 1, 1, 1], type = f32
clip_model_loader: tensor[225]: n_dims = 2, name = v.blk.4.ffn_down.weight, tensor_size=4456448, offset=275077120, shape:[4096, 1024, 1, 1], type = q8_0
clip_model_loader: tensor[226]: n_dims = 1, name = v.blk.4.ffn_up.bias, tensor_size=16384, offset=279533568, shape:[4096, 1, 1, 1], type = f32
clip_model_loader: tensor[227]: n_dims = 2, name = v.blk.4.ffn_up.weight, tensor_size=4456448, offset=279549952, shape:[1024, 4096, 1, 1], type = q8_0
clip_model_loader: tensor[228]: n_dims = 1, name = v.blk.4.ln1.bias, tensor_size=4096, offset=284006400, shape:[1024, 1, 1, 1], type = f32
clip_model_loader: tensor[229]: n_dims = 1, name = v.blk.4.ln1.weight, tensor_size=4096, offset=284010496, shape:[1024, 1, 1, 1], type = f32
clip_model_loader: tensor[230]: n_dims = 1, name = v.blk.4.ln2.bias, tensor_size=4096, offset=284014592, shape:[1024, 1, 1, 1], type = f32
clip_model_loader: tensor[231]: n_dims = 1, name = v.blk.4.ln2.weight, tensor_size=4096, offset=284018688, shape:[1024, 1, 1, 1], type = f32
clip_model_loader: tensor[232]: n_dims = 1, name = v.blk.5.attn_out.bias, tensor_size=4096, offset=284022784, shape:[1024, 1, 1, 1], type = f32
clip_model_loader: tensor[233]: n_dims = 2, name = v.blk.5.attn_out.weight, tensor_size=1114112, offset=284026880, shape:[1024, 1024, 1, 1], type = q8_0
clip_model_loader: tensor[234]: n_dims = 1, name = v.blk.5.attn_qkv.bias, tensor_size=12288, offset=285140992, shape:[3072, 1, 1, 1], type = f32
clip_model_loader: tensor[235]: n_dims = 2, name = v.blk.5.attn_qkv.weight, tensor_size=3342336, offset=285153280, shape:[1024, 3072, 1, 1], type = q8_0
clip_model_loader: tensor[236]: n_dims = 1, name = v.blk.5.ffn_down.bias, tensor_size=4096, offset=288495616, shape:[1024, 1, 1, 1], type = f32
clip_model_loader: tensor[237]: n_dims = 2, name = v.blk.5.ffn_down.weight, tensor_size=4456448, offset=288499712, shape:[4096, 1024, 1, 1], type = q8_0
clip_model_loader: tensor[238]: n_dims = 1, name = v.blk.5.ffn_up.bias, tensor_size=16384, offset=292956160, shape:[4096, 1, 1, 1], type = f32
clip_model_loader: tensor[239]: n_dims = 2, name = v.blk.5.ffn_up.weight, tensor_size=4456448, offset=292972544, shape:[1024, 4096, 1, 1], type = q8_0
clip_model_loader: tensor[240]: n_dims = 1, name = v.blk.5.ln1.bias, tensor_size=4096, offset=297428992, shape:[1024, 1, 1, 1], type = f32
clip_model_loader: tensor[241]: n_dims = 1, name = v.blk.5.ln1.weight, tensor_size=4096, offset=297433088, shape:[1024, 1, 1, 1], type = f32
clip_model_loader: tensor[242]: n_dims = 1, name = v.blk.5.ln2.bias, tensor_size=4096, offset=297437184, shape:[1024, 1, 1, 1], type = f32
clip_model_loader: tensor[243]: n_dims = 1, name = v.blk.5.ln2.weight, tensor_size=4096, offset=297441280, shape:[1024, 1, 1, 1], type = f32
clip_model_loader: tensor[244]: n_dims = 1, name = v.blk.6.attn_out.bias, tensor_size=4096, offset=297445376, shape:[1024, 1, 1, 1], type = f32
clip_model_loader: tensor[245]: n_dims = 2, name = v.blk.6.attn_out.weight, tensor_size=1114112, offset=297449472, shape:[1024, 1024, 1, 1], type = q8_0
clip_model_loader: tensor[246]: n_dims = 1, name = v.blk.6.attn_qkv.bias, tensor_size=12288, offset=298563584, shape:[3072, 1, 1, 1], type = f32
clip_model_loader: tensor[247]: n_dims = 2, name = v.blk.6.attn_qkv.weight, tensor_size=3342336, offset=298575872, shape:[1024, 3072, 1, 1], type = q8_0
clip_model_loader: tensor[248]: n_dims = 1, name = v.blk.6.ffn_down.bias, tensor_size=4096, offset=301918208, shape:[1024, 1, 1, 1], type = f32
clip_model_loader: tensor[249]: n_dims = 2, name = v.blk.6.ffn_down.weight, tensor_size=4456448, offset=301922304, shape:[4096, 1024, 1, 1], type = q8_0
clip_model_loader: tensor[250]: n_dims = 1, name = v.blk.6.ffn_up.bias, tensor_size=16384, offset=306378752, shape:[4096, 1, 1, 1], type = f32
clip_model_loader: tensor[251]: n_dims = 2, name = v.blk.6.ffn_up.weight, tensor_size=4456448, offset=306395136, shape:[1024, 4096, 1, 1], type = q8_0
clip_model_loader: tensor[252]: n_dims = 1, name = v.blk.6.ln1.bias, tensor_size=4096, offset=310851584, shape:[1024, 1, 1, 1], type = f32
clip_model_loader: tensor[253]: n_dims = 1, name = v.blk.6.ln1.weight, tensor_size=4096, offset=310855680, shape:[1024, 1, 1, 1], type = f32
clip_model_loader: tensor[254]: n_dims = 1, name = v.blk.6.ln2.bias, tensor_size=4096, offset=310859776, shape:[1024, 1, 1, 1], type = f32
clip_model_loader: tensor[255]: n_dims = 1, name = v.blk.6.ln2.weight, tensor_size=4096, offset=310863872, shape:[1024, 1, 1, 1], type = f32
clip_model_loader: tensor[256]: n_dims = 1, name = v.blk.7.attn_out.bias, tensor_size=4096, offset=310867968, shape:[1024, 1, 1, 1], type = f32
clip_model_loader: tensor[257]: n_dims = 2, name = v.blk.7.attn_out.weight, tensor_size=1114112, offset=310872064, shape:[1024, 1024, 1, 1], type = q8_0
clip_model_loader: tensor[258]: n_dims = 1, name = v.blk.7.attn_qkv.bias, tensor_size=12288, offset=311986176, shape:[3072, 1, 1, 1], type = f32
clip_model_loader: tensor[259]: n_dims = 2, name = v.blk.7.attn_qkv.weight, tensor_size=3342336, offset=311998464, shape:[1024, 3072, 1, 1], type = q8_0
clip_model_loader: tensor[260]: n_dims = 1, name = v.blk.7.ffn_down.bias, tensor_size=4096, offset=315340800, shape:[1024, 1, 1, 1], type = f32
clip_model_loader: tensor[261]: n_dims = 2, name = v.blk.7.ffn_down.weight, tensor_size=4456448, offset=315344896, shape:[4096, 1024, 1, 1], type = q8_0
clip_model_loader: tensor[262]: n_dims = 1, name = v.blk.7.ffn_up.bias, tensor_size=16384, offset=319801344, shape:[4096, 1, 1, 1], type = f32
clip_model_loader: tensor[263]: n_dims = 2, name = v.blk.7.ffn_up.weight, tensor_size=4456448, offset=319817728, shape:[1024, 4096, 1, 1], type = q8_0
clip_model_loader: tensor[264]: n_dims = 1, name = v.blk.7.ln1.bias, tensor_size=4096, offset=324274176, shape:[1024, 1, 1, 1], type = f32
clip_model_loader: tensor[265]: n_dims = 1, name = v.blk.7.ln1.weight, tensor_size=4096, offset=324278272, shape:[1024, 1, 1, 1], type = f32
clip_model_loader: tensor[266]: n_dims = 1, name = v.blk.7.ln2.bias, tensor_size=4096, offset=324282368, shape:[1024, 1, 1, 1], type = f32
clip_model_loader: tensor[267]: n_dims = 1, name = v.blk.7.ln2.weight, tensor_size=4096, offset=324286464, shape:[1024, 1, 1, 1], type = f32
clip_model_loader: tensor[268]: n_dims = 1, name = v.blk.8.attn_out.bias, tensor_size=4096, offset=324290560, shape:[1024, 1, 1, 1], type = f32
clip_model_loader: tensor[269]: n_dims = 2, name = v.blk.8.attn_out.weight, tensor_size=1114112, offset=324294656, shape:[1024, 1024, 1, 1], type = q8_0
clip_model_loader: tensor[270]: n_dims = 1, name = v.blk.8.attn_qkv.bias, tensor_size=12288, offset=325408768, shape:[3072, 1, 1, 1], type = f32
clip_model_loader: tensor[271]: n_dims = 2, name = v.blk.8.attn_qkv.weight, tensor_size=3342336, offset=325421056, shape:[1024, 3072, 1, 1], type = q8_0
clip_model_loader: tensor[272]: n_dims = 1, name = v.blk.8.ffn_down.bias, tensor_size=4096, offset=328763392, shape:[1024, 1, 1, 1], type = f32
clip_model_loader: tensor[273]: n_dims = 2, name = v.blk.8.ffn_down.weight, tensor_size=4456448, offset=328767488, shape:[4096, 1024, 1, 1], type = q8_0
clip_model_loader: tensor[274]: n_dims = 1, name = v.blk.8.ffn_up.bias, tensor_size=16384, offset=333223936, shape:[4096, 1, 1, 1], type = f32
clip_model_loader: tensor[275]: n_dims = 2, name = v.blk.8.ffn_up.weight, tensor_size=4456448, offset=333240320, shape:[1024, 4096, 1, 1], type = q8_0
clip_model_loader: tensor[276]: n_dims = 1, name = v.blk.8.ln1.bias, tensor_size=4096, offset=337696768, shape:[1024, 1, 1, 1], type = f32
clip_model_loader: tensor[277]: n_dims = 1, name = v.blk.8.ln1.weight, tensor_size=4096, offset=337700864, shape:[1024, 1, 1, 1], type = f32
clip_model_loader: tensor[278]: n_dims = 1, name = v.blk.8.ln2.bias, tensor_size=4096, offset=337704960, shape:[1024, 1, 1, 1], type = f32
clip_model_loader: tensor[279]: n_dims = 1, name = v.blk.8.ln2.weight, tensor_size=4096, offset=337709056, shape:[1024, 1, 1, 1], type = f32
clip_model_loader: tensor[280]: n_dims = 1, name = v.blk.9.attn_out.bias, tensor_size=4096, offset=337713152, shape:[1024, 1, 1, 1], type = f32
clip_model_loader: tensor[281]: n_dims = 2, name = v.blk.9.attn_out.weight, tensor_size=1114112, offset=337717248, shape:[1024, 1024, 1, 1], type = q8_0
clip_model_loader: tensor[282]: n_dims = 1, name = v.blk.9.attn_qkv.bias, tensor_size=12288, offset=338831360, shape:[3072, 1, 1, 1], type = f32
clip_model_loader: tensor[283]: n_dims = 2, name = v.blk.9.attn_qkv.weight, tensor_size=3342336, offset=338843648, shape:[1024, 3072, 1, 1], type = q8_0
clip_model_loader: tensor[284]: n_dims = 1, name = v.blk.9.ffn_down.bias, tensor_size=4096, offset=342185984, shape:[1024, 1, 1, 1], type = f32
clip_model_loader: tensor[285]: n_dims = 2, name = v.blk.9.ffn_down.weight, tensor_size=4456448, offset=342190080, shape:[4096, 1024, 1, 1], type = q8_0
clip_model_loader: tensor[286]: n_dims = 1, name = v.blk.9.ffn_up.bias, tensor_size=16384, offset=346646528, shape:[4096, 1, 1, 1], type = f32
clip_model_loader: tensor[287]: n_dims = 2, name = v.blk.9.ffn_up.weight, tensor_size=4456448, offset=346662912, shape:[1024, 4096, 1, 1], type = q8_0
clip_model_loader: tensor[288]: n_dims = 1, name = v.blk.9.ln1.bias, tensor_size=4096, offset=351119360, shape:[1024, 1, 1, 1], type = f32
clip_model_loader: tensor[289]: n_dims = 1, name = v.blk.9.ln1.weight, tensor_size=4096, offset=351123456, shape:[1024, 1, 1, 1], type = f32
clip_model_loader: tensor[290]: n_dims = 1, name = v.blk.9.ln2.bias, tensor_size=4096, offset=351127552, shape:[1024, 1, 1, 1], type = f32
clip_model_loader: tensor[291]: n_dims = 1, name = v.blk.9.ln2.weight, tensor_size=4096, offset=351131648, shape:[1024, 1, 1, 1], type = f32
clip_model_loader: tensor[292]: n_dims = 4, name = v.patch_embd.weight, tensor_size=1572864, offset=351135744, shape:[16, 16, 3, 1024], type = f16
clip_model_loader: tensor[293]: n_dims = 1, name = v.post_ln.bias, tensor_size=4096, offset=352708608, shape:[1024, 1, 1, 1], type = f32
clip_model_loader: tensor[294]: n_dims = 1, name = v.post_ln.weight, tensor_size=4096, offset=352712704, shape:[1024, 1, 1, 1], type = f32
clip_model_loader: tensor[295]: n_dims = 1, name = v.pre_ln.bias, tensor_size=4096, offset=352716800, shape:[1024, 1, 1, 1], type = f32
clip_model_loader: tensor[296]: n_dims = 1, name = v.pre_ln.weight, tensor_size=4096, offset=352720896, shape:[1024, 1, 1, 1], type = f32
clip_ctx: CLIP using CUDA0 backend
load_hparams: projector:          magevl
load_hparams: n_embd:             1024
load_hparams: n_head:             16
load_hparams: n_ff:               4096
load_hparams: n_layer:            24
load_hparams: ffn_op:             gelu
load_hparams: projection_dim:     2560

--- vision hparams ---
load_hparams: image_size:         448
load_hparams: patch_size:         16
load_hparams: has_llava_proj:     0
load_hparams: minicpmv_version:   0
load_hparams: n_merge:            2
load_hparams: n_wa_pattern: 0
load_hparams: image_min_pixels:   8192
load_hparams: image_max_pixels:   4194304

load_hparams: model size:         336.38 MiB
load_hparams: metadata size:      0.10 MiB
load_tensors: loaded 297 tensors from /home/jetson/mage-models/mage-vit-mmproj-Q8_0.gguf
get_dummy_batch: warmup with image size = 1472 x 1472
get_dummy_batch: warmup with image size = 1472 x 1472
reserve_compute_meta:      CUDA0 compute buffer size =   291.36 MiB
reserve_compute_meta:        CPU compute buffer size =    61.99 MiB
reserve_compute_meta: graph splits = 97, nodes = 1440
warmup: flash attention is enabled
warmup: *****************************************************************
warmup: WARNING: the CLIP graph uses unsupported operators by the backend
warmup:          the performance will be suboptimal                      
warmup:          list of unsupported ops (backend=CUDA0):
warmup:            UNARY: type = f32, ne = [32 16 8464 1]
warmup:            UNARY: type = f32, ne = [32 16 8464 1]
warmup:            UNARY: type = f32, ne = [32 16 8464 1]
warmup:            UNARY: type = f32, ne = [32 16 8464 1]
warmup:            UNARY: type = f32, ne = [32 16 8464 1]
warmup:            UNARY: type = f32, ne = [32 16 8464 1]
warmup:            UNARY: type = f32, ne = [32 16 8464 1]
warmup:            UNARY: type = f32, ne = [32 16 8464 1]
warmup:            UNARY: type = f32, ne = [32 16 8464 1]
warmup:            UNARY: type = f32, ne = [32 16 8464 1]
warmup:            UNARY: type = f32, ne = [32 16 8464 1]
warmup:            UNARY: type = f32, ne = [32 16 8464 1]
warmup:            UNARY: type = f32, ne = [32 16 8464 1]
warmup:            UNARY: type = f32, ne = [32 16 8464 1]
warmup:            UNARY: type = f32, ne = [32 16 8464 1]
warmup:            UNARY: type = f32, ne = [32 16 8464 1]
warmup:            UNARY: type = f32, ne = [32 16 8464 1]
warmup:            UNARY: type = f32, ne = [32 16 8464 1]
warmup:            UNARY: type = f32, ne = [32 16 8464 1]
warmup:            UNARY: type = f32, ne = [32 16 8464 1]
warmup:            UNARY: type = f32, ne = [32 16 8464 1]
warmup:            UNARY: type = f32, ne = [32 16 8464 1]
warmup:            UNARY: type = f32, ne = [32 16 8464 1]
warmup:            UNARY: type = f32, ne = [32 16 8464 1]
warmup:            UNARY: type = f32, ne = [32 16 8464 1]
warmup:            UNARY: type = f32, ne = [32 16 8464 1]
warmup:            UNARY: type = f32, ne = [32 16 8464 1]
warmup:            UNARY: type = f32, ne = [32 16 8464 1]
warmup:            UNARY: type = f32, ne = [32 16 8464 1]
warmup:            UNARY: type = f32, ne = [32 16 8464 1]
warmup:            UNARY: type = f32, ne = [32 16 8464 1]
warmup:            UNARY: type = f32, ne = [32 16 8464 1]
warmup:            UNARY: type = f32, ne = [32 16 8464 1]
warmup:            UNARY: type = f32, ne = [32 16 8464 1]
warmup:            UNARY: type = f32, ne = [32 16 8464 1]
warmup:            UNARY: type = f32, ne = [32 16 8464 1]
warmup:            UNARY: type = f32, ne = [32 16 8464 1]
warmup:            UNARY: type = f32, ne = [32 16 8464 1]
warmup:            UNARY: type = f32, ne = [32 16 8464 1]
warmup:            UNARY: type = f32, ne = [32 16 8464 1]
warmup:            UNARY: type = f32, ne = [32 16 8464 1]
warmup:            UNARY: type = f32, ne = [32 16 8464 1]
warmup:            UNARY: type = f32, ne = [32 16 8464 1]
warmup:            UNARY: type = f32, ne = [32 16 8464 1]
warmup:            UNARY: type = f32, ne = [32 16 8464 1]
warmup:            UNARY: type = f32, ne = [32 16 8464 1]
warmup:            UNARY: type = f32, ne = [32 16 8464 1]
warmup:            UNARY: type = f32, ne = [32 16 8464 1]
warmup: flash attention is enabled
warmup: please report this on github as an issue
warmup: ref: https://github.com/ggml-org/llama.cpp/pull/16837#issuecomment-3461676118
warmup: *****************************************************************
llama_context: constructing llama_context
llama_context: n_seq_max     = 1
llama_context: n_ctx         = 1024
llama_context: n_ctx_seq     = 1024
llama_context: n_batch       = 1024
llama_context: n_ubatch      = 1024
llama_context: causal_attn   = 1
llama_context: flash_attn    = auto
llama_context: kv_unified    = false
llama_context: freq_base     = 10000.0
llama_context: freq_scale    = 1
llama_context: n_rs_seq      = 0
llama_context: n_outputs_max = 1024
llama_context: n_ctx_seq (1024) < n_ctx_train (8192) -- the full capacity of the model will not be utilized
set_abort_callback: call
llama_context:  CUDA_Host  output buffer size =     0.01 MiB
llama_memory_recurrent, layer   0: dev = CUDA0
llama_memory_recurrent:      CUDA0 RS buffer size =     0.37 MiB
llama_memory_recurrent: size =    0.37 MiB (     1 cells,   1 layers,  1 seqs  0 rs_seq), R (f32):    0.06 MiB, S (f32):    0.31 MiB
llama_context: enumerating backends
llama_context: backend_ptrs.size() = 2
sched_reserve: reserving ...
sched_reserve: max_nodes = 1024
sched_reserve: reserving full memory module
sched_reserve: worst-case: n_tokens = 1024, n_seqs = 1, n_outputs = 1
graph_reserve: reserving a graph for ubatch with n_tokens =    1, n_seqs =  1, n_outputs =    1
resolve_fused_ops: Flash Attention enabled
resolve_fused_ops: resolving fused Gated Delta Net support:
graph_reserve: reserving a graph for ubatch with n_tokens =    1, n_seqs =  1, n_outputs =    1
resolve_fused_ops: fused Gated Delta Net (autoregressive) enabled
graph_reserve: reserving a graph for ubatch with n_tokens =   16, n_seqs =  1, n_outputs =   16
resolve_fused_ops: fused Gated Delta Net (chunked) enabled
resolve_fused_ops: resolving fused Lightning Indexer support:
graph_reserve: reserving a graph for ubatch with n_tokens =    1, n_seqs =  1, n_outputs =    1
resolve_fused_ops: Lightning Indexer enabled
resolve_fused_ops: resolving fused DeepSeek V4 HC support:
graph_reserve: reserving a graph for ubatch with n_tokens =    1, n_seqs =  1, n_outputs =    1
resolve_fused_ops: fused DeepSeek V4 HC pre enabled
graph_reserve: reserving a graph for ubatch with n_tokens =    1, n_seqs =  1, n_outputs =    1
resolve_fused_ops: fused DeepSeek V4 HC comb enabled
graph_reserve: reserving a graph for ubatch with n_tokens =    1, n_seqs =  1, n_outputs =    1
resolve_fused_ops: fused DeepSeek V4 HC post enabled
graph_reserve: reserving a graph for ubatch with n_tokens = 1024, n_seqs =  1, n_outputs = 1024
graph_reserve: reserving a graph for ubatch with n_tokens =    1, n_seqs =  1, n_outputs =    1
graph_reserve: reserving a graph for ubatch with n_tokens = 1024, n_seqs =  1, n_outputs = 1024
sched_reserve:      CUDA0 compute buffer size =   120.43 MiB
sched_reserve:  CUDA_Host compute buffer size =    20.00 MiB
sched_reserve: graph nodes  = 74
sched_reserve: graph splits = 5 (with bs=1024), 4 (with bs=1)
sched_reserve: reserve took 40.55 ms, sched copies = 1
[h264 @ 0xaaaaf450dbf0] non-existing PPS 0 referenced
    Last message repeated 1 times
[h264 @ 0xaaaaf450dbf0] decode_slice_header error
[h264 @ 0xaaaaf450dbf0] non-existing PPS 0 referenced
[h264 @ 0xaaaaf450dbf0] decode_slice_header error
[h264 @ 0xaaaaf450dbf0] non-existing PPS 0 referenced
[h264 @ 0xaaaaf450dbf0] decode_slice_header error
[h264 @ 0xaaaaf450dbf0] non-existing PPS 0 referenced
[h264 @ 0xaaaaf450dbf0] decode_slice_header error
[h264 @ 0xaaaaf450dbf0] non-existing PPS 0 referenced
[h264 @ 0xaaaaf450dbf0] decode_slice_header error
[h264 @ 0xaaaaf450dbf0] non-existing PPS 0 referenced
[h264 @ 0xaaaaf450dbf0] decode_slice_header error
[h264 @ 0xaaaaf450dbf0] no frame!
[h264 @ 0xaaaaf450dbf0] non-existing PPS 0 referenced
    Last message repeated 1 times
[h264 @ 0xaaaaf450dbf0] decode_slice_header error
[h264 @ 0xaaaaf450dbf0] non-existing PPS 0 referenced
[h264 @ 0xaaaaf450dbf0] decode_slice_header error
[h264 @ 0xaaaaf450dbf0] non-existing PPS 0 referenced
[h264 @ 0xaaaaf450dbf0] decode_slice_header error
[h264 @ 0xaaaaf450dbf0] non-existing PPS 0 referenced
[h264 @ 0xaaaaf450dbf0] decode_slice_header error
[h264 @ 0xaaaaf450dbf0] non-existing PPS 0 referenced
[h264 @ 0xaaaaf450dbf0] decode_slice_header error
[h264 @ 0xaaaaf450dbf0] non-existing PPS 0 referenced
[h264 @ 0xaaaaf450dbf0] decode_slice_header error
[h264 @ 0xaaaaf450dbf0] no frame!
[h264 @ 0xaaaaf450dbf0] non-existing PPS 0 referenced
    Last message repeated 1 times
[h264 @ 0xaaaaf450dbf0] decode_slice_header error
[h264 @ 0xaaaaf450dbf0] non-existing PPS 0 referenced
[h264 @ 0xaaaaf450dbf0] decode_slice_header error
[h264 @ 0xaaaaf450dbf0] non-existing PPS 0 referenced
[h264 @ 0xaaaaf450dbf0] decode_slice_header error
[h264 @ 0xaaaaf450dbf0] non-existing PPS 0 referenced
[h264 @ 0xaaaaf450dbf0] decode_slice_header error
[h264 @ 0xaaaaf450dbf0] non-existing PPS 0 referenced
[h264 @ 0xaaaaf450dbf0] decode_slice_header error
[h264 @ 0xaaaaf450dbf0] non-existing PPS 0 referenced
[h264 @ 0xaaaaf450dbf0] decode_slice_header error
[h264 @ 0xaaaaf450dbf0] no frame!
[h264 @ 0xaaaaf450dbf0] non-existing PPS 0 referenced
    Last message repeated 1 times
[h264 @ 0xaaaaf450dbf0] decode_slice_header error
[h264 @ 0xaaaaf450dbf0] non-existing PPS 0 referenced
[h264 @ 0xaaaaf450dbf0] decode_slice_header error
[h264 @ 0xaaaaf450dbf0] non-existing PPS 0 referenced
[h264 @ 0xaaaaf450dbf0] decode_slice_header error
[h264 @ 0xaaaaf450dbf0] non-existing PPS 0 referenced
[h264 @ 0xaaaaf450dbf0] decode_slice_header error
[h264 @ 0xaaaaf450dbf0] non-existing PPS 0 referenced
[h264 @ 0xaaaaf450dbf0] decode_slice_header error
[h264 @ 0xaaaaf450dbf0] non-existing PPS 0 referenced
[h264 @ 0xaaaaf450dbf0] decode_slice_header error
[h264 @ 0xaaaaf450dbf0] no frame!
[h264 @ 0xaaaaf450dbf0] non-existing PPS 0 referenced
    Last message repeated 1 times
[h264 @ 0xaaaaf450dbf0] decode_slice_header error
[h264 @ 0xaaaaf450dbf0] non-existing PPS 0 referenced
[h264 @ 0xaaaaf450dbf0] decode_slice_header error
[h264 @ 0xaaaaf450dbf0] non-existing PPS 0 referenced
[h264 @ 0xaaaaf450dbf0] decode_slice_header error
[h264 @ 0xaaaaf450dbf0] non-existing PPS 0 referenced
[h264 @ 0xaaaaf450dbf0] decode_slice_header error
[h264 @ 0xaaaaf450dbf0] non-existing PPS 0 referenced
[h264 @ 0xaaaaf450dbf0] decode_slice_header error
[h264 @ 0xaaaaf450dbf0] non-existing PPS 0 referenced
[h264 @ 0xaaaaf450dbf0] decode_slice_header error
[h264 @ 0xaaaaf450dbf0] no frame!
[h264 @ 0xaaaaf450dbf0] non-existing PPS 0 referenced
    Last message repeated 1 times
[h264 @ 0xaaaaf450dbf0] decode_slice_header error
[h264 @ 0xaaaaf450dbf0] non-existing PPS 0 referenced
[h264 @ 0xaaaaf450dbf0] decode_slice_header error
[h264 @ 0xaaaaf450dbf0] non-existing PPS 0 referenced
[h264 @ 0xaaaaf450dbf0] decode_slice_header error
[h264 @ 0xaaaaf450dbf0] non-existing PPS 0 referenced
[h264 @ 0xaaaaf450dbf0] decode_slice_header error
[h264 @ 0xaaaaf450dbf0] non-existing PPS 0 referenced
[h264 @ 0xaaaaf450dbf0] decode_slice_header error
[h264 @ 0xaaaaf450dbf0] non-existing PPS 0 referenced
[h264 @ 0xaaaaf450dbf0] decode_slice_header error
[h264 @ 0xaaaaf450dbf0] no frame!
[h264 @ 0xaaaaf450dbf0] non-existing PPS 0 referenced
    Last message repeated 1 times
[h264 @ 0xaaaaf450dbf0] decode_slice_header error
[h264 @ 0xaaaaf450dbf0] non-existing PPS 0 referenced
[h264 @ 0xaaaaf450dbf0] decode_slice_header error
[h264 @ 0xaaaaf450dbf0] non-existing PPS 0 referenced
[h264 @ 0xaaaaf450dbf0] decode_slice_header error
[h264 @ 0xaaaaf450dbf0] non-existing PPS 0 referenced
[h264 @ 0xaaaaf450dbf0] decode_slice_header error
[h264 @ 0xaaaaf450dbf0] non-existing PPS 0 referenced
[h264 @ 0xaaaaf450dbf0] decode_slice_header error
[h264 @ 0xaaaaf450dbf0] non-existing PPS 0 referenced
[h264 @ 0xaaaaf450dbf0] decode_slice_header error
[h264 @ 0xaaaaf450dbf0] no frame!
[h264 @ 0xaaaaf450dbf0] non-existing PPS 0 referenced
    Last message repeated 1 times
[h264 @ 0xaaaaf450dbf0] decode_slice_header error
[h264 @ 0xaaaaf450dbf0] non-existing PPS 0 referenced
[h264 @ 0xaaaaf450dbf0] decode_slice_header error
[h264 @ 0xaaaaf450dbf0] non-existing PPS 0 referenced
[h264 @ 0xaaaaf450dbf0] decode_slice_header error
[h264 @ 0xaaaaf450dbf0] non-existing PPS 0 referenced
[h264 @ 0xaaaaf450dbf0] decode_slice_header error
[h264 @ 0xaaaaf450dbf0] non-existing PPS 0 referenced
[h264 @ 0xaaaaf450dbf0] decode_slice_header error
[h264 @ 0xaaaaf450dbf0] non-existing PPS 0 referenced
[h264 @ 0xaaaaf450dbf0] decode_slice_header error
[h264 @ 0xaaaaf450dbf0] no frame!
[h264 @ 0xaaaaf450dbf0] non-existing PPS 0 referenced
    Last message repeated 1 times
[h264 @ 0xaaaaf450dbf0] decode_slice_header error
[h264 @ 0xaaaaf450dbf0] non-existing PPS 0 referenced
[h264 @ 0xaaaaf450dbf0] decode_slice_header error
[h264 @ 0xaaaaf450dbf0] non-existing PPS 0 referenced
[h264 @ 0xaaaaf450dbf0] decode_slice_header error
[h264 @ 0xaaaaf450dbf0] non-existing PPS 0 referenced
[h264 @ 0xaaaaf450dbf0] decode_slice_header error
[h264 @ 0xaaaaf450dbf0] non-existing PPS 0 referenced
[h264 @ 0xaaaaf450dbf0] decode_slice_header error
[h264 @ 0xaaaaf450dbf0] non-existing PPS 0 referenced
[h264 @ 0xaaaaf450dbf0] decode_slice_header error
[h264 @ 0xaaaaf450dbf0] no frame!
[h264 @ 0xaaaaf450dbf0] non-existing PPS 0 referenced
    Last message repeated 1 times
[h264 @ 0xaaaaf450dbf0] decode_slice_header error
[h264 @ 0xaaaaf450dbf0] non-existing PPS 0 referenced
[h264 @ 0xaaaaf450dbf0] decode_slice_header error
[h264 @ 0xaaaaf450dbf0] non-existing PPS 0 referenced
[h264 @ 0xaaaaf450dbf0] decode_slice_header error
[h264 @ 0xaaaaf450dbf0] non-existing PPS 0 referenced
[h264 @ 0xaaaaf450dbf0] decode_slice_header error
[h264 @ 0xaaaaf450dbf0] non-existing PPS 0 referenced
[h264 @ 0xaaaaf450dbf0] decode_slice_header error
[h264 @ 0xaaaaf450dbf0] non-existing PPS 0 referenced
[h264 @ 0xaaaaf450dbf0] decode_slice_header error
[h264 @ 0xaaaaf450dbf0] no frame!
tokenize: merged 1 frame(s) at part index 1
add_text: <|im_start|>user

add_text: <0.0 seconds>
add_text: <|vision_start|>
add_text: <|vision_end|>
add_text: 

add_text: <1.0 seconds>
add_text: <|vision_start|>
add_text: <|vision_end|>
add_text: 

add_text: <2.0 seconds>
add_text: <|vision_start|>
add_text: <|vision_end|>
add_text: 

add_text: <3.0 seconds>
add_text: <|vision_start|>
add_text: <|vision_end|>
add_text: 

add_mage_codec: codec-native canvases=4 timestamps=4 text_tokens=29 image_tokens=1008 timestamp_tokens=24 wrapper_tokens=12
add_text: 
Describe important changes in the scene briefly. Mention people, actions, and clearly readable text. Do not guess.<|im_end|>
<|im_start|>assistant

mtmd_batch_encode_impl: encoding batch with 4 entries and total 252 tokens
clip_encode: copying image 1/4 to input buffer (nx=672, ny=384)
clip_encode: copying image 2/4 to input buffer (nx=672, ny=384)
clip_encode: copying image 3/4 to input buffer (nx=672, ny=384)
clip_encode: copying image 4/4 to input buffer (nx=672, ny=384)
clip_encode: output embedding shape [2560, 1008, 1]
llama_context: constructing llama_context
llama_context: n_ctx is not divisible by n_seq_max - rounding down to 1024
llama_context: n_seq_max     = 4
llama_context: n_ctx         = 1024
llama_context: n_ctx_seq     = 256
llama_context: n_batch       = 8
llama_context: n_ubatch      = 8
llama_context: causal_attn   = 1
llama_context: flash_attn    = auto
llama_context: kv_unified    = false
llama_context: freq_base     = 1000000.0
llama_context: freq_scale    = 1
llama_context: n_rs_seq      = 0
llama_context: n_outputs_max = 8
llama_context: n_ctx_seq (256) < n_ctx_train (8192) -- the full capacity of the model will not be utilized
set_abort_callback: call
llama_context:  CUDA_Host  output buffer size =     0.00 MiB
llama_kv_cache: layer   0: dev = CUDA0
llama_kv_cache: layer   1: dev = CUDA0
llama_kv_cache: layer   2: dev = CUDA0
llama_kv_cache: layer   3: dev = CUDA0
llama_kv_cache:      CUDA0 KV buffer size =    16.00 MiB
llama_kv_cache: size =   16.00 MiB (   256 cells,   4 layers,  4/4 seqs), K (f16):    8.00 MiB, V (f16):    8.00 MiB
llama_kv_cache: attn_rot_k = 0, n_embd_head_k_all = 128
llama_kv_cache: attn_rot_v = 0, n_embd_head_k_all = 128
llama_context: enumerating backends
llama_context: backend_ptrs.size() = 2
sched_reserve: reserving ...
sched_reserve: max_nodes = 1024
sched_reserve: reserving full memory module
sched_reserve: worst-case: n_tokens = 8, n_seqs = 4, n_outputs = 4
graph_reserve: reserving a graph for ubatch with n_tokens =    4, n_seqs =  4, n_outputs =    4
resolve_fused_ops: Flash Attention enabled
resolve_fused_ops: resolving fused Gated Delta Net support:
graph_reserve: reserving a graph for ubatch with n_tokens =    4, n_seqs =  4, n_outputs =    4
resolve_fused_ops: fused Gated Delta Net (autoregressive) enabled
graph_reserve: reserving a graph for ubatch with n_tokens =   64, n_seqs =  4, n_outputs =   64
resolve_fused_ops: fused Gated Delta Net (chunked) enabled
resolve_fused_ops: resolving fused Lightning Indexer support:
graph_reserve: reserving a graph for ubatch with n_tokens =    4, n_seqs =  4, n_outputs =    4
resolve_fused_ops: Lightning Indexer enabled
resolve_fused_ops: resolving fused DeepSeek V4 HC support:
graph_reserve: reserving a graph for ubatch with n_tokens =    4, n_seqs =  4, n_outputs =    4
resolve_fused_ops: fused DeepSeek V4 HC pre enabled
graph_reserve: reserving a graph for ubatch with n_tokens =    4, n_seqs =  4, n_outputs =    4
resolve_fused_ops: fused DeepSeek V4 HC comb enabled
graph_reserve: reserving a graph for ubatch with n_tokens =    4, n_seqs =  4, n_outputs =    4
resolve_fused_ops: fused DeepSeek V4 HC post enabled
graph_reserve: reserving a graph for ubatch with n_tokens =    8, n_seqs =  4, n_outputs =    8
graph_reserve: reserving a graph for ubatch with n_tokens =    4, n_seqs =  4, n_outputs =    4
graph_reserve: reserving a graph for ubatch with n_tokens =    8, n_seqs =  4, n_outputs =    8
sched_reserve:      CUDA0 compute buffer size =     1.41 MiB
sched_reserve:  CUDA_Host compute buffer size =     0.16 MiB
sched_reserve: graph nodes  = 154
sched_reserve: graph splits = 2
sched_reserve: reserve took 6.57 ms, sched copies = 1
~llama_context:      CUDA0 compute buffer size is   1.4106 MiB, matches expectation of   1.4106 MiB
~llama_context:  CUDA_Host compute buffer size of   0.1604 MiB, does not match expectation of   0.1604 MiB
llama_context: constructing llama_context
llama_context: n_seq_max     = 1
llama_context: n_ctx         = 4096
llama_context: n_ctx_seq     = 4096
llama_context: n_batch       = 2048
llama_context: n_ubatch      = 512
llama_context: causal_attn   = 1
llama_context: flash_attn    = auto
llama_context: kv_unified    = false
llama_context: freq_base     = 5000000.0
llama_context: freq_scale    = 1
llama_context: n_rs_seq      = 0
llama_context: n_outputs_max = 2048
llama_context: n_ctx_seq (4096) < n_ctx_train (262144) -- the full capacity of the model will not be utilized
set_abort_callback: call
llama_context:  CUDA_Host  output buffer size =     0.58 MiB
llama_kv_cache: layer   0: dev = CUDA0
llama_kv_cache: layer   1: dev = CUDA0
llama_kv_cache: layer   2: dev = CUDA0
llama_kv_cache: layer   3: dev = CUDA0
llama_kv_cache: layer   4: dev = CUDA0
llama_kv_cache: layer   5: dev = CUDA0
llama_kv_cache: layer   6: dev = CUDA0
llama_kv_cache: layer   7: dev = CUDA0
llama_kv_cache: layer   8: dev = CUDA0
llama_kv_cache: layer   9: dev = CUDA0
llama_kv_cache: layer  10: dev = CUDA0
llama_kv_cache: layer  11: dev = CUDA0
llama_kv_cache: layer  12: dev = CUDA0
llama_kv_cache: layer  13: dev = CUDA0
llama_kv_cache: layer  14: dev = CUDA0
llama_kv_cache: layer  15: dev = CUDA0
llama_kv_cache: layer  16: dev = CUDA0
llama_kv_cache: layer  17: dev = CUDA0
llama_kv_cache: layer  18: dev = CUDA0
llama_kv_cache: layer  19: dev = CUDA0
llama_kv_cache: layer  20: dev = CUDA0
llama_kv_cache: layer  21: dev = CUDA0
llama_kv_cache: layer  22: dev = CUDA0
llama_kv_cache: layer  23: dev = CUDA0
llama_kv_cache: layer  24: dev = CUDA0
llama_kv_cache: layer  25: dev = CUDA0
llama_kv_cache: layer  26: dev = CUDA0
llama_kv_cache: layer  27: dev = CUDA0
llama_kv_cache: layer  28: dev = CUDA0
llama_kv_cache: layer  29: dev = CUDA0
llama_kv_cache: layer  30: dev = CUDA0
llama_kv_cache: layer  31: dev = CUDA0
llama_kv_cache: layer  32: dev = CUDA0
llama_kv_cache: layer  33: dev = CUDA0
llama_kv_cache: layer  34: dev = CUDA0
llama_kv_cache: layer  35: dev = CUDA0
llama_kv_cache:      CUDA0 KV buffer size =   576.00 MiB
llama_kv_cache: size =  576.00 MiB (  4096 cells,  36 layers,  1/1 seqs), K (f16):  288.00 MiB, V (f16):  288.00 MiB
llama_kv_cache: attn_rot_k = 0, n_embd_head_k_all = 128
llama_kv_cache: attn_rot_v = 0, n_embd_head_k_all = 128
llama_context: enumerating backends
llama_context: backend_ptrs.size() = 2
sched_reserve: reserving ...
sched_reserve: max_nodes = 3192
sched_reserve: reserving full memory module
sched_reserve: worst-case: n_tokens = 512, n_seqs = 1, n_outputs = 1
graph_reserve: reserving a graph for ubatch with n_tokens =    1, n_seqs =  1, n_outputs =    1
resolve_fused_ops: Flash Attention enabled
resolve_fused_ops: resolving fused Gated Delta Net support:
graph_reserve: reserving a graph for ubatch with n_tokens =    1, n_seqs =  1, n_outputs =    1
resolve_fused_ops: fused Gated Delta Net (autoregressive) enabled
graph_reserve: reserving a graph for ubatch with n_tokens =   16, n_seqs =  1, n_outputs =   16
resolve_fused_ops: fused Gated Delta Net (chunked) enabled
resolve_fused_ops: resolving fused Lightning Indexer support:
graph_reserve: reserving a graph for ubatch with n_tokens =    1, n_seqs =  1, n_outputs =    1
resolve_fused_ops: Lightning Indexer enabled
resolve_fused_ops: resolving fused DeepSeek V4 HC support:
graph_reserve: reserving a graph for ubatch with n_tokens =    1, n_seqs =  1, n_outputs =    1
resolve_fused_ops: fused DeepSeek V4 HC pre enabled
graph_reserve: reserving a graph for ubatch with n_tokens =    1, n_seqs =  1, n_outputs =    1
resolve_fused_ops: fused DeepSeek V4 HC comb enabled
graph_reserve: reserving a graph for ubatch with n_tokens =    1, n_seqs =  1, n_outputs =    1
resolve_fused_ops: fused DeepSeek V4 HC post enabled
graph_reserve: reserving a graph for ubatch with n_tokens =  512, n_seqs =  1, n_outputs =  512
graph_reserve: reserving a graph for ubatch with n_tokens =    1, n_seqs =  1, n_outputs =    1
graph_reserve: reserving a graph for ubatch with n_tokens =  512, n_seqs =  1, n_outputs =  512
sched_reserve:      CUDA0 compute buffer size =   301.75 MiB
sched_reserve:  CUDA_Host compute buffer size =    14.01 MiB
sched_reserve: graph nodes  = 1266
sched_reserve: graph splits = 2
sched_reserve: reserve took 239.04 ms, sched copies = 1
decoding image batch 1/1, n_tokens_batch = 252
image decoded (batch 1/1) in 110 ms
decoding image batch 1/1, n_tokens_batch = 252
image decoded (batch 1/1) in 53 ms
decoding image batch 1/1, n_tokens_batch = 252
image decoded (batch 1/1) in 59 ms
decoding image batch 1/1, n_tokens_batch = 252
image decoded (batch 1/1) in 57 ms
CUDA Graph id 346 reused
ggml_backend_cuda_graph_compute: CUDA graph warmup complete
CUDA Graph id 346 reused
CUDA Graph id 346 reused
CUDA Graph id 346 reused
CUDA Graph id 346 reused
CUDA Graph id 346 reused
CUDA Graph id 346 reused
CUDA Graph id 346 reused
~llama_context:      CUDA0 compute buffer size is 301.7500 MiB, matches expectation of 301.7500 MiB
~llama_context:  CUDA_Host compute buffer size is  14.0137 MiB, matches expectation of  14.0137 MiB
STREAMMIND_TIMING {"segment":0,"timestamps":4,"container_ms":32.794,"vision_ms":2334.807,"epfe_ms":71.050,"classifier_ms":67.550,"native_total_ms":5740.494}
tokenize: merged 1 frame(s) at part index 1
add_text: <|im_start|>user

add_text: <4.0 seconds>
add_text: <|vision_start|>
add_text: <|vision_end|>
add_text: 

add_text: <5.0 seconds>
add_text: <|vision_start|>
add_text: <|vision_end|>
add_text: 

add_text: <6.0 seconds>
add_text: <|vision_start|>
add_text: <|vision_end|>
add_text: 

add_text: <7.0 seconds>
add_text: <|vision_start|>
add_text: <|vision_end|>
add_text: 

add_mage_codec: codec-native canvases=4 timestamps=4 text_tokens=29 image_tokens=1008 timestamp_tokens=24 wrapper_tokens=12
add_text: 
Describe important changes in the scene briefly. Mention people, actions, and clearly readable text. Do not guess.<|im_end|>
<|im_start|>assistant

mtmd_batch_encode_impl: encoding batch with 4 entries and total 252 tokens
clip_encode: copying image 1/4 to input buffer (nx=672, ny=384)
clip_encode: copying image 2/4 to input buffer (nx=672, ny=384)
clip_encode: copying image 3/4 to input buffer (nx=672, ny=384)
clip_encode: copying image 4/4 to input buffer (nx=672, ny=384)
ggml_backend_cuda_graph_compute: CUDA graph warmup complete
ggml_backend_cuda_graph_compute: CUDA graph warmup complete
ggml_backend_cuda_graph_compute: CUDA graph warmup complete
ggml_backend_cuda_graph_compute: CUDA graph warmup complete
ggml_backend_cuda_graph_compute: CUDA graph warmup complete
ggml_backend_cuda_graph_compute: CUDA graph warmup complete
ggml_backend_cuda_graph_compute: CUDA graph warmup complete
ggml_backend_cuda_graph_compute: CUDA graph warmup complete
ggml_backend_cuda_graph_compute: CUDA graph warmup complete
ggml_backend_cuda_graph_compute: CUDA graph warmup complete
ggml_backend_cuda_graph_compute: CUDA graph warmup complete
ggml_backend_cuda_graph_compute: CUDA graph warmup complete
ggml_backend_cuda_graph_compute: CUDA graph warmup complete
ggml_backend_cuda_graph_compute: CUDA graph warmup complete
ggml_backend_cuda_graph_compute: CUDA graph warmup complete
ggml_backend_cuda_graph_compute: CUDA graph warmup complete
ggml_backend_cuda_graph_compute: CUDA graph warmup complete
ggml_backend_cuda_graph_compute: CUDA graph warmup complete
ggml_backend_cuda_graph_compute: CUDA graph warmup complete
ggml_backend_cuda_graph_compute: CUDA graph warmup complete
ggml_backend_cuda_graph_compute: CUDA graph warmup complete
ggml_backend_cuda_graph_compute: CUDA graph warmup complete
ggml_backend_cuda_graph_compute: CUDA graph warmup complete
ggml_backend_cuda_graph_compute: CUDA graph warmup complete
ggml_backend_cuda_graph_compute: CUDA graph warmup complete
ggml_backend_cuda_graph_compute: CUDA graph warmup complete
ggml_backend_cuda_graph_compute: CUDA graph warmup complete
ggml_backend_cuda_graph_compute: CUDA graph warmup complete
ggml_backend_cuda_graph_compute: CUDA graph warmup complete
ggml_backend_cuda_graph_compute: CUDA graph warmup complete
ggml_backend_cuda_graph_compute: CUDA graph warmup complete
ggml_backend_cuda_graph_compute: CUDA graph warmup complete
ggml_backend_cuda_graph_compute: CUDA graph warmup complete
ggml_backend_cuda_graph_compute: CUDA graph warmup complete
ggml_backend_cuda_graph_compute: CUDA graph warmup complete
ggml_backend_cuda_graph_compute: CUDA graph warmup complete
ggml_backend_cuda_graph_compute: CUDA graph warmup complete
ggml_backend_cuda_graph_compute: CUDA graph warmup complete
ggml_backend_cuda_graph_compute: CUDA graph warmup complete
ggml_backend_cuda_graph_compute: CUDA graph warmup complete
ggml_backend_cuda_graph_compute: CUDA graph warmup complete
ggml_backend_cuda_graph_compute: CUDA graph warmup complete
ggml_backend_cuda_graph_compute: CUDA graph warmup complete
ggml_backend_cuda_graph_compute: CUDA graph warmup complete
ggml_backend_cuda_graph_compute: CUDA graph warmup complete
ggml_backend_cuda_graph_compute: CUDA graph warmup complete
ggml_backend_cuda_graph_compute: CUDA graph warmup complete
ggml_backend_cuda_graph_compute: CUDA graph warmup complete
ggml_backend_cuda_graph_compute: CUDA graph warmup complete
clip_encode: output embedding shape [2560, 1008, 1]
llama_context: constructing llama_context
llama_context: n_ctx is not divisible by n_seq_max - rounding down to 1024
llama_context: n_seq_max     = 4
llama_context: n_ctx         = 1024
llama_context: n_ctx_seq     = 256
llama_context: n_batch       = 8
llama_context: n_ubatch      = 8
llama_context: causal_attn   = 1
llama_context: flash_attn    = auto
llama_context: kv_unified    = false
llama_context: freq_base     = 1000000.0
llama_context: freq_scale    = 1
llama_context: n_rs_seq      = 0
llama_context: n_outputs_max = 8
llama_context: n_ctx_seq (256) < n_ctx_train (8192) -- the full capacity of the model will not be utilized
set_abort_callback: call
llama_context:  CUDA_Host  output buffer size =     0.00 MiB
llama_kv_cache: layer   0: dev = CUDA0
llama_kv_cache: layer   1: dev = CUDA0
llama_kv_cache: layer   2: dev = CUDA0
llama_kv_cache: layer   3: dev = CUDA0
llama_kv_cache:      CUDA0 KV buffer size =    16.00 MiB
llama_kv_cache: size =   16.00 MiB (   256 cells,   4 layers,  4/4 seqs), K (f16):    8.00 MiB, V (f16):    8.00 MiB
llama_kv_cache: attn_rot_k = 0, n_embd_head_k_all = 128
llama_kv_cache: attn_rot_v = 0, n_embd_head_k_all = 128
llama_context: enumerating backends
llama_context: backend_ptrs.size() = 2
sched_reserve: reserving ...
sched_reserve: max_nodes = 1024
sched_reserve: reserving full memory module
sched_reserve: worst-case: n_tokens = 8, n_seqs = 4, n_outputs = 4
graph_reserve: reserving a graph for ubatch with n_tokens =    4, n_seqs =  4, n_outputs =    4
resolve_fused_ops: Flash Attention enabled
resolve_fused_ops: resolving fused Gated Delta Net support:
graph_reserve: reserving a graph for ubatch with n_tokens =    4, n_seqs =  4, n_outputs =    4
resolve_fused_ops: fused Gated Delta Net (autoregressive) enabled
graph_reserve: reserving a graph for ubatch with n_tokens =   64, n_seqs =  4, n_outputs =   64
resolve_fused_ops: fused Gated Delta Net (chunked) enabled
resolve_fused_ops: resolving fused Lightning Indexer support:
graph_reserve: reserving a graph for ubatch with n_tokens =    4, n_seqs =  4, n_outputs =    4
resolve_fused_ops: Lightning Indexer enabled
resolve_fused_ops: resolving fused DeepSeek V4 HC support:
graph_reserve: reserving a graph for ubatch with n_tokens =    4, n_seqs =  4, n_outputs =    4
resolve_fused_ops: fused DeepSeek V4 HC pre enabled
graph_reserve: reserving a graph for ubatch with n_tokens =    4, n_seqs =  4, n_outputs =    4
resolve_fused_ops: fused DeepSeek V4 HC comb enabled
graph_reserve: reserving a graph for ubatch with n_tokens =    4, n_seqs =  4, n_outputs =    4
resolve_fused_ops: fused DeepSeek V4 HC post enabled
graph_reserve: reserving a graph for ubatch with n_tokens =    8, n_seqs =  4, n_outputs =    8
graph_reserve: reserving a graph for ubatch with n_tokens =    4, n_seqs =  4, n_outputs =    4
graph_reserve: reserving a graph for ubatch with n_tokens =    8, n_seqs =  4, n_outputs =    8
sched_reserve:      CUDA0 compute buffer size =     1.41 MiB
sched_reserve:  CUDA_Host compute buffer size =     0.16 MiB
sched_reserve: graph nodes  = 154
sched_reserve: graph splits = 2
sched_reserve: reserve took 4.67 ms, sched copies = 1
~llama_context:      CUDA0 compute buffer size is   1.4106 MiB, matches expectation of   1.4106 MiB
~llama_context:  CUDA_Host compute buffer size of   0.1604 MiB, does not match expectation of   0.1604 MiB
llama_context: constructing llama_context
llama_context: n_seq_max     = 1
llama_context: n_ctx         = 4096
llama_context: n_ctx_seq     = 4096
llama_context: n_batch       = 2048
llama_context: n_ubatch      = 512
llama_context: causal_attn   = 1
llama_context: flash_attn    = auto
llama_context: kv_unified    = false
llama_context: freq_base     = 5000000.0
llama_context: freq_scale    = 1
llama_context: n_rs_seq      = 0
llama_context: n_outputs_max = 2048
llama_context: n_ctx_seq (4096) < n_ctx_train (262144) -- the full capacity of the model will not be utilized
set_abort_callback: call
llama_context:  CUDA_Host  output buffer size =     0.58 MiB
llama_kv_cache: layer   0: dev = CUDA0
llama_kv_cache: layer   1: dev = CUDA0
llama_kv_cache: layer   2: dev = CUDA0
llama_kv_cache: layer   3: dev = CUDA0
llama_kv_cache: layer   4: dev = CUDA0
llama_kv_cache: layer   5: dev = CUDA0
llama_kv_cache: layer   6: dev = CUDA0
llama_kv_cache: layer   7: dev = CUDA0
llama_kv_cache: layer   8: dev = CUDA0
llama_kv_cache: layer   9: dev = CUDA0
llama_kv_cache: layer  10: dev = CUDA0
llama_kv_cache: layer  11: dev = CUDA0
llama_kv_cache: layer  12: dev = CUDA0
llama_kv_cache: layer  13: dev = CUDA0
llama_kv_cache: layer  14: dev = CUDA0
llama_kv_cache: layer  15: dev = CUDA0
llama_kv_cache: layer  16: dev = CUDA0
llama_kv_cache: layer  17: dev = CUDA0
llama_kv_cache: layer  18: dev = CUDA0
llama_kv_cache: layer  19: dev = CUDA0
llama_kv_cache: layer  20: dev = CUDA0
llama_kv_cache: layer  21: dev = CUDA0
llama_kv_cache: layer  22: dev = CUDA0
llama_kv_cache: layer  23: dev = CUDA0
llama_kv_cache: layer  24: dev = CUDA0
llama_kv_cache: layer  25: dev = CUDA0
llama_kv_cache: layer  26: dev = CUDA0
llama_kv_cache: layer  27: dev = CUDA0
llama_kv_cache: layer  28: dev = CUDA0
llama_kv_cache: layer  29: dev = CUDA0
llama_kv_cache: layer  30: dev = CUDA0
llama_kv_cache: layer  31: dev = CUDA0
llama_kv_cache: layer  32: dev = CUDA0
llama_kv_cache: layer  33: dev = CUDA0
llama_kv_cache: layer  34: dev = CUDA0
llama_kv_cache: layer  35: dev = CUDA0
llama_kv_cache:      CUDA0 KV buffer size =   576.00 MiB
llama_kv_cache: size =  576.00 MiB (  4096 cells,  36 layers,  1/1 seqs), K (f16):  288.00 MiB, V (f16):  288.00 MiB
llama_kv_cache: attn_rot_k = 0, n_embd_head_k_all = 128
llama_kv_cache: attn_rot_v = 0, n_embd_head_k_all = 128
llama_context: enumerating backends
llama_context: backend_ptrs.size() = 2
sched_reserve: reserving ...
sched_reserve: max_nodes = 3192
sched_reserve: reserving full memory module
sched_reserve: worst-case: n_tokens = 512, n_seqs = 1, n_outputs = 1
graph_reserve: reserving a graph for ubatch with n_tokens =    1, n_seqs =  1, n_outputs =    1
resolve_fused_ops: Flash Attention enabled
resolve_fused_ops: resolving fused Gated Delta Net support:
graph_reserve: reserving a graph for ubatch with n_tokens =    1, n_seqs =  1, n_outputs =    1
resolve_fused_ops: fused Gated Delta Net (autoregressive) enabled
graph_reserve: reserving a graph for ubatch with n_tokens =   16, n_seqs =  1, n_outputs =   16
resolve_fused_ops: fused Gated Delta Net (chunked) enabled
resolve_fused_ops: resolving fused Lightning Indexer support:
graph_reserve: reserving a graph for ubatch with n_tokens =    1, n_seqs =  1, n_outputs =    1
resolve_fused_ops: Lightning Indexer enabled
resolve_fused_ops: resolving fused DeepSeek V4 HC support:
graph_reserve: reserving a graph for ubatch with n_tokens =    1, n_seqs =  1, n_outputs =    1
resolve_fused_ops: fused DeepSeek V4 HC pre enabled
graph_reserve: reserving a graph for ubatch with n_tokens =    1, n_seqs =  1, n_outputs =    1
resolve_fused_ops: fused DeepSeek V4 HC comb enabled
graph_reserve: reserving a graph for ubatch with n_tokens =    1, n_seqs =  1, n_outputs =    1
resolve_fused_ops: fused DeepSeek V4 HC post enabled
graph_reserve: reserving a graph for ubatch with n_tokens =  512, n_seqs =  1, n_outputs =  512
graph_reserve: reserving a graph for ubatch with n_tokens =    1, n_seqs =  1, n_outputs =    1
graph_reserve: reserving a graph for ubatch with n_tokens =  512, n_seqs =  1, n_outputs =  512
sched_reserve:      CUDA0 compute buffer size =   301.75 MiB
sched_reserve:  CUDA_Host compute buffer size =    14.01 MiB
sched_reserve: graph nodes  = 1266
sched_reserve: graph splits = 2
sched_reserve: reserve took 54.56 ms, sched copies = 1
decoding image batch 1/1, n_tokens_batch = 252
image decoded (batch 1/1) in 57 ms
decoding image batch 1/1, n_tokens_batch = 252
image decoded (batch 1/1) in 60 ms
decoding image batch 1/1, n_tokens_batch = 252
image decoded (batch 1/1) in 59 ms
decoding image batch 1/1, n_tokens_batch = 252
image decoded (batch 1/1) in 58 ms
CUDA Graph id 542 reused
ggml_backend_cuda_graph_compute: CUDA graph warmup complete
~llama_context:      CUDA0 compute buffer size is 301.7500 MiB, matches expectation of 301.7500 MiB
~llama_context:  CUDA_Host compute buffer size is  14.0137 MiB, matches expectation of  14.0137 MiB
STREAMMIND_TIMING {"segment":1,"timestamps":4,"container_ms":38.950,"vision_ms":1942.303,"epfe_ms":15.470,"classifier_ms":25.646,"native_total_ms":4190.376}
tokenize: merged 1 frame(s) at part index 1
add_text: <|im_start|>user

add_text: <8.0 seconds>
add_text: <|vision_start|>
add_text: <|vision_end|>
add_text: 

add_text: <9.0 seconds>
add_text: <|vision_start|>
add_text: <|vision_end|>
add_text: 

add_text: <10.0 seconds>
add_text: <|vision_start|>
add_text: <|vision_end|>
add_text: 

add_text: <11.0 seconds>
add_text: <|vision_start|>
add_text: <|vision_end|>
add_text: 

add_mage_codec: codec-native canvases=4 timestamps=4 text_tokens=31 image_tokens=1008 timestamp_tokens=26 wrapper_tokens=12
add_text: 
Describe important changes in the scene briefly. Mention people, actions, and clearly readable text. Do not guess.<|im_end|>
<|im_start|>assistant

mtmd_batch_encode_impl: encoding batch with 4 entries and total 252 tokens
clip_encode: copying image 1/4 to input buffer (nx=672, ny=384)
clip_encode: copying image 2/4 to input buffer (nx=672, ny=384)
clip_encode: copying image 3/4 to input buffer (nx=672, ny=384)
clip_encode: copying image 4/4 to input buffer (nx=672, ny=384)
clip_encode: output embedding shape [2560, 1008, 1]
CUDA Graph id 447 reused
ggml_backend_cuda_graph_compute: CUDA graph warmup complete
CUDA Graph id 449 reused
ggml_backend_cuda_graph_compute: CUDA graph warmup complete
llama_context: constructing llama_context
llama_context: n_ctx is not divisible by n_seq_max - rounding down to 1024
llama_context: n_seq_max     = 4
llama_context: n_ctx         = 1024
llama_context: n_ctx_seq     = 256
llama_context: n_batch       = 8
llama_context: n_ubatch      = 8
llama_context: causal_attn   = 1
llama_context: flash_attn    = auto
llama_context: kv_unified    = false
llama_context: freq_base     = 1000000.0
llama_context: freq_scale    = 1
llama_context: n_rs_seq      = 0
llama_context: n_outputs_max = 8
llama_context: n_ctx_seq (256) < n_ctx_train (8192) -- the full capacity of the model will not be utilized
set_abort_callback: call
llama_context:  CUDA_Host  output buffer size =     0.00 MiB
llama_kv_cache: layer   0: dev = CUDA0
llama_kv_cache: layer   1: dev = CUDA0
llama_kv_cache: layer   2: dev = CUDA0
llama_kv_cache: layer   3: dev = CUDA0
llama_kv_cache:      CUDA0 KV buffer size =    16.00 MiB
llama_kv_cache: size =   16.00 MiB (   256 cells,   4 layers,  4/4 seqs), K (f16):    8.00 MiB, V (f16):    8.00 MiB
llama_kv_cache: attn_rot_k = 0, n_embd_head_k_all = 128
llama_kv_cache: attn_rot_v = 0, n_embd_head_k_all = 128
llama_context: enumerating backends
llama_context: backend_ptrs.size() = 2
sched_reserve: reserving ...
sched_reserve: max_nodes = 1024
sched_reserve: reserving full memory module
sched_reserve: worst-case: n_tokens = 8, n_seqs = 4, n_outputs = 4
graph_reserve: reserving a graph for ubatch with n_tokens =    4, n_seqs =  4, n_outputs =    4
resolve_fused_ops: Flash Attention enabled
resolve_fused_ops: resolving fused Gated Delta Net support:
graph_reserve: reserving a graph for ubatch with n_tokens =    4, n_seqs =  4, n_outputs =    4
resolve_fused_ops: fused Gated Delta Net (autoregressive) enabled
graph_reserve: reserving a graph for ubatch with n_tokens =   64, n_seqs =  4, n_outputs =   64
resolve_fused_ops: fused Gated Delta Net (chunked) enabled
resolve_fused_ops: resolving fused Lightning Indexer support:
graph_reserve: reserving a graph for ubatch with n_tokens =    4, n_seqs =  4, n_outputs =    4
resolve_fused_ops: Lightning Indexer enabled
resolve_fused_ops: resolving fused DeepSeek V4 HC support:
graph_reserve: reserving a graph for ubatch with n_tokens =    4, n_seqs =  4, n_outputs =    4
resolve_fused_ops: fused DeepSeek V4 HC pre enabled
graph_reserve: reserving a graph for ubatch with n_tokens =    4, n_seqs =  4, n_outputs =    4
resolve_fused_ops: fused DeepSeek V4 HC comb enabled
graph_reserve: reserving a graph for ubatch with n_tokens =    4, n_seqs =  4, n_outputs =    4
resolve_fused_ops: fused DeepSeek V4 HC post enabled
graph_reserve: reserving a graph for ubatch with n_tokens =    8, n_seqs =  4, n_outputs =    8
graph_reserve: reserving a graph for ubatch with n_tokens =    4, n_seqs =  4, n_outputs =    4
graph_reserve: reserving a graph for ubatch with n_tokens =    8, n_seqs =  4, n_outputs =    8
sched_reserve:      CUDA0 compute buffer size =     1.41 MiB
sched_reserve:  CUDA_Host compute buffer size =     0.16 MiB
sched_reserve: graph nodes  = 154
sched_reserve: graph splits = 2
sched_reserve: reserve took 3.70 ms, sched copies = 1
~llama_context:      CUDA0 compute buffer size is   1.4106 MiB, matches expectation of   1.4106 MiB
~llama_context:  CUDA_Host compute buffer size of   0.1604 MiB, does not match expectation of   0.1604 MiB
llama_context: constructing llama_context
llama_context: n_seq_max     = 1
llama_context: n_ctx         = 4096
llama_context: n_ctx_seq     = 4096
llama_context: n_batch       = 2048
llama_context: n_ubatch      = 512
llama_context: causal_attn   = 1
llama_context: flash_attn    = auto
llama_context: kv_unified    = false
llama_context: freq_base     = 5000000.0
llama_context: freq_scale    = 1
llama_context: n_rs_seq      = 0
llama_context: n_outputs_max = 2048
llama_context: n_ctx_seq (4096) < n_ctx_train (262144) -- the full capacity of the model will not be utilized
set_abort_callback: call
llama_context:  CUDA_Host  output buffer size =     0.58 MiB
llama_kv_cache: layer   0: dev = CUDA0
llama_kv_cache: layer   1: dev = CUDA0
llama_kv_cache: layer   2: dev = CUDA0
llama_kv_cache: layer   3: dev = CUDA0
llama_kv_cache: layer   4: dev = CUDA0
llama_kv_cache: layer   5: dev = CUDA0
llama_kv_cache: layer   6: dev = CUDA0
llama_kv_cache: layer   7: dev = CUDA0
llama_kv_cache: layer   8: dev = CUDA0
llama_kv_cache: layer   9: dev = CUDA0
llama_kv_cache: layer  10: dev = CUDA0
llama_kv_cache: layer  11: dev = CUDA0
llama_kv_cache: layer  12: dev = CUDA0
llama_kv_cache: layer  13: dev = CUDA0
llama_kv_cache: layer  14: dev = CUDA0
llama_kv_cache: layer  15: dev = CUDA0
llama_kv_cache: layer  16: dev = CUDA0
llama_kv_cache: layer  17: dev = CUDA0
llama_kv_cache: layer  18: dev = CUDA0
llama_kv_cache: layer  19: dev = CUDA0
llama_kv_cache: layer  20: dev = CUDA0
llama_kv_cache: layer  21: dev = CUDA0
llama_kv_cache: layer  22: dev = CUDA0
llama_kv_cache: layer  23: dev = CUDA0
llama_kv_cache: layer  24: dev = CUDA0
llama_kv_cache: layer  25: dev = CUDA0
llama_kv_cache: layer  26: dev = CUDA0
llama_kv_cache: layer  27: dev = CUDA0
llama_kv_cache: layer  28: dev = CUDA0
llama_kv_cache: layer  29: dev = CUDA0
llama_kv_cache: layer  30: dev = CUDA0
llama_kv_cache: layer  31: dev = CUDA0
llama_kv_cache: layer  32: dev = CUDA0
llama_kv_cache: layer  33: dev = CUDA0
llama_kv_cache: layer  34: dev = CUDA0
llama_kv_cache: layer  35: dev = CUDA0
llama_kv_cache:      CUDA0 KV buffer size =   576.00 MiB
llama_kv_cache: size =  576.00 MiB (  4096 cells,  36 layers,  1/1 seqs), K (f16):  288.00 MiB, V (f16):  288.00 MiB
llama_kv_cache: attn_rot_k = 0, n_embd_head_k_all = 128
llama_kv_cache: attn_rot_v = 0, n_embd_head_k_all = 128
llama_context: enumerating backends
llama_context: backend_ptrs.size() = 2
sched_reserve: reserving ...
sched_reserve: max_nodes = 3192
sched_reserve: reserving full memory module
sched_reserve: worst-case: n_tokens = 512, n_seqs = 1, n_outputs = 1
graph_reserve: reserving a graph for ubatch with n_tokens =    1, n_seqs =  1, n_outputs =    1
resolve_fused_ops: Flash Attention enabled
resolve_fused_ops: resolving fused Gated Delta Net support:
graph_reserve: reserving a graph for ubatch with n_tokens =    1, n_seqs =  1, n_outputs =    1
resolve_fused_ops: fused Gated Delta Net (autoregressive) enabled
graph_reserve: reserving a graph for ubatch with n_tokens =   16, n_seqs =  1, n_outputs =   16
resolve_fused_ops: fused Gated Delta Net (chunked) enabled
resolve_fused_ops: resolving fused Lightning Indexer support:
graph_reserve: reserving a graph for ubatch with n_tokens =    1, n_seqs =  1, n_outputs =    1
resolve_fused_ops: Lightning Indexer enabled
resolve_fused_ops: resolving fused DeepSeek V4 HC support:
graph_reserve: reserving a graph for ubatch with n_tokens =    1, n_seqs =  1, n_outputs =    1
resolve_fused_ops: fused DeepSeek V4 HC pre enabled
graph_reserve: reserving a graph for ubatch with n_tokens =    1, n_seqs =  1, n_outputs =    1
resolve_fused_ops: fused DeepSeek V4 HC comb enabled
graph_reserve: reserving a graph for ubatch with n_tokens =    1, n_seqs =  1, n_outputs =    1
resolve_fused_ops: fused DeepSeek V4 HC post enabled
graph_reserve: reserving a graph for ubatch with n_tokens =  512, n_seqs =  1, n_outputs =  512
graph_reserve: reserving a graph for ubatch with n_tokens =    1, n_seqs =  1, n_outputs =    1
graph_reserve: reserving a graph for ubatch with n_tokens =  512, n_seqs =  1, n_outputs =  512
sched_reserve:      CUDA0 compute buffer size =   301.75 MiB
sched_reserve:  CUDA_Host compute buffer size =    14.01 MiB
sched_reserve: graph nodes  = 1266
sched_reserve: graph splits = 2
sched_reserve: reserve took 48.23 ms, sched copies = 1
decoding image batch 1/1, n_tokens_batch = 252
image decoded (batch 1/1) in 57 ms
decoding image batch 1/1, n_tokens_batch = 252
image decoded (batch 1/1) in 57 ms
decoding image batch 1/1, n_tokens_batch = 252
image decoded (batch 1/1) in 58 ms
decoding image batch 1/1, n_tokens_batch = 252
image decoded (batch 1/1) in 58 ms
~llama_context:      CUDA0 compute buffer size is 301.7500 MiB, matches expectation of 301.7500 MiB
~llama_context:  CUDA_Host compute buffer size is  14.0137 MiB, matches expectation of  14.0137 MiB
STREAMMIND_TIMING {"segment":2,"timestamps":4,"container_ms":38.550,"vision_ms":1903.640,"epfe_ms":6.538,"classifier_ms":22.167,"native_total_ms":4060.088}
tokenize: merged 1 frame(s) at part index 1
add_text: <|im_start|>user

add_text: <12.0 seconds>
add_text: <|vision_start|>
add_text: <|vision_end|>
add_text: 

add_text: <13.0 seconds>
add_text: <|vision_start|>
add_text: <|vision_end|>
add_text: 

add_text: <14.0 seconds>
add_text: <|vision_start|>
add_text: <|vision_end|>
add_text: 

add_text: <15.0 seconds>
add_text: <|vision_start|>
add_text: <|vision_end|>
add_text: 

add_mage_codec: codec-native canvases=4 timestamps=4 text_tokens=32 image_tokens=1008 timestamp_tokens=28 wrapper_tokens=12
add_text: 
Describe important changes in the scene briefly. Mention people, actions, and clearly readable text. Do not guess.<|im_end|>
<|im_start|>assistant

mtmd_batch_encode_impl: encoding batch with 4 entries and total 252 tokens
clip_encode: copying image 1/4 to input buffer (nx=672, ny=384)
clip_encode: copying image 2/4 to input buffer (nx=672, ny=384)
clip_encode: copying image 3/4 to input buffer (nx=672, ny=384)
clip_encode: copying image 4/4 to input buffer (nx=672, ny=384)
clip_encode: output embedding shape [2560, 1008, 1]
CUDA Graph id 447 reused
CUDA Graph id 449 reused
llama_context: constructing llama_context
llama_context: n_ctx is not divisible by n_seq_max - rounding down to 1024
llama_context: n_seq_max     = 4
llama_context: n_ctx         = 1024
llama_context: n_ctx_seq     = 256
llama_context: n_batch       = 8
llama_context: n_ubatch      = 8
llama_context: causal_attn   = 1
llama_context: flash_attn    = auto
llama_context: kv_unified    = false
llama_context: freq_base     = 1000000.0
llama_context: freq_scale    = 1
llama_context: n_rs_seq      = 0
llama_context: n_outputs_max = 8
llama_context: n_ctx_seq (256) < n_ctx_train (8192) -- the full capacity of the model will not be utilized
set_abort_callback: call
llama_context:  CUDA_Host  output buffer size =     0.00 MiB
llama_kv_cache: layer   0: dev = CUDA0
llama_kv_cache: layer   1: dev = CUDA0
llama_kv_cache: layer   2: dev = CUDA0
llama_kv_cache: layer   3: dev = CUDA0
llama_kv_cache:      CUDA0 KV buffer size =    16.00 MiB
llama_kv_cache: size =   16.00 MiB (   256 cells,   4 layers,  4/4 seqs), K (f16):    8.00 MiB, V (f16):    8.00 MiB
llama_kv_cache: attn_rot_k = 0, n_embd_head_k_all = 128
llama_kv_cache: attn_rot_v = 0, n_embd_head_k_all = 128
llama_context: enumerating backends
llama_context: backend_ptrs.size() = 2
sched_reserve: reserving ...
sched_reserve: max_nodes = 1024
sched_reserve: reserving full memory module
sched_reserve: worst-case: n_tokens = 8, n_seqs = 4, n_outputs = 4
graph_reserve: reserving a graph for ubatch with n_tokens =    4, n_seqs =  4, n_outputs =    4
resolve_fused_ops: Flash Attention enabled
resolve_fused_ops: resolving fused Gated Delta Net support:
graph_reserve: reserving a graph for ubatch with n_tokens =    4, n_seqs =  4, n_outputs =    4
resolve_fused_ops: fused Gated Delta Net (autoregressive) enabled
graph_reserve: reserving a graph for ubatch with n_tokens =   64, n_seqs =  4, n_outputs =   64
resolve_fused_ops: fused Gated Delta Net (chunked) enabled
resolve_fused_ops: resolving fused Lightning Indexer support:
graph_reserve: reserving a graph for ubatch with n_tokens =    4, n_seqs =  4, n_outputs =    4
resolve_fused_ops: Lightning Indexer enabled
resolve_fused_ops: resolving fused DeepSeek V4 HC support:
graph_reserve: reserving a graph for ubatch with n_tokens =    4, n_seqs =  4, n_outputs =    4
resolve_fused_ops: fused DeepSeek V4 HC pre enabled
graph_reserve: reserving a graph for ubatch with n_tokens =    4, n_seqs =  4, n_outputs =    4
resolve_fused_ops: fused DeepSeek V4 HC comb enabled
graph_reserve: reserving a graph for ubatch with n_tokens =    4, n_seqs =  4, n_outputs =    4
resolve_fused_ops: fused DeepSeek V4 HC post enabled
graph_reserve: reserving a graph for ubatch with n_tokens =    8, n_seqs =  4, n_outputs =    8
graph_reserve: reserving a graph for ubatch with n_tokens =    4, n_seqs =  4, n_outputs =    4
graph_reserve: reserving a graph for ubatch with n_tokens =    8, n_seqs =  4, n_outputs =    8
sched_reserve:      CUDA0 compute buffer size =     1.41 MiB
sched_reserve:  CUDA_Host compute buffer size =     0.16 MiB
sched_reserve: graph nodes  = 154
sched_reserve: graph splits = 2
sched_reserve: reserve took 3.42 ms, sched copies = 1
~llama_context:      CUDA0 compute buffer size is   1.4106 MiB, matches expectation of   1.4106 MiB
~llama_context:  CUDA_Host compute buffer size of   0.1604 MiB, does not match expectation of   0.1604 MiB
llama_context: constructing llama_context
llama_context: n_seq_max     = 1
llama_context: n_ctx         = 4096
llama_context: n_ctx_seq     = 4096
llama_context: n_batch       = 2048
llama_context: n_ubatch      = 512
llama_context: causal_attn   = 1
llama_context: flash_attn    = auto
llama_context: kv_unified    = false
llama_context: freq_base     = 5000000.0
llama_context: freq_scale    = 1
llama_context: n_rs_seq      = 0
llama_context: n_outputs_max = 2048
llama_context: n_ctx_seq (4096) < n_ctx_train (262144) -- the full capacity of the model will not be utilized
set_abort_callback: call
llama_context:  CUDA_Host  output buffer size =     0.58 MiB
llama_kv_cache: layer   0: dev = CUDA0
llama_kv_cache: layer   1: dev = CUDA0
llama_kv_cache: layer   2: dev = CUDA0
llama_kv_cache: layer   3: dev = CUDA0
llama_kv_cache: layer   4: dev = CUDA0
llama_kv_cache: layer   5: dev = CUDA0
llama_kv_cache: layer   6: dev = CUDA0
llama_kv_cache: layer   7: dev = CUDA0
llama_kv_cache: layer   8: dev = CUDA0
llama_kv_cache: layer   9: dev = CUDA0
llama_kv_cache: layer  10: dev = CUDA0
llama_kv_cache: layer  11: dev = CUDA0
llama_kv_cache: layer  12: dev = CUDA0
llama_kv_cache: layer  13: dev = CUDA0
llama_kv_cache: layer  14: dev = CUDA0
llama_kv_cache: layer  15: dev = CUDA0
llama_kv_cache: layer  16: dev = CUDA0
llama_kv_cache: layer  17: dev = CUDA0
llama_kv_cache: layer  18: dev = CUDA0
llama_kv_cache: layer  19: dev = CUDA0
llama_kv_cache: layer  20: dev = CUDA0
llama_kv_cache: layer  21: dev = CUDA0
llama_kv_cache: layer  22: dev = CUDA0
llama_kv_cache: layer  23: dev = CUDA0
llama_kv_cache: layer  24: dev = CUDA0
llama_kv_cache: layer  25: dev = CUDA0
llama_kv_cache: layer  26: dev = CUDA0
llama_kv_cache: layer  27: dev = CUDA0
llama_kv_cache: layer  28: dev = CUDA0
llama_kv_cache: layer  29: dev = CUDA0
llama_kv_cache: layer  30: dev = CUDA0
llama_kv_cache: layer  31: dev = CUDA0
llama_kv_cache: layer  32: dev = CUDA0
llama_kv_cache: layer  33: dev = CUDA0
llama_kv_cache: layer  34: dev = CUDA0
llama_kv_cache: layer  35: dev = CUDA0
llama_kv_cache:      CUDA0 KV buffer size =   576.00 MiB
llama_kv_cache: size =  576.00 MiB (  4096 cells,  36 layers,  1/1 seqs), K (f16):  288.00 MiB, V (f16):  288.00 MiB
llama_kv_cache: attn_rot_k = 0, n_embd_head_k_all = 128
llama_kv_cache: attn_rot_v = 0, n_embd_head_k_all = 128
llama_context: enumerating backends
llama_context: backend_ptrs.size() = 2
sched_reserve: reserving ...
sched_reserve: max_nodes = 3192
sched_reserve: reserving full memory module
sched_reserve: worst-case: n_tokens = 512, n_seqs = 1, n_outputs = 1
graph_reserve: reserving a graph for ubatch with n_tokens =    1, n_seqs =  1, n_outputs =    1
resolve_fused_ops: Flash Attention enabled
resolve_fused_ops: resolving fused Gated Delta Net support:
graph_reserve: reserving a graph for ubatch with n_tokens =    1, n_seqs =  1, n_outputs =    1
resolve_fused_ops: fused Gated Delta Net (autoregressive) enabled
graph_reserve: reserving a graph for ubatch with n_tokens =   16, n_seqs =  1, n_outputs =   16
resolve_fused_ops: fused Gated Delta Net (chunked) enabled
resolve_fused_ops: resolving fused Lightning Indexer support:
graph_reserve: reserving a graph for ubatch with n_tokens =    1, n_seqs =  1, n_outputs =    1
resolve_fused_ops: Lightning Indexer enabled
resolve_fused_ops: resolving fused DeepSeek V4 HC support:
graph_reserve: reserving a graph for ubatch with n_tokens =    1, n_seqs =  1, n_outputs =    1
resolve_fused_ops: fused DeepSeek V4 HC pre enabled
graph_reserve: reserving a graph for ubatch with n_tokens =    1, n_seqs =  1, n_outputs =    1
resolve_fused_ops: fused DeepSeek V4 HC comb enabled
graph_reserve: reserving a graph for ubatch with n_tokens =    1, n_seqs =  1, n_outputs =    1
resolve_fused_ops: fused DeepSeek V4 HC post enabled
graph_reserve: reserving a graph for ubatch with n_tokens =  512, n_seqs =  1, n_outputs =  512
graph_reserve: reserving a graph for ubatch with n_tokens =    1, n_seqs =  1, n_outputs =    1
graph_reserve: reserving a graph for ubatch with n_tokens =  512, n_seqs =  1, n_outputs =  512
sched_reserve:      CUDA0 compute buffer size =   301.75 MiB
sched_reserve:  CUDA_Host compute buffer size =    14.01 MiB
sched_reserve: graph nodes  = 1266
sched_reserve: graph splits = 2
sched_reserve: reserve took 44.57 ms, sched copies = 1
decoding image batch 1/1, n_tokens_batch = 252
image decoded (batch 1/1) in 57 ms
decoding image batch 1/1, n_tokens_batch = 252
image decoded (batch 1/1) in 57 ms
decoding image batch 1/1, n_tokens_batch = 252
image decoded (batch 1/1) in 56 ms
decoding image batch 1/1, n_tokens_batch = 252
image decoded (batch 1/1) in 57 ms
[mpegts @ 0xaaaaf44e5790] PES packet size mismatch
[mpegts @ 0xaaaaf44e5790] Packet corrupt (stream = 0, dts = 327780000).
[h264 @ 0xaaaaf4552d60] Invalid level prefix
[h264 @ 0xaaaaf4552d60] error while decoding MB 40 43
CUDA Graph id 924 reused
ggml_backend_cuda_graph_compute: CUDA graph warmup complete
~llama_context:      CUDA0 compute buffer size is 301.7500 MiB, matches expectation of 301.7500 MiB
~llama_context:  CUDA_Host compute buffer size is  14.0137 MiB, matches expectation of  14.0137 MiB
udp://127.0.0.1:5007?fifo_size=1000000&overrun_nonfatal=1: corrupt decoded frame in stream 0
STREAMMIND_TIMING {"segment":3,"timestamps":4,"container_ms":35.184,"vision_ms":1909.286,"epfe_ms":5.924,"classifier_ms":23.651,"native_total_ms":4121.767}
tokenize: merged 1 frame(s) at part index 1
add_text: <|im_start|>user

add_text: <16.0 seconds>
add_text: <|vision_start|>
add_text: <|vision_end|>
add_text: 

add_text: <17.0 seconds>
add_text: <|vision_start|>
add_text: <|vision_end|>
add_text: 

add_text: <18.0 seconds>
add_text: <|vision_start|>
add_text: <|vision_end|>
add_text: 

add_text: <19.0 seconds>
add_text: <|vision_start|>
add_text: <|vision_end|>
add_text: 

add_mage_codec: codec-native canvases=4 timestamps=4 text_tokens=32 image_tokens=1008 timestamp_tokens=28 wrapper_tokens=12
add_text: 
Describe important changes in the scene briefly. Mention people, actions, and clearly readable text. Do not guess.<|im_end|>
<|im_start|>assistant

mtmd_batch_encode_impl: encoding batch with 4 entries and total 252 tokens
clip_encode: copying image 1/4 to input buffer (nx=672, ny=384)
clip_encode: copying image 2/4 to input buffer (nx=672, ny=384)
clip_encode: copying image 3/4 to input buffer (nx=672, ny=384)
clip_encode: copying image 4/4 to input buffer (nx=672, ny=384)
clip_encode: output embedding shape [2560, 1008, 1]
CUDA Graph id 447 reused
CUDA Graph id 449 reused
llama_context: constructing llama_context
llama_context: n_ctx is not divisible by n_seq_max - rounding down to 1024
llama_context: n_seq_max     = 4
llama_context: n_ctx         = 1024
llama_context: n_ctx_seq     = 256
llama_context: n_batch       = 8
llama_context: n_ubatch      = 8
llama_context: causal_attn   = 1
llama_context: flash_attn    = auto
llama_context: kv_unified    = false
llama_context: freq_base     = 1000000.0
llama_context: freq_scale    = 1
llama_context: n_rs_seq      = 0
llama_context: n_outputs_max = 8
llama_context: n_ctx_seq (256) < n_ctx_train (8192) -- the full capacity of the model will not be utilized
set_abort_callback: call
llama_context:  CUDA_Host  output buffer size =     0.00 MiB
llama_kv_cache: layer   0: dev = CUDA0
llama_kv_cache: layer   1: dev = CUDA0
llama_kv_cache: layer   2: dev = CUDA0
llama_kv_cache: layer   3: dev = CUDA0
llama_kv_cache:      CUDA0 KV buffer size =    16.00 MiB
llama_kv_cache: size =   16.00 MiB (   256 cells,   4 layers,  4/4 seqs), K (f16):    8.00 MiB, V (f16):    8.00 MiB
llama_kv_cache: attn_rot_k = 0, n_embd_head_k_all = 128
llama_kv_cache: attn_rot_v = 0, n_embd_head_k_all = 128
llama_context: enumerating backends
llama_context: backend_ptrs.size() = 2
sched_reserve: reserving ...
sched_reserve: max_nodes = 1024
sched_reserve: reserving full memory module
sched_reserve: worst-case: n_tokens = 8, n_seqs = 4, n_outputs = 4
graph_reserve: reserving a graph for ubatch with n_tokens =    4, n_seqs =  4, n_outputs =    4
resolve_fused_ops: Flash Attention enabled
resolve_fused_ops: resolving fused Gated Delta Net support:
graph_reserve: reserving a graph for ubatch with n_tokens =    4, n_seqs =  4, n_outputs =    4
resolve_fused_ops: fused Gated Delta Net (autoregressive) enabled
graph_reserve: reserving a graph for ubatch with n_tokens =   64, n_seqs =  4, n_outputs =   64
resolve_fused_ops: fused Gated Delta Net (chunked) enabled
resolve_fused_ops: resolving fused Lightning Indexer support:
graph_reserve: reserving a graph for ubatch with n_tokens =    4, n_seqs =  4, n_outputs =    4
resolve_fused_ops: Lightning Indexer enabled
resolve_fused_ops: resolving fused DeepSeek V4 HC support:
graph_reserve: reserving a graph for ubatch with n_tokens =    4, n_seqs =  4, n_outputs =    4
resolve_fused_ops: fused DeepSeek V4 HC pre enabled
graph_reserve: reserving a graph for ubatch with n_tokens =    4, n_seqs =  4, n_outputs =    4
resolve_fused_ops: fused DeepSeek V4 HC comb enabled
graph_reserve: reserving a graph for ubatch with n_tokens =    4, n_seqs =  4, n_outputs =    4
resolve_fused_ops: fused DeepSeek V4 HC post enabled
graph_reserve: reserving a graph for ubatch with n_tokens =    8, n_seqs =  4, n_outputs =    8
graph_reserve: reserving a graph for ubatch with n_tokens =    4, n_seqs =  4, n_outputs =    4
graph_reserve: reserving a graph for ubatch with n_tokens =    8, n_seqs =  4, n_outputs =    8
sched_reserve:      CUDA0 compute buffer size =     1.41 MiB
sched_reserve:  CUDA_Host compute buffer size =     0.16 MiB
sched_reserve: graph nodes  = 154
sched_reserve: graph splits = 2
sched_reserve: reserve took 3.37 ms, sched copies = 1
~llama_context:      CUDA0 compute buffer size is   1.4106 MiB, matches expectation of   1.4106 MiB
~llama_context:  CUDA_Host compute buffer size of   0.1604 MiB, does not match expectation of   0.1604 MiB
llama_context: constructing llama_context
llama_context: n_seq_max     = 1
llama_context: n_ctx         = 4096
llama_context: n_ctx_seq     = 4096
llama_context: n_batch       = 2048
llama_context: n_ubatch      = 512
llama_context: causal_attn   = 1
llama_context: flash_attn    = auto
llama_context: kv_unified    = false
llama_context: freq_base     = 5000000.0
llama_context: freq_scale    = 1
llama_context: n_rs_seq      = 0
llama_context: n_outputs_max = 2048
llama_context: n_ctx_seq (4096) < n_ctx_train (262144) -- the full capacity of the model will not be utilized
set_abort_callback: call
llama_context:  CUDA_Host  output buffer size =     0.58 MiB
llama_kv_cache: layer   0: dev = CUDA0
llama_kv_cache: layer   1: dev = CUDA0
llama_kv_cache: layer   2: dev = CUDA0
llama_kv_cache: layer   3: dev = CUDA0
llama_kv_cache: layer   4: dev = CUDA0
llama_kv_cache: layer   5: dev = CUDA0
llama_kv_cache: layer   6: dev = CUDA0
llama_kv_cache: layer   7: dev = CUDA0
llama_kv_cache: layer   8: dev = CUDA0
llama_kv_cache: layer   9: dev = CUDA0
llama_kv_cache: layer  10: dev = CUDA0
llama_kv_cache: layer  11: dev = CUDA0
llama_kv_cache: layer  12: dev = CUDA0
llama_kv_cache: layer  13: dev = CUDA0
llama_kv_cache: layer  14: dev = CUDA0
llama_kv_cache: layer  15: dev = CUDA0
llama_kv_cache: layer  16: dev = CUDA0
llama_kv_cache: layer  17: dev = CUDA0
llama_kv_cache: layer  18: dev = CUDA0
llama_kv_cache: layer  19: dev = CUDA0
llama_kv_cache: layer  20: dev = CUDA0
llama_kv_cache: layer  21: dev = CUDA0
llama_kv_cache: layer  22: dev = CUDA0
llama_kv_cache: layer  23: dev = CUDA0
llama_kv_cache: layer  24: dev = CUDA0
llama_kv_cache: layer  25: dev = CUDA0
llama_kv_cache: layer  26: dev = CUDA0
llama_kv_cache: layer  27: dev = CUDA0
llama_kv_cache: layer  28: dev = CUDA0
llama_kv_cache: layer  29: dev = CUDA0
llama_kv_cache: layer  30: dev = CUDA0
llama_kv_cache: layer  31: dev = CUDA0
llama_kv_cache: layer  32: dev = CUDA0
llama_kv_cache: layer  33: dev = CUDA0
llama_kv_cache: layer  34: dev = CUDA0
llama_kv_cache: layer  35: dev = CUDA0
llama_kv_cache:      CUDA0 KV buffer size =   576.00 MiB
llama_kv_cache: size =  576.00 MiB (  4096 cells,  36 layers,  1/1 seqs), K (f16):  288.00 MiB, V (f16):  288.00 MiB
llama_kv_cache: attn_rot_k = 0, n_embd_head_k_all = 128
llama_kv_cache: attn_rot_v = 0, n_embd_head_k_all = 128
llama_context: enumerating backends
llama_context: backend_ptrs.size() = 2
sched_reserve: reserving ...
sched_reserve: max_nodes = 3192
sched_reserve: reserving full memory module
sched_reserve: worst-case: n_tokens = 512, n_seqs = 1, n_outputs = 1
graph_reserve: reserving a graph for ubatch with n_tokens =    1, n_seqs =  1, n_outputs =    1
resolve_fused_ops: Flash Attention enabled
resolve_fused_ops: resolving fused Gated Delta Net support:
graph_reserve: reserving a graph for ubatch with n_tokens =    1, n_seqs =  1, n_outputs =    1
resolve_fused_ops: fused Gated Delta Net (autoregressive) enabled
graph_reserve: reserving a graph for ubatch with n_tokens =   16, n_seqs =  1, n_outputs =   16
resolve_fused_ops: fused Gated Delta Net (chunked) enabled
resolve_fused_ops: resolving fused Lightning Indexer support:
graph_reserve: reserving a graph for ubatch with n_tokens =    1, n_seqs =  1, n_outputs =    1
resolve_fused_ops: Lightning Indexer enabled
resolve_fused_ops: resolving fused DeepSeek V4 HC support:
graph_reserve: reserving a graph for ubatch with n_tokens =    1, n_seqs =  1, n_outputs =    1
resolve_fused_ops: fused DeepSeek V4 HC pre enabled
graph_reserve: reserving a graph for ubatch with n_tokens =    1, n_seqs =  1, n_outputs =    1
resolve_fused_ops: fused DeepSeek V4 HC comb enabled
graph_reserve: reserving a graph for ubatch with n_tokens =    1, n_seqs =  1, n_outputs =    1
resolve_fused_ops: fused DeepSeek V4 HC post enabled
graph_reserve: reserving a graph for ubatch with n_tokens =  512, n_seqs =  1, n_outputs =  512
graph_reserve: reserving a graph for ubatch with n_tokens =    1, n_seqs =  1, n_outputs =    1
graph_reserve: reserving a graph for ubatch with n_tokens =  512, n_seqs =  1, n_outputs =  512
sched_reserve:      CUDA0 compute buffer size =   301.75 MiB
sched_reserve:  CUDA_Host compute buffer size =    14.01 MiB
sched_reserve: graph nodes  = 1266
sched_reserve: graph splits = 2
sched_reserve: reserve took 85.11 ms, sched copies = 1
decoding image batch 1/1, n_tokens_batch = 252
image decoded (batch 1/1) in 68 ms
decoding image batch 1/1, n_tokens_batch = 252
image decoded (batch 1/1) in 56 ms
decoding image batch 1/1, n_tokens_batch = 252
image decoded (batch 1/1) in 60 ms
decoding image batch 1/1, n_tokens_batch = 252
image decoded (batch 1/1) in 59 ms
CUDA Graph id 1115 reused
ggml_backend_cuda_graph_compute: CUDA graph warmup complete
~llama_context:      CUDA0 compute buffer size is 301.7500 MiB, matches expectation of 301.7500 MiB
~llama_context:  CUDA_Host compute buffer size is  14.0137 MiB, matches expectation of  14.0137 MiB
STREAMMIND_TIMING {"segment":4,"timestamps":4,"container_ms":34.634,"vision_ms":1897.676,"epfe_ms":6.195,"classifier_ms":23.348,"native_total_ms":4246.625}
tokenize: merged 1 frame(s) at part index 1
add_text: <|im_start|>user

add_text: <20.0 seconds>
add_text: <|vision_start|>
add_text: <|vision_end|>
add_text: 

add_text: <21.0 seconds>
add_text: <|vision_start|>
add_text: <|vision_end|>
add_text: 

add_text: <22.0 seconds>
add_text: <|vision_start|>
add_text: <|vision_end|>
add_text: 

add_text: <23.0 seconds>
add_text: <|vision_start|>
add_text: <|vision_end|>
add_text: 

add_mage_codec: codec-native canvases=4 timestamps=4 text_tokens=32 image_tokens=1008 timestamp_tokens=28 wrapper_tokens=12
add_text: 
Describe important changes in the scene briefly. Mention people, actions, and clearly readable text. Do not guess.<|im_end|>
<|im_start|>assistant

mtmd_batch_encode_impl: encoding batch with 4 entries and total 252 tokens
clip_encode: copying image 1/4 to input buffer (nx=672, ny=384)
clip_encode: copying image 2/4 to input buffer (nx=672, ny=384)
clip_encode: copying image 3/4 to input buffer (nx=672, ny=384)
clip_encode: copying image 4/4 to input buffer (nx=672, ny=384)
clip_encode: output embedding shape [2560, 1008, 1]
CUDA Graph id 447 reused
CUDA Graph id 449 reused
llama_context: constructing llama_context
llama_context: n_ctx is not divisible by n_seq_max - rounding down to 1024
llama_context: n_seq_max     = 4
llama_context: n_ctx         = 1024
llama_context: n_ctx_seq     = 256
llama_context: n_batch       = 8
llama_context: n_ubatch      = 8
llama_context: causal_attn   = 1
llama_context: flash_attn    = auto
llama_context: kv_unified    = false
llama_context: freq_base     = 1000000.0
llama_context: freq_scale    = 1
llama_context: n_rs_seq      = 0
llama_context: n_outputs_max = 8
llama_context: n_ctx_seq (256) < n_ctx_train (8192) -- the full capacity of the model will not be utilized
set_abort_callback: call
llama_context:  CUDA_Host  output buffer size =     0.00 MiB
llama_kv_cache: layer   0: dev = CUDA0
llama_kv_cache: layer   1: dev = CUDA0
llama_kv_cache: layer   2: dev = CUDA0
llama_kv_cache: layer   3: dev = CUDA0
llama_kv_cache:      CUDA0 KV buffer size =    16.00 MiB
llama_kv_cache: size =   16.00 MiB (   256 cells,   4 layers,  4/4 seqs), K (f16):    8.00 MiB, V (f16):    8.00 MiB
llama_kv_cache: attn_rot_k = 0, n_embd_head_k_all = 128
llama_kv_cache: attn_rot_v = 0, n_embd_head_k_all = 128
llama_context: enumerating backends
llama_context: backend_ptrs.size() = 2
sched_reserve: reserving ...
sched_reserve: max_nodes = 1024
sched_reserve: reserving full memory module
sched_reserve: worst-case: n_tokens = 8, n_seqs = 4, n_outputs = 4
graph_reserve: reserving a graph for ubatch with n_tokens =    4, n_seqs =  4, n_outputs =    4
resolve_fused_ops: Flash Attention enabled
resolve_fused_ops: resolving fused Gated Delta Net support:
graph_reserve: reserving a graph for ubatch with n_tokens =    4, n_seqs =  4, n_outputs =    4
resolve_fused_ops: fused Gated Delta Net (autoregressive) enabled
graph_reserve: reserving a graph for ubatch with n_tokens =   64, n_seqs =  4, n_outputs =   64
resolve_fused_ops: fused Gated Delta Net (chunked) enabled
resolve_fused_ops: resolving fused Lightning Indexer support:
graph_reserve: reserving a graph for ubatch with n_tokens =    4, n_seqs =  4, n_outputs =    4
resolve_fused_ops: Lightning Indexer enabled
resolve_fused_ops: resolving fused DeepSeek V4 HC support:
graph_reserve: reserving a graph for ubatch with n_tokens =    4, n_seqs =  4, n_outputs =    4
resolve_fused_ops: fused DeepSeek V4 HC pre enabled
graph_reserve: reserving a graph for ubatch with n_tokens =    4, n_seqs =  4, n_outputs =    4
resolve_fused_ops: fused DeepSeek V4 HC comb enabled
graph_reserve: reserving a graph for ubatch with n_tokens =    4, n_seqs =  4, n_outputs =    4
resolve_fused_ops: fused DeepSeek V4 HC post enabled
graph_reserve: reserving a graph for ubatch with n_tokens =    8, n_seqs =  4, n_outputs =    8
graph_reserve: reserving a graph for ubatch with n_tokens =    4, n_seqs =  4, n_outputs =    4
graph_reserve: reserving a graph for ubatch with n_tokens =    8, n_seqs =  4, n_outputs =    8
sched_reserve:      CUDA0 compute buffer size =     1.41 MiB
sched_reserve:  CUDA_Host compute buffer size =     0.16 MiB
sched_reserve: graph nodes  = 154
sched_reserve: graph splits = 2
sched_reserve: reserve took 3.01 ms, sched copies = 1
~llama_context:      CUDA0 compute buffer size is   1.4106 MiB, matches expectation of   1.4106 MiB
~llama_context:  CUDA_Host compute buffer size of   0.1604 MiB, does not match expectation of   0.1604 MiB
llama_context: constructing llama_context
llama_context: n_seq_max     = 1
llama_context: n_ctx         = 4096
llama_context: n_ctx_seq     = 4096
llama_context: n_batch       = 2048
llama_context: n_ubatch      = 512
llama_context: causal_attn   = 1
llama_context: flash_attn    = auto
llama_context: kv_unified    = false
llama_context: freq_base     = 5000000.0
llama_context: freq_scale    = 1
llama_context: n_rs_seq      = 0
llama_context: n_outputs_max = 2048
llama_context: n_ctx_seq (4096) < n_ctx_train (262144) -- the full capacity of the model will not be utilized
set_abort_callback: call
llama_context:  CUDA_Host  output buffer size =     0.58 MiB
llama_kv_cache: layer   0: dev = CUDA0
llama_kv_cache: layer   1: dev = CUDA0
llama_kv_cache: layer   2: dev = CUDA0
llama_kv_cache: layer   3: dev = CUDA0
llama_kv_cache: layer   4: dev = CUDA0
llama_kv_cache: layer   5: dev = CUDA0
llama_kv_cache: layer   6: dev = CUDA0
llama_kv_cache: layer   7: dev = CUDA0
llama_kv_cache: layer   8: dev = CUDA0
llama_kv_cache: layer   9: dev = CUDA0
llama_kv_cache: layer  10: dev = CUDA0
llama_kv_cache: layer  11: dev = CUDA0
llama_kv_cache: layer  12: dev = CUDA0
llama_kv_cache: layer  13: dev = CUDA0
llama_kv_cache: layer  14: dev = CUDA0
llama_kv_cache: layer  15: dev = CUDA0
llama_kv_cache: layer  16: dev = CUDA0
llama_kv_cache: layer  17: dev = CUDA0
llama_kv_cache: layer  18: dev = CUDA0
llama_kv_cache: layer  19: dev = CUDA0
llama_kv_cache: layer  20: dev = CUDA0
llama_kv_cache: layer  21: dev = CUDA0
llama_kv_cache: layer  22: dev = CUDA0
llama_kv_cache: layer  23: dev = CUDA0
llama_kv_cache: layer  24: dev = CUDA0
llama_kv_cache: layer  25: dev = CUDA0
llama_kv_cache: layer  26: dev = CUDA0
llama_kv_cache: layer  27: dev = CUDA0
llama_kv_cache: layer  28: dev = CUDA0
llama_kv_cache: layer  29: dev = CUDA0
llama_kv_cache: layer  30: dev = CUDA0
llama_kv_cache: layer  31: dev = CUDA0
llama_kv_cache: layer  32: dev = CUDA0
llama_kv_cache: layer  33: dev = CUDA0
llama_kv_cache: layer  34: dev = CUDA0
llama_kv_cache: layer  35: dev = CUDA0
llama_kv_cache:      CUDA0 KV buffer size =   576.00 MiB
llama_kv_cache: size =  576.00 MiB (  4096 cells,  36 layers,  1/1 seqs), K (f16):  288.00 MiB, V (f16):  288.00 MiB
llama_kv_cache: attn_rot_k = 0, n_embd_head_k_all = 128
llama_kv_cache: attn_rot_v = 0, n_embd_head_k_all = 128
llama_context: enumerating backends
llama_context: backend_ptrs.size() = 2
sched_reserve: reserving ...
sched_reserve: max_nodes = 3192
sched_reserve: reserving full memory module
sched_reserve: worst-case: n_tokens = 512, n_seqs = 1, n_outputs = 1
graph_reserve: reserving a graph for ubatch with n_tokens =    1, n_seqs =  1, n_outputs =    1
resolve_fused_ops: Flash Attention enabled
resolve_fused_ops: resolving fused Gated Delta Net support:
graph_reserve: reserving a graph for ubatch with n_tokens =    1, n_seqs =  1, n_outputs =    1
resolve_fused_ops: fused Gated Delta Net (autoregressive) enabled
graph_reserve: reserving a graph for ubatch with n_tokens =   16, n_seqs =  1, n_outputs =   16
resolve_fused_ops: fused Gated Delta Net (chunked) enabled
resolve_fused_ops: resolving fused Lightning Indexer support:
graph_reserve: reserving a graph for ubatch with n_tokens =    1, n_seqs =  1, n_outputs =    1
resolve_fused_ops: Lightning Indexer enabled
resolve_fused_ops: resolving fused DeepSeek V4 HC support:
graph_reserve: reserving a graph for ubatch with n_tokens =    1, n_seqs =  1, n_outputs =    1
resolve_fused_ops: fused DeepSeek V4 HC pre enabled
graph_reserve: reserving a graph for ubatch with n_tokens =    1, n_seqs =  1, n_outputs =    1
resolve_fused_ops: fused DeepSeek V4 HC comb enabled
graph_reserve: reserving a graph for ubatch with n_tokens =    1, n_seqs =  1, n_outputs =    1
resolve_fused_ops: fused DeepSeek V4 HC post enabled
graph_reserve: reserving a graph for ubatch with n_tokens =  512, n_seqs =  1, n_outputs =  512
graph_reserve: reserving a graph for ubatch with n_tokens =    1, n_seqs =  1, n_outputs =    1
graph_reserve: reserving a graph for ubatch with n_tokens =  512, n_seqs =  1, n_outputs =  512
sched_reserve:      CUDA0 compute buffer size =   301.75 MiB
sched_reserve:  CUDA_Host compute buffer size =    14.01 MiB
sched_reserve: graph nodes  = 1266
sched_reserve: graph splits = 2
sched_reserve: reserve took 50.99 ms, sched copies = 1
decoding image batch 1/1, n_tokens_batch = 252
image decoded (batch 1/1) in 58 ms
decoding image batch 1/1, n_tokens_batch = 252
image decoded (batch 1/1) in 57 ms
decoding image batch 1/1, n_tokens_batch = 252
image decoded (batch 1/1) in 58 ms
decoding image batch 1/1, n_tokens_batch = 252
image decoded (batch 1/1) in 61 ms
CUDA Graph id 1306 reused
ggml_backend_cuda_graph_compute: CUDA graph warmup complete
~llama_context:      CUDA0 compute buffer size is 301.7500 MiB, matches expectation of 301.7500 MiB
~llama_context:  CUDA_Host compute buffer size is  14.0137 MiB, matches expectation of  14.0137 MiB
STREAMMIND_TIMING {"segment":5,"timestamps":4,"container_ms":39.665,"vision_ms":1894.242,"epfe_ms":6.222,"classifier_ms":25.040,"native_total_ms":4099.410}
tokenize: merged 1 frame(s) at part index 1
add_text: <|im_start|>user

add_text: <24.0 seconds>
add_text: <|vision_start|>
add_text: <|vision_end|>
add_text: 

add_text: <25.0 seconds>
add_text: <|vision_start|>
add_text: <|vision_end|>
add_text: 

add_text: <26.0 seconds>
add_text: <|vision_start|>
add_text: <|vision_end|>
add_text: 

add_text: <27.0 seconds>
add_text: <|vision_start|>
add_text: <|vision_end|>
add_text: 

add_mage_codec: codec-native canvases=4 timestamps=4 text_tokens=32 image_tokens=1008 timestamp_tokens=28 wrapper_tokens=12
add_text: 
Describe important changes in the scene briefly. Mention people, actions, and clearly readable text. Do not guess.<|im_end|>
<|im_start|>assistant

mtmd_batch_encode_impl: encoding batch with 4 entries and total 252 tokens
clip_encode: copying image 1/4 to input buffer (nx=672, ny=384)
clip_encode: copying image 2/4 to input buffer (nx=672, ny=384)
clip_encode: copying image 3/4 to input buffer (nx=672, ny=384)
clip_encode: copying image 4/4 to input buffer (nx=672, ny=384)
clip_encode: output embedding shape [2560, 1008, 1]
CUDA Graph id 447 reused
CUDA Graph id 449 reused
llama_context: constructing llama_context
llama_context: n_ctx is not divisible by n_seq_max - rounding down to 1024
llama_context: n_seq_max     = 4
llama_context: n_ctx         = 1024
llama_context: n_ctx_seq     = 256
llama_context: n_batch       = 8
llama_context: n_ubatch      = 8
llama_context: causal_attn   = 1
llama_context: flash_attn    = auto
llama_context: kv_unified    = false
llama_context: freq_base     = 1000000.0
llama_context: freq_scale    = 1
llama_context: n_rs_seq      = 0
llama_context: n_outputs_max = 8
llama_context: n_ctx_seq (256) < n_ctx_train (8192) -- the full capacity of the model will not be utilized
set_abort_callback: call
llama_context:  CUDA_Host  output buffer size =     0.00 MiB
llama_kv_cache: layer   0: dev = CUDA0
llama_kv_cache: layer   1: dev = CUDA0
llama_kv_cache: layer   2: dev = CUDA0
llama_kv_cache: layer   3: dev = CUDA0
llama_kv_cache:      CUDA0 KV buffer size =    16.00 MiB
llama_kv_cache: size =   16.00 MiB (   256 cells,   4 layers,  4/4 seqs), K (f16):    8.00 MiB, V (f16):    8.00 MiB
llama_kv_cache: attn_rot_k = 0, n_embd_head_k_all = 128
llama_kv_cache: attn_rot_v = 0, n_embd_head_k_all = 128
llama_context: enumerating backends
llama_context: backend_ptrs.size() = 2
sched_reserve: reserving ...
sched_reserve: max_nodes = 1024
sched_reserve: reserving full memory module
sched_reserve: worst-case: n_tokens = 8, n_seqs = 4, n_outputs = 4
graph_reserve: reserving a graph for ubatch with n_tokens =    4, n_seqs =  4, n_outputs =    4
resolve_fused_ops: Flash Attention enabled
resolve_fused_ops: resolving fused Gated Delta Net support:
graph_reserve: reserving a graph for ubatch with n_tokens =    4, n_seqs =  4, n_outputs =    4
resolve_fused_ops: fused Gated Delta Net (autoregressive) enabled
graph_reserve: reserving a graph for ubatch with n_tokens =   64, n_seqs =  4, n_outputs =   64
resolve_fused_ops: fused Gated Delta Net (chunked) enabled
resolve_fused_ops: resolving fused Lightning Indexer support:
graph_reserve: reserving a graph for ubatch with n_tokens =    4, n_seqs =  4, n_outputs =    4
resolve_fused_ops: Lightning Indexer enabled
resolve_fused_ops: resolving fused DeepSeek V4 HC support:
graph_reserve: reserving a graph for ubatch with n_tokens =    4, n_seqs =  4, n_outputs =    4
resolve_fused_ops: fused DeepSeek V4 HC pre enabled
graph_reserve: reserving a graph for ubatch with n_tokens =    4, n_seqs =  4, n_outputs =    4
resolve_fused_ops: fused DeepSeek V4 HC comb enabled
graph_reserve: reserving a graph for ubatch with n_tokens =    4, n_seqs =  4, n_outputs =    4
resolve_fused_ops: fused DeepSeek V4 HC post enabled
graph_reserve: reserving a graph for ubatch with n_tokens =    8, n_seqs =  4, n_outputs =    8
graph_reserve: reserving a graph for ubatch with n_tokens =    4, n_seqs =  4, n_outputs =    4
graph_reserve: reserving a graph for ubatch with n_tokens =    8, n_seqs =  4, n_outputs =    8
sched_reserve:      CUDA0 compute buffer size =     1.41 MiB
sched_reserve:  CUDA_Host compute buffer size =     0.16 MiB
sched_reserve: graph nodes  = 154
sched_reserve: graph splits = 2
sched_reserve: reserve took 2.57 ms, sched copies = 1
~llama_context:      CUDA0 compute buffer size is   1.4106 MiB, matches expectation of   1.4106 MiB
~llama_context:  CUDA_Host compute buffer size of   0.1604 MiB, does not match expectation of   0.1604 MiB
llama_context: constructing llama_context
llama_context: n_seq_max     = 1
llama_context: n_ctx         = 4096
llama_context: n_ctx_seq     = 4096
llama_context: n_batch       = 2048
llama_context: n_ubatch      = 512
llama_context: causal_attn   = 1
llama_context: flash_attn    = auto
llama_context: kv_unified    = false
llama_context: freq_base     = 5000000.0
llama_context: freq_scale    = 1
llama_context: n_rs_seq      = 0
llama_context: n_outputs_max = 2048
llama_context: n_ctx_seq (4096) < n_ctx_train (262144) -- the full capacity of the model will not be utilized
set_abort_callback: call
llama_context:  CUDA_Host  output buffer size =     0.58 MiB
llama_kv_cache: layer   0: dev = CUDA0
llama_kv_cache: layer   1: dev = CUDA0
llama_kv_cache: layer   2: dev = CUDA0
llama_kv_cache: layer   3: dev = CUDA0
llama_kv_cache: layer   4: dev = CUDA0
llama_kv_cache: layer   5: dev = CUDA0
llama_kv_cache: layer   6: dev = CUDA0
llama_kv_cache: layer   7: dev = CUDA0
llama_kv_cache: layer   8: dev = CUDA0
llama_kv_cache: layer   9: dev = CUDA0
llama_kv_cache: layer  10: dev = CUDA0
llama_kv_cache: layer  11: dev = CUDA0
llama_kv_cache: layer  12: dev = CUDA0
llama_kv_cache: layer  13: dev = CUDA0
llama_kv_cache: layer  14: dev = CUDA0
llama_kv_cache: layer  15: dev = CUDA0
llama_kv_cache: layer  16: dev = CUDA0
llama_kv_cache: layer  17: dev = CUDA0
llama_kv_cache: layer  18: dev = CUDA0
llama_kv_cache: layer  19: dev = CUDA0
llama_kv_cache: layer  20: dev = CUDA0
llama_kv_cache: layer  21: dev = CUDA0
llama_kv_cache: layer  22: dev = CUDA0
llama_kv_cache: layer  23: dev = CUDA0
llama_kv_cache: layer  24: dev = CUDA0
llama_kv_cache: layer  25: dev = CUDA0
llama_kv_cache: layer  26: dev = CUDA0
llama_kv_cache: layer  27: dev = CUDA0
llama_kv_cache: layer  28: dev = CUDA0
llama_kv_cache: layer  29: dev = CUDA0
llama_kv_cache: layer  30: dev = CUDA0
llama_kv_cache: layer  31: dev = CUDA0
llama_kv_cache: layer  32: dev = CUDA0
llama_kv_cache: layer  33: dev = CUDA0
llama_kv_cache: layer  34: dev = CUDA0
llama_kv_cache: layer  35: dev = CUDA0
llama_kv_cache:      CUDA0 KV buffer size =   576.00 MiB
llama_kv_cache: size =  576.00 MiB (  4096 cells,  36 layers,  1/1 seqs), K (f16):  288.00 MiB, V (f16):  288.00 MiB
llama_kv_cache: attn_rot_k = 0, n_embd_head_k_all = 128
llama_kv_cache: attn_rot_v = 0, n_embd_head_k_all = 128
llama_context: enumerating backends
llama_context: backend_ptrs.size() = 2
sched_reserve: reserving ...
sched_reserve: max_nodes = 3192
sched_reserve: reserving full memory module
sched_reserve: worst-case: n_tokens = 512, n_seqs = 1, n_outputs = 1
graph_reserve: reserving a graph for ubatch with n_tokens =    1, n_seqs =  1, n_outputs =    1
resolve_fused_ops: Flash Attention enabled
resolve_fused_ops: resolving fused Gated Delta Net support:
graph_reserve: reserving a graph for ubatch with n_tokens =    1, n_seqs =  1, n_outputs =    1
resolve_fused_ops: fused Gated Delta Net (autoregressive) enabled
graph_reserve: reserving a graph for ubatch with n_tokens =   16, n_seqs =  1, n_outputs =   16
resolve_fused_ops: fused Gated Delta Net (chunked) enabled
resolve_fused_ops: resolving fused Lightning Indexer support:
graph_reserve: reserving a graph for ubatch with n_tokens =    1, n_seqs =  1, n_outputs =    1
resolve_fused_ops: Lightning Indexer enabled
resolve_fused_ops: resolving fused DeepSeek V4 HC support:
graph_reserve: reserving a graph for ubatch with n_tokens =    1, n_seqs =  1, n_outputs =    1
resolve_fused_ops: fused DeepSeek V4 HC pre enabled
graph_reserve: reserving a graph for ubatch with n_tokens =    1, n_seqs =  1, n_outputs =    1
resolve_fused_ops: fused DeepSeek V4 HC comb enabled
graph_reserve: reserving a graph for ubatch with n_tokens =    1, n_seqs =  1, n_outputs =    1
resolve_fused_ops: fused DeepSeek V4 HC post enabled
graph_reserve: reserving a graph for ubatch with n_tokens =  512, n_seqs =  1, n_outputs =  512
graph_reserve: reserving a graph for ubatch with n_tokens =    1, n_seqs =  1, n_outputs =    1
graph_reserve: reserving a graph for ubatch with n_tokens =  512, n_seqs =  1, n_outputs =  512
sched_reserve:      CUDA0 compute buffer size =   301.75 MiB
sched_reserve:  CUDA_Host compute buffer size =    14.01 MiB
sched_reserve: graph nodes  = 1266
sched_reserve: graph splits = 2
sched_reserve: reserve took 40.31 ms, sched copies = 1
decoding image batch 1/1, n_tokens_batch = 252
image decoded (batch 1/1) in 58 ms
decoding image batch 1/1, n_tokens_batch = 252
image decoded (batch 1/1) in 62 ms
decoding image batch 1/1, n_tokens_batch = 252
image decoded (batch 1/1) in 58 ms
decoding image batch 1/1, n_tokens_batch = 252
image decoded (batch 1/1) in 59 ms
CUDA Graph id 1497 reused
ggml_backend_cuda_graph_compute: CUDA graph warmup complete
~llama_context:      CUDA0 compute buffer size is 301.7500 MiB, matches expectation of 301.7500 MiB
~llama_context:  CUDA_Host compute buffer size is  14.0137 MiB, matches expectation of  14.0137 MiB
STREAMMIND_TIMING {"segment":6,"timestamps":4,"container_ms":46.288,"vision_ms":1901.696,"epfe_ms":5.954,"classifier_ms":22.199,"native_total_ms":4104.839}
tokenize: merged 1 frame(s) at part index 1
add_text: <|im_start|>user

add_text: <28.0 seconds>
add_text: <|vision_start|>
add_text: <|vision_end|>
add_text: 

add_text: <29.0 seconds>
add_text: <|vision_start|>
add_text: <|vision_end|>
add_text: 

add_text: <30.0 seconds>
add_text: <|vision_start|>
add_text: <|vision_end|>
add_text: 

add_text: <31.0 seconds>
add_text: <|vision_start|>
add_text: <|vision_end|>
add_text: 

add_mage_codec: codec-native canvases=4 timestamps=4 text_tokens=32 image_tokens=1008 timestamp_tokens=28 wrapper_tokens=12
add_text: 
Describe important changes in the scene briefly. Mention people, actions, and clearly readable text. Do not guess.<|im_end|>
<|im_start|>assistant

mtmd_batch_encode_impl: encoding batch with 4 entries and total 252 tokens
clip_encode: copying image 1/4 to input buffer (nx=672, ny=384)
clip_encode: copying image 2/4 to input buffer (nx=672, ny=384)
clip_encode: copying image 3/4 to input buffer (nx=672, ny=384)
clip_encode: copying image 4/4 to input buffer (nx=672, ny=384)
clip_encode: output embedding shape [2560, 1008, 1]
CUDA Graph id 447 reused
CUDA Graph id 449 reused
llama_context: constructing llama_context
llama_context: n_ctx is not divisible by n_seq_max - rounding down to 1024
llama_context: n_seq_max     = 4
llama_context: n_ctx         = 1024
llama_context: n_ctx_seq     = 256
llama_context: n_batch       = 8
llama_context: n_ubatch      = 8
llama_context: causal_attn   = 1
llama_context: flash_attn    = auto
llama_context: kv_unified    = false
llama_context: freq_base     = 1000000.0
llama_context: freq_scale    = 1
llama_context: n_rs_seq      = 0
llama_context: n_outputs_max = 8
llama_context: n_ctx_seq (256) < n_ctx_train (8192) -- the full capacity of the model will not be utilized
set_abort_callback: call
llama_context:  CUDA_Host  output buffer size =     0.00 MiB
llama_kv_cache: layer   0: dev = CUDA0
llama_kv_cache: layer   1: dev = CUDA0
llama_kv_cache: layer   2: dev = CUDA0
llama_kv_cache: layer   3: dev = CUDA0
llama_kv_cache:      CUDA0 KV buffer size =    16.00 MiB
llama_kv_cache: size =   16.00 MiB (   256 cells,   4 layers,  4/4 seqs), K (f16):    8.00 MiB, V (f16):    8.00 MiB
llama_kv_cache: attn_rot_k = 0, n_embd_head_k_all = 128
llama_kv_cache: attn_rot_v = 0, n_embd_head_k_all = 128
llama_context: enumerating backends
llama_context: backend_ptrs.size() = 2
sched_reserve: reserving ...
sched_reserve: max_nodes = 1024
sched_reserve: reserving full memory module
sched_reserve: worst-case: n_tokens = 8, n_seqs = 4, n_outputs = 4
graph_reserve: reserving a graph for ubatch with n_tokens =    4, n_seqs =  4, n_outputs =    4
resolve_fused_ops: Flash Attention enabled
resolve_fused_ops: resolving fused Gated Delta Net support:
graph_reserve: reserving a graph for ubatch with n_tokens =    4, n_seqs =  4, n_outputs =    4
resolve_fused_ops: fused Gated Delta Net (autoregressive) enabled
graph_reserve: reserving a graph for ubatch with n_tokens =   64, n_seqs =  4, n_outputs =   64
resolve_fused_ops: fused Gated Delta Net (chunked) enabled
resolve_fused_ops: resolving fused Lightning Indexer support:
graph_reserve: reserving a graph for ubatch with n_tokens =    4, n_seqs =  4, n_outputs =    4
resolve_fused_ops: Lightning Indexer enabled
resolve_fused_ops: resolving fused DeepSeek V4 HC support:
graph_reserve: reserving a graph for ubatch with n_tokens =    4, n_seqs =  4, n_outputs =    4
resolve_fused_ops: fused DeepSeek V4 HC pre enabled
graph_reserve: reserving a graph for ubatch with n_tokens =    4, n_seqs =  4, n_outputs =    4
resolve_fused_ops: fused DeepSeek V4 HC comb enabled
graph_reserve: reserving a graph for ubatch with n_tokens =    4, n_seqs =  4, n_outputs =    4
resolve_fused_ops: fused DeepSeek V4 HC post enabled
graph_reserve: reserving a graph for ubatch with n_tokens =    8, n_seqs =  4, n_outputs =    8
graph_reserve: reserving a graph for ubatch with n_tokens =    4, n_seqs =  4, n_outputs =    4
graph_reserve: reserving a graph for ubatch with n_tokens =    8, n_seqs =  4, n_outputs =    8
sched_reserve:      CUDA0 compute buffer size =     1.41 MiB
sched_reserve:  CUDA_Host compute buffer size =     0.16 MiB
sched_reserve: graph nodes  = 154
sched_reserve: graph splits = 2
sched_reserve: reserve took 4.46 ms, sched copies = 1
~llama_context:      CUDA0 compute buffer size is   1.4106 MiB, matches expectation of   1.4106 MiB
~llama_context:  CUDA_Host compute buffer size of   0.1604 MiB, does not match expectation of   0.1604 MiB
llama_context: constructing llama_context
llama_context: n_seq_max     = 1
llama_context: n_ctx         = 4096
llama_context: n_ctx_seq     = 4096
llama_context: n_batch       = 2048
llama_context: n_ubatch      = 512
llama_context: causal_attn   = 1
llama_context: flash_attn    = auto
llama_context: kv_unified    = false
llama_context: freq_base     = 5000000.0
llama_context: freq_scale    = 1
llama_context: n_rs_seq      = 0
llama_context: n_outputs_max = 2048
llama_context: n_ctx_seq (4096) < n_ctx_train (262144) -- the full capacity of the model will not be utilized
set_abort_callback: call
llama_context:  CUDA_Host  output buffer size =     0.58 MiB
llama_kv_cache: layer   0: dev = CUDA0
llama_kv_cache: layer   1: dev = CUDA0
llama_kv_cache: layer   2: dev = CUDA0
llama_kv_cache: layer   3: dev = CUDA0
llama_kv_cache: layer   4: dev = CUDA0
llama_kv_cache: layer   5: dev = CUDA0
llama_kv_cache: layer   6: dev = CUDA0
llama_kv_cache: layer   7: dev = CUDA0
llama_kv_cache: layer   8: dev = CUDA0
llama_kv_cache: layer   9: dev = CUDA0
llama_kv_cache: layer  10: dev = CUDA0
llama_kv_cache: layer  11: dev = CUDA0
llama_kv_cache: layer  12: dev = CUDA0
llama_kv_cache: layer  13: dev = CUDA0
llama_kv_cache: layer  14: dev = CUDA0
llama_kv_cache: layer  15: dev = CUDA0
llama_kv_cache: layer  16: dev = CUDA0
llama_kv_cache: layer  17: dev = CUDA0
llama_kv_cache: layer  18: dev = CUDA0
llama_kv_cache: layer  19: dev = CUDA0
llama_kv_cache: layer  20: dev = CUDA0
llama_kv_cache: layer  21: dev = CUDA0
llama_kv_cache: layer  22: dev = CUDA0
llama_kv_cache: layer  23: dev = CUDA0
llama_kv_cache: layer  24: dev = CUDA0
llama_kv_cache: layer  25: dev = CUDA0
llama_kv_cache: layer  26: dev = CUDA0
llama_kv_cache: layer  27: dev = CUDA0
llama_kv_cache: layer  28: dev = CUDA0
llama_kv_cache: layer  29: dev = CUDA0
llama_kv_cache: layer  30: dev = CUDA0
llama_kv_cache: layer  31: dev = CUDA0
llama_kv_cache: layer  32: dev = CUDA0
llama_kv_cache: layer  33: dev = CUDA0
llama_kv_cache: layer  34: dev = CUDA0
llama_kv_cache: layer  35: dev = CUDA0
llama_kv_cache:      CUDA0 KV buffer size =   576.00 MiB
llama_kv_cache: size =  576.00 MiB (  4096 cells,  36 layers,  1/1 seqs), K (f16):  288.00 MiB, V (f16):  288.00 MiB
llama_kv_cache: attn_rot_k = 0, n_embd_head_k_all = 128
llama_kv_cache: attn_rot_v = 0, n_embd_head_k_all = 128
llama_context: enumerating backends
llama_context: backend_ptrs.size() = 2
sched_reserve: reserving ...
sched_reserve: max_nodes = 3192
sched_reserve: reserving full memory module
sched_reserve: worst-case: n_tokens = 512, n_seqs = 1, n_outputs = 1
graph_reserve: reserving a graph for ubatch with n_tokens =    1, n_seqs =  1, n_outputs =    1
resolve_fused_ops: Flash Attention enabled
resolve_fused_ops: resolving fused Gated Delta Net support:
graph_reserve: reserving a graph for ubatch with n_tokens =    1, n_seqs =  1, n_outputs =    1
resolve_fused_ops: fused Gated Delta Net (autoregressive) enabled
graph_reserve: reserving a graph for ubatch with n_tokens =   16, n_seqs =  1, n_outputs =   16
resolve_fused_ops: fused Gated Delta Net (chunked) enabled
resolve_fused_ops: resolving fused Lightning Indexer support:
graph_reserve: reserving a graph for ubatch with n_tokens =    1, n_seqs =  1, n_outputs =    1
resolve_fused_ops: Lightning Indexer enabled
resolve_fused_ops: resolving fused DeepSeek V4 HC support:
graph_reserve: reserving a graph for ubatch with n_tokens =    1, n_seqs =  1, n_outputs =    1
resolve_fused_ops: fused DeepSeek V4 HC pre enabled
graph_reserve: reserving a graph for ubatch with n_tokens =    1, n_seqs =  1, n_outputs =    1
resolve_fused_ops: fused DeepSeek V4 HC comb enabled
graph_reserve: reserving a graph for ubatch with n_tokens =    1, n_seqs =  1, n_outputs =    1
resolve_fused_ops: fused DeepSeek V4 HC post enabled
graph_reserve: reserving a graph for ubatch with n_tokens =  512, n_seqs =  1, n_outputs =  512
graph_reserve: reserving a graph for ubatch with n_tokens =    1, n_seqs =  1, n_outputs =    1
graph_reserve: reserving a graph for ubatch with n_tokens =  512, n_seqs =  1, n_outputs =  512
sched_reserve:      CUDA0 compute buffer size =   301.75 MiB
sched_reserve:  CUDA_Host compute buffer size =    14.01 MiB
sched_reserve: graph nodes  = 1266
sched_reserve: graph splits = 2
sched_reserve: reserve took 87.13 ms, sched copies = 1
decoding image batch 1/1, n_tokens_batch = 252
image decoded (batch 1/1) in 67 ms
decoding image batch 1/1, n_tokens_batch = 252
image decoded (batch 1/1) in 61 ms
decoding image batch 1/1, n_tokens_batch = 252
image decoded (batch 1/1) in 56 ms
decoding image batch 1/1, n_tokens_batch = 252
image decoded (batch 1/1) in 62 ms
CUDA Graph id 1688 reused
ggml_backend_cuda_graph_compute: CUDA graph warmup complete
~llama_context:      CUDA0 compute buffer size is 301.7500 MiB, matches expectation of 301.7500 MiB
~llama_context:  CUDA_Host compute buffer size is  14.0137 MiB, matches expectation of  14.0137 MiB
STREAMMIND_TIMING {"segment":7,"timestamps":4,"container_ms":30.193,"vision_ms":1888.825,"epfe_ms":5.614,"classifier_ms":23.514,"native_total_ms":4224.037}
tokenize: merged 1 frame(s) at part index 1
add_text: <|im_start|>user

add_text: <32.0 seconds>
add_text: <|vision_start|>
add_text: <|vision_end|>
add_text: 

add_text: <33.0 seconds>
add_text: <|vision_start|>
add_text: <|vision_end|>
add_text: 

add_text: <34.0 seconds>
add_text: <|vision_start|>
add_text: <|vision_end|>
add_text: 

add_text: <35.0 seconds>
add_text: <|vision_start|>
add_text: <|vision_end|>
add_text: 

add_mage_codec: codec-native canvases=4 timestamps=4 text_tokens=32 image_tokens=1008 timestamp_tokens=28 wrapper_tokens=12
add_text: 
Describe important changes in the scene briefly. Mention people, actions, and clearly readable text. Do not guess.<|im_end|>
<|im_start|>assistant

mtmd_batch_encode_impl: encoding batch with 4 entries and total 252 tokens
clip_encode: copying image 1/4 to input buffer (nx=672, ny=384)
clip_encode: copying image 2/4 to input buffer (nx=672, ny=384)
clip_encode: copying image 3/4 to input buffer (nx=672, ny=384)
clip_encode: copying image 4/4 to input buffer (nx=672, ny=384)
clip_encode: output embedding shape [2560, 1008, 1]
CUDA Graph id 447 reused
CUDA Graph id 449 reused
llama_context: constructing llama_context
llama_context: n_ctx is not divisible by n_seq_max - rounding down to 1024
llama_context: n_seq_max     = 4
llama_context: n_ctx         = 1024
llama_context: n_ctx_seq     = 256
llama_context: n_batch       = 8
llama_context: n_ubatch      = 8
llama_context: causal_attn   = 1
llama_context: flash_attn    = auto
llama_context: kv_unified    = false
llama_context: freq_base     = 1000000.0
llama_context: freq_scale    = 1
llama_context: n_rs_seq      = 0
llama_context: n_outputs_max = 8
llama_context: n_ctx_seq (256) < n_ctx_train (8192) -- the full capacity of the model will not be utilized
set_abort_callback: call
llama_context:  CUDA_Host  output buffer size =     0.00 MiB
llama_kv_cache: layer   0: dev = CUDA0
llama_kv_cache: layer   1: dev = CUDA0
llama_kv_cache: layer   2: dev = CUDA0
llama_kv_cache: layer   3: dev = CUDA0
llama_kv_cache:      CUDA0 KV buffer size =    16.00 MiB
llama_kv_cache: size =   16.00 MiB (   256 cells,   4 layers,  4/4 seqs), K (f16):    8.00 MiB, V (f16):    8.00 MiB
llama_kv_cache: attn_rot_k = 0, n_embd_head_k_all = 128
llama_kv_cache: attn_rot_v = 0, n_embd_head_k_all = 128
llama_context: enumerating backends
llama_context: backend_ptrs.size() = 2
sched_reserve: reserving ...
sched_reserve: max_nodes = 1024
sched_reserve: reserving full memory module
sched_reserve: worst-case: n_tokens = 8, n_seqs = 4, n_outputs = 4
graph_reserve: reserving a graph for ubatch with n_tokens =    4, n_seqs =  4, n_outputs =    4
resolve_fused_ops: Flash Attention enabled
resolve_fused_ops: resolving fused Gated Delta Net support:
graph_reserve: reserving a graph for ubatch with n_tokens =    4, n_seqs =  4, n_outputs =    4
resolve_fused_ops: fused Gated Delta Net (autoregressive) enabled
graph_reserve: reserving a graph for ubatch with n_tokens =   64, n_seqs =  4, n_outputs =   64
resolve_fused_ops: fused Gated Delta Net (chunked) enabled
resolve_fused_ops: resolving fused Lightning Indexer support:
graph_reserve: reserving a graph for ubatch with n_tokens =    4, n_seqs =  4, n_outputs =    4
resolve_fused_ops: Lightning Indexer enabled
resolve_fused_ops: resolving fused DeepSeek V4 HC support:
graph_reserve: reserving a graph for ubatch with n_tokens =    4, n_seqs =  4, n_outputs =    4
resolve_fused_ops: fused DeepSeek V4 HC pre enabled
graph_reserve: reserving a graph for ubatch with n_tokens =    4, n_seqs =  4, n_outputs =    4
resolve_fused_ops: fused DeepSeek V4 HC comb enabled
graph_reserve: reserving a graph for ubatch with n_tokens =    4, n_seqs =  4, n_outputs =    4
resolve_fused_ops: fused DeepSeek V4 HC post enabled
graph_reserve: reserving a graph for ubatch with n_tokens =    8, n_seqs =  4, n_outputs =    8
graph_reserve: reserving a graph for ubatch with n_tokens =    4, n_seqs =  4, n_outputs =    4
graph_reserve: reserving a graph for ubatch with n_tokens =    8, n_seqs =  4, n_outputs =    8
sched_reserve:      CUDA0 compute buffer size =     1.41 MiB
sched_reserve:  CUDA_Host compute buffer size =     0.16 MiB
sched_reserve: graph nodes  = 154
sched_reserve: graph splits = 2
sched_reserve: reserve took 4.87 ms, sched copies = 1
~llama_context:      CUDA0 compute buffer size is   1.4106 MiB, matches expectation of   1.4106 MiB
~llama_context:  CUDA_Host compute buffer size of   0.1604 MiB, does not match expectation of   0.1604 MiB
llama_context: constructing llama_context
llama_context: n_seq_max     = 1
llama_context: n_ctx         = 4096
llama_context: n_ctx_seq     = 4096
llama_context: n_batch       = 2048
llama_context: n_ubatch      = 512
llama_context: causal_attn   = 1
llama_context: flash_attn    = auto
llama_context: kv_unified    = false
llama_context: freq_base     = 5000000.0
llama_context: freq_scale    = 1
llama_context: n_rs_seq      = 0
llama_context: n_outputs_max = 2048
llama_context: n_ctx_seq (4096) < n_ctx_train (262144) -- the full capacity of the model will not be utilized
set_abort_callback: call
llama_context:  CUDA_Host  output buffer size =     0.58 MiB
llama_kv_cache: layer   0: dev = CUDA0
llama_kv_cache: layer   1: dev = CUDA0
llama_kv_cache: layer   2: dev = CUDA0
llama_kv_cache: layer   3: dev = CUDA0
llama_kv_cache: layer   4: dev = CUDA0
llama_kv_cache: layer   5: dev = CUDA0
llama_kv_cache: layer   6: dev = CUDA0
llama_kv_cache: layer   7: dev = CUDA0
llama_kv_cache: layer   8: dev = CUDA0
llama_kv_cache: layer   9: dev = CUDA0
llama_kv_cache: layer  10: dev = CUDA0
llama_kv_cache: layer  11: dev = CUDA0
llama_kv_cache: layer  12: dev = CUDA0
llama_kv_cache: layer  13: dev = CUDA0
llama_kv_cache: layer  14: dev = CUDA0
llama_kv_cache: layer  15: dev = CUDA0
llama_kv_cache: layer  16: dev = CUDA0
llama_kv_cache: layer  17: dev = CUDA0
llama_kv_cache: layer  18: dev = CUDA0
llama_kv_cache: layer  19: dev = CUDA0
llama_kv_cache: layer  20: dev = CUDA0
llama_kv_cache: layer  21: dev = CUDA0
llama_kv_cache: layer  22: dev = CUDA0
llama_kv_cache: layer  23: dev = CUDA0
llama_kv_cache: layer  24: dev = CUDA0
llama_kv_cache: layer  25: dev = CUDA0
llama_kv_cache: layer  26: dev = CUDA0
llama_kv_cache: layer  27: dev = CUDA0
llama_kv_cache: layer  28: dev = CUDA0
llama_kv_cache: layer  29: dev = CUDA0
llama_kv_cache: layer  30: dev = CUDA0
llama_kv_cache: layer  31: dev = CUDA0
llama_kv_cache: layer  32: dev = CUDA0
llama_kv_cache: layer  33: dev = CUDA0
llama_kv_cache: layer  34: dev = CUDA0
llama_kv_cache: layer  35: dev = CUDA0
llama_kv_cache:      CUDA0 KV buffer size =   576.00 MiB
llama_kv_cache: size =  576.00 MiB (  4096 cells,  36 layers,  1/1 seqs), K (f16):  288.00 MiB, V (f16):  288.00 MiB
llama_kv_cache: attn_rot_k = 0, n_embd_head_k_all = 128
llama_kv_cache: attn_rot_v = 0, n_embd_head_k_all = 128
llama_context: enumerating backends
llama_context: backend_ptrs.size() = 2
sched_reserve: reserving ...
sched_reserve: max_nodes = 3192
sched_reserve: reserving full memory module
sched_reserve: worst-case: n_tokens = 512, n_seqs = 1, n_outputs = 1
graph_reserve: reserving a graph for ubatch with n_tokens =    1, n_seqs =  1, n_outputs =    1
resolve_fused_ops: Flash Attention enabled
resolve_fused_ops: resolving fused Gated Delta Net support:
graph_reserve: reserving a graph for ubatch with n_tokens =    1, n_seqs =  1, n_outputs =    1
resolve_fused_ops: fused Gated Delta Net (autoregressive) enabled
graph_reserve: reserving a graph for ubatch with n_tokens =   16, n_seqs =  1, n_outputs =   16
resolve_fused_ops: fused Gated Delta Net (chunked) enabled
resolve_fused_ops: resolving fused Lightning Indexer support:
graph_reserve: reserving a graph for ubatch with n_tokens =    1, n_seqs =  1, n_outputs =    1
resolve_fused_ops: Lightning Indexer enabled
resolve_fused_ops: resolving fused DeepSeek V4 HC support:
graph_reserve: reserving a graph for ubatch with n_tokens =    1, n_seqs =  1, n_outputs =    1
resolve_fused_ops: fused DeepSeek V4 HC pre enabled
graph_reserve: reserving a graph for ubatch with n_tokens =    1, n_seqs =  1, n_outputs =    1
resolve_fused_ops: fused DeepSeek V4 HC comb enabled
graph_reserve: reserving a graph for ubatch with n_tokens =    1, n_seqs =  1, n_outputs =    1
resolve_fused_ops: fused DeepSeek V4 HC post enabled
graph_reserve: reserving a graph for ubatch with n_tokens =  512, n_seqs =  1, n_outputs =  512
graph_reserve: reserving a graph for ubatch with n_tokens =    1, n_seqs =  1, n_outputs =    1
graph_reserve: reserving a graph for ubatch with n_tokens =  512, n_seqs =  1, n_outputs =  512
sched_reserve:      CUDA0 compute buffer size =   301.75 MiB
sched_reserve:  CUDA_Host compute buffer size =    14.01 MiB
sched_reserve: graph nodes  = 1266
sched_reserve: graph splits = 2
sched_reserve: reserve took 56.68 ms, sched copies = 1
decoding image batch 1/1, n_tokens_batch = 252
image decoded (batch 1/1) in 58 ms
decoding image batch 1/1, n_tokens_batch = 252
image decoded (batch 1/1) in 58 ms
decoding image batch 1/1, n_tokens_batch = 252
image decoded (batch 1/1) in 60 ms
decoding image batch 1/1, n_tokens_batch = 252
image decoded (batch 1/1) in 59 ms
CUDA Graph id 1879 reused
ggml_backend_cuda_graph_compute: CUDA graph warmup complete
~llama_context:      CUDA0 compute buffer size is 301.7500 MiB, matches expectation of 301.7500 MiB
~llama_context:  CUDA_Host compute buffer size is  14.0137 MiB, matches expectation of  14.0137 MiB
STREAMMIND_TIMING {"segment":8,"timestamps":4,"container_ms":35.319,"vision_ms":1894.819,"epfe_ms":4.026,"classifier_ms":28.322,"native_total_ms":4115.496}
tokenize: merged 1 frame(s) at part index 1
add_text: <|im_start|>user

add_text: <36.0 seconds>
add_text: <|vision_start|>
add_text: <|vision_end|>
add_text: 

add_text: <37.0 seconds>
add_text: <|vision_start|>
add_text: <|vision_end|>
add_text: 

add_text: <38.0 seconds>
add_text: <|vision_start|>
add_text: <|vision_end|>
add_text: 

add_text: <39.0 seconds>
add_text: <|vision_start|>
add_text: <|vision_end|>
add_text: 

add_mage_codec: codec-native canvases=4 timestamps=4 text_tokens=32 image_tokens=1008 timestamp_tokens=28 wrapper_tokens=12
add_text: 
Describe important changes in the scene briefly. Mention people, actions, and clearly readable text. Do not guess.<|im_end|>
<|im_start|>assistant

mtmd_batch_encode_impl: encoding batch with 4 entries and total 252 tokens
clip_encode: copying image 1/4 to input buffer (nx=672, ny=384)
clip_encode: copying image 2/4 to input buffer (nx=672, ny=384)
clip_encode: copying image 3/4 to input buffer (nx=672, ny=384)
clip_encode: copying image 4/4 to input buffer (nx=672, ny=384)
clip_encode: output embedding shape [2560, 1008, 1]
CUDA Graph id 447 reused
CUDA Graph id 449 reused
llama_context: constructing llama_context
llama_context: n_ctx is not divisible by n_seq_max - rounding down to 1024
llama_context: n_seq_max     = 4
llama_context: n_ctx         = 1024
llama_context: n_ctx_seq     = 256
llama_context: n_batch       = 8
llama_context: n_ubatch      = 8
llama_context: causal_attn   = 1
llama_context: flash_attn    = auto
llama_context: kv_unified    = false
llama_context: freq_base     = 1000000.0
llama_context: freq_scale    = 1
llama_context: n_rs_seq      = 0
llama_context: n_outputs_max = 8
llama_context: n_ctx_seq (256) < n_ctx_train (8192) -- the full capacity of the model will not be utilized
set_abort_callback: call
llama_context:  CUDA_Host  output buffer size =     0.00 MiB
llama_kv_cache: layer   0: dev = CUDA0
llama_kv_cache: layer   1: dev = CUDA0
llama_kv_cache: layer   2: dev = CUDA0
llama_kv_cache: layer   3: dev = CUDA0
llama_kv_cache:      CUDA0 KV buffer size =    16.00 MiB
llama_kv_cache: size =   16.00 MiB (   256 cells,   4 layers,  4/4 seqs), K (f16):    8.00 MiB, V (f16):    8.00 MiB
llama_kv_cache: attn_rot_k = 0, n_embd_head_k_all = 128
llama_kv_cache: attn_rot_v = 0, n_embd_head_k_all = 128
llama_context: enumerating backends
llama_context: backend_ptrs.size() = 2
sched_reserve: reserving ...
sched_reserve: max_nodes = 1024
sched_reserve: reserving full memory module
sched_reserve: worst-case: n_tokens = 8, n_seqs = 4, n_outputs = 4
graph_reserve: reserving a graph for ubatch with n_tokens =    4, n_seqs =  4, n_outputs =    4
resolve_fused_ops: Flash Attention enabled
resolve_fused_ops: resolving fused Gated Delta Net support:
graph_reserve: reserving a graph for ubatch with n_tokens =    4, n_seqs =  4, n_outputs =    4
resolve_fused_ops: fused Gated Delta Net (autoregressive) enabled
graph_reserve: reserving a graph for ubatch with n_tokens =   64, n_seqs =  4, n_outputs =   64
resolve_fused_ops: fused Gated Delta Net (chunked) enabled
resolve_fused_ops: resolving fused Lightning Indexer support:
graph_reserve: reserving a graph for ubatch with n_tokens =    4, n_seqs =  4, n_outputs =    4
resolve_fused_ops: Lightning Indexer enabled
resolve_fused_ops: resolving fused DeepSeek V4 HC support:
graph_reserve: reserving a graph for ubatch with n_tokens =    4, n_seqs =  4, n_outputs =    4
resolve_fused_ops: fused DeepSeek V4 HC pre enabled
graph_reserve: reserving a graph for ubatch with n_tokens =    4, n_seqs =  4, n_outputs =    4
resolve_fused_ops: fused DeepSeek V4 HC comb enabled
graph_reserve: reserving a graph for ubatch with n_tokens =    4, n_seqs =  4, n_outputs =    4
resolve_fused_ops: fused DeepSeek V4 HC post enabled
graph_reserve: reserving a graph for ubatch with n_tokens =    8, n_seqs =  4, n_outputs =    8
graph_reserve: reserving a graph for ubatch with n_tokens =    4, n_seqs =  4, n_outputs =    4
graph_reserve: reserving a graph for ubatch with n_tokens =    8, n_seqs =  4, n_outputs =    8
sched_reserve:      CUDA0 compute buffer size =     1.41 MiB
sched_reserve:  CUDA_Host compute buffer size =     0.16 MiB
sched_reserve: graph nodes  = 154
sched_reserve: graph splits = 2
sched_reserve: reserve took 4.00 ms, sched copies = 1
~llama_context:      CUDA0 compute buffer size is   1.4106 MiB, matches expectation of   1.4106 MiB
~llama_context:  CUDA_Host compute buffer size of   0.1604 MiB, does not match expectation of   0.1604 MiB
llama_context: constructing llama_context
llama_context: n_seq_max     = 1
llama_context: n_ctx         = 4096
llama_context: n_ctx_seq     = 4096
llama_context: n_batch       = 2048
llama_context: n_ubatch      = 512
llama_context: causal_attn   = 1
llama_context: flash_attn    = auto
llama_context: kv_unified    = false
llama_context: freq_base     = 5000000.0
llama_context: freq_scale    = 1
llama_context: n_rs_seq      = 0
llama_context: n_outputs_max = 2048
llama_context: n_ctx_seq (4096) < n_ctx_train (262144) -- the full capacity of the model will not be utilized
set_abort_callback: call
llama_context:  CUDA_Host  output buffer size =     0.58 MiB
llama_kv_cache: layer   0: dev = CUDA0
llama_kv_cache: layer   1: dev = CUDA0
llama_kv_cache: layer   2: dev = CUDA0
llama_kv_cache: layer   3: dev = CUDA0
llama_kv_cache: layer   4: dev = CUDA0
llama_kv_cache: layer   5: dev = CUDA0
llama_kv_cache: layer   6: dev = CUDA0
llama_kv_cache: layer   7: dev = CUDA0
llama_kv_cache: layer   8: dev = CUDA0
llama_kv_cache: layer   9: dev = CUDA0
llama_kv_cache: layer  10: dev = CUDA0
llama_kv_cache: layer  11: dev = CUDA0
llama_kv_cache: layer  12: dev = CUDA0
llama_kv_cache: layer  13: dev = CUDA0
llama_kv_cache: layer  14: dev = CUDA0
llama_kv_cache: layer  15: dev = CUDA0
llama_kv_cache: layer  16: dev = CUDA0
llama_kv_cache: layer  17: dev = CUDA0
llama_kv_cache: layer  18: dev = CUDA0
llama_kv_cache: layer  19: dev = CUDA0
llama_kv_cache: layer  20: dev = CUDA0
llama_kv_cache: layer  21: dev = CUDA0
llama_kv_cache: layer  22: dev = CUDA0
llama_kv_cache: layer  23: dev = CUDA0
llama_kv_cache: layer  24: dev = CUDA0
llama_kv_cache: layer  25: dev = CUDA0
llama_kv_cache: layer  26: dev = CUDA0
llama_kv_cache: layer  27: dev = CUDA0
llama_kv_cache: layer  28: dev = CUDA0
llama_kv_cache: layer  29: dev = CUDA0
llama_kv_cache: layer  30: dev = CUDA0
llama_kv_cache: layer  31: dev = CUDA0
llama_kv_cache: layer  32: dev = CUDA0
llama_kv_cache: layer  33: dev = CUDA0
llama_kv_cache: layer  34: dev = CUDA0
llama_kv_cache: layer  35: dev = CUDA0
llama_kv_cache:      CUDA0 KV buffer size =   576.00 MiB
llama_kv_cache: size =  576.00 MiB (  4096 cells,  36 layers,  1/1 seqs), K (f16):  288.00 MiB, V (f16):  288.00 MiB
llama_kv_cache: attn_rot_k = 0, n_embd_head_k_all = 128
llama_kv_cache: attn_rot_v = 0, n_embd_head_k_all = 128
llama_context: enumerating backends
llama_context: backend_ptrs.size() = 2
sched_reserve: reserving ...
sched_reserve: max_nodes = 3192
sched_reserve: reserving full memory module
sched_reserve: worst-case: n_tokens = 512, n_seqs = 1, n_outputs = 1
graph_reserve: reserving a graph for ubatch with n_tokens =    1, n_seqs =  1, n_outputs =    1
resolve_fused_ops: Flash Attention enabled
resolve_fused_ops: resolving fused Gated Delta Net support:
graph_reserve: reserving a graph for ubatch with n_tokens =    1, n_seqs =  1, n_outputs =    1
resolve_fused_ops: fused Gated Delta Net (autoregressive) enabled
graph_reserve: reserving a graph for ubatch with n_tokens =   16, n_seqs =  1, n_outputs =   16
resolve_fused_ops: fused Gated Delta Net (chunked) enabled
resolve_fused_ops: resolving fused Lightning Indexer support:
graph_reserve: reserving a graph for ubatch with n_tokens =    1, n_seqs =  1, n_outputs =    1
resolve_fused_ops: Lightning Indexer enabled
resolve_fused_ops: resolving fused DeepSeek V4 HC support:
graph_reserve: reserving a graph for ubatch with n_tokens =    1, n_seqs =  1, n_outputs =    1
resolve_fused_ops: fused DeepSeek V4 HC pre enabled
graph_reserve: reserving a graph for ubatch with n_tokens =    1, n_seqs =  1, n_outputs =    1
resolve_fused_ops: fused DeepSeek V4 HC comb enabled
graph_reserve: reserving a graph for ubatch with n_tokens =    1, n_seqs =  1, n_outputs =    1
resolve_fused_ops: fused DeepSeek V4 HC post enabled
graph_reserve: reserving a graph for ubatch with n_tokens =  512, n_seqs =  1, n_outputs =  512
graph_reserve: reserving a graph for ubatch with n_tokens =    1, n_seqs =  1, n_outputs =    1
graph_reserve: reserving a graph for ubatch with n_tokens =  512, n_seqs =  1, n_outputs =  512
sched_reserve:      CUDA0 compute buffer size =   301.75 MiB
sched_reserve:  CUDA_Host compute buffer size =    14.01 MiB
sched_reserve: graph nodes  = 1266
sched_reserve: graph splits = 2
sched_reserve: reserve took 45.27 ms, sched copies = 1
decoding image batch 1/1, n_tokens_batch = 252
image decoded (batch 1/1) in 60 ms
decoding image batch 1/1, n_tokens_batch = 252
image decoded (batch 1/1) in 58 ms
decoding image batch 1/1, n_tokens_batch = 252
image decoded (batch 1/1) in 57 ms
decoding image batch 1/1, n_tokens_batch = 252
image decoded (batch 1/1) in 59 ms
CUDA Graph id 2070 reused
ggml_backend_cuda_graph_compute: CUDA graph warmup complete
CUDA Graph id 2070 reused
CUDA Graph id 2070 reused
CUDA Graph id 2070 reused
CUDA Graph id 2070 reused
CUDA Graph id 2070 reused
~llama_context:      CUDA0 compute buffer size is 301.7500 MiB, matches expectation of 301.7500 MiB
~llama_context:  CUDA_Host compute buffer size is  14.0137 MiB, matches expectation of  14.0137 MiB
STREAMMIND_TIMING {"segment":9,"timestamps":4,"container_ms":36.134,"vision_ms":1890.188,"epfe_ms":5.136,"classifier_ms":23.531,"native_total_ms":4402.013}
tokenize: merged 1 frame(s) at part index 1
add_text: <|im_start|>user

add_text: <40.0 seconds>
add_text: <|vision_start|>
add_text: <|vision_end|>
add_text: 

add_text: <41.0 seconds>
add_text: <|vision_start|>
add_text: <|vision_end|>
add_text: 

add_text: <42.0 seconds>
add_text: <|vision_start|>
add_text: <|vision_end|>
add_text: 

add_text: <43.0 seconds>
add_text: <|vision_start|>
add_text: <|vision_end|>
add_text: 

add_mage_codec: codec-native canvases=4 timestamps=4 text_tokens=32 image_tokens=1008 timestamp_tokens=28 wrapper_tokens=12
add_text: 
Describe important changes in the scene briefly. Mention people, actions, and clearly readable text. Do not guess.<|im_end|>
<|im_start|>assistant

mtmd_batch_encode_impl: encoding batch with 4 entries and total 252 tokens
clip_encode: copying image 1/4 to input buffer (nx=672, ny=384)
clip_encode: copying image 2/4 to input buffer (nx=672, ny=384)
clip_encode: copying image 3/4 to input buffer (nx=672, ny=384)
clip_encode: copying image 4/4 to input buffer (nx=672, ny=384)
clip_encode: output embedding shape [2560, 1008, 1]
CUDA Graph id 447 reused
CUDA Graph id 449 reused
llama_context: constructing llama_context
llama_context: n_ctx is not divisible by n_seq_max - rounding down to 1024
llama_context: n_seq_max     = 4
llama_context: n_ctx         = 1024
llama_context: n_ctx_seq     = 256
llama_context: n_batch       = 8
llama_context: n_ubatch      = 8
llama_context: causal_attn   = 1
llama_context: flash_attn    = auto
llama_context: kv_unified    = false
llama_context: freq_base     = 1000000.0
llama_context: freq_scale    = 1
llama_context: n_rs_seq      = 0
llama_context: n_outputs_max = 8
llama_context: n_ctx_seq (256) < n_ctx_train (8192) -- the full capacity of the model will not be utilized
set_abort_callback: call
llama_context:  CUDA_Host  output buffer size =     0.00 MiB
llama_kv_cache: layer   0: dev = CUDA0
llama_kv_cache: layer   1: dev = CUDA0
llama_kv_cache: layer   2: dev = CUDA0
llama_kv_cache: layer   3: dev = CUDA0
llama_kv_cache:      CUDA0 KV buffer size =    16.00 MiB
llama_kv_cache: size =   16.00 MiB (   256 cells,   4 layers,  4/4 seqs), K (f16):    8.00 MiB, V (f16):    8.00 MiB
llama_kv_cache: attn_rot_k = 0, n_embd_head_k_all = 128
llama_kv_cache: attn_rot_v = 0, n_embd_head_k_all = 128
llama_context: enumerating backends
llama_context: backend_ptrs.size() = 2
sched_reserve: reserving ...
sched_reserve: max_nodes = 1024
sched_reserve: reserving full memory module
sched_reserve: worst-case: n_tokens = 8, n_seqs = 4, n_outputs = 4
graph_reserve: reserving a graph for ubatch with n_tokens =    4, n_seqs =  4, n_outputs =    4
resolve_fused_ops: Flash Attention enabled
resolve_fused_ops: resolving fused Gated Delta Net support:
graph_reserve: reserving a graph for ubatch with n_tokens =    4, n_seqs =  4, n_outputs =    4
resolve_fused_ops: fused Gated Delta Net (autoregressive) enabled
graph_reserve: reserving a graph for ubatch with n_tokens =   64, n_seqs =  4, n_outputs =   64
resolve_fused_ops: fused Gated Delta Net (chunked) enabled
resolve_fused_ops: resolving fused Lightning Indexer support:
graph_reserve: reserving a graph for ubatch with n_tokens =    4, n_seqs =  4, n_outputs =    4
resolve_fused_ops: Lightning Indexer enabled
resolve_fused_ops: resolving fused DeepSeek V4 HC support:
graph_reserve: reserving a graph for ubatch with n_tokens =    4, n_seqs =  4, n_outputs =    4
resolve_fused_ops: fused DeepSeek V4 HC pre enabled
graph_reserve: reserving a graph for ubatch with n_tokens =    4, n_seqs =  4, n_outputs =    4
resolve_fused_ops: fused DeepSeek V4 HC comb enabled
graph_reserve: reserving a graph for ubatch with n_tokens =    4, n_seqs =  4, n_outputs =    4
resolve_fused_ops: fused DeepSeek V4 HC post enabled
graph_reserve: reserving a graph for ubatch with n_tokens =    8, n_seqs =  4, n_outputs =    8
graph_reserve: reserving a graph for ubatch with n_tokens =    4, n_seqs =  4, n_outputs =    4
graph_reserve: reserving a graph for ubatch with n_tokens =    8, n_seqs =  4, n_outputs =    8
sched_reserve:      CUDA0 compute buffer size =     1.41 MiB
sched_reserve:  CUDA_Host compute buffer size =     0.16 MiB
sched_reserve: graph nodes  = 154
sched_reserve: graph splits = 2
sched_reserve: reserve took 3.56 ms, sched copies = 1
~llama_context:      CUDA0 compute buffer size is   1.4106 MiB, matches expectation of   1.4106 MiB
~llama_context:  CUDA_Host compute buffer size of   0.1604 MiB, does not match expectation of   0.1604 MiB
llama_context: constructing llama_context
llama_context: n_seq_max     = 1
llama_context: n_ctx         = 4096
llama_context: n_ctx_seq     = 4096
llama_context: n_batch       = 2048
llama_context: n_ubatch      = 512
llama_context: causal_attn   = 1
llama_context: flash_attn    = auto
llama_context: kv_unified    = false
llama_context: freq_base     = 5000000.0
llama_context: freq_scale    = 1
llama_context: n_rs_seq      = 0
llama_context: n_outputs_max = 2048
llama_context: n_ctx_seq (4096) < n_ctx_train (262144) -- the full capacity of the model will not be utilized
set_abort_callback: call
llama_context:  CUDA_Host  output buffer size =     0.58 MiB
llama_kv_cache: layer   0: dev = CUDA0
llama_kv_cache: layer   1: dev = CUDA0
llama_kv_cache: layer   2: dev = CUDA0
llama_kv_cache: layer   3: dev = CUDA0
llama_kv_cache: layer   4: dev = CUDA0
llama_kv_cache: layer   5: dev = CUDA0
llama_kv_cache: layer   6: dev = CUDA0
llama_kv_cache: layer   7: dev = CUDA0
llama_kv_cache: layer   8: dev = CUDA0
llama_kv_cache: layer   9: dev = CUDA0
llama_kv_cache: layer  10: dev = CUDA0
llama_kv_cache: layer  11: dev = CUDA0
llama_kv_cache: layer  12: dev = CUDA0
llama_kv_cache: layer  13: dev = CUDA0
llama_kv_cache: layer  14: dev = CUDA0
llama_kv_cache: layer  15: dev = CUDA0
llama_kv_cache: layer  16: dev = CUDA0
llama_kv_cache: layer  17: dev = CUDA0
llama_kv_cache: layer  18: dev = CUDA0
llama_kv_cache: layer  19: dev = CUDA0
llama_kv_cache: layer  20: dev = CUDA0
llama_kv_cache: layer  21: dev = CUDA0
llama_kv_cache: layer  22: dev = CUDA0
llama_kv_cache: layer  23: dev = CUDA0
llama_kv_cache: layer  24: dev = CUDA0
llama_kv_cache: layer  25: dev = CUDA0
llama_kv_cache: layer  26: dev = CUDA0
llama_kv_cache: layer  27: dev = CUDA0
llama_kv_cache: layer  28: dev = CUDA0
llama_kv_cache: layer  29: dev = CUDA0
llama_kv_cache: layer  30: dev = CUDA0
llama_kv_cache: layer  31: dev = CUDA0
llama_kv_cache: layer  32: dev = CUDA0
llama_kv_cache: layer  33: dev = CUDA0
llama_kv_cache: layer  34: dev = CUDA0
llama_kv_cache: layer  35: dev = CUDA0
llama_kv_cache:      CUDA0 KV buffer size =   576.00 MiB
llama_kv_cache: size =  576.00 MiB (  4096 cells,  36 layers,  1/1 seqs), K (f16):  288.00 MiB, V (f16):  288.00 MiB
llama_kv_cache: attn_rot_k = 0, n_embd_head_k_all = 128
llama_kv_cache: attn_rot_v = 0, n_embd_head_k_all = 128
llama_context: enumerating backends
llama_context: backend_ptrs.size() = 2
sched_reserve: reserving ...
sched_reserve: max_nodes = 3192
sched_reserve: reserving full memory module
sched_reserve: worst-case: n_tokens = 512, n_seqs = 1, n_outputs = 1
graph_reserve: reserving a graph for ubatch with n_tokens =    1, n_seqs =  1, n_outputs =    1
resolve_fused_ops: Flash Attention enabled
resolve_fused_ops: resolving fused Gated Delta Net support:
graph_reserve: reserving a graph for ubatch with n_tokens =    1, n_seqs =  1, n_outputs =    1
resolve_fused_ops: fused Gated Delta Net (autoregressive) enabled
graph_reserve: reserving a graph for ubatch with n_tokens =   16, n_seqs =  1, n_outputs =   16
resolve_fused_ops: fused Gated Delta Net (chunked) enabled
resolve_fused_ops: resolving fused Lightning Indexer support:
graph_reserve: reserving a graph for ubatch with n_tokens =    1, n_seqs =  1, n_outputs =    1
resolve_fused_ops: Lightning Indexer enabled
resolve_fused_ops: resolving fused DeepSeek V4 HC support:
graph_reserve: reserving a graph for ubatch with n_tokens =    1, n_seqs =  1, n_outputs =    1
resolve_fused_ops: fused DeepSeek V4 HC pre enabled
graph_reserve: reserving a graph for ubatch with n_tokens =    1, n_seqs =  1, n_outputs =    1
resolve_fused_ops: fused DeepSeek V4 HC comb enabled
graph_reserve: reserving a graph for ubatch with n_tokens =    1, n_seqs =  1, n_outputs =    1
resolve_fused_ops: fused DeepSeek V4 HC post enabled
graph_reserve: reserving a graph for ubatch with n_tokens =  512, n_seqs =  1, n_outputs =  512
graph_reserve: reserving a graph for ubatch with n_tokens =    1, n_seqs =  1, n_outputs =    1
graph_reserve: reserving a graph for ubatch with n_tokens =  512, n_seqs =  1, n_outputs =  512
sched_reserve:      CUDA0 compute buffer size =   301.75 MiB
sched_reserve:  CUDA_Host compute buffer size =    14.01 MiB
sched_reserve: graph nodes  = 1266
sched_reserve: graph splits = 2
sched_reserve: reserve took 54.75 ms, sched copies = 1
decoding image batch 1/1, n_tokens_batch = 252
image decoded (batch 1/1) in 60 ms
decoding image batch 1/1, n_tokens_batch = 252
image decoded (batch 1/1) in 58 ms
decoding image batch 1/1, n_tokens_batch = 252
image decoded (batch 1/1) in 60 ms
decoding image batch 1/1, n_tokens_batch = 252
image decoded (batch 1/1) in 57 ms
CUDA Graph id 2261 reused
ggml_backend_cuda_graph_compute: CUDA graph warmup complete
~llama_context:      CUDA0 compute buffer size is 301.7500 MiB, matches expectation of 301.7500 MiB
~llama_context:  CUDA_Host compute buffer size is  14.0137 MiB, matches expectation of  14.0137 MiB
STREAMMIND_TIMING {"segment":10,"timestamps":4,"container_ms":40.914,"vision_ms":1905.766,"epfe_ms":5.286,"classifier_ms":24.760,"native_total_ms":4129.002}
tokenize: merged 1 frame(s) at part index 1
add_text: <|im_start|>user

add_text: <44.0 seconds>
add_text: <|vision_start|>
add_text: <|vision_end|>
add_text: 

add_text: <45.0 seconds>
add_text: <|vision_start|>
add_text: <|vision_end|>
add_text: 

add_text: <46.0 seconds>
add_text: <|vision_start|>
add_text: <|vision_end|>
add_text: 

add_text: <47.0 seconds>
add_text: <|vision_start|>
add_text: <|vision_end|>
add_text: 

add_mage_codec: codec-native canvases=4 timestamps=4 text_tokens=32 image_tokens=1008 timestamp_tokens=28 wrapper_tokens=12
add_text: 
Describe important changes in the scene briefly. Mention people, actions, and clearly readable text. Do not guess.<|im_end|>
<|im_start|>assistant

mtmd_batch_encode_impl: encoding batch with 4 entries and total 252 tokens
clip_encode: copying image 1/4 to input buffer (nx=672, ny=384)
clip_encode: copying image 2/4 to input buffer (nx=672, ny=384)
clip_encode: copying image 3/4 to input buffer (nx=672, ny=384)
clip_encode: copying image 4/4 to input buffer (nx=672, ny=384)
clip_encode: output embedding shape [2560, 1008, 1]
CUDA Graph id 447 reused
CUDA Graph id 449 reused
llama_context: constructing llama_context
llama_context: n_ctx is not divisible by n_seq_max - rounding down to 1024
llama_context: n_seq_max     = 4
llama_context: n_ctx         = 1024
llama_context: n_ctx_seq     = 256
llama_context: n_batch       = 8
llama_context: n_ubatch      = 8
llama_context: causal_attn   = 1
llama_context: flash_attn    = auto
llama_context: kv_unified    = false
llama_context: freq_base     = 1000000.0
llama_context: freq_scale    = 1
llama_context: n_rs_seq      = 0
llama_context: n_outputs_max = 8
llama_context: n_ctx_seq (256) < n_ctx_train (8192) -- the full capacity of the model will not be utilized
set_abort_callback: call
llama_context:  CUDA_Host  output buffer size =     0.00 MiB
llama_kv_cache: layer   0: dev = CUDA0
llama_kv_cache: layer   1: dev = CUDA0
llama_kv_cache: layer   2: dev = CUDA0
llama_kv_cache: layer   3: dev = CUDA0
llama_kv_cache:      CUDA0 KV buffer size =    16.00 MiB
llama_kv_cache: size =   16.00 MiB (   256 cells,   4 layers,  4/4 seqs), K (f16):    8.00 MiB, V (f16):    8.00 MiB
llama_kv_cache: attn_rot_k = 0, n_embd_head_k_all = 128
llama_kv_cache: attn_rot_v = 0, n_embd_head_k_all = 128
llama_context: enumerating backends
llama_context: backend_ptrs.size() = 2
sched_reserve: reserving ...
sched_reserve: max_nodes = 1024
sched_reserve: reserving full memory module
sched_reserve: worst-case: n_tokens = 8, n_seqs = 4, n_outputs = 4
graph_reserve: reserving a graph for ubatch with n_tokens =    4, n_seqs =  4, n_outputs =    4
resolve_fused_ops: Flash Attention enabled
resolve_fused_ops: resolving fused Gated Delta Net support:
graph_reserve: reserving a graph for ubatch with n_tokens =    4, n_seqs =  4, n_outputs =    4
resolve_fused_ops: fused Gated Delta Net (autoregressive) enabled
graph_reserve: reserving a graph for ubatch with n_tokens =   64, n_seqs =  4, n_outputs =   64
resolve_fused_ops: fused Gated Delta Net (chunked) enabled
resolve_fused_ops: resolving fused Lightning Indexer support:
graph_reserve: reserving a graph for ubatch with n_tokens =    4, n_seqs =  4, n_outputs =    4
resolve_fused_ops: Lightning Indexer enabled
resolve_fused_ops: resolving fused DeepSeek V4 HC support:
graph_reserve: reserving a graph for ubatch with n_tokens =    4, n_seqs =  4, n_outputs =    4
resolve_fused_ops: fused DeepSeek V4 HC pre enabled
graph_reserve: reserving a graph for ubatch with n_tokens =    4, n_seqs =  4, n_outputs =    4
resolve_fused_ops: fused DeepSeek V4 HC comb enabled
graph_reserve: reserving a graph for ubatch with n_tokens =    4, n_seqs =  4, n_outputs =    4
resolve_fused_ops: fused DeepSeek V4 HC post enabled
graph_reserve: reserving a graph for ubatch with n_tokens =    8, n_seqs =  4, n_outputs =    8
graph_reserve: reserving a graph for ubatch with n_tokens =    4, n_seqs =  4, n_outputs =    4
graph_reserve: reserving a graph for ubatch with n_tokens =    8, n_seqs =  4, n_outputs =    8
sched_reserve:      CUDA0 compute buffer size =     1.41 MiB
sched_reserve:  CUDA_Host compute buffer size =     0.16 MiB
sched_reserve: graph nodes  = 154
sched_reserve: graph splits = 2
sched_reserve: reserve took 4.88 ms, sched copies = 1
~llama_context:      CUDA0 compute buffer size is   1.4106 MiB, matches expectation of   1.4106 MiB
~llama_context:  CUDA_Host compute buffer size of   0.1604 MiB, does not match expectation of   0.1604 MiB
llama_context: constructing llama_context
llama_context: n_seq_max     = 1
llama_context: n_ctx         = 4096
llama_context: n_ctx_seq     = 4096
llama_context: n_batch       = 2048
llama_context: n_ubatch      = 512
llama_context: causal_attn   = 1
llama_context: flash_attn    = auto
llama_context: kv_unified    = false
llama_context: freq_base     = 5000000.0
llama_context: freq_scale    = 1
llama_context: n_rs_seq      = 0
llama_context: n_outputs_max = 2048
llama_context: n_ctx_seq (4096) < n_ctx_train (262144) -- the full capacity of the model will not be utilized
set_abort_callback: call
llama_context:  CUDA_Host  output buffer size =     0.58 MiB
llama_kv_cache: layer   0: dev = CUDA0
llama_kv_cache: layer   1: dev = CUDA0
llama_kv_cache: layer   2: dev = CUDA0
llama_kv_cache: layer   3: dev = CUDA0
llama_kv_cache: layer   4: dev = CUDA0
llama_kv_cache: layer   5: dev = CUDA0
llama_kv_cache: layer   6: dev = CUDA0
llama_kv_cache: layer   7: dev = CUDA0
llama_kv_cache: layer   8: dev = CUDA0
llama_kv_cache: layer   9: dev = CUDA0
llama_kv_cache: layer  10: dev = CUDA0
llama_kv_cache: layer  11: dev = CUDA0
llama_kv_cache: layer  12: dev = CUDA0
llama_kv_cache: layer  13: dev = CUDA0
llama_kv_cache: layer  14: dev = CUDA0
llama_kv_cache: layer  15: dev = CUDA0
llama_kv_cache: layer  16: dev = CUDA0
llama_kv_cache: layer  17: dev = CUDA0
llama_kv_cache: layer  18: dev = CUDA0
llama_kv_cache: layer  19: dev = CUDA0
llama_kv_cache: layer  20: dev = CUDA0
llama_kv_cache: layer  21: dev = CUDA0
llama_kv_cache: layer  22: dev = CUDA0
llama_kv_cache: layer  23: dev = CUDA0
llama_kv_cache: layer  24: dev = CUDA0
llama_kv_cache: layer  25: dev = CUDA0
llama_kv_cache: layer  26: dev = CUDA0
llama_kv_cache: layer  27: dev = CUDA0
llama_kv_cache: layer  28: dev = CUDA0
llama_kv_cache: layer  29: dev = CUDA0
llama_kv_cache: layer  30: dev = CUDA0
llama_kv_cache: layer  31: dev = CUDA0
llama_kv_cache: layer  32: dev = CUDA0
llama_kv_cache: layer  33: dev = CUDA0
llama_kv_cache: layer  34: dev = CUDA0
llama_kv_cache: layer  35: dev = CUDA0
llama_kv_cache:      CUDA0 KV buffer size =   576.00 MiB
llama_kv_cache: size =  576.00 MiB (  4096 cells,  36 layers,  1/1 seqs), K (f16):  288.00 MiB, V (f16):  288.00 MiB
llama_kv_cache: attn_rot_k = 0, n_embd_head_k_all = 128
llama_kv_cache: attn_rot_v = 0, n_embd_head_k_all = 128
llama_context: enumerating backends
llama_context: backend_ptrs.size() = 2
sched_reserve: reserving ...
sched_reserve: max_nodes = 3192
sched_reserve: reserving full memory module
sched_reserve: worst-case: n_tokens = 512, n_seqs = 1, n_outputs = 1
graph_reserve: reserving a graph for ubatch with n_tokens =    1, n_seqs =  1, n_outputs =    1
resolve_fused_ops: Flash Attention enabled
resolve_fused_ops: resolving fused Gated Delta Net support:
graph_reserve: reserving a graph for ubatch with n_tokens =    1, n_seqs =  1, n_outputs =    1
resolve_fused_ops: fused Gated Delta Net (autoregressive) enabled
graph_reserve: reserving a graph for ubatch with n_tokens =   16, n_seqs =  1, n_outputs =   16
resolve_fused_ops: fused Gated Delta Net (chunked) enabled
resolve_fused_ops: resolving fused Lightning Indexer support:
graph_reserve: reserving a graph for ubatch with n_tokens =    1, n_seqs =  1, n_outputs =    1
resolve_fused_ops: Lightning Indexer enabled
resolve_fused_ops: resolving fused DeepSeek V4 HC support:
graph_reserve: reserving a graph for ubatch with n_tokens =    1, n_seqs =  1, n_outputs =    1
resolve_fused_ops: fused DeepSeek V4 HC pre enabled
graph_reserve: reserving a graph for ubatch with n_tokens =    1, n_seqs =  1, n_outputs =    1
resolve_fused_ops: fused DeepSeek V4 HC comb enabled
graph_reserve: reserving a graph for ubatch with n_tokens =    1, n_seqs =  1, n_outputs =    1
resolve_fused_ops: fused DeepSeek V4 HC post enabled
graph_reserve: reserving a graph for ubatch with n_tokens =  512, n_seqs =  1, n_outputs =  512
graph_reserve: reserving a graph for ubatch with n_tokens =    1, n_seqs =  1, n_outputs =    1
graph_reserve: reserving a graph for ubatch with n_tokens =  512, n_seqs =  1, n_outputs =  512
sched_reserve:      CUDA0 compute buffer size =   301.75 MiB
sched_reserve:  CUDA_Host compute buffer size =    14.01 MiB
sched_reserve: graph nodes  = 1266
sched_reserve: graph splits = 2
sched_reserve: reserve took 41.30 ms, sched copies = 1
decoding image batch 1/1, n_tokens_batch = 252
image decoded (batch 1/1) in 58 ms
decoding image batch 1/1, n_tokens_batch = 252
image decoded (batch 1/1) in 59 ms
decoding image batch 1/1, n_tokens_batch = 252
image decoded (batch 1/1) in 59 ms
decoding image batch 1/1, n_tokens_batch = 252
image decoded (batch 1/1) in 59 ms
CUDA Graph id 2452 reused
ggml_backend_cuda_graph_compute: CUDA graph warmup complete
~llama_context:      CUDA0 compute buffer size is 301.7500 MiB, matches expectation of 301.7500 MiB
~llama_context:  CUDA_Host compute buffer size is  14.0137 MiB, matches expectation of  14.0137 MiB
STREAMMIND_TIMING {"segment":11,"timestamps":4,"container_ms":37.266,"vision_ms":1891.379,"epfe_ms":6.206,"classifier_ms":25.301,"native_total_ms":4097.704}
tokenize: merged 1 frame(s) at part index 1
add_text: <|im_start|>user

add_text: <48.0 seconds>
add_text: <|vision_start|>
add_text: <|vision_end|>
add_text: 

add_text: <49.0 seconds>
add_text: <|vision_start|>
add_text: <|vision_end|>
add_text: 

add_text: <50.0 seconds>
add_text: <|vision_start|>
add_text: <|vision_end|>
add_text: 

add_text: <51.0 seconds>
add_text: <|vision_start|>
add_text: <|vision_end|>
add_text: 

add_mage_codec: codec-native canvases=4 timestamps=4 text_tokens=32 image_tokens=1008 timestamp_tokens=28 wrapper_tokens=12
add_text: 
Describe important changes in the scene briefly. Mention people, actions, and clearly readable text. Do not guess.<|im_end|>
<|im_start|>assistant

mtmd_batch_encode_impl: encoding batch with 4 entries and total 252 tokens
clip_encode: copying image 1/4 to input buffer (nx=672, ny=384)
clip_encode: copying image 2/4 to input buffer (nx=672, ny=384)
clip_encode: copying image 3/4 to input buffer (nx=672, ny=384)
clip_encode: copying image 4/4 to input buffer (nx=672, ny=384)
clip_encode: output embedding shape [2560, 1008, 1]
CUDA Graph id 447 reused
CUDA Graph id 449 reused
llama_context: constructing llama_context
llama_context: n_ctx is not divisible by n_seq_max - rounding down to 1024
llama_context: n_seq_max     = 4
llama_context: n_ctx         = 1024
llama_context: n_ctx_seq     = 256
llama_context: n_batch       = 8
llama_context: n_ubatch      = 8
llama_context: causal_attn   = 1
llama_context: flash_attn    = auto
llama_context: kv_unified    = false
llama_context: freq_base     = 1000000.0
llama_context: freq_scale    = 1
llama_context: n_rs_seq      = 0
llama_context: n_outputs_max = 8
llama_context: n_ctx_seq (256) < n_ctx_train (8192) -- the full capacity of the model will not be utilized
set_abort_callback: call
llama_context:  CUDA_Host  output buffer size =     0.00 MiB
llama_kv_cache: layer   0: dev = CUDA0
llama_kv_cache: layer   1: dev = CUDA0
llama_kv_cache: layer   2: dev = CUDA0
llama_kv_cache: layer   3: dev = CUDA0
llama_kv_cache:      CUDA0 KV buffer size =    16.00 MiB
llama_kv_cache: size =   16.00 MiB (   256 cells,   4 layers,  4/4 seqs), K (f16):    8.00 MiB, V (f16):    8.00 MiB
llama_kv_cache: attn_rot_k = 0, n_embd_head_k_all = 128
llama_kv_cache: attn_rot_v = 0, n_embd_head_k_all = 128
llama_context: enumerating backends
llama_context: backend_ptrs.size() = 2
sched_reserve: reserving ...
sched_reserve: max_nodes = 1024
sched_reserve: reserving full memory module
sched_reserve: worst-case: n_tokens = 8, n_seqs = 4, n_outputs = 4
graph_reserve: reserving a graph for ubatch with n_tokens =    4, n_seqs =  4, n_outputs =    4
resolve_fused_ops: Flash Attention enabled
resolve_fused_ops: resolving fused Gated Delta Net support:
graph_reserve: reserving a graph for ubatch with n_tokens =    4, n_seqs =  4, n_outputs =    4
resolve_fused_ops: fused Gated Delta Net (autoregressive) enabled
graph_reserve: reserving a graph for ubatch with n_tokens =   64, n_seqs =  4, n_outputs =   64
resolve_fused_ops: fused Gated Delta Net (chunked) enabled
resolve_fused_ops: resolving fused Lightning Indexer support:
graph_reserve: reserving a graph for ubatch with n_tokens =    4, n_seqs =  4, n_outputs =    4
resolve_fused_ops: Lightning Indexer enabled
resolve_fused_ops: resolving fused DeepSeek V4 HC support:
graph_reserve: reserving a graph for ubatch with n_tokens =    4, n_seqs =  4, n_outputs =    4
resolve_fused_ops: fused DeepSeek V4 HC pre enabled
graph_reserve: reserving a graph for ubatch with n_tokens =    4, n_seqs =  4, n_outputs =    4
resolve_fused_ops: fused DeepSeek V4 HC comb enabled
graph_reserve: reserving a graph for ubatch with n_tokens =    4, n_seqs =  4, n_outputs =    4
resolve_fused_ops: fused DeepSeek V4 HC post enabled
graph_reserve: reserving a graph for ubatch with n_tokens =    8, n_seqs =  4, n_outputs =    8
graph_reserve: reserving a graph for ubatch with n_tokens =    4, n_seqs =  4, n_outputs =    4
graph_reserve: reserving a graph for ubatch with n_tokens =    8, n_seqs =  4, n_outputs =    8
sched_reserve:      CUDA0 compute buffer size =     1.41 MiB
sched_reserve:  CUDA_Host compute buffer size =     0.16 MiB
sched_reserve: graph nodes  = 154
sched_reserve: graph splits = 2
sched_reserve: reserve took 5.09 ms, sched copies = 1
~llama_context:      CUDA0 compute buffer size is   1.4106 MiB, matches expectation of   1.4106 MiB
~llama_context:  CUDA_Host compute buffer size of   0.1604 MiB, does not match expectation of   0.1604 MiB
llama_context: constructing llama_context
llama_context: n_seq_max     = 1
llama_context: n_ctx         = 4096
llama_context: n_ctx_seq     = 4096
llama_context: n_batch       = 2048
llama_context: n_ubatch      = 512
llama_context: causal_attn   = 1
llama_context: flash_attn    = auto
llama_context: kv_unified    = false
llama_context: freq_base     = 5000000.0
llama_context: freq_scale    = 1
llama_context: n_rs_seq      = 0
llama_context: n_outputs_max = 2048
llama_context: n_ctx_seq (4096) < n_ctx_train (262144) -- the full capacity of the model will not be utilized
set_abort_callback: call
llama_context:  CUDA_Host  output buffer size =     0.58 MiB
llama_kv_cache: layer   0: dev = CUDA0
llama_kv_cache: layer   1: dev = CUDA0
llama_kv_cache: layer   2: dev = CUDA0
llama_kv_cache: layer   3: dev = CUDA0
llama_kv_cache: layer   4: dev = CUDA0
llama_kv_cache: layer   5: dev = CUDA0
llama_kv_cache: layer   6: dev = CUDA0
llama_kv_cache: layer   7: dev = CUDA0
llama_kv_cache: layer   8: dev = CUDA0
llama_kv_cache: layer   9: dev = CUDA0
llama_kv_cache: layer  10: dev = CUDA0
llama_kv_cache: layer  11: dev = CUDA0
llama_kv_cache: layer  12: dev = CUDA0
llama_kv_cache: layer  13: dev = CUDA0
llama_kv_cache: layer  14: dev = CUDA0
llama_kv_cache: layer  15: dev = CUDA0
llama_kv_cache: layer  16: dev = CUDA0
llama_kv_cache: layer  17: dev = CUDA0
llama_kv_cache: layer  18: dev = CUDA0
llama_kv_cache: layer  19: dev = CUDA0
llama_kv_cache: layer  20: dev = CUDA0
llama_kv_cache: layer  21: dev = CUDA0
llama_kv_cache: layer  22: dev = CUDA0
llama_kv_cache: layer  23: dev = CUDA0
llama_kv_cache: layer  24: dev = CUDA0
llama_kv_cache: layer  25: dev = CUDA0
llama_kv_cache: layer  26: dev = CUDA0
llama_kv_cache: layer  27: dev = CUDA0
llama_kv_cache: layer  28: dev = CUDA0
llama_kv_cache: layer  29: dev = CUDA0
llama_kv_cache: layer  30: dev = CUDA0
llama_kv_cache: layer  31: dev = CUDA0
llama_kv_cache: layer  32: dev = CUDA0
llama_kv_cache: layer  33: dev = CUDA0
llama_kv_cache: layer  34: dev = CUDA0
llama_kv_cache: layer  35: dev = CUDA0
llama_kv_cache:      CUDA0 KV buffer size =   576.00 MiB
llama_kv_cache: size =  576.00 MiB (  4096 cells,  36 layers,  1/1 seqs), K (f16):  288.00 MiB, V (f16):  288.00 MiB
llama_kv_cache: attn_rot_k = 0, n_embd_head_k_all = 128
llama_kv_cache: attn_rot_v = 0, n_embd_head_k_all = 128
llama_context: enumerating backends
llama_context: backend_ptrs.size() = 2
sched_reserve: reserving ...
sched_reserve: max_nodes = 3192
sched_reserve: reserving full memory module
sched_reserve: worst-case: n_tokens = 512, n_seqs = 1, n_outputs = 1
graph_reserve: reserving a graph for ubatch with n_tokens =    1, n_seqs =  1, n_outputs =    1
resolve_fused_ops: Flash Attention enabled
resolve_fused_ops: resolving fused Gated Delta Net support:
graph_reserve: reserving a graph for ubatch with n_tokens =    1, n_seqs =  1, n_outputs =    1
resolve_fused_ops: fused Gated Delta Net (autoregressive) enabled
graph_reserve: reserving a graph for ubatch with n_tokens =   16, n_seqs =  1, n_outputs =   16
resolve_fused_ops: fused Gated Delta Net (chunked) enabled
resolve_fused_ops: resolving fused Lightning Indexer support:
graph_reserve: reserving a graph for ubatch with n_tokens =    1, n_seqs =  1, n_outputs =    1
resolve_fused_ops: Lightning Indexer enabled
resolve_fused_ops: resolving fused DeepSeek V4 HC support:
graph_reserve: reserving a graph for ubatch with n_tokens =    1, n_seqs =  1, n_outputs =    1
resolve_fused_ops: fused DeepSeek V4 HC pre enabled
graph_reserve: reserving a graph for ubatch with n_tokens =    1, n_seqs =  1, n_outputs =    1
resolve_fused_ops: fused DeepSeek V4 HC comb enabled
graph_reserve: reserving a graph for ubatch with n_tokens =    1, n_seqs =  1, n_outputs =    1
resolve_fused_ops: fused DeepSeek V4 HC post enabled
graph_reserve: reserving a graph for ubatch with n_tokens =  512, n_seqs =  1, n_outputs =  512
graph_reserve: reserving a graph for ubatch with n_tokens =    1, n_seqs =  1, n_outputs =    1
graph_reserve: reserving a graph for ubatch with n_tokens =  512, n_seqs =  1, n_outputs =  512
sched_reserve:      CUDA0 compute buffer size =   301.75 MiB
sched_reserve:  CUDA_Host compute buffer size =    14.01 MiB
sched_reserve: graph nodes  = 1266
sched_reserve: graph splits = 2
sched_reserve: reserve took 52.86 ms, sched copies = 1
decoding image batch 1/1, n_tokens_batch = 252
image decoded (batch 1/1) in 58 ms
decoding image batch 1/1, n_tokens_batch = 252
image decoded (batch 1/1) in 58 ms
decoding image batch 1/1, n_tokens_batch = 252
image decoded (batch 1/1) in 58 ms
decoding image batch 1/1, n_tokens_batch = 252
image decoded (batch 1/1) in 65 ms
CUDA Graph id 2643 reused
ggml_backend_cuda_graph_compute: CUDA graph warmup complete
CUDA Graph id 2643 reused
CUDA Graph id 2643 reused
CUDA Graph id 2643 reused
~llama_context:      CUDA0 compute buffer size is 301.7500 MiB, matches expectation of 301.7500 MiB
~llama_context:  CUDA_Host compute buffer size is  14.0137 MiB, matches expectation of  14.0137 MiB
STREAMMIND_TIMING {"segment":12,"timestamps":4,"container_ms":35.269,"vision_ms":1896.715,"epfe_ms":6.274,"classifier_ms":25.037,"native_total_ms":4289.738}
tokenize: merged 1 frame(s) at part index 1
add_text: <|im_start|>user

add_text: <52.0 seconds>
add_text: <|vision_start|>
add_text: <|vision_end|>
add_text: 

add_text: <53.0 seconds>
add_text: <|vision_start|>
add_text: <|vision_end|>
add_text: 

add_text: <54.0 seconds>
add_text: <|vision_start|>
add_text: <|vision_end|>
add_text: 

add_text: <55.0 seconds>
add_text: <|vision_start|>
add_text: <|vision_end|>
add_text: 

add_mage_codec: codec-native canvases=4 timestamps=4 text_tokens=32 image_tokens=1008 timestamp_tokens=28 wrapper_tokens=12
add_text: 
Describe important changes in the scene briefly. Mention people, actions, and clearly readable text. Do not guess.<|im_end|>
<|im_start|>assistant

mtmd_batch_encode_impl: encoding batch with 4 entries and total 252 tokens
clip_encode: copying image 1/4 to input buffer (nx=672, ny=384)
clip_encode: copying image 2/4 to input buffer (nx=672, ny=384)
clip_encode: copying image 3/4 to input buffer (nx=672, ny=384)
clip_encode: copying image 4/4 to input buffer (nx=672, ny=384)
clip_encode: output embedding shape [2560, 1008, 1]
CUDA Graph id 447 reused
CUDA Graph id 449 reused
llama_context: constructing llama_context
llama_context: n_ctx is not divisible by n_seq_max - rounding down to 1024
llama_context: n_seq_max     = 4
llama_context: n_ctx         = 1024
llama_context: n_ctx_seq     = 256
llama_context: n_batch       = 8
llama_context: n_ubatch      = 8
llama_context: causal_attn   = 1
llama_context: flash_attn    = auto
llama_context: kv_unified    = false
llama_context: freq_base     = 1000000.0
llama_context: freq_scale    = 1
llama_context: n_rs_seq      = 0
llama_context: n_outputs_max = 8
llama_context: n_ctx_seq (256) < n_ctx_train (8192) -- the full capacity of the model will not be utilized
set_abort_callback: call
llama_context:  CUDA_Host  output buffer size =     0.00 MiB
llama_kv_cache: layer   0: dev = CUDA0
llama_kv_cache: layer   1: dev = CUDA0
llama_kv_cache: layer   2: dev = CUDA0
llama_kv_cache: layer   3: dev = CUDA0
llama_kv_cache:      CUDA0 KV buffer size =    16.00 MiB
llama_kv_cache: size =   16.00 MiB (   256 cells,   4 layers,  4/4 seqs), K (f16):    8.00 MiB, V (f16):    8.00 MiB
llama_kv_cache: attn_rot_k = 0, n_embd_head_k_all = 128
llama_kv_cache: attn_rot_v = 0, n_embd_head_k_all = 128
llama_context: enumerating backends
llama_context: backend_ptrs.size() = 2
sched_reserve: reserving ...
sched_reserve: max_nodes = 1024
sched_reserve: reserving full memory module
sched_reserve: worst-case: n_tokens = 8, n_seqs = 4, n_outputs = 4
graph_reserve: reserving a graph for ubatch with n_tokens =    4, n_seqs =  4, n_outputs =    4
resolve_fused_ops: Flash Attention enabled
resolve_fused_ops: resolving fused Gated Delta Net support:
graph_reserve: reserving a graph for ubatch with n_tokens =    4, n_seqs =  4, n_outputs =    4
resolve_fused_ops: fused Gated Delta Net (autoregressive) enabled
graph_reserve: reserving a graph for ubatch with n_tokens =   64, n_seqs =  4, n_outputs =   64
resolve_fused_ops: fused Gated Delta Net (chunked) enabled
resolve_fused_ops: resolving fused Lightning Indexer support:
graph_reserve: reserving a graph for ubatch with n_tokens =    4, n_seqs =  4, n_outputs =    4
resolve_fused_ops: Lightning Indexer enabled
resolve_fused_ops: resolving fused DeepSeek V4 HC support:
graph_reserve: reserving a graph for ubatch with n_tokens =    4, n_seqs =  4, n_outputs =    4
resolve_fused_ops: fused DeepSeek V4 HC pre enabled
graph_reserve: reserving a graph for ubatch with n_tokens =    4, n_seqs =  4, n_outputs =    4
resolve_fused_ops: fused DeepSeek V4 HC comb enabled
graph_reserve: reserving a graph for ubatch with n_tokens =    4, n_seqs =  4, n_outputs =    4
resolve_fused_ops: fused DeepSeek V4 HC post enabled
graph_reserve: reserving a graph for ubatch with n_tokens =    8, n_seqs =  4, n_outputs =    8
graph_reserve: reserving a graph for ubatch with n_tokens =    4, n_seqs =  4, n_outputs =    4
graph_reserve: reserving a graph for ubatch with n_tokens =    8, n_seqs =  4, n_outputs =    8
sched_reserve:      CUDA0 compute buffer size =     1.41 MiB
sched_reserve:  CUDA_Host compute buffer size =     0.16 MiB
sched_reserve: graph nodes  = 154
sched_reserve: graph splits = 2
sched_reserve: reserve took 4.86 ms, sched copies = 1
~llama_context:      CUDA0 compute buffer size is   1.4106 MiB, matches expectation of   1.4106 MiB
~llama_context:  CUDA_Host compute buffer size of   0.1604 MiB, does not match expectation of   0.1604 MiB
llama_context: constructing llama_context
llama_context: n_seq_max     = 1
llama_context: n_ctx         = 4096
llama_context: n_ctx_seq     = 4096
llama_context: n_batch       = 2048
llama_context: n_ubatch      = 512
llama_context: causal_attn   = 1
llama_context: flash_attn    = auto
llama_context: kv_unified    = false
llama_context: freq_base     = 5000000.0
llama_context: freq_scale    = 1
llama_context: n_rs_seq      = 0
llama_context: n_outputs_max = 2048
llama_context: n_ctx_seq (4096) < n_ctx_train (262144) -- the full capacity of the model will not be utilized
set_abort_callback: call
llama_context:  CUDA_Host  output buffer size =     0.58 MiB
llama_kv_cache: layer   0: dev = CUDA0
llama_kv_cache: layer   1: dev = CUDA0
llama_kv_cache: layer   2: dev = CUDA0
llama_kv_cache: layer   3: dev = CUDA0
llama_kv_cache: layer   4: dev = CUDA0
llama_kv_cache: layer   5: dev = CUDA0
llama_kv_cache: layer   6: dev = CUDA0
llama_kv_cache: layer   7: dev = CUDA0
llama_kv_cache: layer   8: dev = CUDA0
llama_kv_cache: layer   9: dev = CUDA0
llama_kv_cache: layer  10: dev = CUDA0
llama_kv_cache: layer  11: dev = CUDA0
llama_kv_cache: layer  12: dev = CUDA0
llama_kv_cache: layer  13: dev = CUDA0
llama_kv_cache: layer  14: dev = CUDA0
llama_kv_cache: layer  15: dev = CUDA0
llama_kv_cache: layer  16: dev = CUDA0
llama_kv_cache: layer  17: dev = CUDA0
llama_kv_cache: layer  18: dev = CUDA0
llama_kv_cache: layer  19: dev = CUDA0
llama_kv_cache: layer  20: dev = CUDA0
llama_kv_cache: layer  21: dev = CUDA0
llama_kv_cache: layer  22: dev = CUDA0
llama_kv_cache: layer  23: dev = CUDA0
llama_kv_cache: layer  24: dev = CUDA0
llama_kv_cache: layer  25: dev = CUDA0
llama_kv_cache: layer  26: dev = CUDA0
llama_kv_cache: layer  27: dev = CUDA0
llama_kv_cache: layer  28: dev = CUDA0
llama_kv_cache: layer  29: dev = CUDA0
llama_kv_cache: layer  30: dev = CUDA0
llama_kv_cache: layer  31: dev = CUDA0
llama_kv_cache: layer  32: dev = CUDA0
llama_kv_cache: layer  33: dev = CUDA0
llama_kv_cache: layer  34: dev = CUDA0
llama_kv_cache: layer  35: dev = CUDA0
llama_kv_cache:      CUDA0 KV buffer size =   576.00 MiB
llama_kv_cache: size =  576.00 MiB (  4096 cells,  36 layers,  1/1 seqs), K (f16):  288.00 MiB, V (f16):  288.00 MiB
llama_kv_cache: attn_rot_k = 0, n_embd_head_k_all = 128
llama_kv_cache: attn_rot_v = 0, n_embd_head_k_all = 128
llama_context: enumerating backends
llama_context: backend_ptrs.size() = 2
sched_reserve: reserving ...
sched_reserve: max_nodes = 3192
sched_reserve: reserving full memory module
sched_reserve: worst-case: n_tokens = 512, n_seqs = 1, n_outputs = 1
graph_reserve: reserving a graph for ubatch with n_tokens =    1, n_seqs =  1, n_outputs =    1
resolve_fused_ops: Flash Attention enabled
resolve_fused_ops: resolving fused Gated Delta Net support:
graph_reserve: reserving a graph for ubatch with n_tokens =    1, n_seqs =  1, n_outputs =    1
resolve_fused_ops: fused Gated Delta Net (autoregressive) enabled
graph_reserve: reserving a graph for ubatch with n_tokens =   16, n_seqs =  1, n_outputs =   16
resolve_fused_ops: fused Gated Delta Net (chunked) enabled
resolve_fused_ops: resolving fused Lightning Indexer support:
graph_reserve: reserving a graph for ubatch with n_tokens =    1, n_seqs =  1, n_outputs =    1
resolve_fused_ops: Lightning Indexer enabled
resolve_fused_ops: resolving fused DeepSeek V4 HC support:
graph_reserve: reserving a graph for ubatch with n_tokens =    1, n_seqs =  1, n_outputs =    1
resolve_fused_ops: fused DeepSeek V4 HC pre enabled
graph_reserve: reserving a graph for ubatch with n_tokens =    1, n_seqs =  1, n_outputs =    1
resolve_fused_ops: fused DeepSeek V4 HC comb enabled
graph_reserve: reserving a graph for ubatch with n_tokens =    1, n_seqs =  1, n_outputs =    1
resolve_fused_ops: fused DeepSeek V4 HC post enabled
graph_reserve: reserving a graph for ubatch with n_tokens =  512, n_seqs =  1, n_outputs =  512
graph_reserve: reserving a graph for ubatch with n_tokens =    1, n_seqs =  1, n_outputs =    1
graph_reserve: reserving a graph for ubatch with n_tokens =  512, n_seqs =  1, n_outputs =  512
sched_reserve:      CUDA0 compute buffer size =   301.75 MiB
sched_reserve:  CUDA_Host compute buffer size =    14.01 MiB
sched_reserve: graph nodes  = 1266
sched_reserve: graph splits = 2
sched_reserve: reserve took 41.91 ms, sched copies = 1
decoding image batch 1/1, n_tokens_batch = 252
image decoded (batch 1/1) in 59 ms
decoding image batch 1/1, n_tokens_batch = 252
image decoded (batch 1/1) in 56 ms
decoding image batch 1/1, n_tokens_batch = 252
image decoded (batch 1/1) in 58 ms
decoding image batch 1/1, n_tokens_batch = 252
image decoded (batch 1/1) in 61 ms
~llama_context:      CUDA0 compute buffer size is 301.7500 MiB, matches expectation of 301.7500 MiB
~llama_context:  CUDA_Host compute buffer size is  14.0137 MiB, matches expectation of  14.0137 MiB
STREAMMIND_TIMING {"segment":13,"timestamps":4,"container_ms":35.919,"vision_ms":1886.830,"epfe_ms":7.514,"classifier_ms":24.297,"native_total_ms":4046.031}
tokenize: merged 1 frame(s) at part index 1
add_text: <|im_start|>user

add_text: <56.0 seconds>
add_text: <|vision_start|>
add_text: <|vision_end|>
add_text: 

add_text: <57.0 seconds>
add_text: <|vision_start|>
add_text: <|vision_end|>
add_text: 

add_text: <58.0 seconds>
add_text: <|vision_start|>
add_text: <|vision_end|>
add_text: 

add_text: <59.0 seconds>
add_text: <|vision_start|>
add_text: <|vision_end|>
add_text: 

add_mage_codec: codec-native canvases=4 timestamps=4 text_tokens=32 image_tokens=1008 timestamp_tokens=28 wrapper_tokens=12
add_text: 
Describe important changes in the scene briefly. Mention people, actions, and clearly readable text. Do not guess.<|im_end|>
<|im_start|>assistant

mtmd_batch_encode_impl: encoding batch with 4 entries and total 252 tokens
clip_encode: copying image 1/4 to input buffer (nx=672, ny=384)
clip_encode: copying image 2/4 to input buffer (nx=672, ny=384)
clip_encode: copying image 3/4 to input buffer (nx=672, ny=384)
clip_encode: copying image 4/4 to input buffer (nx=672, ny=384)
clip_encode: output embedding shape [2560, 1008, 1]
CUDA Graph id 447 reused
CUDA Graph id 449 reused
llama_context: constructing llama_context
llama_context: n_ctx is not divisible by n_seq_max - rounding down to 1024
llama_context: n_seq_max     = 4
llama_context: n_ctx         = 1024
llama_context: n_ctx_seq     = 256
llama_context: n_batch       = 8
llama_context: n_ubatch      = 8
llama_context: causal_attn   = 1
llama_context: flash_attn    = auto
llama_context: kv_unified    = false
llama_context: freq_base     = 1000000.0
llama_context: freq_scale    = 1
llama_context: n_rs_seq      = 0
llama_context: n_outputs_max = 8
llama_context: n_ctx_seq (256) < n_ctx_train (8192) -- the full capacity of the model will not be utilized
set_abort_callback: call
llama_context:  CUDA_Host  output buffer size =     0.00 MiB
llama_kv_cache: layer   0: dev = CUDA0
llama_kv_cache: layer   1: dev = CUDA0
llama_kv_cache: layer   2: dev = CUDA0
llama_kv_cache: layer   3: dev = CUDA0
llama_kv_cache:      CUDA0 KV buffer size =    16.00 MiB
llama_kv_cache: size =   16.00 MiB (   256 cells,   4 layers,  4/4 seqs), K (f16):    8.00 MiB, V (f16):    8.00 MiB
llama_kv_cache: attn_rot_k = 0, n_embd_head_k_all = 128
llama_kv_cache: attn_rot_v = 0, n_embd_head_k_all = 128
llama_context: enumerating backends
llama_context: backend_ptrs.size() = 2
sched_reserve: reserving ...
sched_reserve: max_nodes = 1024
sched_reserve: reserving full memory module
sched_reserve: worst-case: n_tokens = 8, n_seqs = 4, n_outputs = 4
graph_reserve: reserving a graph for ubatch with n_tokens =    4, n_seqs =  4, n_outputs =    4
resolve_fused_ops: Flash Attention enabled
resolve_fused_ops: resolving fused Gated Delta Net support:
graph_reserve: reserving a graph for ubatch with n_tokens =    4, n_seqs =  4, n_outputs =    4
resolve_fused_ops: fused Gated Delta Net (autoregressive) enabled
graph_reserve: reserving a graph for ubatch with n_tokens =   64, n_seqs =  4, n_outputs =   64
resolve_fused_ops: fused Gated Delta Net (chunked) enabled
resolve_fused_ops: resolving fused Lightning Indexer support:
graph_reserve: reserving a graph for ubatch with n_tokens =    4, n_seqs =  4, n_outputs =    4
resolve_fused_ops: Lightning Indexer enabled
resolve_fused_ops: resolving fused DeepSeek V4 HC support:
graph_reserve: reserving a graph for ubatch with n_tokens =    4, n_seqs =  4, n_outputs =    4
resolve_fused_ops: fused DeepSeek V4 HC pre enabled
graph_reserve: reserving a graph for ubatch with n_tokens =    4, n_seqs =  4, n_outputs =    4
resolve_fused_ops: fused DeepSeek V4 HC comb enabled
graph_reserve: reserving a graph for ubatch with n_tokens =    4, n_seqs =  4, n_outputs =    4
resolve_fused_ops: fused DeepSeek V4 HC post enabled
graph_reserve: reserving a graph for ubatch with n_tokens =    8, n_seqs =  4, n_outputs =    8
graph_reserve: reserving a graph for ubatch with n_tokens =    4, n_seqs =  4, n_outputs =    4
graph_reserve: reserving a graph for ubatch with n_tokens =    8, n_seqs =  4, n_outputs =    8
sched_reserve:      CUDA0 compute buffer size =     1.41 MiB
sched_reserve:  CUDA_Host compute buffer size =     0.16 MiB
sched_reserve: graph nodes  = 154
sched_reserve: graph splits = 2
sched_reserve: reserve took 3.60 ms, sched copies = 1
~llama_context:      CUDA0 compute buffer size is   1.4106 MiB, matches expectation of   1.4106 MiB
~llama_context:  CUDA_Host compute buffer size of   0.1604 MiB, does not match expectation of   0.1604 MiB
llama_context: constructing llama_context
llama_context: n_seq_max     = 1
llama_context: n_ctx         = 4096
llama_context: n_ctx_seq     = 4096
llama_context: n_batch       = 2048
llama_context: n_ubatch      = 512
llama_context: causal_attn   = 1
llama_context: flash_attn    = auto
llama_context: kv_unified    = false
llama_context: freq_base     = 5000000.0
llama_context: freq_scale    = 1
llama_context: n_rs_seq      = 0
llama_context: n_outputs_max = 2048
llama_context: n_ctx_seq (4096) < n_ctx_train (262144) -- the full capacity of the model will not be utilized
set_abort_callback: call
llama_context:  CUDA_Host  output buffer size =     0.58 MiB
llama_kv_cache: layer   0: dev = CUDA0
llama_kv_cache: layer   1: dev = CUDA0
llama_kv_cache: layer   2: dev = CUDA0
llama_kv_cache: layer   3: dev = CUDA0
llama_kv_cache: layer   4: dev = CUDA0
llama_kv_cache: layer   5: dev = CUDA0
llama_kv_cache: layer   6: dev = CUDA0
llama_kv_cache: layer   7: dev = CUDA0
llama_kv_cache: layer   8: dev = CUDA0
llama_kv_cache: layer   9: dev = CUDA0
llama_kv_cache: layer  10: dev = CUDA0
llama_kv_cache: layer  11: dev = CUDA0
llama_kv_cache: layer  12: dev = CUDA0
llama_kv_cache: layer  13: dev = CUDA0
llama_kv_cache: layer  14: dev = CUDA0
llama_kv_cache: layer  15: dev = CUDA0
llama_kv_cache: layer  16: dev = CUDA0
llama_kv_cache: layer  17: dev = CUDA0
llama_kv_cache: layer  18: dev = CUDA0
llama_kv_cache: layer  19: dev = CUDA0
llama_kv_cache: layer  20: dev = CUDA0
llama_kv_cache: layer  21: dev = CUDA0
llama_kv_cache: layer  22: dev = CUDA0
llama_kv_cache: layer  23: dev = CUDA0
llama_kv_cache: layer  24: dev = CUDA0
llama_kv_cache: layer  25: dev = CUDA0
llama_kv_cache: layer  26: dev = CUDA0
llama_kv_cache: layer  27: dev = CUDA0
llama_kv_cache: layer  28: dev = CUDA0
llama_kv_cache: layer  29: dev = CUDA0
llama_kv_cache: layer  30: dev = CUDA0
llama_kv_cache: layer  31: dev = CUDA0
llama_kv_cache: layer  32: dev = CUDA0
llama_kv_cache: layer  33: dev = CUDA0
llama_kv_cache: layer  34: dev = CUDA0
llama_kv_cache: layer  35: dev = CUDA0
llama_kv_cache:      CUDA0 KV buffer size =   576.00 MiB
llama_kv_cache: size =  576.00 MiB (  4096 cells,  36 layers,  1/1 seqs), K (f16):  288.00 MiB, V (f16):  288.00 MiB
llama_kv_cache: attn_rot_k = 0, n_embd_head_k_all = 128
llama_kv_cache: attn_rot_v = 0, n_embd_head_k_all = 128
llama_context: enumerating backends
llama_context: backend_ptrs.size() = 2
sched_reserve: reserving ...
sched_reserve: max_nodes = 3192
sched_reserve: reserving full memory module
sched_reserve: worst-case: n_tokens = 512, n_seqs = 1, n_outputs = 1
graph_reserve: reserving a graph for ubatch with n_tokens =    1, n_seqs =  1, n_outputs =    1
resolve_fused_ops: Flash Attention enabled
resolve_fused_ops: resolving fused Gated Delta Net support:
graph_reserve: reserving a graph for ubatch with n_tokens =    1, n_seqs =  1, n_outputs =    1
resolve_fused_ops: fused Gated Delta Net (autoregressive) enabled
graph_reserve: reserving a graph for ubatch with n_tokens =   16, n_seqs =  1, n_outputs =   16
resolve_fused_ops: fused Gated Delta Net (chunked) enabled
resolve_fused_ops: resolving fused Lightning Indexer support:
graph_reserve: reserving a graph for ubatch with n_tokens =    1, n_seqs =  1, n_outputs =    1
resolve_fused_ops: Lightning Indexer enabled
resolve_fused_ops: resolving fused DeepSeek V4 HC support:
graph_reserve: reserving a graph for ubatch with n_tokens =    1, n_seqs =  1, n_outputs =    1
resolve_fused_ops: fused DeepSeek V4 HC pre enabled
graph_reserve: reserving a graph for ubatch with n_tokens =    1, n_seqs =  1, n_outputs =    1
resolve_fused_ops: fused DeepSeek V4 HC comb enabled
graph_reserve: reserving a graph for ubatch with n_tokens =    1, n_seqs =  1, n_outputs =    1
resolve_fused_ops: fused DeepSeek V4 HC post enabled
graph_reserve: reserving a graph for ubatch with n_tokens =  512, n_seqs =  1, n_outputs =  512
graph_reserve: reserving a graph for ubatch with n_tokens =    1, n_seqs =  1, n_outputs =    1
graph_reserve: reserving a graph for ubatch with n_tokens =  512, n_seqs =  1, n_outputs =  512
sched_reserve:      CUDA0 compute buffer size =   301.75 MiB
sched_reserve:  CUDA_Host compute buffer size =    14.01 MiB
sched_reserve: graph nodes  = 1266
sched_reserve: graph splits = 2
sched_reserve: reserve took 53.28 ms, sched copies = 1
decoding image batch 1/1, n_tokens_batch = 252
image decoded (batch 1/1) in 58 ms
decoding image batch 1/1, n_tokens_batch = 252
image decoded (batch 1/1) in 61 ms
decoding image batch 1/1, n_tokens_batch = 252
image decoded (batch 1/1) in 59 ms
